数据范围,发帖时间,平台,阅读/播放数,互动数,粉丝数,转发数,用户UID,评论数,用户昵称,点赞数,内容ID,Url,正文,封面OCR,内容OCR,标题,情感
啤酒行业-行业-中,"2026-08-10 17:26:54"	,"weixin"	,,0,,,"gh_3575b4ebea9d"	,,"干公卫的检验人"	,,"591919bdda2acdbdb7934a1611390686"	,"https://api-app-proxy.tarsocial.com/api/token/v2/rewrite_url?url=wx3hkEs0SW1AD-r2W1-RBGZV4xgPCTEIWhMGT7BX0ujJ-KnkcA7Qp4Zh_WVw5wLz7n7ULRlUGW4WjMDZyM86rLqdf08F-uzZbNpE48RqlTztShheYTIMbScB-K7BNI-HfZw-3TSoq4fG3AqyRL7Dbg"	,"正值立秋时节，是肠道疾病的高发期，相信大部分人都遇到过，不就吃了点冰镇西瓜，喝了点冰镇饮料，吃点小海鲜喝点扎啤…谁还不拉肚子呢？去了医院为什么要留大便做培养？出结果慢，又费劲又麻烦！别急，在临床检验学科里面呢可不是小题大做，看似繁琐的检查其实是隐藏在常规背后的公共卫生超级防线！那么隐藏在背后的重量级嫌疑犯“甲类”杀手就是：霍乱弧菌（以下简称霍乱）它是与鼠疫并列的最高级甲类传染病。一般发生在5-11月，7-10月为高峰期，它最喜欢潜伏在温暖的水体和海鲜产品中，很多人认为霍乱已经绝迹了其实它每年夏天都在沿海或内陆地区的聚餐，或是夜市海鲜大排档中潜伏。为了大家的健康，我们必须通过便培养来筛查这位头号杀手霍乱！霍乱！它看起来就像是一次普通的“吃坏肚子”因为重型霍乱剧烈的喷射性腹泻，米泔水样便，甚至出现休克的症状一眼就能识破。但真正狡猾的是轻型霍乱，它每天腹泻不超过10次没有明显腹痛，血压尿量正常，单看症状它和普通肠胃炎一模一样，轻型腹泻伪装成普通腹泻，如果不通过实验室便培养检验很难分辨，所以哪怕是觉得吃坏肚子为了排除这个隐形威胁这道筛查防线绝不能少！所以说：典型重型患者极易被发现隔离。但是健康带菌者与霍乱轻型患者，虽然不致命但会在社区中自由活动，排菌时间可达数周甚至3个月以上！只要急诊里出现一个重症，就意味着社区的公厕餐厅里可能藏着几十个移动传染源，这就是为什么哪怕您觉得自己只是轻微腹泻轻微拉肚子，一定也要做便培养筛查。那么问题又来了，为什么必须是呢？血液检查不可以吗？尿液分析不可以么…？是因为霍乱病菌不进血液，也不走泌尿系统，唯一能发现的地方就是大便。霍乱经口摄入到胃，可以通过胃酸屏障，抵达到小肠靠鞭毛黏附在肠粘膜上，开始释放霍乱毒素，结合受体后导致细胞内cAMP升高，让小肠就像关不上的水阀门一样不可控制的狂吐水份和电解质，这种病菌既不走血液也不进泌尿系统，它们只在肠道破坏，所以抽血检查和尿液常规检测都抓不住它，所以这就是需要便培养真正的原因。大便培养是无可替代的金标准！知识延伸：每年的5月至11月是国家规定的肠道传染病高发季，医院特设肠道门诊就是为了严防交叉感染，凡是腹泻就诊医生就必须落实逢泻必登，逢疑必检，登记信息和粪便筛查是法定的必经流程，更是保护您和城市健康的坚实防线。一次小小的化验单防线远比你想象的宏大，保护自己精准用药，不盲目吃抗生素，及时确诊进行家庭环境消毒，切断“粪-口”传播途径，帮助疾控中心快速锁定污染源头将潜在的公共卫生扼杀在摇篮里。霍乱弧菌预防措施：1煮沸消毒水源，2海鲜彻底烹煮，3饭前便后洗手，4隔夜菜充分加热"	,,,"就拉了个肚子，为什么建议查“甲类传染病”呢？"	,"中性"	
啤酒行业-行业-中,"2026-08-10 17:23:16"	,"weixin"	,,0,,,"gh_dbd637dc9d43"	,,"微中江"	,,"dd9ab4371798df084d65a120d1f5113c"	,"https://api-app-proxy.tarsocial.com/api/token/v2/rewrite_url?url=gLhsGZ2Cvrkmrrt898XisRxO-Hd-ZQbWGaxwlPhmZqeBbg8gbXf7UnqtM8-FNkVGNRQsQDHZIxvQamxzJyoJIlmMLfggY3LxXcRvX5X1UftiFznifkyHQlic5XyISiB4a0CNjZdANwLdwWRxO2tCgQ"	,"为强化网络餐饮食品安全监管，树立行业标杆、曝光违法行为、全程接受市民监督，现将本期红黑榜公示如下：一、红榜商户营业执照名称：中江县凯江镇益德砂锅店招牌名：益友砂锅地址：四川省德阳市中江县凯江镇魁山路175-189号上线平台：美团、淘宝闪购店铺名称：益友砂锅（特色中餐）上榜事由：后厨环境卫生整洁、功能分区清晰，加工区域物品摆放整齐，地面墙面无油污、积水；食材储存规范，食材生熟分开、离地离墙、覆膜分类分层且密封保存。监管单位：中江县市场监督管理局二、黑榜商户营业执照名称：中江县凯江镇六婆燃面小吃店招牌名：昭财肥肠芋儿鸡地址：四川省德阳市中江县凯江镇星源路41号上线平台：美团、淘宝闪购、京东店铺名称：王婆大虾干锅（中江店）上榜事由：网店名称与实体经营门面招牌名称不一致；后厨环境脏乱差，地面、墙面、排烟设备油污厚重，卫生死角突出；后厨储存区域管理混乱，厨具、物料筐随意落地堆放，角落油污残渣堆积，环境卫生不达标，存在食品安全隐患。（上述情况已责令整改）监管单位：中江县市场监督管理局备注：1.本榜单由中江县市场监督管理局发布。2.红榜商户实行动态管理，出现违法违规行为立即退出红榜；黑榜商户完成整改并验收合格后，可申请移出黑榜。3.欢迎社会各界、广大消费者予以监督，如发现网络餐饮食品安全违法违规问题，请拨打12345、12315投诉举报。中江县市场监督管理局2026年8月7日往期推荐RECOMMEND点点赞点分享点喜欢"	,"益友砂锅夏日狂欢虾趣一夏益友小龙虾好礼益友砂锅周年啦！"	,"生态润县工业兴县城建优县农业固县文旅活县；益友砂锅订餐电话夏日狂欢虾趣一夏益友小龙虾好礼送不停！ 益友砂锅周年啦！；熟食柜；照财肥肠芋儿鸡进店任活动开始了！ 意消费真材实料啥都不说了来吃就完手工传承40年用冒是一个人的火锅才出好味道京08 莫稻哈子布推配方美京U 燕京U8"	,"2026年度网络餐饮食品安全红黑榜公布（第14期）"	,
啤酒行业-行业-中,"2026-08-10 17:19:11"	,"douyin"	,,0,635,,"1672782460235595"	,,"梵谷·民宿露营社区官方号"	,,"7672330078457755749"	,"https://api-app-proxy.tarsocial.com/api/token/v2/rewrite_url?url=UxI1mE1VtivWWENn8adpDmG3kF8SwGcheiC2XVx5H1lUkM1Isfn1VW524qgscLLpc-99Luf-751_8muyiRfgLA"	,"8.12流星雨，成都露营观星全面攻略来了。🌿在营地，你会感受到，海拔1300米的夜空真的不一样。没有城市的光，没有遮挡，抬头就是一整片繁星。 🌓8月12号，英仙座流星雨爆发式来袭，今年最特别的是——正值新月，没有月光干扰，这意味着星星将无比清晰，这样的观星条件，可遇而不可求。 ✨为什么推荐你直接来琉璃坝看？ 琉璃坝是崇州官媒推荐的观星地，从成都开车一个半小时就到，全程水泥路很好开。 海拔1300米、原始森林环绕、没有光污染。 晚上只有20多度，可以在山风里躺着等流星～ ⛺ 观星攻略 下班出发，导航归峪梵谷，成都开车90分钟就到了。 有个消息要提前说——12号的民宿已经订完了（其他时间还有哦），12号还有营位可以预定。 🏕 关于营位 营位通水通电，需要自带帐篷装备。 会有工作人员帮你把行李搬到营位上，撤营的时候，我们也会安排人手帮你把行李搬运到车上。 公共浴室厕所都有，沐浴露洗发露都配好了。 🌓傍晚把帐篷搭好，在天色还没完全暗下来的时候，把烤肉架支起来。炭火噼啪响，肉串滋滋冒油～ 开一罐冰啤酒，山风从山谷里吹过来，比空调凉快得多。 ✨天黑了，把椅子搬到我们的大草坪上，什么都不用做，就等着流星划过。 看完流星，深夜钻进帐篷，外面是虫鸣和风声，慢慢的进入梦乡～ ☀ 第二天 在营位上弄点早餐——煎几个蛋，做个三明治，煮杯咖啡~ 吃完可以跟着手工老师做做活动，大人小孩都能玩。 或者去溪边走一圈踩踩水，不赶时间，慢慢收装备，下午再走也不迟。 🌿 山里的日子不急，慢一点，慢慢体会，慢慢享受。 #归峪梵谷 #成都避暑圣地 #成都流星雨 #成都避暑民宿"	,,"###################################"	,,"中性"	
啤酒行业-行业-中,"2026-08-10 17:09:53"	,"douyin"	,,1,1558,,"2507334605092734"	,,"吉林气象"	,1,"7672327685959846118"	,"https://api-app-proxy.tarsocial.com/api/token/v2/rewrite_url?url=UxI1mE1VtivWWENn8adpDmG3kF8SwGcheiC2XVx5H1ljR-suaKjYnB4KEoSRW742BdEV1K5O3pKW72yv7PmGbg"	,,,"HOURHOUR预报 WEATHEREORECAST 天气WEATHERFORECAST 预报天气杨帆24小时天气预报 2026年08月10日 16时发布 081020:00081120:00 吉林省气象局吉林省气象台小时24小时天气预报 16时发布 2026年08月10日 081020:0008:1120:00 吉林省气象局吉林省气象台小时 2448小时天气预报 2026年08月10日 16时发布 0H:1124:00:081220:00 吉林省气象局吉林省气象台48小时天气预报 16时发布 2026年08月10日 081120:0008:1220:00 吉林省气象局吉林省气象台小时 4848小时天气预报 16时发布 2026年08月10日吉林省气象局 081120:0008:1220:00 吉林省气象台小时 4848小时天气预报 16时发布 2026年08月10日 081120:0008:1220:00 吉林省气象局吉林省气象台小时 4848小时天气预报 16时发布 2026年08月10日吉林省气象局 081120:0008:1220:00 吉林省气象台小时 4872小时天气预报 2026年08月10日 16时发布吉林省气象局 0H:122000:0851320.00 吉林省气象台72小时天气预报 16时发布 2026年08月10日吉林省气象局 081220:0008:1320:00 吉林省气象台小时72小时天气预报 16时发布 2026年08月10日吉林省气象局 081220:0008:1320:00 吉林省气象台小时 2250mm72小时天气预报 16时发布 2026年08月10日 081220:0008:1320:00 吉林省气象局吉林省气象台小时 2250mm72小时天气预报 16时发布 2026年08月10日 081220:0008:1320:00 吉林省气象局吉林省气象台小时72小时天气预报 16时发布 2026年08月10日 081220:0008:1320:00 吉林省气象局吉林省气象台小时 2250mm72小时天气预报 16时发布 2026年08月10日吉林省气象局 081220:0008:1320:00 吉林省气象台小时 2250mm72小时天气预报 16时发布 2026年08月10日 081220:0008:1320:00 吉林省气象局吉林省气象台小时72小时天气预报 16时发布 2026年08月10日吉林省气象局 081220:0008:1320:00 吉林省气象台小时 2250mm72小时天气预报 16时发布 2026年08月10日 081220:0008:1320:00 吉林省气象局吉林省气象台小时 2250mm72小时天气预报 16时发布 2026年08月10日吉林省气象局 081220:0008:1320:00 吉林省气象台小时 2250mm长春吉林·长春·榆树榆树好“米后天 25℃32℃ 明天香飘万里 25C33C 榆树大米长春吉林·长春·榆树后天榆树好米 25℃32℃ 明天香飘万里 25℃33C 榆树大米榆树好米香飘万里长春吉林·长春·榆树后天榆树好“米明天 25℃32℃ 香飘万里榆树大米 25℃33C 榆树好米香飘万里长春吉林·长春·榆树榆树好“米明天后天 25℃32℃ 香飘万里 25C33C 榆树大米长春吉林·长春·榆树后天榆树好“米 25℃32℃ 明天香飘万里 25℃33C 榆树大米榆树好米香飘万里气象条件较有利于空气污染物稀释扩散和清除白城明天 23C28C 后天 23C 31C 3C1C白城明天 23C28C 后天 23C 31'C白城明天后天 23C28 23C 3CIC 31C白城明天 3C28 后天 23C 31C白城明天 3℃28 后天 3CIC 23C 31'C松原明天 24℃32℃ 后天 3CIC松原 24℃32℃ 后天明天 3松原后天 24℃32℃ 明天 23C 3IC 3IC松原 24℃32℃ 后天明天 3 3IC 23C松原后天 24℃32℃ 明天 3IC 23C 明天四平明天后天 22℃ 24℃32C 31'C四平明天后天 24℃32C 22℃ 31'C四平后天明天 24℃32℃ 22℃ 31C四平明天后天 24℃32 22℃ 31'C四平后天明天 24℃32℃ 22℃ 31C 22℃31C辽源举杯金士百豪爽真全麦明天金士百啤酒后天金士百啤酒 22℃ 22℃ 22C31C 22C33C 31C 全麦镇 3C辽源举杯金士百豪爽真全麦金士百啤酒明天后天 22C 31C 金士百啤道 2C33 22℃ 全麦辅辽源举杯金士百豪爽真全麦后天明天金士百啤酒 22℃ 31C 福十 22C33C 全麦镇 22℃辽源举杯金士百豪爽真全麦明天金士百啤酒后天 22℃ 金士百啤酒 2C33C 3IC 22℃ 全表纯辽源举杯金士百豪爽真全麦后天金士百啤酒明天 22℃ 金士百啤酒 3IC 2C33C 22℃ 全麦辅 3C吉林 23C32C 明天 24C33C 后天吉林 332C 2433 明天后天吉林后天 3C32C 明天 24C33吉林 3C32 明天 24C33 后天吉林后天 3C32 24C33 明天通化明天 3C32 23C30C 后天通化 3C32C 后天 3C30C 明天通化后天 3C32 明天 3C3OC 3C通化明天 3C32C 后天 3C0通化后天明天 23C32C 3C3OC 23C白山明天 20℃32℃ 21C32C 后天白山后天 20℃32℃ 21C32℃ 明天白山后天明天 20℃32℃ 21C32C白山明天 21C32C 20C32℃ 后天白山后天 20℃32℃ 21C32C 明天延吉明天 14℃28℃ 19℃28℃ 后天延吉 14℃28℃ 19℃28℃ 后天明天延吉 19℃28℃ 14℃28℃ 后天明天延吉明天 19℃28℃ 后天 14℃28℃延吉后天明天 19℃28℃ 14℃28℃长白山 Columbia 明天 15℃30℃ 3C29C 后天长白山后天 15℃30℃ Columbia 3C29C 明天长白山后天 Columbia 15℃30C 3C29C 明天长白山 15℃30℃ 3C29C Columbia 明天后天长白山后天 Columbia 15℃30℃ 13C29C 明天汪清明天 18℃27℃ 12℃28℃ 后天汪清 18℃27℃ 后天明天 12℃28℃汪清后天明天 18℃27℃ 12℃28℃汪清明天 18℃27℃ 12℃28℃ 后天汪清后天明天 18℃27℃ 12℃28℃榆树明天后天 23C 31'C 3CIC 23C 31C榆树明天后天 23C 31'C 23C 3IC榆树后天明天 23C 23C 31'C 3IC榆树明天后天 23C 31'C 23C 3IC 3IC榆树后天明天 23C 3I'C 23C 31C 3大安明天后天 24℃32℃ 22℃29℃大安 24℃32℃ 22℃29℃ 后天明天大安后天明天 24℃32℃ 22℃29℃大安明天 24℃32℃ 22℃29℃ 后天大安后天 24℃32℃ 明天 22℃29℃龙井明天 13C28℃ 18℃2日℃ 后天龙井 13C28℃ 18℃28℃ 明天后天龙井后天明天 13C28℃ 18℃28℃龙井明天 13C28C 18℃28℃ 后天龙井后天 18℃28℃ 3C28C 明天敦化后天明天 17C30C 16℃29℃敦化 17℃30℃ 后天 16℃29℃ 明天敦化后天明天 17℃30C 16℃29℃敦化明天 16℃29℃ 17℃30℃ 后天敦化 17℃30℃ 16℃29℃ 明天后天长春明天后天 25℃32℃ 25C33C长春后天 25℃32℃ 明天 25C33C长春后天明天 25℃32℃ 25℃33C 25℃ 3C长春明天 25℃32℃ 后天 25C33C长春后天 25℃32℃ 明天 25C33C 25℃ 3CE长春后天 25℃32℃ 25C33C 明天"	,,
啤酒行业-行业-中,"2026-08-10 17:08:59"	,"weibo"	,,1,440996,,"2235490967"	,,"吉林气象"	,1,"5330412927714946"	,"https://api-app-proxy.tarsocial.com/api/token/v2/rewrite_url?url=bETNdXXxBw6SRVox7gALQ-g7zk8mP_0dn0fWIN8qIh9CzXNh_Dd1ft-TubWRgeTmdpfKxi7fwCFpKf6LUATD4w"	,"分享视频 http://t.cn/AXNfR2h9 ​​​｜吉林气象的微博视频"	,,"P；oC A；天气评预报 WEATHER FORECAST；杨帆；24小时天气预报 081020:0008:1120:00 小时吉林省气象局吉林省气象台 2026年08月10日 16时发布；24小时天气预报 08.10 20:00-08.1120:00 小时吉林省气象局吉林省气象台 2026年08月10日 16时发布；48小时天气预报 0811 20:00-081220:00 小时吉林省气象局吉林省气象台 2026年08月10日 16时发布；48小时天气预报 08.1120:00:08.1220:00 8 小时吉林省气象局吉林省气象台 2026年08月10日 16时发布；48小时天气预报 08.1120:0008.1220:00 8 小时吉林省气象局吉林省气象台 2026年08月10日 16时发布；72小时天气预报 0812 20:00:081320:00 小时吉林省气象局吉林省气象台 2026年08月10日 16时发布；72小时天气预报 081220:00:081320:00 小时吉林省气象局吉林省气象台 2026年08月10日 16时发布；72小时天气预报 08.1220:00:08.13 20:00 小时吉林省气象局吉林省气象台 2026年08月10日 16时发布；72小时天气预报 081220:00:08:1320:00 小时吉林省气象局吉林省气象台 2026年08月10日 16时发布；榆树大米 YIRDAANI 榆树好米香飘万里吉林·长春·榆树明天后天长春 25℃32℃ 25℃ 33C；榆树大米 YIRDAANI 榆树好米香飘万里吉林·长春·榆树明天后天长春 25℃32℃ 25C 3CE；较有利于空气污染物稀释扩散和清除气象条件；后天明天白城 23C 31'C 23C28C；明天后天白城 3C 31C 3C28；后天明天松原 24C32℃ 3C 3IC；后天明天松原 24C32℃ 3C 31C；明天后天四平 22℃ 31C 24℃32℃；后天明天四平 22℃ 31C 24℃32℃；金士百啤酒 100% 全麦全麦纯金土百啤酒举杯金士百豪爽真全麦金士百全麦新上市；金士百啤酒 100 全麦全麦纯金士百啤酒举杯金士百豪爽真全麦明天后天辽源 22C33C 22℃ 3I'C；金士百啤酒 100 全麦全麦纯金士百啤酒举杯金士百豪爽真全麦明天后天辽源 22C33C 22℃ 31C；后天明天吉林 23C32C 24C33；后天明天吉林 332 24C33C；后天明天通化 3；明天人后天人通化 3；后天明天白山 20℃32℃ 21℃32C；后天明天白山 20℃32℃ 21C32C；后天人明天延吉 19℃28℃ 14℃28℃；后天明天延吉 19℃28℃ 14℃28℃；Columbia 明天后天长白山 15℃30℃ 13C29C；Columbia 明天后天） 长白山 15℃30C BC29℃；明天后天汪清 18℃27℃ 12℃28℃；明天后天人汪清 18℃27℃ 12℃28℃；明天后天榆树 23C 3IC 23C 31C；后天明天榆树 23C 3IC 23C 31C；后天明天大安 24C32℃ 22℃29℃；后天明天大安 24℃32℃ 22℃29℃；后天明天龙井 18℃28℃ 13C28℃；明天后天龙井 10℃20℃ BC28C；后天） 明天敦化 17℃30℃ 16℃29℃；后天人明天敦化 17℃30℃ 16℃ 29℃；后天明天长春 25℃32℃ 25C33C"	,"分享视频 [吉林气象的微博视频](http://t.cn/AXNfR2h9)"	,"中性"	
啤酒行业-行业-中,"2026-08-10 17:08:47"	,"douyin"	,,0,1,,"3688177267378668"	,,"老兵治沙队"	,,"7672327387979255078"	,"https://api-app-proxy.tarsocial.com/api/token/v2/rewrite_url?url=UxI1mE1VtivWWENn8adpDmG3kF8SwGcheiC2XVx5H1k1QFMTmDDhJrJCc2lKlLH150dxQLZWkXMLyc99xJh1HQ"	,"#食养饮品推荐#沙漠#养生"	,"很多同行 蓉人生。品质生活!"	,"蓉人生，品质生活！很多同行|品质生活！都快支撑不下去了|同样是原浆如有不适请线下就医|同样是原浆|内容仅供参|ERTICOLAP蓉原浆不适请线下就回|为什么有人越做越难为什么有人越做越难了呢？|ESERTICOLAPU蓓原浆|原浆|产区远离工业污染|材源自于网|人工采挖|肉质纹路清晰|如有不适请线下就医|无沙无杂质|内容仅供参考|品质可靠|配料表只有沙漠人参|如有不适请线下就医|ISERTICOLAP蓉原浆国华圣元医商|EERTICOLAP蓉原浆口感纯|本味醇厚|无需费心熬煮|直接饮|源浆RTICOLAPULP现在有活动|本味醇厚|纯正有整套组合|没有异味|直接购物车选购|原浆"	,,"中性"	
啤酒行业-行业-中,"2026-08-10 17:07:37"	,"app"	,,0,,,"1674990501597623"	,,"上海伽姆机械"	,,"1873126734103304104"	,"https://api-app-proxy.tarsocial.com/api/token/v2/rewrite_url?url=bkZBTIUfTh7brtzEwVWPQmWMVsUBWyVyDnk8X8lH4QYUlY4qm1ygD7rwas72Z_Z0E1BJbuEI4r9bDIlMujQmzg"	,"瓶装水、饮料、啤酒、日化洗护用品等瓶装产品的生产线上，从灌装、旋盖、贴标到装箱，各个工序之间的物料转运，对输送设备的要求很高，既要平稳不倒瓶，又要防水耐冲洗，还要卫生易清洁，塑料链板输送机凭借独特的材质和结构优势，成为瓶装产品输送的首选设备。很多饮料厂、日化厂新建或者改造灌装线时，对塑料链板输送机了解不多，不知道该选什么材质链板、什么宽度规格，和不锈钢链板相比有什么优势，选型不当容易出现倒瓶、卡瓶、链板断裂等问题。上海伽姆机械设备常年生产定制塑料链板输送机、塑料链板输送线，服务过多家饮料、日化生产企业，结合瓶装产品输送的实际需求，详细解析塑料链板输送机的结构特点、材质选型与适用场景，帮相关行业选到适配的瓶装输送设备。 塑料链板输送机最核心的特点就是输送面为工程塑料链板，表面平整光滑，摩擦力适中，瓶装产品直立放在链板上输送，平稳不晃动，几乎不会倒瓶，这是皮带输送机、滚筒输送机很难做到的。皮带输送机皮带软，瓶子底部容易下陷，高速输送时容易倾倒；滚筒输送机输送面是一根根滚筒，瓶子在滚筒上滚动，稳定性差，很容易倒瓶。塑料链板输送面是完整平整的平面，瓶子底部完全贴合链板，接触面积大，稳定性好，即使高速输送也不会倒瓶，完全适配灌装线高速运转的需求。饮料、啤酒灌装线速度动辄每分钟几百瓶，对输送稳定性要求极高，塑料链板输送机是目前唯一能满足高速瓶装输送的设备。 塑料链板材质种类丰富，不同材质适配不同工况。最常用的是 POM 材质链板，也就是聚甲醛材质，这种材质硬度高、耐磨好、强度高、耐化学腐蚀，适合绝大多数瓶装产品输送，饮料、日化、食品行业都广泛使用，性价比最高。PP 材质链板，也就是聚丙烯材质，耐温性更好，可以承受 100 摄氏度左右的高温，适合热灌装生产线，刚灌装完的热饮料不会烫坏链板，同时 PP 材质符合食品接触标准，无毒无味，食品行业用得很多。PE 材质链板，也就是聚乙烯材质，耐低温性能好，适合冷冻食品、冷链输送场景，低温环境下不会脆裂。还有防静电塑料链板，添加了防静电剂，表面电阻低，适合电子行业瓶装元器件、敏感元件输送，防止静电损坏产品。选型时要根据产品温度、腐蚀性、洁净度要求选择对应材质的链板。 塑料链板的宽度规格和结构形式也很多样。链板宽度有多种标准规格，常见的有 82.6 毫米、114 毫米、152 毫米、190.5 毫米、254 毫米、304.8 毫米等，不同宽度适配不同数量的瓶子输送，单排输送选窄链板，多排输送选宽链板，可以根据产能需求选择。链板结构分为平板型、突肋型、滚珠型等多种，平板型链板表面平整，是最常用的款式，适合普通瓶装产品输送；突肋型链板表面有凸起的肋条，摩擦力更大，适合爬坡输送，防止瓶子下滑；滚珠型链板表面有滚珠，瓶子可以在链板上横向滑动，适合分道、合流、分拣工位，方便瓶子换道。还有专门的转弯链板，配合转弯机架实现输送线转向，转弯半径可以做得很小，节省车间空间。 塑料链板输送机的机架一般有不锈钢和铝合金两种选择。食品、饮料、医药行业对卫生要求高，选用 304 不锈钢机架，防水防锈、易清洁，可以直接用水冲洗，符合食品卫生标准。普通日化、电子行业可以选用铝合金机架，重量轻、美观、造价适中，也能满足使用需求。机架结构设计也很重要，正规厂家的塑料链板输送线，机架都做了圆角打磨处理，没有卫生死角，链板可以快速拆卸，方便深度清洁，轨道采用耐磨尼龙材质，减少链板磨损，延长使用寿命。很多小作坊做的塑料链板线，机架用普通碳钢刷漆，用不了多久就生锈掉漆，污染产品，食品行业绝对不能选用。 塑料链板输送机对比不锈钢链板输送机，有几个明显优势。第一是重量轻，塑料链板比不锈钢链板轻很多，整条输送线重量大幅降低，对楼板承重压力小，多层厂房的楼上车间也能放心使用。第二是噪音小，塑料链板运行时噪音很低，比金属链板安静很多，改善车间生产环境，工人长时间在旁边工作也不会觉得吵。第三是成本低，塑料链板价格比不锈钢链板便宜不少，整条输送线造价更低，适合预算有限的中小企业。第四是更换方便，塑料链板模块化设计，哪块坏了换哪块，不用整根更换，维护成本低，维护简单。当然塑料链板也有局限，承重能力不如不锈钢链板，不适合重型物料输送，高温环境下容易变形，超高温工况还是要用金属链板。 塑料链板输送线的日常保养也很简单。日常检查链板有无断裂、磨损，发现损坏及时更换，塑料链板更换很方便，不用专业工具，工人自己就能换；定期清理链板缝隙里的残渣，防止堆积影响运转；定期给传动链条、轴承加注润滑脂，保持润滑良好；电机减速机定期检查油位，及时补充润滑油。塑料链板输送机结构简单，故障率低，维护成本远低于金属链板输送机，这也是很多工厂偏爱塑料链板线的原因之一。 如今饮料、日化、食品行业产能不断扩大，灌装线速度越来越快，对输送设备的要求也越来越高，塑料链板输送机凭借平稳、高速、卫生、低噪的优势，应用越来越广泛。长三角地区饮料、日化产业发达，上海、苏州、杭州、宁波等地大量瓶装产品生产企业都在升级自动化灌装线，塑料链板输送线的需求持续增长。选购塑料链板输送机，重点关注链板材质是否纯正、机架做工是否精细、轨道设计是否合理，优先选择有瓶装输送线项目经验、可以提供整线设计方案的源头厂家，才能打造高效稳定的瓶装产品输送系统。"	,"@上海伽姆机械"	,"@上海伽姆机械"	,"塑料链板输送机特点详解，瓶装饮料输送优选方案"	,
啤酒行业-行业-中,"2026-08-10 17:07:19"	,"toutiao"	,,0,,,"93135070705"	,,"输送线"	,,"7672326508152848906"	,"https://api-app-proxy.tarsocial.com/api/token/v2/rewrite_url?url=1YusuDMvr9od4K_K1MN8ml17rEfkAea0gAdcR6CW8Dx-HvE4zCddgFc_fYaqa9z4_nCNoOrer6vHDVPLSFdUTA"	,"瓶装水、饮料、啤酒、日化洗护用品等瓶装产品的生产线上，从灌装、旋盖、贴标到装箱，各个工序之间的物料转运，对输送设备的要求很高，既要平稳不倒瓶，又要防水耐冲洗，还要卫生易清洁，塑料链板输送机凭借独特的材质和结构优势，成为瓶装产品输送的首选设备。很多饮料厂、日化厂新建或者改造灌装线时，对塑料链板输送机了解不多，不知道该选什么材质链板、什么宽度规格，和不锈钢链板相比有什么优势，选型不当容易出现倒瓶、卡瓶、链板断裂等问题。上海伽姆机械设备常年生产定制塑料链板输送机、塑料链板输送线，服务过多家饮料、日化生产企业，结合瓶装产品输送的实际需求，详细解析塑料链板输送机的结构特点、材质选型与适用场景，帮相关行业选到适配的瓶装输送设备。塑料链板输送机最核心的特点就是输送面为工程塑料链板，表面平整光滑，摩擦力适中，瓶装产品直立放在链板上输送，平稳不晃动，几乎不会倒瓶，这是皮带输送机、滚筒输送机很难做到的。皮带输送机皮带软，瓶子底部容易下陷，高速输送时容易倾倒；滚筒输送机输送面是一根根滚筒，瓶子在滚筒上滚动，稳定性差，很容易倒瓶。塑料链板输送面是完整平整的平面，瓶子底部完全贴合链板，接触面积大，稳定性好，即使高速输送也不会倒瓶，完全适配灌装线高速运转的需求。饮料、啤酒灌装线速度动辄每分钟几百瓶，对输送稳定性要求极高，塑料链板输送机是目前唯一能满足高速瓶装输送的设备。塑料链板材质种类丰富，不同材质适配不同工况。最常用的是 POM 材质链板，也就是聚甲醛材质，这种材质硬度高、耐磨好、强度高、耐化学腐蚀，适合绝大多数瓶装产品输送，饮料、日化、食品行业都广泛使用，性价比最高。PP 材质链板，也就是聚丙烯材质，耐温性更好，可以承受 100 摄氏度左右的高温，适合热灌装生产线，刚灌装完的热饮料不会烫坏链板，同时 PP 材质符合食品接触标准，无毒无味，食品行业用得很多。PE 材质链板，也就是聚乙烯材质，耐低温性能好，适合冷冻食品、冷链输送场景，低温环境下不会脆裂。还有防静电塑料链板，添加了防静电剂，表面电阻低，适合电子行业瓶装元器件、敏感元件输送，防止静电损坏产品。选型时要根据产品温度、腐蚀性、洁净度要求选择对应材质的链板。塑料链板的宽度规格和结构形式也很多样。链板宽度有多种标准规格，常见的有 82.6 毫米、114 毫米、152 毫米、190.5 毫米、254 毫米、304.8 毫米等，不同宽度适配不同数量的瓶子输送，单排输送选窄链板，多排输送选宽链板，可以根据产能需求选择。链板结构分为平板型、突肋型、滚珠型等多种，平板型链板表面平整，是最常用的款式，适合普通瓶装产品输送；突肋型链板表面有凸起的肋条，摩擦力更大，适合爬坡输送，防止瓶子下滑；滚珠型链板表面有滚珠，瓶子可以在链板上横向滑动，适合分道、合流、分拣工位，方便瓶子换道。还有专门的转弯链板，配合转弯机架实现输送线转向，转弯半径可以做得很小，节省车间空间。塑料链板输送机的机架一般有不锈钢和铝合金两种选择。食品、饮料、医药行业对卫生要求高，选用 304 不锈钢机架，防水防锈、易清洁，可以直接用水冲洗，符合食品卫生标准。普通日化、电子行业可以选用铝合金机架，重量轻、美观、造价适中，也能满足使用需求。机架结构设计也很重要，正规厂家的塑料链板输送线，机架都做了圆角打磨处理，没有卫生死角，链板可以快速拆卸，方便深度清洁，轨道采用耐磨尼龙材质，减少链板磨损，延长使用寿命。很多小作坊做的塑料链板线，机架用普通碳钢刷漆，用不了多久就生锈掉漆，污染产品，食品行业绝对不能选用。塑料链板输送机对比不锈钢链板输送机，有几个明显优势。第一是重量轻，塑料链板比不锈钢链板轻很多，整条输送线重量大幅降低，对楼板承重压力小，多层厂房的楼上车间也能放心使用。第二是噪音小，塑料链板运行时噪音很低，比金属链板安静很多，改善车间生产环境，工人长时间在旁边工作也不会觉得吵。第三是成本低，塑料链板价格比不锈钢链板便宜不少，整条输送线造价更低，适合预算有限的中小企业。第四是更换方便，塑料链板模块化设计，哪块坏了换哪块，不用整根更换，维护成本低，维护简单。当然塑料链板也有局限，承重能力不如不锈钢链板，不适合重型物料输送，高温环境下容易变形，超高温工况还是要用金属链板。塑料链板输送线的日常保养也很简单。日常检查链板有无断裂、磨损，发现损坏及时更换，塑料链板更换很方便，不用专业工具，工人自己就能换；定期清理链板缝隙里的残渣，防止堆积影响运转；定期给传动链条、轴承加注润滑脂，保持润滑良好；电机减速机定期检查油位，及时补充润滑油。塑料链板输送机结构简单，故障率低，维护成本远低于金属链板输送机，这也是很多工厂偏爱塑料链板线的原因之一。如今饮料、日化、食品行业产能不断扩大，灌装线速度越来越快，对输送设备的要求也越来越高，塑料链板输送机凭借平稳、高速、卫生、低噪的优势，应用越来越广泛。长三角地区饮料、日化产业发达，上海、苏州、杭州、宁波等地大量瓶装产品生产企业都在升级自动化灌装线，塑料链板输送线的需求持续增长。选购塑料链板输送机，重点关注链板材质是否纯正、机架做工是否精细、轨道设计是否合理，优先选择有瓶装输送线项目经验、可以提供整线设计方案的源头厂家，才能打造高效稳定的瓶装产品输送系统。"	,,,"塑料链板输送机特点详解，瓶装饮料输送优选方案"	,
啤酒行业-行业-中,"2026-08-10 16:48:09"	,"xiaohongshu"	,,0,,,"69b0067d00000000330282b0"	,,"久万里吖"	,,"6a799049000000002500af93"	,"https://api-app-proxy.tarsocial.com/api/token/v2/rewrite_url?url=cSb9xPr9PTnAREU6T0jLKsUsLLPSJ9iu21ImVmniC4XM7616mERgsJchGo1TUhrR7Soe007m4vbyqZIGVTUKTQ"	,"年产30万吨啤酒厂CAD设计说明食品工厂发酵风玫瑰车间布置工艺图年产30万吨的啤酒工厂设计图纸终于搞定了[]从发酵罐到灌装线一步一步画出来的成就感谁懂啊[]这次设计重点放在了车间布置和物流流线上发酵区糖化区灌装区每个区域都反复推敲过[]风玫瑰图也仔细看过主导风向和厂区布局完美避开交叉污染通风系统设计给满分[]CAD图里的每一个细节都在脑子里过了无数遍从原料仓到成品库整个流程顺滑到不行[]产能30万吨的规模各个车间的设备选型和布局都经过反复测算工艺流程图改了又改终于定稿了[]看着自己画出来的整个厂区真的有种看着孩子长大的感觉[]啤酒厂的工艺流程真的太有意思了从麦芽粉碎到发酵再到灌装每一步都充满匠心精神[]这次的设计图拿出来连导师都夸了好几次开心到飞起[]#啤酒厂设计图纸分享#啤酒厂设计CAD图纸分享"	,"啤酒厂全套C AD工艺设计图纸"	,"啤酒厂全套C AD工艺设计图纸"	,"年产30万吨啤酒厂CAD设计图纸工艺图"	,"正向"	
啤酒行业-行业-中,"2026-08-10 16:48:00"	,"douyin"	,,0,75,,"2493288095955207"	,,"水处理罐石英砂过滤器厂家"	,,"7667189888386698515"	,"https://api-app-proxy.tarsocial.com/api/token/v2/rewrite_url?url=UxI1mE1VtivWWENn8adpDmG3kF8SwGcheiC2XVx5H1nYv0HVtd9n1yElRHvw0XxbkYiJ5NI8VH1lxgKXPYpTDQ"	,"芜湖压力式石英砂过滤罐单价。芜湖压力式石英砂过滤罐单价☎：1⃣️8⃣️6⃣️🎖3⃣️0⃣️5⃣️8⃣️🎖0⃣️7⃣️8⃣️7⃣️👍单级双级反渗透过滤罐农业灌溉反冲洗过滤罐锰砂多介质机械过滤罐石英砂活性炭过滤设备石英砂活性炭树脂过滤罐水处理多介质机械过滤器石英砂除氟除铁锰过滤罐石英砂锰砂活性炭过滤罐观景水处理循环利用设备预处理罐前置精密过滤器制作厂家，定做定制加工，用心铸造，细节成就品质，奋斗铸就辉煌。果壳滤料过滤器广泛应用于石油化工、机械制造、食品加工及市政污水深度处理等领域。在石油行业，果壳滤料过滤器可高效过滤含油污水，油污去除率达90%以上，防止后续处理设备堵塞；食品加工中，天然果壳滤料无化学污染风险，适用于饮用水、啤酒等产品的预处理；市政污水厂通过果壳滤料深度净化，可显著降低出水浊度与COD（化学需氧量）。果壳滤料过滤器支持定制化设计，单台处理量覆盖5-200m³/h，且反冲洗耗水量仅占处理量的0.8%-1.5%，运行成本低于传统砂滤。前置预处理罐生产厂家欢迎您。 #压力式石英砂过滤罐单价 #玻璃钢石英砂罐哪里有名 #预处理介质罐 #景德镇石英砂锰砂过滤器生产厂商销售 #预处理罐前置精密过滤器电话"	,"循环净化过滤砂缸规格齐全定做加工 √ 价格优惠省心省力更省钱 186-3058-0787 良心厂家规格齐全贴心售后定做加工"	,"循环净化过滤砂缸规格齐全定做加工价格优惠省心省力更省钱186-3058-0787圆良心厂家规格齐全贴心售后定做工#####循环净化过滤砂缸规格齐全定做加工价格优惠省心省力更省钱186-3058-0787良心厂家规格齐全贴心售后定做工#####循环净化过滤砂缸规格齐全定做加工价格优惠省心省力更省钱186-3058-0787圆良心厂家规格齐全贴心售后定做工"	,,
啤酒行业-行业-中,"2026-08-10 16:42:35"	,"weixin"	,,0,,,"gh_fb240284d28d"	,,"光储充解决方案"	,,"9c9adfc357e024758f9fb448e8c23ea9"	,"https://api-app-proxy.tarsocial.com/api/token/v2/rewrite_url?url=s8gZODTmErPw2Xs4ipFqGhE_cg2Jx9Uq21qGbqV_BJ1LHonvBt_uBMvBAhhQGf5ti2NsDAJ6cMYOuOR9lKvu41uwlN5zq2hNKjy5tOAPZDnfM78CtQD7MTJJiTmeL9xwO2SISrydUpQtm6t_MU4VUw"	,"在“双碳”目标与能源转型的双重驱动下，企业的用电模式正在发生深刻变革。分布式光伏、储能系统、充电桩的大规模接入，让传统的厂区电网正向“源网荷储充”一体化的企业微电网升级。然而，配电老旧、数据孤岛、运维低效以及新能源并网带来的电能质量隐患，正成为企业低碳转型路上的“拦路虎”。如何让用电更安全、更高效、更智能？深耕用户侧能效管理多年的安科瑞电气，交出了一份覆盖“变、配、用”全过程的硬核答卷。一、筑牢底座：110kV及以下用户变电站的“智慧大脑”变电站是电力系统的“心脏”，其可靠性直接决定了生产与运营的安全底线。针对110kV及以下用户变电站，安科瑞提供了从二次设备到监控系统的完整解决方案。通过部署微机保护装置、弧光保护装置、智能操控装置、接点测温产品、局放监测装置及电能质量监测仪表等，系统能够采集站内各类信息并上传至监控系统或EMS能效管理平台，实现分析、预警与智能控制。监控范围全面覆盖用户变电站、开闭所、低压配电室、直流系统以及变配电环境与视频监控。新品迭出，定义保护新标准：AM6-T2主后合一主变保护：集保护、控制、测量、通讯于一体，适用于110kV及以下电压等级电力系统的主变保护。AM6-K1大公共测控装置：拥有150路开入、64路开出、24路电流、24路电压通道及14路变送输出，堪称变电站的“超级接口”。AM6-PWC三合一箱变保护测控装置：创新性地将保护测控、通讯管理机、交换机三大模块集成于一体。它不仅能实现升压变保护与测控，还能采集逆变器数据与环境辅控数据，并支持光纤环网组网。该产品特别适用于分布式光伏/储能升压箱变、集中式光伏/储能升压箱变及风力发电升压箱变等新能源场景。二、拥抱绿能：分布式光伏与储能的“安全护航者”新能源并网带来了效益，也带来了挑战。针对分布式光伏与储能并网系统，安科瑞推出了Acrel-1000DP分布式光伏储能并网监控解决方案，以一套平台实现光伏、储能、并网全场景的智能管控。该方案通过继电保护及安全自动装置、电能质量监测装置、防逆流柔性调节与刚性保护装置等二次设备，保障新能源电站的安全稳定运行与发电收益。平台具备四大核心能力：安全稳定运行（从组件到并网点全程防护）、发电效益可期（逆变器监测、光功率预测、防逆流控制）、标准规范并网（支持AGC/AVC调节与调度自动化）、全站智能运维（电能质量分析、环境辅控、视频监控一屏统管）。针对防逆流这一核心痛点，安科瑞推出了系列化单机版与主从机版防逆流保护方案。当并网点与逆流检测点距离较远（100米至20公里）时，可采用AM5SE-PV系列主从式方案，通过光纤直跳或GOOSE通讯实现精准控制，确保光伏发电“只出不进”，保障电网安全。三、精准把脉：电能质量的“火眼金睛”新能源的大规模接入，使得电压暂降、谐波污染等电能质量问题日益突出。安科瑞APView系列电能质量在线监测装置（APView350/400/500）正是为此而生。该系列产品严格遵循IEC61000-4-30国际标准，达到国家A级精度要求。它不仅能够监测2-63次谐波、电压偏差、闪变等稳态指标，还能精准捕捉电压暂升/暂降、短时中断等暂态事件。更值得一提的是，其具备暂降源定位功能，能精准判别扰动来自母线侧还是线路侧，责任清晰可追溯。这对于半导体、精密制造等对电能质量高度敏感的行业而言，无疑是价值百万的“保护神”。四、防患未然：开关柜测温与局放的“双保险”高压开关柜内的触头过热与局部放电，是引发绝缘故障与设备烧毁的两大“元凶”。在测温领域，安科瑞提供了RFID无线测温与荧光光纤测温两套方案。其中，ATC900荧光光纤测温系统采用全光纤材质传感探头，天然具备绝缘、耐高压、抗强电磁干扰的特性。探头可直接接触10kV/35kV开关柜的动静触头、电缆接头等高压带电体，实现本质安全的“无电”检测。该系统支持3/6/9/12路通道灵活配置，特别适用于军工、部队等禁用无线电的场景以及新能源箱变、预制仓。在局放监测领域，APD300三合一局放传感器集超声波（AE）、暂态地电压（TEV）、特高频（UHF）三种监测手段于一体。它通过磁吸方式安装于电缆室，可同时监测放电次数、放电量、噪声、温度与湿度。4秒高速采样，一旦异常实时报警，为开关柜的绝缘健康提供全天候“听诊”服务。五、智领未来：一键顺控开启配电运维新时代传统的倒闸操作依赖人工现场执行，流程繁琐、耗时长且存在误操作风险。安科瑞推出的ATU开关柜智能监控终端搭载一键顺控功能，彻底颠覆了这一模式。系统通过保护装置采集断路器、接地刀、手车状态，由SCADA系统软件进行遥控条件判断，实现设备运行状态的自动转换。系统严格遵循国网安全规程“双确认”技术要求，支持本地与远程双向控制。在贵州某锂电池企业的实际应用中，安科瑞为7个配电房、66面高压开关柜部署了一键顺控系统，同时集成了节点测温、局放监测、弧光保护等智能二次设备，数据统一上传至AcrelCloud-1000变电所运维云平台。这一方案不仅大幅缩短了倒闸操作时间，更将配电运维从“人工判断”推向了“智能自动”的新阶段。结语从变电站的继电保护，到新能源的并网监控；从电能质量的精准诊断，到开关柜内的温度与局放监测；再到一键顺控带来的运维革命——安科瑞正在用“云-边-端”软硬件一体化的完整生态，为企业构建起一道覆盖“源、网、荷、储、充”全链路的智慧防线。在能源转型的浪潮中，选择安科瑞，就是选择了一份安心与高效。-END-销售工程师|张品18701998662（同微信）新能源行业负责人以上内容仅作为学习交流使用如有错漏之处，敬请指正如有侵权，请联系删除"	,"实时监测返回首页电能质量电能统计视频监控历史曲线 @报表查询事件记录 ②帮助文档注销实时告警运行报表电力监控系统通讯正常网络拓扑高压10kV配电低压1配电强光保护电能质量放监测通讯异常网络拓扑 AH01 AH02 福 AH03 AH04 AH05 AH06 历史事件查询放电次数（次）： 放电次数（次）： 放电次数（次）： 放电次数（次）： 放电次数（次）： D 放电次数（次）： 曲线查询放电量（dBm）： 0.0 放电量（dBm）： 23.5 放电量（dBm）： 0.0 放电量（dBm）： 0.0 放电量（dBm）： 0.0 放电量（dBm）： 0.0 通信管理 AH07 AH08 AH09 用户权限管理 AH10 AH11 AH12 放电次数（次）： 放电次数（次）： 放电次数（次）： 放电次数（次）： 放电次数（次）： 放电次数（次）： 遥控功能放电量（dBm）： 0.0 放电量（dBm）： 0.0 放电量（dBm）： 0.0 放电品（dBm）： 0.0 放电量（dBm）： 0.0 放电量（dBm）： 0.0 电能统计电能质量监测 AH13 AH14 AH15 AH16 AH17 AH18 弧光监测放电次数（次）： 放电次数（次）： 放电次数（次）： 放电次数（次）： 放电次数（次）： 0 放电次数（次）： 0 放电量（dm）： 0.0 放电量（dBm）： 0.0 放电量（dBm）： 0.0 放电量（dBm）： 0.0 放电量（dBm）： 0.0 放电量（dBm）: 0.0 故障录波事故追忆 AH19 AH20 AH21 AH22 AH23 AH24 电气接点测温放电次数（次）： 放电次数（次） 放电次数（次）： 放电次数（次）： 放电次数（次）： 放电次数（次）： 0"	,"数据中心民航机场 110kV变电站高速公路动力部分发电机电力网石油化工 1OkV +OO+ 110/10k 110/10kV 轨道交通 +QO+ 6kV +QO+ 高校行业 10kV变电所 110 线路 10kV储能接入线路 10kV光伏接入医院行业 HCOD+ +QOF 10kV HQ 电力系 20 机械制造动力系统工业园区线路线路发、输、变、配、用电能传输过程 10/0.4kV 10/0.4kV 生物制药 0.4kV配电室水利水务线路 0.4kV光伏接入线路 0.4kV储能接入二钢铁煤矿 M 用电设备 M) 用电设备新能源 110kV变电站系统干线图；变电路球合自动化据电保护结专用电流质量监别与治理开关板局放电气接点测变电所环填辅控 Acel-200F APP 光保护装置电能质量监用供置无线温装置无线温师感微机保护测控装开关柜智能换控装置电能质量监测转置电能质量量测装置 ? 频监控口无线温传感据 ATE400 电能质管置 ATCO ANSSE 无线温传感额光保护装 AH 主麦保护测控开网栏推护装置无线饰感格无线湿泪卖传感器多功能电力仅表无线润星代感图气体保水主变压器高压开关柜低压开关柜变电所环境；为什么要三合一应用场景为什么是三合一销售模式分布式光伏升压箱变保护测控升压变保护光伏/储能综自项目配套 ：分布式储能升压箱变 ?网关升压变温度、遥信 + 箱变厂家配套集中式光伏电站升压箱变交换机逆变器采集 》集中式储能升压箱变 (详见下一页) 环境辅控数据采集 7 风力发电升压箱变光纤环网 1#高压配电房（原有高计配） 新建1#光伏配电室电气系统图；35kV用户变电站 10kV用户变电站 35kV 滋线全站安全稳定运行 CEE CEIE 继电保护及安全自动装置 AMESERS 发电效益与收益光伏预制逆变器监测与箱变测控 （二次舱） 光功率预测 BAMSEIS 防逆流保护与控制策略防逆流从 TE ANSSEF ASEC 标准规范并网 AGC/AVC控制系统中能质量益防狐岛保护屋顶光伏升压箱变调度自动化 88 交安全防护全站电力监控与运维环境辅控系统岛压井网光伏低压并网光伏视频监控系统；系列化单机版防逆流保护： （保护功能少， 需技术确认后方可下单 AM5SE-IS AM3-I AM2SE 应用场景与特点应用场景与特点应用场景与特点中低压并网柜中低低压并网柜仅适用于低压并网柜支持100V/380V电压接入支持100V/380V电压接入仅支持380V电压接入支持10路无源跳合闸输出支持2路无源跳合闸输出支持2路无源跳合闸输出低功率保护逆功率保护低功率保护五段低功率跳闸两段逆功率跳闸低功率一段跳闸五段低功率恢复合闸两段功率恢复合闸低功率一段恢复合闸逆功率保护逆功率保护两段逆功率跳闸逆功率一段跳闸两段逆功率恢复合闸逆功率一段恢复合闸；系列化主从机版防逆流保护： 80 H AM5SE-PVM AM5SE-PVS/PVS2 AM5SE-PVM-GOOSE AM5SE-PVS-GOOSE 应用场景与特点应用场景与特点应用场景与特点应用场景与特点中低压并网柜中低压并网柜中低压并网柜中低压并网柜支持100V/380V电压接入 ◆作为从机，搭配PVM使用支持100V/380V电压接入作为从机，搭配PVM-GOOSE使用作为主机，搭配PVS/PVS2使用 +PVS支持2路远程开出，2路远程开入作为主机，搭配PVS-GOOSE使用 GOOSE通讯 10路远程开出，5路远程开入 PVS2支持4路远程开出，8路远程开入 GOOSE通讯 22路无源跳合闸输出五段低功率跳闸/五段低功率恢复 22路无源跳合闸输出八段低功率跳闸/八段低功率恢复逆功率一段跳闸/逆功率一段恢复逆功率一段跳闸/逆功率一段恢复典型案例 》内蒙古中高绿能35kV光伏防逆流 》遂宁格睿绿能光储防逆流典型案例 》厦门岩内光伏防逆流 》盐城蜂巢储能防逆流 》丰城曲江煤炭光伏防逆流 》梁沱水厂排泥水光伏防逆流 》寰宇10.06Mwh储能防逆流 》连云港神特光伏防逆流 >重庆萤石基地10kV光伏防逆流 》希源纸业10kV光伏防逆流 》燕京啤酒厂光伏防逆流；主要优势暂降源定位电压暂降容忍度曲线与分析故障录波和事件记录电能质量日统计值电能质量水平评估报告电能质量符合性评估报告 PQDIF数据统计与导出标记功能 Websever功能 APView500 APView400 APView350 电能质量在线监测装置电能质量在线监测装置电能质量在线监测装置主要证书江苏省电科院A类认证开普实验室EMC认证 IEC61000-4-30ClassA认证 IEC62053-220.2s认证；110kV总进线 APView500 110kV变电站 110/10k 110/10kV APView500 10kV开闭所总进线及重要出线 10kV变电所 APView500PV 光伏中压并网柜、储能中压并网柜线路 10kV储能接入线路 10kV光伏接入 APView500 10kV变电所总进线及重要出线线路线路 10/0.4kV 10/0.4kV APView400 0.4kV配电室总进线及重要出线 0.4kV配电室 0.4kV光伏接入 APView400/APView350 线路 0.4kV储能接入 0.4kV光伏并网柜、储能并网柜线路二 M 用电设备 M 用电设备 110kV变电站系统干线图；母排 ATE800-U 触头电缆搭接头测温触头测温母排测温电缆接头 ATE800-B；Pertial D Partial Disch Partial Discharge Sensors APD300 APD300 APD300-L APD300-W APD300-WP 工作电源：DC12-36V 工作电源：电池供电工作电源：DC12-36V (标配电源适配器） (可更换电池) （标配电源适配器） 通讯方式：RS485 通讯方式：Lora（506.5Mhz) 通讯方式：Lora（506.5Mhz） 采样周期：4s 采样周期：2h 采样周期：15s 安装方式：磁吸式安装方式：磁吸式安装方式：磁吸式 ATC600-PD 工作电源：AC85～265V、DC100~300V：DC12~48V 无线频段：506Mhz；安装方式：导轨式安装。 告警输出：2路，5A/AC250V，5A/DC30V;；实时监测返回首页电能质量电能统计视频监控历史曲线 @报表查询事件记录 ②帮助文档注销实时告警运行报表电力监控系统通讯正常网络拓扑高压10kV配电低压1#配电弧光保护电能质量局放监测通讯异常网络拓扑 AH01 AH02 AH03 AH04 福 AH05 AH06 历史事件查询放电次数（次）： 放电次数（次）： 放电次数（次）： 放电次数（次） 放电次数（次）： 放电次数（次）： 曲线查询放电量（dBm）： 0.0 放电量（dBm）： 23.5 放电量（dBm）： 0.0 放电量（dBm）： 0.0 放电量（dBm）： 0.0 放电量（dBm）： 0.0 通信管理 AH07 AH08 AH09 AH10 AH11 AH12 用户权限管理遥控功能放电次数（次）： 放电次数（次）： 放电次数（次）： 放电次数（次）： 放电次数（次）： 放电次数（次）： 放电量（dBm）： 0.0 放电量（dBm）： 0.0 放电量（dBm）： 0.0 放电量（dBm）： 0.0 放电量（dBm）： 0.0 放电量（dBm）： 0.0 电能统计电能质量监测 AH13 AH14 AH15 AH16 AH17 AH18 弧光监测放电次数（次）： 放电次数（次）： 放电次数（次）： 放电次数（次）： 放电次数（次）： 放电次数（次）： 放电量（dBm）： 0.0 放电量（dBm）： 0.0 放电量（dBm）： 0.0 放电量（dBm）： 0.0 放电量（dBm）： 0.0 放电量（dBm）： 故障录波 0.0 事故追忆 AH19 AH20 AH21 AH22 AH23 AH24 电气接点测温放电次数（次）： 放电次数（次）： 放电次数（次）： 放电次数（次）： 放电次数（次）： 放电次数（次）： 局放监测放电量（dBm）： 0.0 放电量（dBm）： 0.0 放电量（dBm）： 0.0 放电量（dBm）： 0.0 放电量（dBm）： 0.0 放电量（dBm）： 0.0 web访问-登入下一页 web访问-功能"	,"【解决方案】从被动抢修到主动防御：安科瑞如何用“软硬一体”重塑用户变配电与新能源场景的安全防线"	,
啤酒行业-行业-中,"2026-08-10 16:42:10"	,"douyin"	,,3,1152,,"3391355233240443"	,,"猪儿宝（从头开始）"	,3,"7672320541323413362"	,"https://api-app-proxy.tarsocial.com/api/token/v2/rewrite_url?url=UxI1mE1VtivWWENn8adpDmG3kF8SwGcheiC2XVx5H1k_gqzrLsi8d3qxTx3NjTEebCnD-tDsrjdUSNtt4Dfy1Q"	,"下辈子我们还做兄弟.一路走好哥哥"	,"下辈子我们还做兄弟"	,"关爱老人|开玩就现在TUBORGAIL|TUBORG开玩就现在|随现在JBORG|吃饭新时尚|碎石室部办公室|太平间科门诊科门诊出入院处科检查室|门诊部办公室|下辈子我们还做兄弟|3号电机|什么是友|重症医学科|污室|污染宝"	,,"中性"	
啤酒行业-行业-中,"2026-08-10 16:36:00"	,"toutiao"	,,0,,,"218157976920867"	,,"老郭谈健康"	,,"7672277109494956587"	,"https://api-app-proxy.tarsocial.com/api/token/v2/rewrite_url?url=1YusuDMvr9od4K_K1MN8ml17rEfkAea0gAdcR6CW8DzDL3vaGbDLvJJ0Hc6j7Exsbzh1VujsMcB4X_Fcm1n7Rw"	,"老张上个月体检，尿酸值蹦到了五百多。他回家一拍大腿：肯定是肉吃多了！从那天起，餐桌上彻底没了鸭肉和牛肉的影子，连肉汤都一滴不沾。可昨天他来我门诊，委屈得直叹气：“大夫，我连口肉都不敢碰了，怎么这脚指头还是疼得下不了地？”很多人一发现尿酸高，第一反应就是“把肉戒了”。 尤其在网上看到什么“上海交大研究发现不吃鸭肉牛肉就能降尿酸”的说法，更是恨不得把冰箱里所有带肉的存货全扔了。这个做法听起来特别对，但真正的问题，根本不在这里。咱们先把那个“上海交大发现”的说法掰开揉碎了看。在营养学领域，确实有过不少关于食物嘌呤含量的研究。鸭肉和牛肉属于中等嘌呤食物，它们的嘌呤含量比猪肝、腰子、小鱼干这些“嘌呤大户”要低得多。但嘌呤高不等于就是坏事，嘌呤低也不等于就能随便吃。 关键在于，食物里的嘌呤到了身体里，到底有多少会转化成血液里的尿酸。最新国内多个临床共识已经明确指出：单纯靠“忌口”某几种肉类，对降尿酸的实际作用微乎其微。原因特别简单——身体里百分之八十的尿酸，是咱们自己肝脏代谢产生的，只有百分之二十左右是吃进去的。这就好比一个工厂，排污管堵了，废水排不出去。 你光把进水管拧小一点，能解决根本问题吗？那些不吃肉的人，身体内部该产的尿酸一点没少，肾脏排泄尿酸的能力要是没跟上，尿酸值照样稳如泰山。很多患者戒了肉，尿酸只降了那么一丁点，就是这个道理。我门诊上遇到太多这样的例子了。前阵子有个五十多岁的大哥，体型偏胖，爱吃肉。他听说鸭肉牛肉“升尿酸”，就改吃鱼肉和鸡胸肉，觉得白肉安全。结果三个月后复查，尿酸比之前还高了二十多。他百思不得其解，我问他：“你肉是少吃了，那啤酒戒了吗？平时喝的果汁、可乐，停了没？”他一下子就愣住了。 你看，很多人都把目光死死盯在“红肉”和“白肉”上，却忽略了一个更隐蔽的“帮凶”——果糖。果糖这种物质，在体内代谢的时候，会直接消耗掉一种叫ATP的能量分子，这个过程的副产品就是尿酸。你吃的那些甜甜的水果、喝的那些号称“零脂肪”的果汁饮料、还有餐桌上的蜂蜜水，里面的果糖都在悄悄推高你的尿酸。一瓶五百毫升的甜饮料，果糖含量能让尿酸在短时间内明显波动。很多人戒了肉却没戒糖，等于堵住了前门，却给后门开了个口子。再说回鸭肉和牛肉本身。这两种肉有个共同特点：富含蛋白质和铁、锌等微量元素。对于中老年人来说，适量吃一些，有助于维持肌肉力量，预防贫血和肌少症。如果因为害怕尿酸高就一刀切地“封杀”它们，反而可能造成营养不良，免疫力跟着往下掉。那到底怎么吃才对？ 不是不吃，而是“挑着吃、配着吃、算着吃”。鸭肉去皮，牛肉选纯瘦的部位，每次吃的量控制在自己一个巴掌心大小，厚度不超过一根手指。烹饪的时候，先把肉在水里煮一遍，把汤倒掉，再重新炖炒。因为嘌呤特别容易溶于水，焯水这一步能去掉不少嘌呤。重点来了：真正要“戒掉”的，其实是两样东西——酒精和含糖饮料。酒精会让身体产生乳酸，乳酸和尿酸在肾脏里“抢通道”，乳酸多了，尿酸就排不出去。含糖饮料里的果糖前面说了，直接促使尿酸生成。这两样，比鸭肉牛肉厉害多了。还有一个特别常见，但大家最容易忽略的问题：不喝水。 很多老年人怕起夜，晚上不敢喝水，白天喝得也不多。尿酸的排出全靠尿液，尿量不够，尿酸就浓缩在血液里。就像洗碗不用水冲，洗洁精越积越厚。建议每天喝水至少两升，分次喝，以白开水或淡茶水为主。另外，别小看运动的作用。 但不是让你去跑马拉松。快走、慢跑、游泳或者打太极拳，每天坚持半小时左右，微微出汗就行。运动能帮助控制体重，改善身体的代谢能力，把尿酸这个“老顽固”慢慢请出去。真正让尿酸降下来的，永远不是“不吃什么”的恐惧，而是“该怎么吃、怎么动、怎么排”的整体智慧。 鸭肉牛肉可以吃，但要吃得聪明；甜饮料和酒，能少碰就少碰；水要喝够，腿要迈开。身体的代谢，像个复杂的交通网，堵车的原因往往不是某一辆车，而是整个路网的设计和调度。如果你现在正为尿酸高发愁，别把全部注意力放在那一两盘菜上。先看看自己一天喝了多少水，吃了多少糖，动了多长时间。把这些问题理清楚了，尿酸自然就稳下来了。很多事都是这样，盯住细枝末节，反而丢了全局。 健康这件事，从来不是靠“坚决不吃什么”换来的，而是靠“合理平衡地对待身体”挣来的。你的身体，比你想的要聪明得多，它不需要你极端地自我惩罚，它只需要你温和而持续地善待它。本文内容均是根据权威医学资料结合个人观点撰写的原创内容，为了方便大家阅读理解，部分故事情节存在虚构成分，意在科普健康知识，如有身体不适请线下就医。"	,,,"上海交大发现:不吃鸭肉和牛肉的人，尿酸一下就降下来了?可信吗"	,"中性"	
啤酒行业-行业-中,"2026-08-10 16:33:48"	,"weixin"	,,0,,,"gh_d4fa5f9a07fa"	,,"长沙市场监管"	,,"e21fc088e437a54349187c87e895827b"	,"https://api-app-proxy.tarsocial.com/api/token/v2/rewrite_url?url=laUXDtqdrog3Te1QJa_icDkiBc64Asp3zqH6WxR6Xfz6bPFm8dOfMyU-leHiGKmH6Uz9_CYZl_CThpcowkUAl4rvU0F2thVxyhzvBchfnhRQ-CPCWhzixPZqqr7VsrempWZaYbFJp-yXxu4ZxQMjug"	,"为进一步加强五一商圈食品安全监管，整治网络餐饮乱象、劣质肉及各类食品安全违法行为，近日，开福区市场监管局牵头组织开展了五一商圈网络餐饮安全提升专项整治集中行动。此次行动以“全面排查、靶向整治、部门联动、长效巩固”为总体思路，多部门协同发力，对商圈内网络餐饮经营单位开展监督检查，全力打造食品安全示范标杆商圈。1精心部署，织密行动“组织网”本次集中行动集结了开福区市场监管局、公安分局、区城管局、区卫健局、街道（含各街道食品安全督导师）及第三方检测机构工作人员，共计60余人，分成10个检查组同步推进，确保行动高效有序开展。2靶向施策，打好监管“组合拳”行动中，各部门依据职责分工，密切配合、精准发力：开福区市场监管局作为牵头单位，严格按照《开福区网络餐饮食品安全专项整治行动方案》要求，对商圈内网络餐饮单位开展现场检查，重点排查“幽灵外卖”、现场加工制作过程控制、肉制品等原料采购索证索票等关键环节，依法查处市监领域涉嫌网络餐饮及制售假劣肉制品的违法行为。开福区城管局聚焦餐饮经营场所油烟污染、餐厨垃圾不规范处置等问题，依法取缔非法从事经营活动的流动食品摊贩，净化商圈市容环境和消费秩序。开福区卫健局着重整治医疗机构未按照有碍食品安全疾病目录项目开展体检，以及伪造、篡改、出具虚假健康证明等违规行为，严把从业人员健康准入关。开福公安分局紧盯食品安全违法犯罪行为，重点整治黑窝点及个人伪造虚假营业执照、食品经营许可证等主体资质，追溯假劣肉制品来源及流向，核查是否存在伪造证照、文件和公章等行为，对涉嫌犯罪的依法予以严厉打击。3科技赋能，提升整治“含金量”行动期间，第三方检测机构专业技术人员随同开展检测工作，对餐饮单位经营的肉制品、食用油、蔬菜等重点品种开展快速检测和抽样检验，现场累计食品快检抽检样品19个，检测31批次，合格率100%。4久久为功，守护城市“烟火气”五一商圈作为长沙市核心商业区和城市名片，人流密集、消费旺盛，食品安全容不得丝毫松懈。开福区市场监管局将以此次集中整治为契机，持续深化跨部门协同监管机制，加大日常巡查和抽检频次，对问题单位开展“回头看”，确保整改落实到位。同时畅通投诉举报渠道，鼓励社会力量参与食品安全监督，共同营造安全、放心、舒心的消费环境。编辑：胡宇薇校对：胡云红来源：开福市场监管"	,"长沙市开福区市场草警理局通泰街市场监督管理所"	,"冒烤鸭瀑布土豆丝手撕麻辣牛肉盐焗鸡富千层肿富脑花 HARBIN 甜酒 TSINGTAO 青酒白美；白兔长沙东开福区市场章资管理局通泰街市场监督管理所；双好酒个好朋友；骨动麻乡"	,"开福区多部门合力 筑牢五一商圈网络餐饮防线"	,
啤酒行业-行业-中,"2026-08-10 16:33:00"	,"app"	,,0,,,,,"长沙市场监管"	,,"749c6828edc160523da55113f4429771"	,"https://api-app-proxy.tarsocial.com/api/token/v2/rewrite_url?url=DnxXGf0WgjqXZqvRL96qqaiJOGOQwXaPZl4NU3Pamp9TUrfhNGIUmd6qXfFFO5uKebsOHnDmjAHTSdPg4HQu3denW5Lxz1uTmH_YptuslQp-KzyTn0rkqJWJJoGxKVcc"	,"为进一步加强五一商圈食品安全监管，整治网络餐饮乱象、劣质肉及各类食品安全违法行为，近日，开福区市场监管局牵头组织开展了五一商圈网络餐饮安全提升专项整治集中行动。此次行动以“全面排查、靶向整治、部门联动、长效巩固”为总体思路，多部门协同发力，对商圈内网络餐饮经营单位开展监督检查，全力打造食品安全示范标杆商圈。 1 精心部署，织密行动“组织网” 本次集中行动集结了开福区市场监管局、公安分局、区城管局、区卫健局、街道（含各街道食品安全督导师）及第三方检测机构工作人员，共计60余人，分成10个检查组同步推进，确保行动高效有序开展。 2 靶向施策，打好监管“组合拳” 行动中，各部门依据职责分工，密切配合、精准发力： 开福区市场监管局作为牵头单位，严格按照《开福区网络餐饮食品安全专项整治行动方案》要求，对商圈内网络餐饮单位开展现场检查，重点排查“幽灵外卖”、现场加工制作过程控制、肉制品等原料采购索证索票等关键环节，依法查处市监领域涉嫌网络餐饮及制售假劣肉制品的违法行为。 开福区城管局聚焦餐饮经营场所油烟污染、餐厨垃圾不规范处置等问题，依法取缔非法从事经营活动的流动食品摊贩，净化商圈市容环境和消费秩序。 开福区卫健局着重整治医疗机构未按照有碍食品安全疾病目录项目开展体检，以及伪造、篡改、出具虚假健康证明等违规行为，严把从业人员健康准入关。 开福公安分局紧盯食品安全违法犯罪行为，重点整治黑窝点及个人伪造虚假营业执照、食品经营许可证等主体资质，追溯假劣肉制品来源及流向，核查是否存在伪造证照、文件和公章等行为，对涉嫌犯罪的依法予以严厉打击。 3 科技赋能，提升整治“含金量” 行动期间，第三方检测机构专业技术人员随同开展检测工作，对餐饮单位经营的肉制品、食用油、蔬菜等重点品种开展快速检测和抽样检验，现场累计食品快检抽检样品19个，检测31批次，合格率100%。 4 久久为功，守护城市“烟火气” 五一商圈作为长沙市核心商业区和城市名片，人流密集、消费旺盛，食品安全容不得丝毫松懈。开福区市场监管局将以此次集中整治为契机，持续深化跨部门协同监管机制，加大日常巡查和抽检频次，对问题单位开展“回头看”，确保整改落实到位。同时畅通投诉举报渠道，鼓励社会力量参与食品安全监督，共同营造安全、放心、舒心的消费环境。 编辑：胡宇薇 校对：胡云红 来源：开福市场监管"	,"冒烤鸭瀑布土豆丝麻辣牛肉手撕盐焗鸡辣昌千居肿富脑花 HARBIN 天甜酒 TSINGTAO 青峰酒白"	,"冒烤鸭瀑布土豆丝麻辣牛肉手撕盐焗鸡辣昌千居肿富脑花 HARBIN 天甜酒 TSINGTAO 青峰酒白；白兔长沙东开福区市场旅督道理局通泰街市场监督管理所；个好朋友；骨汤麻乡"	,"开福区多部门合力 筑牢五一商圈网络餐饮防线"	,"中性"	
啤酒行业-行业-中,"2026-08-10 16:31:17"	,"douyin"	,,0,12,,"2911130702578174"	,,"中压紫外线消毒器厂家-百诺"	,,"7672317720934829322"	,"https://api-app-proxy.tarsocial.com/api/token/v2/rewrite_url?url=UxI1mE1VtivWWENn8adpDmG3kF8SwGcheiC2XVx5H1khI8OJxzQtzOM3rQzET4uF6GTB26UwkUL5NmwWgekELw"	,"供水管网二次污染？紫外线消毒保障末端安全 #二次污染 #水处理设备 #广东紫外线消毒器厂家 #UV紫外线杀菌器 #紫外线消毒器"	,"供水管网二次污染紫外消毒保障末端安全啤酒厂专用 Clear 中压多谱段紫外线可德成"	,"中压紫外消毒保障末端安全供水管网二次污染TIONOFDHEROAD 经营之道紫外绘"	,,"中性"	
啤酒行业-行业-中,"2026-08-10 16:31:15"	,"bilibili"	,,0,,,3546898241685688,,"中压紫外线杀菌器厂家"	,,"117070272469560"	,"https://api-app-proxy.tarsocial.com/api/token/v2/rewrite_url?url=yiAiFZbKdIowUpJUP8aFtGveEdWQnMRLJI5F1SQk5buW67IV-pwxeqwPMBByCNHEfis8k59K5KiViSaBsSlXHA"	,"#二次污染 #水处理设备 #广东紫外线消毒器厂家 #UV紫外线杀菌器 #紫外线消毒器"	,"供水管网二次污染紫外消毒保障末端安全啤酒厂专用 Clear 可滤威中压多谱段紫外线"	,,"供水管网二次污染？紫外线消毒保障末端安全"	,"中性"	
啤酒行业-行业-中,"2026-08-10 16:31:15"	,"bilibili"	,,0,,,3546898241685688,,"中压紫外线杀菌器厂家"	,,"1234855818327752704"	,"https://api-app-proxy.tarsocial.com/api/token/v2/rewrite_url?url=ZgsVEzPdBNRVL_vcnJEICtZD3e7wPgvau4PgxW7TsoNO9GMNxkRyNUyKpvbMed-g"	,"#二次污染 #水处理设备 #广东紫外线消毒器厂家 #UV紫外线杀菌器 #紫外线消毒器"	,"供水管网二次污染紫外消毒保障末端安全啤酒厂专用 Clear 可滤威中压多谱段紫外线"	,,"供水管网二次污染？紫外线消毒保障末端安全"	,"中性"	
啤酒行业-行业-中,"2026-08-10 16:31:11"	,"weixin"	,,0,,,"gh_75227ae8367e"	,,"大康哥1481"	,,"314092d0924835e7fd5f202580b62e06"	,"https://api-app-proxy.tarsocial.com/api/token/v2/rewrite_url?url=u2i3dS4Iyjr3kK1ENHqCiOQMsO6msDs1fwEKUUL_EKoOdjGm_MyNM04nxuOVsFF82Xnh61OtwBckfjk_-ercUJtf8LDS1jW14rOTJ79lcH0YtCBCw_6GCKPGVALu8mgX0Y6wfF2IEReUKBE0D7wW_Q"	,"很多人总觉得养生是件麻烦又费钱的事，要吃补品、办健身卡。其实真正能养出好身体的，往往是三餐、作息里那些不起眼的小事。整理了50条贴近生活的健康常识，分饮食、起居两大类，记住并坚持，比吃昂贵补品更有用。一、饮食篇：吃对饭，才是养生第一步1.晨起空腹喝一杯温白开水，补充夜间流失的水分，唤醒肠胃蠕动，帮身体排出代谢废物，是零成本的养生开篇。2.日常适量饮用淡绿茶，其中的抗氧化物质对肝脏有一定保护作用，有助于维持肝脏健康。3.胖大海只适合短期缓解咽喉肿痛，不能长期当日常茶饮喝，性味偏寒，久服容易损伤脾胃。4.感冒期间别喝苦丁茶，寒凉属性会加重体内寒气，拖慢恢复的速度。5.酸奶最好在晚饭后两小时喝，这个时间段胃酸浓度低，益生菌能更好地存活发挥作用。6.空腹时不建议喝酸奶，酸性成分会直接刺激胃黏膜，肠胃偏弱的人容易反酸、腹胀。7.喝完牛奶后抿几口温水，冲掉口腔残留的奶液，既能防口腔异味，也能缓解食道的黏腻感。8.豆浆不要搭配红糖和鸡蛋一起吃，容易形成难消化的沉淀物，降低营养吸收率。9.吃海鲜时尽量少配冰啤酒，两者同食容易升高嘌呤水平，增加痛风发作的概率。10.常吃鱼类尤其是深海鱼，能补充不饱和脂肪酸，帮助维持血管弹性，延缓血管老化。11.鱼刺卡喉别用喝醋、吞馒头的偏方，很容易划伤食道、让鱼刺卡得更深，轻咳没效果就及时就医。12.鱿鱼胆固醇含量不低，血脂、胆固醇偏高的人，一定要控制好食用量。13.肉类虽能补蛋白，但顿顿大鱼大肉会加重肝肾负担，荤素均衡才是长久的饮食之道。14.已经开口开裂的糖炒栗子别买，缝隙里容易滋生细菌，吃了可能引发肠胃不适。15.茶叶蛋不建议常吃，长时间卤煮会让营养流失，盐分也容易超标，水煮蛋是更健康的选择。16.发烧期间尽量少吃鸡蛋，高蛋白会增加身体产热，不利于体温下降，还会加重燥热感。17.黑米、黑豆、黑芝麻这类黑色食材，日常适当吃，对肾脏有一定的滋养效果。18.水果烂了一小块也别吃，霉菌毒素早就扩散到了整个果肉，只是肉眼看不见而已。19.早餐吃点燕麦，膳食纤维和B族维生素丰富，能平稳一上午的血糖，还能提升专注力。20.冬天多喝温热的杂粮粥，暖胃暖身还好消化，既能补营养也能补水分。21.空腹别直接吃蜂蜜，高糖分会刺激胃酸大量分泌，脾胃弱的人容易胃痛、反酸。22.煎中药别直接用沸水冲，高温会破坏药材里的有效成分，温水泡后慢煎更能保留药效。23.喝中药的时候别随便加糖，甜味可能改变药性，影响调理的效果。24.风寒感冒初期，怕冷、流清涕的时候，喝点可乐煮姜，能帮身体驱散体表寒气。25.喝牛奶前后一小时，别吃橘子这类酸性水果，果酸和蛋白结合易凝结，不好吸收。二、起居篇：好的生活习惯，是健康的底子1.别用凉水洗脚，寒气从脚底侵入身体，长期下来容易手脚冰凉、关节疼，温水洗脚更养人。2.充足的睡眠是最好的补药，长期熬夜、睡不够会透支气血，免疫力也会跟着下降。3.长期情绪差、爱生闷气，最伤脾胃，很多慢性胃炎、胃胀都和情绪郁结脱不开关系。4.每天午休20-30分钟，能给心血管减负，长期坚持还能降低冠心病的发病风险。5.每天能有3小时左右日照的房子，住起来更健康，阳光不仅能补钙，还能改善低落的情绪。6.睡觉的时候可以留一条窗缝，保持室内空气流通，减少二氧化碳堆积，睡得更安稳。7.清晨气温低，别太早开窗通风，冷空气灌进来容易受凉，等太阳出来、气温回升再开更稳妥。8.冬天取暖优先选热水袋，比电热毯更安全，也不会带走皮肤过多水分，不容易干燥上火。9.别用塑料袋长时间闷着果蔬，密闭环境容易产生有害物质，用透气的保鲜盒或纸袋更好。10.筷子要定期换，用久了的筷子缝隙里容易藏霉菌，建议3-6个月换一次，平时常煮沸消毒。11.流鼻血的时候要低头，别仰头，不然血会倒流进咽喉、气管，容易呛到，按压鼻翼止血更科学。12.护牙关键在刷牙方法，比起买贵价牙膏，坚持巴氏刷牙法、每次刷够两分钟更有用。13.起床别急着叠被子，先把被子摊开透透气，散掉夜间的汗液和潮气，能减少螨虫滋生。14.晒被子别使劲拍打，会打碎棉絮纤维，还会让灰尘螨虫嵌得更深，用软毛刷轻扫表面就行。15.运动前一定要做热身，把关节活动开、肌肉拉伸开，能有效避免拉伤、扭伤。16.每天坚持走走路，能促进脑部血液循环，延缓大脑衰退，让思维保持敏捷。17.步行是最适合中老年人的运动，强度温和不伤关节，还能锻炼心肺，提升整体体质。18.冬天早上别洗头，清晨气温低、湿气重，寒气容易滞留在头皮，引发头痛、偏头痛。19.冬天不用天天洗澡，洗太勤会破坏皮肤的皮脂膜，越洗越干，还容易瘙痒起皮。20.别总待在密闭的暖气房里，空气干、流通差，容易口干上火，隔段时间开窗通通风。21.大雾天尽量少出门、别在户外久待，雾气里粉尘和污染物多，容易刺激呼吸道。22.晒完太阳别立刻用热水洗脸，高温会加重皮肤泛红刺痛，用常温水舒缓更合适。23.平时多梳梳头，能疏通头皮的经络，促进血液循环，滋养毛囊，对头发健康好处多。24.上午的阳光柔和不晒人，适当晒一晒，能帮身体补维生素D，秋冬季节少生病。25.别总翘二郎腿，久了会压迫下肢血管，还会影响腰椎骨盆，容易腰酸背痛，尽量改掉这个习惯。老话常说“养生无小事”，健康从来都不是靠一时的进补，而是靠日复一日的好习惯。吃好每一顿饭，睡好每一觉，稳住情绪，就是最实在的养生。"	,"50条藏在日常里的养生常识读懂少走健康弯路"	,"饮食养生：吃对三餐，胜过补养睡醒先喝水|饭后少寒凉|食材要新鲜|慢吃七分饱；起居养生：把习惯养进日常睡够觉」少熬夜1勤通风|久站久坐都要动牛休迪风；小习惯坚持久了，就是大健康美 .... 适度运动|认真护牙正确刷牙流鼻血低头处理运动前热身拉伸 |注意安全|每天舒展身体 |每天舒展身体"	,"50个实用身体养护常识，日常照着做，养出好体质&nbsp;"	,
啤酒行业-行业-中,"2026-08-10 16:25:54"	,"douyin"	,,0,,,"2068661067065459"	,,"润怡阿里大药房"	,,"7672316329814232362"	,"https://api-app-proxy.tarsocial.com/api/token/v2/rewrite_url?url=UxI1mE1VtivWWENn8adpDmG3kF8SwGcheiC2XVx5H1kzCh22kU5yCMHDxXVFns_HhoqcPv57vkGBQpDAvNxWcA"	,"长期用眼，眼睛干涩，酸胀，眼疲劳？试试润怡滴眼液，玻璃酸钠人工泪液，温和护眼！"	,"鸡 润怡 齐通献药疫场酸抗通限 国药准字H20133263 鲁药广审(文)第300215-06089号 请按药品说明书或者在药师指导下购买和使用 禁忌和不良反应详见说明书"	,"S|鄂国|牌剪婴|叫感|鼎康|O1ONG|罗盟|0|民强岑如火|保塑多业|士|士#|7|%L0|%10|LO|9902H|68090-5009第()电4号|司|牌莓装|留司|QON|品国|￥0|1|尿趣签如火|2|1U|L|499T07H4|业|品|鄂|鲜牌夏|的城|1福|福S|30更菜|不当防编防|中子车|州三电|我再加三|OTC|国药准字H20133263|鲁药广审(文)第300215-06089号|请按药品说明书或者在药师指导下购买和使用|禁忌和不良反应详见说明书|心|润怡?|齐色制药|玻璃酸钠滴眼液|太贵了|齐鲁利药|形|福相领商眼液|润怡|Mm|外T|外OTO|心租|玻璃酸钠滴眼|离酸钠滴眼液|福|30支装|支装|不含防腐剂|线解干眼症状|爱解干眼症状|缓解干眼症状|可在佩戴隐形眼镜时使用|0.1%|ma|现在润怡官方优|惠|静清聘#|修|国|上|科格|B国|润格|®|30业项|囍|3041|2不养通|不含期发楼|羊鱼路|481老富号|爱解干限豆秋|全强娜干张|司程保用利业#行警票|在风急#制保|业在身前#储#司|电|现在润怡官方优惠来袭|齐色利药|商|玻璃酸钠|拍5到手足足150支|锁调思|你看看才啥价|J10|[eruuaru)|XL'O|eo|R|齐鲁刺药|里面内含护眼润眼的|核心成分|齐鲁制药|人工泪液-玻璃酸钠|不止帮眼睛补水保湿|齐色刺药|还能在眼表形成一道水分膜|平时九旗发友|平时加班熬夜|盯屏学习|麦利记|创花夕排|海行杂记|眼睛千涩酸胀|麦形记|刺花夕拾|有异物感|购物|回心修|千万别拖着忍着|购n|春|30x元|E营B房力|别国|厦|牌员婴|袋奥出多业多抢品包|0006号|保婴出如业多抢品印|0000084号|牌婴|O|00-00089|冠|牌易婴|鲜啤易婴|00-0006电号|穿啤冒婴|美|090-0008电9号|敏感眼、美瞳党都适用|还是单支日抛设计|用不完能重新盖上|群勤|提|30|防止细菌污染|我雅|福心|更方便、更卫生|消有电院电|物|?|超超轨真班有|涧怡|Be|修雅|外|W店|玻璃酸钠滴|夜|9|日|口|不含防魔剂|楼鲜干用#状|国解干眼症状|干限状|可在风形根销时使用|可在佩藏隐形眼|kun|赶紧趁现在还是活动价|国华酒收香|和面|品e6|MOT|公|男|增解干电红状|援解干限症状|可在信形级时使用|玻璃酸钠消眼液|玻璃酸钠澳眼液|玻酸纳滴眼液|明市|玻璃酸钠清眼液|ER1|给自已安排上试试吧|AR|KR"	,,"正向"	
啤酒行业-行业-中,"2026-08-10 16:17:00"	,"app"	,1,0,42107,,"1612738785533146"	,,"乐喧说事"	,,"4616126843764463965"	,"https://api-app-proxy.tarsocial.com/api/token/v2/rewrite_url?url=3d_CeyWN-GCECgPS1GCitLNXzvHA29Y8YOIIDSQ3LqmfhVRnW2-9JozJV3ieE3ln_eNiEZAmyJUVOYHh9b8w0FW2IVUA7InOzhfZGFSEzn0"	,"青岛泓麦坊精酿啤酒有限公司于2026年4月被无人机巡查发现，企业私自增设大气污染物排放口，实际排放口数量与排污许可证登记内容不符，7月31日被青岛市生态环境局崂山分局处罚，罚款24218元，目前处罚尚未履行。 企业未按排污许可要求规范排污口设置，属于典型的排污许可类违法行为。排污许可证明确限定排放口数量位置，私自增设排放口会造成废气监管失控。无人机巡检成为环境执法重要手段，能发现地面检查容易遗漏的隐蔽排污点位。该企业目前处罚还未履行，后续或将面临加处罚款、强制执行等后续监管措施。 #青岛精酿啤酒企业私设排污口被罚# #青岛头条#"	,"空气质量|25 优 AOL 空气质量18 青岛市生态环境局无障碍青岛政务网公开目录 PM2.5 μg/m3 请输入搜索关键字温馨提示空气质量|23 QingdaoMunicipal BureauofEcologyandEnvironment 非常适宜户外活 PM10 μg/m3 动或锻炼。 首页政务动态政务公开政务服务生态环境质量生态环境管理政民互动首页>>生态环境管理>>行政处罚行政管理>>行政处罚结果公开>>行政处罚决定书全文公开青岛泓麦坊精酿啤酒有限公司处罚日期： 2026年07月31日处罚文号： 青环罚[2026]04008号 2026年4月27日，根据无人机巡飞计划，青岛市生态环境局执法人员对崂山区王哥庄街道东台社区开展巡飞，发现青岛泓麦坊精酿啤酒有限公司疑似存在2处大气污染物排放口。经查询全国排污许可证管理信息平台，该公司排污许可证记载1处大气污染物排放口，属粉碎工艺生产线。据此线索，执法违法事实： 人员开展现场核查，发现该公司粉碎工艺生产线及附属大气污染防治设施运行正常，其厂区西侧建筑物顶部有1处大气污染物排放口，与1台燃油气蒸汽发生器相连接。该处大气污染物排放口系增设，非现场检查线索得到证实，该行为属于污染物排放口数量不符合排污许可证规定。 依据《排污许可管理条例》第三十六条第一项“违反本条例规定，排污单位有下列行为之一的，由生处罚依据： 态环境主管部门责令改正，处2万元以上20万元以下的罚款：拒不改正的，责令停产整治：（一）污染物排放口位置或者数量不符合排污许可证规定。”之规定。 处罚内容： 罚款人民币贰万肆仟贰佰壹拾捌元整处罚金额： 24218（元） 执法单位： 青岛市生态环境局崂山分局 @乐喧说事执行情况： 未履行"	,"空气质量|25 优 AOL 空气质量18 青岛市生态环境局无障碍青岛政务网公开目录 PM2.5 μg/m3 请输入搜索关键字温馨提示空气质量|23 QingdaoMunicipal BureauofEcologyandEnvironment 非常适宜户外活 PM10 μg/m3 动或锻炼。 首页政务动态政务公开政务服务生态环境质量生态环境管理政民互动首页>>生态环境管理>>行政处罚行政管理>>行政处罚结果公开>>行政处罚决定书全文公开青岛泓麦坊精酿啤酒有限公司处罚日期： 2026年07月31日处罚文号： 青环罚[2026]04008号 2026年4月27日，根据无人机巡飞计划，青岛市生态环境局执法人员对崂山区王哥庄街道东台社区开展巡飞，发现青岛泓麦坊精酿啤酒有限公司疑似存在2处大气污染物排放口。经查询全国排污许可证管理信息平台，该公司排污许可证记载1处大气污染物排放口，属粉碎工艺生产线。据此线索，执法违法事实： 人员开展现场核查，发现该公司粉碎工艺生产线及附属大气污染防治设施运行正常，其厂区西侧建筑物顶部有1处大气污染物排放口，与1台燃油气蒸汽发生器相连接。该处大气污染物排放口系增设，非现场检查线索得到证实，该行为属于污染物排放口数量不符合排污许可证规定。 依据《排污许可管理条例》第三十六条第一项“违反本条例规定，排污单位有下列行为之一的，由生处罚依据： 态环境主管部门责令改正，处2万元以上20万元以下的罚款：拒不改正的，责令停产整治：（一）污染物排放口位置或者数量不符合排污许可证规定。”之规定。 处罚内容： 罚款人民币贰万肆仟贰佰壹拾捌元整处罚金额： 24218（元） 执法单位： 青岛市生态环境局崂山分局 @乐喧说事执行情况： 未履行"	,"青岛泓麦坊精酿啤酒有限公司于2...@乐喧说事的动态"	,"中性"	
啤酒行业-行业-中,"2026-08-10 16:17:00"	,"weibo"	,,0,35549,0,"1722463195"	,0,"乐喧说事"	,0,"5330399844632109"	,"https://api-app-proxy.tarsocial.com/api/token/v2/rewrite_url?url=bETNdXXxBw6SRVox7gALQw_TSVPhPXgjCM_rjBBFpOqpxB-6E54oYO-Kam3cHJ0IoyAHGMjKXaoX-EqnVtbFdQ"	,"青岛泓麦坊精酿啤酒有限公司于2026年4月被无人机巡查发现，企业私自增设大气污染物排放口，实际排放口数量与排污许可证登记内容不符，7月31日被青岛市生态环境局崂山分局处罚，罚款24218元，目前处罚尚未履行。企业未按排污许可要求规范排污口设置，属于典型的排污许可类违法行为。排污许可证明确限定排放口数量位置，私自增设排放口会造成废气监管失控。无人机巡检成为环境执法重要手段，能发现地面检查容易遗漏的隐蔽排污点位。该企业目前处罚还未履行，后续或将面临加处罚款、强制执行等后续监管措施。#青岛精酿啤酒企业私设排污口被罚##青岛头条#"	,"5125 青岛市生态环境局 2123 站态政务公开欧身服青岛泓麦坊精酿啤酒有限公司 TRJIE (  s"	,"125 18 青岛市生态环境局无司青政务网公开日录 Hg/m? 智投示 2糖123ug/m Qingcao Municipal Bureau of Ecology and Environment 请融入接无关继字首页政务动态政务公开政务服务生态环境质量生态环境管理政民互动首页>>生态环增答理>>行政处罚行政管理>>行政外罚结里公开>>行政处罚决定书全文公开青岛泓麦坊精酿啤酒有限公司处罚日期： 2026年07月31日处罚文号： 青环罚（2026）04008号 2026年4月27口，根兵无人机邀飞计划，青岛市生击环境同月法人员对场山区工司庄街道尔台社区开展送飞发现青品泓麦垢精银牌消有限公司疑拟存在2处大气污朵物排政口，经查询全国时污许可证违法事卖： 管理信息平台，该公可排污许可证记载1处大气污染物排口，国材碎工艺生产饿，据此线索，抗法人员开展现场核查，发职该公司粉碎工艺生产线及附居大气污染防治设施运行正常，其厂区西侧健筑物部有1处大气污染物排放口，与1台煤注气蒸汽发生器相连接。该见大气污染物排放口系增设，丰现场拾查线索得到证买，该行为属于污染物放口政量不符合排污许可证规足。 很据《排污许可管理条创》第三十六条第一项“过反本条例规定，非污单位有下列行为之一的，由生处罚依居： 态环境主管部门责令改正，处2万元以上20万元以下的罚款：拒不改正的，责令停产整台：（一）污效物排政口位置或者效量不符合排污许可证规定之规定。 处罚内率： 每敦人民币贰万仟式佰壹拾制元整处岗金额： 24218（元） 我法单位： 青岛市生志环境同梯山分局 @乐喧说事执行情况： 末用行"	,"青岛泓麦坊精酿啤酒有限公司于2026年4月被无人机巡查发现，企业私自增设大气污染物排放口，实际排放口数量与排污许可证登记内容不符，7月31日被青岛市生态环境局崂山分局处罚，罚款24218元，目前处罚尚未履行。 企业未按排污许可要求规范排污口设置，属于典型的排污许可类违法行为。排污许可证明确限定排放口数量位置，私自增设排放口会造成废气监管失控。无人机巡检成为环境执法重要手段，能发现地面检查容易遗漏的隐蔽排污点位。该企业目前处罚还未履行，后续或将面临加处罚款、强制执行等后续监管措施。#青岛精酿啤酒企业私设排污口被罚##青岛头条#"	,"负向"	
啤酒行业-行业-中,"2026-08-10 16:03:14"	,"douyin"	,,0,46,,"2645865116476764"	,,"一滴工业水的旅行"	,,"7672310509358785201"	,"https://api-app-proxy.tarsocial.com/api/token/v2/rewrite_url?url=UxI1mE1VtivWWENn8adpDmG3kF8SwGcheiC2XVx5H1kjFy2DX6uO0EZx_YEENDIxpvFvhwOCIZ943eOkvZrVKA"	,"辽宁省精细化工企业(部分)伙伴们，整理了部分辽宁省精细化工企业，如果有污水处理需求，欢迎聊聊#精细化工#污水处理 #辽宁"	,"辽宁省精细化工企业（部分1） 城市企业鞍山市辽宁缘泰石油化工有限公司鞍山市鞍山七彩化学股份有限公司鞍山市中钢集团鞍山热能研究院有限公司鞍山市鞍山辉虹颜料科技有限公司鞍山市海城中央化学有限公司鞍山市后英集团海城钢铁有限公司鞍山市海城市石粉二厂有限公司鞍山市鞍山现代软包装有限公司鞍山市鞍山市奥鞍耐火材料有限责任公司鞍山市鞍山轮胎有限公司鞍山市辽宁海华科技股份有限公司本溪市辽宁山水工源水泥有限公司本溪市辽宁北方煤化工（集团）股份有限公司本溪市辽宁交通水泥有限责任公司本溪市辽宁药联制药有限公司"	,"辽宁省精细化工企业 （部分1）城市企业鞍山市辽宁缘泰石油化工有限公司鞍山市鞍山七彩化学股份有限公司鞍山市中钢集团鞍山热能研究院有限公司鞍山市鞍山辉虹颜料科技有限公司鞍山市海城中央化学有限公司鞍山市后英集团海城钢铁有限公司鞍山市海城市石粉二厂有限公司鞍山市鞍山现代软包装有限公司鞍山市鞍山市奥鞍耐火材料有限责任公司鞍山市鞍山轮胎有限公司鞍山市辽宁海华科技股份有限公司本溪市辽宁山水工源水泥有限公司本溪市辽宁北方煤化工（集团）股份有限公司本溪市辽宁交通水泥有限责任公司本溪市辽宁药联制药有限公司#####辽宁省精细化工企业（部分2）城市企业朝阳市辽宁红山化工股份有限公司朝阳市辽宁华祥新材料有限公司朝阳市朝阳浪马轮胎股份有限公司大连市恒力石化（大连）炼化有限公司大连市恒力石化（大连）有限公司大连市大连固特异轮胎有限公司大连市大连西太平洋石油化工有限公司大连市大连福佳大化石油化工股份有限公司大连市康辉大连新材料科技有限公司大连市晖致制药（大连）有限公司大连市斯凯孚（大连）轴承与精密技术产品有限公司大连市大连钧瑞化工有限公司大连市大连融科储能集团股份有限公司大连市美罗药业股份有限公司大连市大连永达苏利药业有限公司#####辽宁省精细化工企业（部分3）城市企业大连市正大能源材料（大连）有限公司大连市常茂（大连）新材料有限公司大连市中石化催化剂大连有限公司大连市大连安铭斯化学有限公司大连市盘起工业（大连）有限公司大连市中触媒新材料股份有限公司大连市大连新阳光材料科技有限公司大连市大连三仪动物药品有限公司大连市大连轮胎有限公司大连市大连连升新材料有限公司大连市大连万方化工有限公司大连市大连凯飞化学股份有限公司大连市大连玉柴马石油高级润滑油有限公司大连市大连嘉盛新材料有限公司大连市大连蒙连石油化工有限公司#####辽宁省精细化工企业（部分4）城市企业大连市大连众智创新催化剂有限公司大连市大连万福制药有限公司大连市大连天源基化学有限公司大连市大连绿峰化学股份有限公司大连市大连大特气体股份有限公司大连市大连锦源石油化工有限公司抚顺市汉圣化工（抚顺）有限公司抚顺市抚顺伊科思新材料有限公司抚顺市抚顺汉瑞石油化工有限公司抚顺市辽宁国瑞新材料有限公司抚顺市抚顺齐隆化工有限公司抚顺市辽宁鑫盾医药化工有限公司抚顺市抚顺市鑫龙化工有限公司抚顺市抚顺东科新能源科技有限公司抚顺市抚顺东科精细化工有限公司#####辽宁省精细化工企业 （部分5）城市企业阜新市阜新伊利乳品有限责任公司阜新市辽宁天予化工有限公司阜新市金凯（辽宁）生命科技股份有限公司阜新市阜新都创新材料科技有限公司阜新市阜新乾屹精细化工有限公司葫芦岛市辽宁优创植物保护有限公司葫芦岛市锦西天然气化工有限责任公司葫芦岛市中国石油锦西石油化工有限公司葫芦岛市航锦锦西氯碱化工有限公司葫芦岛市苏豪丽天（辽宁）高分子材料有限公司葫芦岛市葫芦岛市载大瀛嘉化工有限公司葫芦岛市葫芦岛海盛石油化工有限公司葫芦岛市辽宁崇宇化工产品生产有限责任公司葫芦岛市葫芦岛连石化工有限责任公司锦州市辽宁龙宇新材料有限公司#####辽宁省精细化工企业（部分6）城市企业锦州市辽宁信凯实业有限公司锦州市锦州开元石化有限责任公司辽阳市辽宁银盛水泥集团有限公司辽阳市辽宁奥克化学股份有限公司辽阳市辽宁金隅冀东新材料有限公司辽阳市辽宁嘉禾精细化工股份有限公司辽阳市辽宁科隆精细化工股份有限公司辽阳市辽宁鸿达新材料科技有限公司辽阳市辽宁恒威水泥集团有限公司辽阳市讽铂天大（辽阳）助剂化工有限公司辽阳市辽宁浪奇实业有限公司辽阳市灯塔北方化工有限公司辽阳市辽宁港隆化工有限公司辽阳市辽宁福泰石油机械制造有限公司辽阳市辽宁靖帆新材料有限公司#####辽宁省精细化工企业 （部分7）城市企业盘锦市北方华锦联合石化有限公司盘锦市辽宁锦城利安德巴赛尔石化有限公司盘锦市长春化工（盘锦）有限公司盘锦市盘锦北方沥青燃料有限公司盘锦市北方华锦化学工业股份有限公司盘锦市辽宁宝来生物能源有限公司盘锦市盘锦北方沥青股份有限公司盘锦市北方华锦合成橡胶（辽宁）有限公司盘锦市长连化工（盘锦）有限公司盘锦市盘锦三力中科新材料有限公司盘锦市盘锦联成化学工业有限公司盘锦市盘锦联成材料工业有限公司盘锦市辽宁北化鲁华化工有限公司盘锦市大禹防水建材集团有限公司盘锦市北新禹王防水科技集团有限公司#####辽宁省精细化工企业 （部分8）城市企业盘锦市辽宁臻德化工集团有限公司盘锦市盘锦科隆精细化工有限公司盘锦市盘锦龙光工程塑料有限公司盘锦市盘锦宏业石油化工有限公司盘锦市黄龙生物科技（辽宁）有限公司盘锦市辽宁华路特种沥青有限公司盘锦市北方华锦化学工业集团有限公司盘锦市辽宁盈和顺石油化工有限公司沈阳市米其林沈阳轮胎有限公司沈阳市北方重工集团有限公司沈阳市三一重型装备有限公司沈阳市东北制药集团股份有限公司沈阳市赛轮新和平（沈阳）轮胎有限公司沈阳市沈阳化工股份有限公司沈阳市赛轮（沈阳）轮胎有限公司#####辽宁省精细化工企业 （部分9）城市企业沈阳市沈阳科创化学品有限公司沈阳市远大生命科学（辽宁）有限公司沈阳市沈阳航天新光集团有限公司沈阳市沈阳三聚凯特催化剂有限公司沈阳市辽宁金地阳陶瓷有限公司沈阳市沈阳兴齐眼药股份有限公司沈阳市沈阳普利司通有限公司沈阳市沈阳城市公用集团橡胶制品有限公司沈阳市沈阳富莱碳纤维有限公司沈阳市沈阳百傲化学有限公司沈阳市沈阳张明化工有限公司沈阳市辽宁明和产业有限公司沈阳市辽宁中宏能源新材料股份有限公司沈阳市沈阳帕卡濑精有限总公司沈阳市奇耐东响联合纤维（沈阳）有限公司#####辽宁省精细化工企业（部分10）城市企业沈阳市沈阳抗生素厂沈阳市三橡股份有限公司沈阳市辽宁苏博特船牌制漆有限公司铁岭市辽宁际华三五二三特种装备有限公司铁岭市亚泰集团铁岭水泥有限公司铁岭市辽宁尚威医疗用品有限公司铁岭市辽宁金正大生态工程有限公司铁岭市辽宁和泰汽车零部件有限公司营口市康辉新材料科技有限公司营口市中海沥青（营口）有限责任公司营口市营口润达新材料有限公司营口市营口昌成新材料科技有限公司营口市营口营新化工科技有限公司营口市营口盛海化工有限公司营口市辽宁中镁高温材料有限公司#####辽宁省精细化工企业（部分11）城市企业营口市营创三征（营口）精细化工有限公司营口市英格瓷电熔矿产（营口）有限公司营口市辽宁鼎际得石化股份有限公司营口市营口市向阳催化剂有限责任公司营口市耐驰尔新材料（营口）有限公司营口市营口全顺佳明耐火材料有限公司营口市营口赛斯德型材有限公司营口市营口金瑞泰化工股份有限公司营口市营口福斯油品有限公司"	,,"中性"	
啤酒行业-行业-中,"2026-08-10 15:55:00"	,"toutiao"	,,0,,,"2577719088384311"	,,"科明照明工厂节能"	,,"7671164254715675172"	,"https://api-app-proxy.tarsocial.com/api/token/v2/rewrite_url?url=1YusuDMvr9od4K_K1MN8ml17rEfkAea0gAdcR6CW8Dzo3l8Zss5dkddSJJNHJeb_vY-4jS2ADsA08NnQ6R7hjA"	,"很多工厂选工矿灯，盯着瓦数、光效、价格反复比较，却极少有人问一句：“功率因数是多少？”这个被忽略的参数，正在悄悄增加电费支出、缩短灯具寿命、污染厂区电网。功率因数低，灯“吃得少但占得多”功率因数反映的是电能被有效利用的程度。它介于0和1之间，越接近1，说明电能利用效率越高。如果把电网供电比作一杯“啤酒+泡沫”，有功功率是真正能解渴的“啤酒”，无功功率是看着挺多但不顶用的“泡沫”。功率因数就是啤酒占整杯的比例。PF=0.9意味着90%的电能被有效利用，PF=0.5意味着电网送来的电你只喝到了一半，另一半全浪费在无功上了。隐患一：光衰加速，寿命缩短功率因数低的本质是电源转换效率差。劣质驱动电源内部电流波形畸变严重，会产生大量谐波和高频纹波。这些畸变电流流经灯珠时，会额外加剧芯片内部的发热。前面文章提到过：温度每降低10℃，LED寿命延长2倍。反过来也一样——温度每升高10℃，寿命就折半。功率因数低的灯具，电源本身发热就大，热量传导到灯珠，结温持续偏高，光衰速度明显加快。别人用5万小时，你可能2万小时就暗得没法用了。隐患二：谐波污染，干扰车间设备功率因数低往往伴随着严重的谐波畸变。劣质灯具产生的谐波电流会反向注入电网，污染整个厂区的供电质量。谐波会导致电压波形畸变，使同一线路上的电机、变频器、PLC等敏感设备工作异常——电机无故发热、变频器频繁报警、传感器误动作。这些问题时有时无，排查起来非常困难，电工往往折腾半天也找不到原因。隐患三：变压器过热，容量被“吃掉”变压器不按“有功功率”工作，而是按“视在功率”（kVA）工作。低功率因数负载会让变压器线圈中的电流增大。这些增大的电流不做功，但照样产生铜损发热。变压器长期在低功率因数下运行，线圈过热会加速绝缘老化，严重影响寿命。一台100kVA变压器，功率因数0.9时还能带动90kW负载；功率因数降到0.6时，只能带60kW——40%的容量被白白浪费了，变压器实际可用容量大打折扣。隐患四：功率因数不达标，直接被罚款根据《供电营业规则》，100kVA及以上高压供电的工业用户，功率因数考核标准为0.9。月平均功率因数低于标准值，供电企业有权加收力调电费。每低于标准0.01，从当月电费总额加收0.5%；低于0.7后每级提高到1%；低于0.65后每级提高到2%，最高加收145%。月电费10万元的工厂，功率因数0.6时，罚款比例高达26%——仅力调电费罚款就是2.6万元/月，一年超30万。而功率因数达标还能获得电费奖励，一进一出，差距巨大。功率因数≥0.95，才是工业灯具的合格线工厂照明不是家用，选灯具时功率因数必须作为硬性指标考量。PF≥0.9是底线，PF≥0.95才是工业级品质——既能保护灯具寿命，又能避免电网污染，还能省下力调电费罚款。下次买灯，别只问“多少瓦”“多亮”。多问一句：功率因数多少？"	,,,"功率因数：选工矿灯最容易忽略的关键指标"	,"中性"	
啤酒行业-行业-中,"2026-08-10 15:43:33"	,"douyin"	,,0,9217,,"969144212654679"	,,"宇妥元丹贡布贝洁元保健品专卖店精选"	,,"7672305411038416155"	,"https://api-app-proxy.tarsocial.com/api/token/v2/rewrite_url?url=UxI1mE1VtivWWENn8adpDmG3kF8SwGcheiC2XVx5H1koJl444RD5YhY0HnY8fxez6PAexwmdd_We1jxJHt0duQ"	,"进来看看，这个希神片，改善各种肝问题。"	,"MADE & CRAFTED Fight! 中文功大 LEVTY 【产品名称】邦院长希神片 【批准文号]?食健字(1991第358号 (广告审查批准文号)院含健广审(文)第271113-01454号 【适宜人群】年老体弱者、免疫力低下者; 适宜人群因环境或作业污染导致的高硒血症或慢性中毒的人群 保健食品 【忠告语]保健食品不是药物""不能代替药物治疗疾病。"	,"MADE&CRAFTED Fight! 中大灸 ky LAYO'y 【产品名称】邦院长希神片 【批准文号】卫食健字（1997）第358号 【广告审查批准文号】陕食健广审（文） 第271113-01454号 【适宜人群】年老体弱者、免疫力低下者； 保健食品 【不适宜人群】因环境或作业污染导致的高硒血症或慢性中毒的人群。 【忠告语】保健食品不是药物，不能代替药物治疗疾病。|邦院 希神片 天然 NPIAS 本品经动物实验评价，具有免税调节、对化 学性肝提伤有一定保护作用的保健动能， 净含营：7.2g（0.6g/片x12片/板×1） 保健食品不是药物，不能代替药物治疗疾病。 【产品名称】邦院长希神片 【批准文号】卫食健字（1997）第358号 【广告审查批准文号】陕食健广审（文） 第271113-01454号 【适宜人群】年老体弱者、免疫力低下者； 保健食品 【不适宜人群】因环境或作业污染导致的高硒血症或慢性中毒的人群。 【忠告语】保健食品不是药物，不能代替药物治疗疾病。|邦院长 希神片 Hoe 天然 本品经动物实验评价，具有免疫调节、对化 学性肝损伤有一定保护作用的保健功能， 净含量：7.2g（0.6g/片×12片/版×1板） 保健食品不是药物，不能代替药物治疗疾病。 【产品名称】邦院长希神片 【批准文号】卫食健字（1997）第358号 【广告审查批准文号】陕食健广审（文） 第271113-01454号 【适宜人群】年老体弱者、免疫力低下者； 保健食品 【不适宜人群】因环境或作业污染导致的高硒血症或慢性中毒的人群。 【忠告语】保健食品不是药物，不能代替药物治疗疾病。|邦院长 希神片 天然 本品经动物实验评价，具有免疫调节，对化 学性肝损伤有一定保护作用的保健动能， 净含量：7.2g（0.6g/片×12片/版×1板） 保健食品不是药物，不能代替药物治疗疾病。 【产品名称】邦院长希神片 【批准文号】卫食健字（1997）第358号 【广告审查批准文号】陕食健广审（文） 第271113-01454号 【适宜人群】年老体弱者、免疫力低下者； 保健食品 【不适宜人群】因环境或作业污染导致的高硒血症或慢性中毒的人群。 【忠告语】保健食品不是药物，不能代替药物治疗疾病。|N°7 EASEY PARIS ANDMADE 【产品名称】邦院长希神片 【批准文号】卫食健字（1997）第358号 【广告审查批准文号】陕食健广审（文）第271113-01454号 【适宜人群】年老体弱者、免疫力低下者； S5 保健食品 【不适宜人群】因环境或作业污染导致的高硒血症或慢性中毒的人群。 【忠告语】保健食品不是药物，不能代替药物治疗疾病。 A3 天然 晒蛋白|N°7 EASEY PARIS ANDMADE 邦院长 保健食品 中京A事 天然 希神片 晒蛋白 XISHEN PIAN TIAN IIAIEXO DAN C.A/ 【批准文号】卫食健字（1997）第358号 【广告审查批准文号】陕食健广审（文）第271113-01454号 保健食品 【忠告语】保健食品不是药物，不能代替药物治疗疾病。|N°7 EASEY PARIS ANDMADE 邦院长 保健食品 中京人民AD生租 天然 希神片 蛋白 XISHEN PIAN TAN EUI X0 DAN 6J 本品经动物实验评价，具有免疫调节、对化 学性肝损伤有一定保护作用的保健功能， 自机 净含量：7.2g（0.6g/片×12片/板x1板） 保健食品不是药物，不能代替药物治疗疾病。 【产品名称】邦院长希神片 【批准文号】卫食健字（1997）第358号 【广告审查批准文号】陕食健广审（文）第271113-01454号 【适宜人群】年老体弱者、免疫力低下者； 保健食品 【不适宜人群】因环境或作业污染导致的高硒血症或慢性中毒的人群。 【忠告语】保健食品不是药物，不能代替药物治疗疾病。|希神片 希神片 田 【产品名称】邦院长希神片 【批准文号】卫食健字（1997）第358号 【广告审查批准文号】陕食健广审（文）第271113-01454号 【适宜人群】年老体弱者、免疫力低下者； 保健食品 【不适宜人群】因环境或作业污染导致的高硒血症或慢性中毒的人群。 【忠告语】保健食品不是药物，不能代替药物治疗疾病。 邦院长|田 中 邦院长 【产品名称】邦院长希神片 【批准文号】卫食健字（1997） 【广告审查批准文号】陕食健厂 【适宜人群]年老体弱者免疫力低下者 【不适宜人群】因环境或作业污染导致的高硒血症或慢性中毒的人群。 保健食品 【忠告语】保健食品不是药物，不能代替药物治疗疾病。 学性肝损伤有一定保护作所 专业：自机时|田 5 邦院长 保健食品 天然 #蛋白 希神片 XISHEN PIAN YIAN RAX DAN L 本品经动物实验评价，具有免疫调节、对化 学性肝损伤有一定保护作用的保健功能， 净66 净含量：7.2g（0.6g/片×12片/板x1板） 不能代替药物治疗疾病。 保健食品不是药物，不 【产品名称】邦院长希神片 【批准文号】卫食健字（1997第358号 【广告审查批准文号】陕食健广审（文）第271113-01454号 【适宜人群】年老体弱者、免疫力低下者； 保健食品 【不适宜人群】因环境或作业污染导致的高硒血症或慢性中毒的人群。 【忠告语】保健食品不是药物，不能代替药物治疗疾病。|邦院长 天然 通重白 希神片 XISHEN PIAN TANTINDIDANA 本品经动物实验评价，具有免疫调节、对化 学性肝损伤有一定保护作用的保健功能， 净含量：7.2g（0.6g/片×12片/板x1板） 保健食品不是药物，不能代替药物治疗疾病。 【产品名称】邦院长希神片 【批准文号】卫食健字（1997）第358号 【广告审查批准文号】陕食健广审（文）第271113-01454号 【适宜人群】年老体弱者、免疫力低下者； 保健食品 【不适宜人群】因环境或作业污染导致的高硒血症或慢性中毒的人群。 【忠告语】保健食品不是药物，不能代替药物治疗疾病。"	,,"正向"	
啤酒行业-行业-中,"2026-08-10 15:42:00"	,"xiaohongshu"	,,0,10,,"5c00b5f7000000000800884f"	,,"深圳游玩推荐"	,,"6a7980f1000000002702175a"	,"https://api-app-proxy.tarsocial.com/api/token/v2/rewrite_url?url=cSb9xPr9PTnAREU6T0jLKsUsLLPSJ9iu21ImVmniC4WHCIIeCrjBcoVKyEvRYkfEQG1Drx_VZcc_yLZPZh8qBQ"	,"盼了好久的盛香亭转转火锅终于打卡..."	,"脆鱼片响铃卷 . D 藤椒牛舌丝薄荷香菜滑牛肉肉丸电油三色冻豆腐丝瓜留兰香薄荷叶食用攻略 1 进群领取单桌台码等待调味更多退利选菜开卤用餐完毕 SHINING"	,"脆鱼片响铃卷 . D 藤椒牛舌丝薄荷香菜滑牛肉肉丸电油三色冻豆腐丝瓜留兰香薄荷叶食用攻略 1 进群领取单桌台码等待调味更多退利选菜开卤用餐完毕 SHINING；轨道上请勿放置物品牛肝菌鸡汤卤盛香亭转转热卤烫煮时间≈3分钟时间=12分钟芋头条时间=3分钟烫煮时间时间4分干贡菜粉脆银耳鲍鱼泡泡豆午餐肉保洁芝士脆皮肠绵软粉糯，甜咸交织其淋瑰米其淋 TR；盛香高当家温馨提示高转转热卤为了给所有顾客提供安全、卫生的用餐环境本店谢绝宠物入内（导盲犬等工作犬除外） 取号给您造成的不便，我们深表歉意，感谢您的理解与配合！ 就餐；#去到处转转广西站桂整罐啤酒入锅赴离泉.啤酒桂味系列上新用餐环境犬除外） 时您的理解与配合！ 莴笋尖施防止污染。 蛤酿酿肉虫属于明确污染源。 10元 ，并符合下列要求： 的食品原料处理和食品加工、 有害场所以及其他污染源保桂味酸辣啤啤卤儿童餐店牛酥炸鱼块止宠物进入（含就餐区、后厨、通道）。 域，应位于餐饮服务场所 +2元带皮牛肉卷玉范形成闭环。 升1L 亭三果茉莉冰嘢元热卤"	,"盼了好久的盛香亭转转火锅终于打卡"	,"中性"	
啤酒行业-行业-中,"2026-08-10 15:41:44"	,"douyin"	,,0,10232,,"872340484792564"	,,"好好奋斗"	,,"7672304952458497306"	,"https://api-app-proxy.tarsocial.com/api/token/v2/rewrite_url?url=UxI1mE1VtivWWENn8adpDmG3kF8SwGcheiC2XVx5H1m5-73lZwnyElg16axbOzOnnHmSqrDx6b7BsLJbQhxmrw"	,"厨房多功能集成下水管道防臭密封塞通用净水器厨宝分流器"	,"基本以实物为准 0 哇啵 广告"	,"厨房这个地方 基本以实物为准 广告 爱饼 哇哦|安装的时候一定要在现场 基本以实物为准 饼|基本以实物为准 安装的时候一定要在现场 2祥 哇哦|基本以实物为准 2铺 广告 哇哦|不然安装前置过滤器的师傅 基本以实物为准 欢祥 广告|不然安装前置过滤器的师傅 基本以实物为准 2带 广告|就会把污水管和菜盆管一起 基本以实物为准 2带 广告|就会把污水管和菜盆管一起 基本以实物为准 # 哇哦|插到下水管道里 基本以实物为准 常菜 广告 哇哦|插到下水管道里 基本以实物为准 爱饼 哇哦 广告|不仅容易反臭味 基本以实物为准 爱饼 哇哦|基本以实物为准 2# 哇哦|当过滤器进行反渗透冲洗的时候 基本以实物为准 爱带 哇哦 SKYWORTH|当过滤器进行反渗透冲洗的时候 基本以实物为准 饼 SKYWORTH 哇哦|当过滤器进行反渗透冲洗的时候 基本以实物为准 2饼 SKYWORTH|还会把管子顶开 基本以实物为准 2# 哇哦 广告|污水流的到处都是 基本以实物为准 爱花 广告 哇哦|污水流的到处都是 基本以实物为准 2饼 广告|时间久了就会导致橱柜发霉变形 基本以实物为准 2#|时间久了就会导致橱柜发霉变形 基本以实物为 福 哇哦|时间久了就会导致橱柜发霉变形 基本以实物为准 爱饼 哇哦|时间久了就会导致橱柜发霉变形 基本以实物为准 2#|建议提前准备一个集成下水器 基本以实物为准 爱带 广告|建议提前准备一个集成下水器 基本以实物为准 2# 广告 哇哦|让师傅帮忙装上 基本以实物为准 老带 广告 哇哦|让师傅帮忙装上 基本以实物为准 2饼 哇哦 广告|基本以实物为准 爱饼 哇哦 金龙刷|他上方的锥形密封圈 基本以实物为准 营 哇哦 金花罐|基本以实物为准 光萨 哇哦 金龙盛|可以堵住管子之间的缝隙 基本以实物为准 2# 哇哦 金龙面|可以堵住管子之间的缝隙 基本以实物为准 配饼 金龙罐 哇哦|防止溢水反臭味 基本以实物为准 2铺 金龙面 哇哦|防止溢水反臭味 基本以实物为准 火萨 金龙亚 哇哦|旁边的接回可以连接净水器的废水管 基本以实物为准 爱饼 金花宝|旁边的接口可以连接净水器的废水管 净水器 基本以实物为准 配饼 哇哦|旁边的接口可以连接净水器的废水管 净水器 基本以实物为准 2营|基本以实物为准 净水器 洗碗机 爱祥 哇哦 广告|洗碗机的排水管 净水器 基本以实物为准 洗碗机 爱饼 哇哦|和前置过滤器的污水管 净水器 基本以实物为准 洗碗机 过滤 配球 哇哦|和前置过滤器的污水管 净水器 过滤器 基本以实物为准 洗碗机 生营 哇哦|如果暂时用不到这么多的接口 净水器 过滤器 基本以实物为准 洗碗机 爱花 哇哦|如果暂时用不到这么多的接口 基本以实物为准 配带 哇哦|如果暂时用不到这么多的接口 基本以实物为准 饼 哇哦|可以用堵头堵上 基本以实物为准 铺 广告 哇哦|可以用堵头堵上 基本以实物为准 爱带 广告 哇哦|底部还带有闭合阀 基本以实物为准 业带|底部还带有闭合阀 基本以实物为准 饼|有水时快速打开 2#|无水时关闭 爱花 基本以实物为准|无水时关闭 2#|有效隔绝下水管道里的臭气 基本以实物为准 配祥 哇哦 广告|有效隔绝下水管道里的臭气 本以实物为准 2营 哇哦 金龙量|跑到家里来 基以实物为准 爱祥 哇哦 金龙面|值得推荐 配饼 基以实物为准 哇哦|基本以实物为准 广告 防臭四通 新升级 LANGOI图奇新升级 择乐c|基本以实物为准 LANGOI图S|基本以实物为准 广告|广告 基本以实物为准|基本以实物为准 择乐 广告 ZELE|基本以实物为准 #乐|基本以实物为准 乐|基本以实物为准 广告 EOEEC|基本以实物为准 广告|广告 基本以实物为准 ZELE|基本以实物为准 广告|基本以实物为准 ZELE|基本以实物为准 ZELE 广告 REOWINE|基本以实物为准 广告|广告 基本以实物为 福|基本以实物为准 广告 (1-1)|(1·1) 广告 基本以实物为准|基本以实物为准 广告|基本以实物为准 50|50 基本以实物为准 广告|75 基本以实物为准 广告 强 招环扫码万元王机|基本以实物为准 精制料酒 广告 江宗典 海天料酒|基本以实物为准 制料酒 南典 天料酒|基本以实物为准 广告 科酒|基本以实物为准 广告 制料酒 江南典 天料酒 告|基本以实物为准 斗酒|广告 基本以实物为准|基本以实物为准 广告|基本以实物为准 择乐 广告 ZELE|基本以实物为准 广告|基本以实物为准 广告 洋乐|基本以实物为准 广告|基本以实物为准 精莉料酒 广告 江南黄 海天料酒|基本以实物为准 广告 刘料酒 南黄 料酒 净含量：800ml 沙茶起儿香|基本以实物为准 广告 料酒 横 家就足香 斗酒|基本以实物为准 广告 料酒 黄|广告 科酒 基本以实物为 茶就是香|广告 科酒 基本以实物为准 纪是香 80ml|基本以实物为准|基本以实物为准 广告|基本以实物为准 广告 料酒 间 发业儿临 酒|基本以实物为准 广告 防奥四通 LANGOIEB新开组 禁星素卖部|基本以实物为准 广告 防臭四通 LANGOI阳图 新升级|基本以实物为准 广告 防臭四通 新升级 LANGO图食|广告 基本以实物为准|基本以实物为准 广告|基本以实物为准 广告 择乐 ZELE|基本以实物为准 乐 FLE|基本以实物为准|基本以实物为准 广告 JEOEEC|基本以实物为准 广告 EEC|基本以实物为准 广告|基本以实物为准 广告 择乐|基本以实物为准 择乐|基本以实物为准 ZELE 广告 REDWINE|基本以实物为准 广告|广告 基本以实物|基本以实物为准 (1-1) 广告|(1-1) 广告 基本以实物为准|广告|基本以实物为准 广告 番茄沙面|基本以实物为准 50 广告|75 广告 基本以实物为准 RIO|75 栏环扫号最万元王 广告 基本以实物为准 强 RIO|制料酒 广告 基本以实物为准 南号|广告 基本以实物为准|制料酒 江南剪 广告 海天料酒 基本以实物为准 peA|料酒 基本以实物为准|广告 基本以实物为准|广告|基本以实物为准 广告|择乐 ZELE 广告 基本以实物为准|择乐 ZELE 基本以实物为准 广告|ZELE 择乐 基本以实物为准|择乐 基本以实物为准 广告 格年 张百|基本以实物为准 广告|料酒 南黄 广告 净含量：800ml 基本以实物为准 潘沙茶批足香|料酒 基本以实物为准 爆就是香 广告|料酒 广告 基本以实物为准 爆此是香|广告 斗酒 就是香 基本以实物为浴|料酒 广告 就是香|基本以实物为准|广告 基本以实物为准|基本以实物为准 广告|广告 基本以实物为准|料酒 广告 基本以实物为准 好光业|基本以实物为准 LANGOIE 广告|防臭四通 基本以实物为准 LANGI图香新升技1 招H新2站 广告|防臭四通 广告 新升级 基本以实物为准 LANGOI阳商新升级1 #必用一年|广告 基本以实物为准|广告|基本以实物为准|广告 基本以实物为准|CESCEC 基本以实物为准 广告|基本以实物为准 广告 元三口E|广告|广告 择乐 基本以实物为准|基本以实物为准 广告|ZELE 广告 基本以实物为准 REDWINE|ZELE REOWINE 基本以实物为准|广告 基本以实物为准|广告|(1-1) 广告|广告 基本以实物为您|广告 晋茄沙司 基本以实物为准|50 广告 基本以实物为准|75 广告 基本以实物为准|75 广告 以环扫码品万 基本以实物为准 强爽 RIO|刮料酒 基本以实物为准 康典|广告· 基本以实物为准|制料酒 江南典 广告 天料酒 基本以实物为准 业告|斗酒 基本以实物为准 批足香|广告 基本以实物为准|广告|择乐 ZELE 广告 基本以实物为准|择乐 ZELE 基本以实物为准|择乐 ZELE 广告 基本以实物为准|择乐 基本以实物为准 广告 张百|基本以实物为准 广告|广告 基本以实物为准|基本以实物为准 广告|南黄 料酒 广告 天料酒 基本以实物为准 净含量：80ml 沙肤起足香|基本以实物为准 广告 斗酒 就是香|基本以实物为准 广告|基本以实物为准 广告 酒|广告|基本以实物为准|基本以实物为准 广告|广告 基本以实物为准|基本以实物为准|广告 基本以实物为准|基本以实物为准 广告|料酒 广告 基本以实物为准 保配儿意|基本以实物为准 广告|防臭四通 LANGI面新升级 基本以实物为准 广告 武卖店 新升级1|防臭四通 广告 基本以实物为准 新升级 LANGOI图咨新升级 #行一|广告 基本以实物为准|广告|基本以实物为准|广告 基本以实物为准|广告 0230E 基本以实物为准|基本以实物为准 广告|广告 基本以实物为准||广告|广告 鑫 基本以实物为准|广告|广告 基本以实物为准|广告|(1·0)|广告|广告 蓬茄沙国 基本以实物为准|50 基本以实物为准 广告|50 广告 基本以实物为准|75 广告 基本以实物为准|广告 基本以实物为准|基本以实物为准 广告|广告 基本以实物为准|基本以实物为准 广告|广告 基本以实物为准|广告|择乐 广告|广告 基本以实物为准|广告|酒 是香 广告 基本以实物为准|广告 基本以实物为准|广告 基本以实物为|广告|基本以实 为准|广告|广告 基本以实物为准|基本以实物为准|广告"	,,"中性"	
啤酒行业-行业-中,"2026-08-10 15:40:58"	,"douyin"	,,0,66,,"598588812964199"	,,"山东琉井化工设备有限公司"	,,"7672192860103429395"	,"https://api-app-proxy.tarsocial.com/api/token/v2/rewrite_url?url=UxI1mE1VtivWWENn8adpDmG3kF8SwGcheiC2XVx5H1moFcppcohQ7mLMSDHUNm0s-Lov-1PlZMzU9V4u7VcojA"	,"合肥二手不锈钢储水罐设备价格多少钱 不锈钢储酒罐，啤酒储罐，葡萄酒储罐，牛奶储罐，酸奶储罐回收公司电话，果汁储罐，食用油储罐，调味品储罐，糖浆储罐，不锈钢储水罐，不锈钢储油罐，不锈钢储罐 #二手不锈钢储水罐 #合肥二手不锈钢储水罐设备价格多少钱 #合肥二手不锈钢储水罐 #二手不锈钢储水罐设备价格多少钱"	,"全国免费评估高价现款结算专业回收二手设备实地验货无套路回收：化工制药/淀粉/发酵/油脂/饲料/污水处理蒸发器/整厂设备打包"	,"全国免费评估高价现款结算专业回收二手设备实地验货无套路回收：化工制药/淀粉/发酵/油脂/饲料/污水处理蒸发器/整厂设备打包#####全国免费评估高价现款结算专业回收二手设备实地验货无套路回收：化工制药/淀粉/发酵/油脂/饲料/污水处理蒸发器/整厂设备打包#####全国免费评估高价现款结算专业回收二手设备实地验货无套路回收：化工制药/淀粉/发酵/油脂/饲料/污水处理蒸发器/整厂设备打包#####全国免费评估高价现款结算专业回收二手设备实地验货无套路回收：化工制药/淀粉/发酵/油脂/饲料/污水处理蒸发器/整广设备打包#####全国免费评估高价现款结算专业回收二手设备实地验货无套路回收：化工制药/淀粉/发酵/油脂/饲料/污水处理蒸发器/整厂设备打包"	,,"中性"	
啤酒行业-行业-中,"2026-08-10 15:32:40"	,"kuaishou"	,,0,1,,"3950121872"	,,"美丽七姑娘好物分享"	,,"3xxzhtxk8kmzvy6"	,"https://api-app-proxy.tarsocial.com/api/token/v2/rewrite_url?url=9ztplZmWLh3u69xTkhscCpmkZPB7DFcSEau1U7XU0GVcwOzhxo9ul9xfcricFyAkt8_mbXbYd1oFlMe8WO1SxA"	,"用眼过度？总是看手机？那来试试这个蓝莓原浆吧 #蓝莓原浆  #花青素"	,"蓝莓汁原自东北林地区莓果子甜度高照充足温差大更甜离污染长在冻土地"	,,"用眼过度？总是看手机？那来试试这个蓝莓原浆吧 #蓝莓原浆  #花青素"	,
啤酒行业-行业-中,"2026-08-10 15:15:32"	,"app"	,,0,,,"1838718290003386"	,,"河北赛亿生物科技"	,,"1873115808417717909"	,"https://api-app-proxy.tarsocial.com/api/token/v2/rewrite_url?url=bkZBTIUfTh7brtzEwVWPQmWMVsUBWyVyDnk8X8lH4Qb0L6IPD4oASu2CmafGNpojYuUtFKIOkiYqKy2VPU4uHA"	,"西藏木瓜蛋白酶的知名功效与多样应用探索 木瓜蛋白酶是存在于番木瓜植物乳胶中的一类蛋白质水解酶。在西藏地区种植的特定番木瓜品种中，该酶的活性成分呈现独特的稳定性。这种稳定性与高原环境因素相关，例如较强的太阳辐射与较大的昼夜温差可能影响了植物次生代谢物的积累路径，从而使得酶蛋白的分子构象在某些条件下更不易变性。 从分子作用机理层面分析，木瓜蛋白酶能够识别蛋白质肽链中的特定氨基酸序列，并催化肽键的水解。这一过程并非随机发生，而是依赖于酶活性中心与底物蛋白的空间结构互补性。酶的活性中心含有半胱氨酸残基，它作为亲核试剂攻击肽键中的羰基碳原子，形成酰基-酶中间体，随后水分子进攻完成水解反应。这种机制决定了其作用具有选择性。 在食品加工领域，这一特性被具体应用。例如，在肉类嫩化处理中，木瓜蛋白酶可以作用于肌肉纤维蛋白和结缔组织中的胶原蛋白，削弱其网络结构，从而改变肉质的质地。在啤酒酿造工艺中，该酶可用于水解啤酒中可能引起浑浊的蛋白质，提高产品的澄清度与稳定性。这些应用均建立在严格控制酶浓度、作用温度和pH值的基础上，因为任何条件的偏差都会显著影响酶的反应速率与专一性。 同样，在皮革工业的初加工阶段，木瓜蛋白酶被用于脱毛工序。其原理是酶能够相对专一地水解毛囊根部及表皮基底膜区域的某些蛋白组分，削弱毛发与真皮的联系，从而有助于毛发的脱落。此过程相较于传统的石灰硫化碱法，可能减少废液中的硫化物污染。 值得注意的是，木瓜蛋白酶在西藏特定环境下的产出，其应用潜力研究还涉及更基础的层面。例如，有研究关注其在不同温度和酸碱度条件下的动力学参数变化，或探索通过固定化技术将其结合在固体载体上，以实现酶的重复利用并提升工业过程的效率。这些探索并不直接指向终端产品，而是聚焦于优化该生物催化剂自身的利用方式。 综合来看，对西藏地区木瓜蛋白酶的探究，其价值不仅在于罗列其可能的应用场景，更在于理解环境如何塑造了这种酶的特性，以及这些特性如何从根本上决定了它在各个产业环节中不可替代的催化功能。这种从环境特性到分子机制，再到产业应用适配性的连贯认知，构成了评估其实际价值的理性框架。"	,,,"西藏木瓜蛋白酶的神奇功效与多样应用探索"	,
啤酒行业-行业-中,"2026-08-10 15:06:00"	,"douyin"	,,0,15488,,"1687099433025769"	,,"贸易百货"	,,"7671058960123759872"	,"https://api-app-proxy.tarsocial.com/api/token/v2/rewrite_url?url=UxI1mE1VtivWWENn8adpDmG3kF8SwGcheiC2XVx5H1nIY55ooR4kDu0HR5-iZacKxAYQ3szyj1VH588vvuYF1Q"	,"用眼过度？总是看手机？那来试试这个蓝莓原浆吧 #蓝莓原浆 #花青素"	,"蓝莓汁原自东北林地区莓果子甜度高充足温差大更甜离污染长在冻土地"	,"蓝莓汁原自东北林地区果子甜度高充足温差大更甜离污染长在冻土地"	,,"正向"	
啤酒行业-行业-中,"2026-08-10 14:47:05"	,"weixin"	,,0,,,"gh_bd0a6778ba25"	,,"云上实拍"	,,"939f8aa1538c891809f2d9d38d5a87ec"	,"https://api-app-proxy.tarsocial.com/api/token/v2/rewrite_url?url=vD-IlomOpegslgqWNJp3llNBLxB4aXamkdsptQrx24l-CAltm4aAML0vfN_ELY42vdZg1b5QwpIXvO884X8RULy2_iUOjd4WsZBZo8AlhVEWf0fUS92pvYQT4W3cwE4OzmnT5XBlVTpx6ZS4ee3xmA"	,"点击蓝字关注我们点击蓝字关注我们呼叫所有“快乐频率”的接收者！这里是“欢笑广播公司”，您预定的“日间娱乐波频”现已准点放送！信号内容包含：经由天线搜集的滑稽电码、令人愉悦的静态影像信号与趣味信息汇编，旨在稳定输出愉悦振幅，保持您的精神场活跃！⚡️无论您此刻处于“社会生产时段”的短暂静默，或是“个体休整时段”的完全自由，如需调整接收频道，请立即将旋钮对准我们的频率——【点击关注】。您将成功接入全天候的“欢乐广播网”，本台将担任您的专属内容编辑，为您滤除杂波，输送全天的高清趣味信号。本频道在听众的反馈中，常被标记为“心灵电池充电站”与“表情符号信号塔”。对接收器（您的设备）进行轻度滑动操作，即可有效消除“疲劳噪音”与“压力干扰”，使您的“情绪晴雨表”指针迅速摆向“持续晴朗”区间。为确保信号稳定、清晰、无衰减地接收，请您务必完成以下两项调谐：1.锁定本频道（关注）。2.开启优先接收标识（星标）。完成设置后，您的“快乐接收终端”将在所有频道列表中置顶，本台的所有最新播报与加密彩蛋，您都将一览无余。欢迎您正式成为“快乐星球广播网”的尊贵听众。让我们一同将笑声调制进生活的电波，为每个循环注入清晰而积极的信号。【请持续关注本台，愿您的快乐频道，永不串台。】视频可以全屏播放/倍速播放夜市烧烤摊的塑料凳上，他左手举着一串烤腰子，右手端着一杯啤酒，唾沫横飞地对坐在对面的两个姑娘描绘他的宏伟蓝图。“你们相信我，最多三年，我那个项目一定能起来。”他灌了一口啤酒，用袖子抹了一下嘴角，“到时候我在市中心租个大平层，落地窗那种，晚上能看到整个城市的天际线。你们两个一人一间房，想怎么装修就怎么装修。”穿白裙子的姑娘捂嘴笑了笑，没说话。另一个扎马尾的姑娘挑了挑眉，问：“那你自己住哪？”“我？”他愣了一下，然后一拍大腿，“我住客厅！给你们当保安，保证二十四小时巡逻，连只蚊子都飞不进来。”两个姑娘对视了一眼，都笑了。白裙子姑娘端起果汁喝了一口，马尾姑娘则靠在椅背上，歪着头看他，眼神里带着审视，也带着一丝被逗乐的好奇。他见气氛不错，又添了一把火：“等我赚了钱，先带你们去海边旅游。租一艘游艇，开到海中间，什么也不干，就躺在甲板上晒太阳、喝冰可乐。晚上在海上看星星，你们肯定没见过那种星空——没有光污染，银河像一条牛奶倒在天上。”“你去过吗？”马尾姑娘忽然问。他顿了一下，声音矮了半截：“……目前还没去过。但攻略我都做好了的。”白裙子姑娘终于开口了，声音柔柔的：“那你现在住的地方，能看到星星吗？”他沉默了两秒，然后挠了挠后脑勺，嘿嘿一笑：“城中村，三楼，窗户对面是别人的墙，间距大概两米。晴天的时候能看到一小块天，星星嘛……仔细看还是能看得到一两颗的。”两个姑娘又笑了。这一次的笑声里，少了一些距离，多了一些善意。马尾姑娘摇了摇头，拿起一串烤肉递给他：“行了行了，未来的大老板，先把这串鸡翅吃了再说吧。游艇的事，等你真租到了再跟我们吹。”他接过鸡翅，咬了一大口，含含糊糊地说：“你们等着，我说到做到。”夜市的喧嚣包裹着他们三个人。炭火的烟气升腾起来，混着孜然和辣椒的气味，飘向深蓝色的夜空。头顶上，有一颗星星正在努力地亮着。"	,"柳Z好L+公都强"	,,"Topic of the Day A3"	,"中性"	
啤酒行业-行业-中,"2026-08-10 14:40:50"	,"weixin"	,,0,,,"gh_3e7e5d01e8f6"	,,"云水间肖蓉"	,,"f0b05ce56e95024d3944874fb0a40e5c"	,"https://api-app-proxy.tarsocial.com/api/token/v2/rewrite_url?url=54mjIXEkCptL2KNWjQEFuQep4nWBczqaQdJel0H63kKYpCgsmlAMW6h_8YIGiuLIxLoB4oh6tjRpCOYoPTPofO3qB4M9_i601j0tLu_AIQh00iKV4XamS-rzHVdnl7NjRGnyqhITPLkRFipbL0TSOQ"	,"8月12日来云水间等一场流星雨！
增江江畔大草坪，远离城市光污染
晚霞落幕，静待流星划过夜空✨
烧烤｜精酿啤酒｜星空许愿｜江边晚风
住店客人优先席位，也可预约草坪观星位
与家人朋友，一起接住夏日的浪漫流星
#正果云水间民宿#增城看流星雨#广州周边观星#增江画廊"	,,,"8月12日来云水间等一场流星雨！"	,"中性"	
啤酒行业-行业-中,"2026-08-10 14:21:32"	,"douyin"	,,8,1142,,"4503662558513694"	,4,"春风**"	,4,"7672284261621304586"	,"https://api-app-proxy.tarsocial.com/api/token/v2/rewrite_url?url=UxI1mE1VtivWWENn8adpDmG3kF8SwGcheiC2XVx5H1mPAkQNIK1cz5rCgM1CzuarY9SzEuOwWQl25k6FjET1Jw"	,"东港水城谁的垃圾没带走"	,"文明旅游这么难吗? 大连最美东港""最美水城""旅游季节简直像被扫荡了一样""到处都是垃圾""到处都是污渍""犄角音旯里都是污水""霍霍得乱七八糟"	,"文明旅游这么难吗？大连最美东港，最美水城，旅游季节简直像被扫荡了到处都是垃渍，特角旮旯里都是污水，霍霍得乱七八糟文明旅游这公难样，到处都是垃圾，到处都是污渍，犄角旮旯里都简直像被扫荡了一19.8RMB碗蚬子面，满口大连鱼港源面19.8一碗现子面，满口大连鲜圾，到处都是污。美水城旅游季节渍，特角旯里都吗七八糟·渍，特角旮里都渍犄角旮旯里都到处都是污花吗元AMSTEL红爵啤酒2DAMAmeat riceBEAR米肉24自动售货机24小时自助售货机圾到处都是污DA米精造优练中间3大连最美东港，美水城，旅游季B领视频售票操作指引中河烤场东港壹号海026GOBEERMUSIC2026EER2吗？USIC地垃圾其他垃圾DALIANVITA#连肉VITA大连最美东港巷最我#大连大连品味吗上乱扔烟头，大连最美东满量款50元！七八糟·……·上乱扔烟头，违反罚款50元！七八糟……禁止乱扔烟头，禁止乱奶烟违反1款50元！"	,,"负向"	
啤酒行业-行业-中,"2026-08-10 14:06:59"	,"toutiao"	,8,0,3486,,"2937517023174840"	,,"小夏和小伊"	,,"1873115369592835"	,"https://api-app-proxy.tarsocial.com/api/token/v2/rewrite_url?url=1YusuDMvr9od4K_K1MN8mlDDzP1nPFJ1ypc-UlWqfKDwVyz6bMZb3-Pqy43rDdmf81J8ceKM372eoH69cSeugQ"	,"#带定位晒今日生活#
我的今日状态：💰期待暴富
我这里的天气：☀️晴天

昨天的蓝调时刻～

因为白天太炽热，当换了夜晚的环境，就会觉得格外珍贵。

第一张照片昨天拍下就发给了一位朋友，我们都有看《我在废土世界扫垃圾》这本书，然后她问我，你看这张照片像不像是要出墙的路上。

我说像，还有，这里也有可能是个污染区，可以取个名字叫“走不出的高速公路”，于是我俩脑洞大开，我们俩决定，这个污染区可以设定为循环往复的收费站，主人公总是路过同一个收费站，然后发现收费站的收费员长了牛的脑袋，总是机械地重复着同一句话……

不知不觉我们俩聊了一路，这也是阅读带给我们的有趣体验。"	,,,"#带定位晒今日生活#
我的今日状态：💰期待暴富
我这里的天气：☀️晴天

昨天的蓝调时刻～

因为白天太炽热，当换了夜晚的环境，就会觉得格外珍贵。

第一张照片昨天拍下就发给了一位朋友，我们都有看《我在废土世界扫垃圾》这本书，然后她问我，你看这张照片像不像是要出墙的路上。

我说像，还有，这里也有可能是个污染区，可以取个名字叫“走不出的高速公路”，于是我俩脑洞大开，我们俩决定，这个污染区可以设定为"	,"中性"	
啤酒行业-行业-中,"2026-08-10 14:00:00"	,"douyin"	,,0,308,,"4188481601145353"	,,"专业做回收"	,,"7667161295547845928"	,"https://api-app-proxy.tarsocial.com/api/token/v2/rewrite_url?url=UxI1mE1VtivWWENn8adpDmG3kF8SwGcheiC2XVx5H1lNVYhz0YfBGwnR7dAxON8W0Ki1XFpgTsGquWxd8GN3gg"	,"黄山轩尼诗李察回收。""185.2037.6787""啤酒瓶批量回收，量大价优，长期合作酒瓶回收减少污染，保护生态环境 #黄山轩尼诗李察回收 #银川回收空酒瓶 #山崎25年空套回收 #酒瓶回收价格 #威海轩尼诗李察回收"	,"酒瓶回收高价回收现场结算 185-2037-6787 Oistilld at THE BALVENIE Destilby Cahi 苏格兰百富25年单一麦芽威士忌原产国:英国苏格兰百宣酿酒大师大卫·斯要济特料与部料:水""大麦芽下() 产地:苏格兰将不同的橡木桶进行融合""酸出这款风味即复杂又平衡的威土忌。 酿酒大师品鉴笔记:在浑的垂草贮警:是光保存木基调上""展现姜片及香蜂的层次感。 净含量:700毫升酒精度:48%ml WWW.THEBALVENIE.COM 干呼物车再匠心大恒 5 010327515892 292527 过量饮酒有害健康"	,"酒瓶回收高价回收现场结算185-2037-6787DisulledatDistilleryBanfshiruCOTLAND苏格兰百富25年单一麦芽威士总原料与料：水，大麦芽原产国：英国苏格兰百富酿酒大师大卫·斯医尔特产品类型：蒸馆酒产地：苏格兰将不同的橡木桶进行融合，酿出这款产期：见氨身下部青标以下（年/月/日）风味即复杂又平衡的威士总。存件：进光保存酿酒大师品鉴笔记：在浑厚的香草核生产：格兰子国际有限公司0GBR23H021220086木基调上，展现糖淡娄片及香蛛蜜：兰文子洋酒贸易（上海）有限公司上海市长宁区长宁路133号2701、2702、2703、的层次感。净含量：700毫升36元电话：1-623919酒精度：48%mlWWW.THEBALVENIE.COM的苏格兰产品高蒋心水恒苏格兰百富酒厂，苏格兰，班夫都，达夫算5过量饮酒有害健康292527#####酒瓶回收高价回收现场结算185-2037-6787#####酒瓶回收高价回收现场结算185-2037-6787"	,,"中性"	
啤酒行业-行业-中,"2026-08-10 13:34:28"	,"douyin"	,,0,66,,"598588812964199"	,,"山东琉井化工设备有限公司"	,,"7672157280632163635"	,"https://api-app-proxy.tarsocial.com/api/token/v2/rewrite_url?url=UxI1mE1VtivWWENn8adpDmG3kF8SwGcheiC2XVx5H1mu_alf1mC4r-BsaQLRtqsvbLQWuMT97zzkB84Il7tzxQ"	,"上海徐汇区二手热水罐设备价格多少钱 不锈钢储罐，不锈钢储水罐，不锈钢储油罐，不锈钢储酒罐，啤酒储罐，葡萄酒储罐，牛奶储罐，酸奶储罐，果汁储罐，食用油储罐，调味品储罐，糖浆储罐，加热罐奶仓储罐，精油储罐 #上海徐汇区二手热水罐设备价格多少钱 #二手热水罐 #二手热水罐设备价格多少钱 #上海徐汇区二手热水罐"	,"全国免费评估高价现款结算专业回收二手设备实地验货无套路回收：化工制药/淀粉/发酵/油脂/饲料/污水处理蒸发器/整厂设备打包"	,"全国免费评估高价现款结算专业回收二手设备实地验货无套路回收：化工制药/淀粉/发酵/油脂/饲料/污水处理蒸发器/整厂设备打包#####全国免费评估高价现款结算专业回收二手设备实地验货无套路回收：化工制药/淀粉/发酵/油脂/饲料/污水处理蒸发器/整厂设备打包#####全国免费评估高价现款结算专业回收二手设备实地验货无套路回收：化工制药/淀粉/发酵/油脂/饲料/污水处理蒸发器/整厂设备打包#####全国免费评估高价现款结算专业回收二手设备实地验货无套路回收：化工制药/淀粉/发酵/油脂/饲料/污水处理蒸发器/整厂设备打包#####全国免费评估高价现款结算专业回收二手设备实地验货无套路回收：化工制药/淀粉/发酵/油脂/饲料/污水处理蒸发器/整厂设备打包"	,,
啤酒行业-行业-中,"2026-08-10 13:24:51"	,"douyin"	,,19,7,,"3391355233240443"	,2,"猪儿宝（从头开始）"	,17,"7672269691326605234"	,"https://api-app-proxy.tarsocial.com/api/token/v2/rewrite_url?url=UxI1mE1VtivWWENn8adpDmG3kF8SwGcheiC2XVx5H1nyTg7ISZcYe_yhhJ93WF6b6WDL0bA0TRPEeSj-k38MFA"	,"下辈子我们还做兄弟.一路走好哥哥"	,"下辈子我们还做兄弟"	,"福|洗胃机|监护|n|定口快|定口碗快|手中|国|T|##U|財|迎动艺光知|#老#花##灯|共#老人|29m|O|关爱老人|施设#|牧|佳|1|HEER|1#1|TURORS|中|TV|TUBORG|张学#路|开玩就现在|L|乐星线酒|吃设新时份|公|筷|开玩献现在|JBORG|有|行|就现在|人|48|吃设新时尚康好小惯|勺|分|食|0提开车|舒|果烫|理带|老庆禁路|礼|印|口|S|四包|心|自如|口8|用|6P|大|4|二科门诊|诊部办公室|严科门诊|产科检查室|出入院处|碎石室|太平间|内二科门诊|门诊部办分室|产科门诊|禁止味锁|自已建人|控区站|?|您已进入|监控区站|禁止吸烟|监控区域|开式火门|维乐持开品牌|精国|9持开8心|POON|227|下辈子我们还做兄弟|博|监控区地|武期火门|开合状市|为|7|监控区城|SOSNOUN|开式期火门|开免出店|控区域|o|火|已进入|3号电话|E|3号电福|1385|正|禁证国用|中话韩O光上|禁止用票|社么业|08|®|#容华科|专安理学轩|重症医学科|康信咖学村|重痘区学科|新茶|D|污染室|头|#学元|乐学起"	,,"中性"	
啤酒行业-行业-中,"2026-08-10 13:08:06"	,"app"	,,0,,,"m7375463"	,,"玄踪践析录一点号"	,,"c0f8fd54e2115ed6f47717f86eeba53a"	,"https://api-app-proxy.tarsocial.com/api/token/v2/rewrite_url?url=tUO6DxKL_GKTPcL2yBe0EOT4_XSCE-J4sFKbCm1FcN51ZMyAgvxVJJFGyKXtsSIytvBoMfrF0ehg0h2r67FzlQ"	,"纳粹第三帝国的覆灭，说是人类战争史上最荒诞的反智悲剧，一点都不夸张。 以前很多人以为，纳粹的疯狂全是极端民族主义催生的，可挖得越深就越能发现，整个高层从上到下几乎全是沉迷玄学、神秘学的疯子，硬生生把整个国家的命运都押在了跳大神上——这样的政权不亡才怪。 希特勒自己就公开说过，最恐怖的力量藏在魔法世界里，这种离谱的执念，直接把纳粹的核心决策带得歪到了天边。 他和希姆莱就因为凑在一起聊玄学聊得投机，很快就成了铁杆盟友，硬生生把整个德国拖进了超自然狂想的无底洞。 这帮人搞意识形态，根本不靠什么正经理论，全是东拼西凑捡来的各路神秘学说攒出来的。 希特勒早年的精神导师埃克哈特，直接把宗教神话当洗脑工具，天天给人灌输非黑即白的对立思想，把犹太人直接污名化成了魔鬼的化身。 罗森贝格做得更过火，把歪门邪道的伪种族理论和日耳曼异教传说揉在一起，张嘴就说古雅利安人是天生的文明创造者，后来之所以衰落，全是因为和低等种族混血、被犹太基督教污染了。 而希姆莱，是这群人里疯得最彻底的一个。 北欧神话、印度教经典，他翻得比军事手册还熟；占星术、摆锤探测术，玩得比专业神棍还溜，甚至照着古代共济会和骑士团的规矩，亲手打造出了党卫军。 他还加入了神秘的阿塔曼纳联盟，天天鼓吹回归原始乡村生活，把卢恩符文、万字符当宝贝，直接把犹太人污蔑成是侵蚀雅利安人种族肌体的有害病灶。 仗打到一半，这帮人放着正事不干，满世界去找传说里的“圣物”，白白浪费了海量的战争资源。 打苏联之前，希特勒特意把霍夫堡宫里传了几百年的“朗基努斯之矛”——也就是所谓的胜利之矛——千里迢迢运到纽伦堡，妄想靠着这根沾过耶稣血的长矛的魔力，复刻古代奥托一世征服斯拉夫人的战绩。 希姆莱行事就更癫狂了，掏公款资助一个叫奥托·拉恩的历史学家，满欧洲找传说里的圣杯，甚至直接闯到西班牙的蒙塞拉特修道院，逼着修士交出圣杯的下落。 为了证明雅利安人是天选的优等种族，他们派探险队跑到西藏，挨个给当地人量头骨、测身高，就为了凑出所谓的“雅利安起源”证据；跑到芬兰的森林里录当地土著的巫术咒语；甚至不远万里跑到南美的蒂亚瓦纳科遗址，去验证什么离谱的“世界冰理论”。 这些所谓的考察半点儿科学依据都没有，唯一的作用就是给他们编出来的种族神话凑素材。 到后来，这些玄学操作直接渗透到了军事决策里，把前线的将士坑得苦不堪言。 有个叫克拉夫特的占星师，碰巧蒙对了1939年慕尼黑啤酒馆的爆炸案，之后直接成了纳粹高层的座上宾。戈培尔直接把诺查丹玛斯的预言诗拿过来乱改，编出一堆所谓的“神预言”给德国的侵略行为洗白，搞了好大一波宣传战。 最离谱的是副元首赫斯，听自己私人占星师的鬼话，1941年5月居然一个人偷偷开飞机飞到英国去，妄想靠玄学buff说服英国和德国和谈，直接把纳粹高层整得集体摸不着头脑。 后来墨索里尼被意大利人关起来了，希姆莱不想着派情报部门查位置，居然找了一堆占星师和会玩摆锤的神棍，靠算卦找墨索里尼的下落。 为了对付英国的海军潜艇，他甚至专门批钱成立了一个摆锤研究所，找了一堆会寻水术的神棍，拿着金属摆锤在地图上瞎晃，说靠这个就能定位到敌军潜艇的位置，最后半艘船都没找到，纯纯浪费资源。 仗打到最后，纳粹眼看要输了，这帮人不琢磨怎么调整军备，反而把所有希望都寄托在所谓的“奇迹武器”上。 希姆莱天天沉迷什么反重力装置、死光武器、飞碟这类听都没听过的玄幻东西，甚至直接在集中营里开了秘密项目办公室，为了测试所谓的抗寒秘术，把集中营里的囚犯直接扔到冰水里做人体实验，害死了数不清的无辜人。 当时的军备部长施佩尔多次劝他，这些玄学项目根本不可能当武器用，把资源投进去就是打水漂，可希姆莱半句都听不进去。 大量本该用来生产装甲战车、飞机、弹药的资源，全被砸进了这些毫无意义的伪科学项目里，直接把正常的军备生产节奏全搞崩了。 把一个国家的国运全押在魔法和跳大神上，别说打二战了，就算给他们再多的资源，也注定逃不过覆灭的结局。 这帮反智疯子的所作所为，直到今天看都让人觉得既荒谬又可恨。"	,"马克思恩格斯选集"	,"马克思恩格斯选集"	,"纳粹的神秘主义与伪科学：魔法与玄学如何扭曲第三帝国的命运"	,
啤酒行业-行业-中,"2026-08-10 13:04:28"	,"shipinhao"	,,0,,9,"v2_060000231003b20faec8c7eb8a10caddc701e83db077c746a68281ec0cd1454f2774e9c17c72@finder"	,,"相依食品"	,,"14984891489760643579"	,"https://api-app-proxy.tarsocial.com/api/token/v2/rewrite_url?url=daCrZOGbf4ubAyAgMsByrCecDBLrMpsB6E5K8whx9Hxi2CDNRzKd-ZKzYulxwJW8o4GV0zOnArJmDlZfPXQA1o7tHt7n_g8VFIJU7AI2QpsH1Rtci5rsL4F6NAcjxST22Cs-BIMEV7EEAkpj58Vd9LxaAOWvu-ALavEZaMq3MKheg1LN60ORNVFIkXq57clT1_SfCeKP_aJaVWEdfzYSWTC34lEiK-6PSRCNpIc3amYdz-L5J65ICgNenO-J1Q15"	," 相依食品科技有限公司出品 "	,"预览下载第85909108 商标注册证核定使用商品/服务项目（三际分类：32） 地表水，严重受污染 ：长开本： 建议做饭吃水用两层岩注以下深水。 注册日期225年1 21日有数 205年12月日发证机关"	,"预览下载第 85909108 号 ★ TMZC85909108D01T260112* 商标注册证轻天间 GTIAN.RA 核定使用商品/服务项目（国际分类：32） 第32 类：制作饮料用无酒精配料：啤酒：无酒精饮料： 果汁自物饮料泡水；饮用水；能量饮科： 地表水，严重受污染注建议做饭吃水用两层岩石以下深水。 注册注册日期2025年12月21日有效期至识 2035年12月20日知局长申雨家发证机关；管道清洗设备 rgeoupment；ent；先设备；活性现过源；店性家过浦篷；1948；天津奥科 K Tanjin aokedepurationequrpmen 578 244；8888 880.8 超；天津奥科 mnedertpmen 998 B878 88888；天津兴科超滤系统；EC 超滤系统；臭氧装置；奥氧杀面设备臭氧装置"	,,"中性"	
啤酒行业-行业-中,"2026-08-10 13:01:44"	,"douyin"	,,0,66,,"598588812964199"	,,"山东琉井化工设备有限公司"	,,"7672149341783493926"	,"https://api-app-proxy.tarsocial.com/api/token/v2/rewrite_url?url=UxI1mE1VtivWWENn8adpDmG3kF8SwGcheiC2XVx5H1mrFRwmJBGyQ0bDiUgNGrBYb3gEPcr8PzPR0RqwwDes-g"	,"达州二手啤酒储罐设备价格多少钱 不锈钢储罐，二手不锈钢储罐价格，不锈钢储酒罐回收公司电话，现货供应容积从100升200升300升500升到1000升（1吨）2000升，3000升，5000升，到10000升（10吨）现货供应 #达州二手啤酒储罐 #二手啤酒储罐 #达州二手啤酒储罐设备价格多少钱 #二手啤酒储罐设备价格多少钱"	,"全国免费评估高价现款结算专业回收二手设备实地验货无套路回收:化工制药/淀粉/发酵/油脂/饲料/污水处理蒸发器/整厂设备打包"	,"全国免费评估高价现款结算专业回收二手设备实地验货无套路回收：化工制药/淀粉/发酵/油脂/饲料/污水处理蒸发器/整厂设备打包#####全国免费评估高价现款结算专业回收二手设备实地验货无套路回收：化工制药/淀粉/发酵/油脂/饲料/污水处理蒸发器/整厂设备打包#####全国免费评估高价现款结算专业回收二手设备实地验货无套路回收：化工制药/淀粉/发酵/油脂/饲料/污水处理蒸发器/整厂设备打包#####全国免费评估高价现款结算专业回收二手设备实地验货无套路回收：化工制药/淀粉/发酵/油脂/饲料/污水处理蒸发器/整厂设备打包#####全国免费评估高价现款结算专业回收二手设备实地验货无套路回收：化工制药/淀粉/发酵/油脂/饲料/污水处理蒸发器/整厂设备打包"	,,
啤酒行业-行业-中,"2026-08-10 13:01:40"	,"douyin"	,,0,145,,"84026341069"	,,"青岛啤酒鲜吧(十字)官方号"	,,"7672263712480895359"	,"https://api-app-proxy.tarsocial.com/api/token/v2/rewrite_url?url=UxI1mE1VtivWWENn8adpDmG3kF8SwGcheiC2XVx5H1neyf3Ak-h3635q9nEJTSUkLQKgPJj-FbWN8fch5wWaHQ"	,"青岛啤酒鲜啤吧放出的代金券，原来要花50块，现在只需要39就能拿下，鲜啤顺着打酒嘴流进冰过的扎啤杯，泡沫绵密挂在杯壁，配着刚烤好的焦香肉串，赶紧囤券。#气泡水 #废水处理 #防腐剂 #雪碧 #解酒方法"	,"酒"	,"酒"	,,"中性"	
啤酒行业-行业-中,"2026-08-10 12:51:11"	,"douyin"	,,0,932,,"1104372426085916"	,,"走自己的路。"	,,"7672261015833650310"	,"https://api-app-proxy.tarsocial.com/api/token/v2/rewrite_url?url=UxI1mE1VtivWWENn8adpDmG3kF8SwGcheiC2XVx5H1nw8X3vfe76FIuMVdBdd4GY_YHC6HnonDxPXWxL0RopNw"	,,,"MEAN商路8大桥下大桥下面禁止一切车辆停放违停抄告处罚水番下大香下面禁止一太桥下面洗北一切连务沙酱老类DIGZ搬器敬线加VOUGEBALCNGACIA1917精器宽线加工浙江租电VOUG!禁止一#切VOUGS前矿技验工亿米莱线加工话连停抄告处网温停抄告处员吃亿系无自助环生庆管亿米美盐监新技加工亿米莱自助称重快器亿米莱自材器家线加工亿米莱自助称重快餐亿米莱鲜VOUG?亿米莱自花云阳汇超新线加工JOU莉器嵌线加工三光云元O机器嵌线加工VOUfS工具舒照盟训米公EDnOA亿米莱自助亿米莱自助耀VOUG3亿米莱自助称亚快餐肖防泵CDK167售333消防壁就柜之泉豪业晶的性带花污承票1357875958#连辰消防泵CD可条进育杨记TEL:13857678333通路空制柜之鼎泵业幸福佳英朗德口腔866788191精租自习室可来托育国壳喷射泵鸡心眼污水泵®鲜牛肉火锅22雁荡山世界地质公司方山幸福佳苑a明德口腔86678819个sngtiar乾豆绿壳喷射泵离心原污水泵乾亨2222连员消际泵汉装业1亿未莱自助辉重快餐VOUGI立米莱广oaice下村村亿米乘自助除重快餐亿米莱自路机装嵌线加工亿米莱自助陶莉器资线加工"	,,
啤酒行业-行业-中,"2026-08-10 12:49:44"	,"douyin"	,,0,5,,"2385283353414440"	,,"赣派随笔"	,,"7672260641520942778"	,"https://api-app-proxy.tarsocial.com/api/token/v2/rewrite_url?url=UxI1mE1VtivWWENn8adpDmG3kF8SwGcheiC2XVx5H1lI0NCqAteg0l8NwG8qpluBMbdXol6YYqzE03wYuTh9cA"	,"1997年的夏天（一） 昏昏欲睡之际，伟表哥叫醒我们，领着我们偷跑出来，“我发现一个好地方，有好吃的！跟我走！”他咧着嘴笑，神秘兮兮的样子。 一条狭窄的路旁，有几方小池塘。水面漂浮着嫩绿的荷叶，结出粉红色的荷花，灿烂地绽放，一朵一朵，一片一片，煞是好看。几只蜻蜓点水，飞舞其中，最后立在硕大的叶片上。 “没骗人吧！看到那些莲蓬没？里面有好多莲子，我们摘一些回去吃吧！”伟表哥眉开眼笑，兴高采烈地说。 美味近在咫尺，但要摘到，却不是容易的事情。池塘遍布淤泥污水，贸然下水，必定污手垢面，回家难免一顿毒打。但是，世上无难事，只怕有心人。 伟表哥找来一根树枝，锁定一个莲蓬，瞅准时机，尝试着拨过来。 眼看就要成功了，只听“扑通”一声，他脚下踩空，身体滚到齐腰深的池塘里，弄得蓬头垢面。 忙碌到天黑，大家身心俱疲。 拖着沉重的身躯，皎洁的月光做伴，陪我们一路前行。 当烟囱升起袅袅炊烟，丰盛的晚餐做好了。“吃饭喏！”大家一齐动手，把饭桌搬到门口，这里开阔通风，清爽凉快。 主食是一锅绿豆粥，晾凉了喝，香纯爽滑，喝完一碗，又来一碗。 一份青椒炒田螺，是昨天在河沟捡的。田螺肥而肉厚，用嘴轻轻一吸，螺肉自动脱离，慢慢咀嚼，爽脆弹牙。 二舅光着膀子，乐呵呵打开冰柜，取出半打啤酒，用筷子用力撬开，“砰”的一声，白色的泡沫流满地。 二舅倒满一杯，一饮而尽，顿时红光满面，好像喜庆的红灯笼。 躺在凉爽的竹床上，仰望深邃的夜空。无数繁星点点，眨着亮晶晶的大眼睛。 几只花脚蚊子“嗡嗡嗡”，在耳畔肆无忌惮乱飞。冷不防落在大腿上，瞅准机会，狠狠地咬了一口。 “该死的蚊子，又来吸血！”外婆怒目圆瞪，咬牙切齿大骂。 她轻轻放下蒲扇，点燃一圈蚊香，放在床头。白色的烟雾缓缓升腾，把蚊子熏得晕头转向，再也不敢任意妄为。 突然，几滴水从天而降，打湿了竹床一角。 “下雨了？”外婆一个鲤鱼打挺，仰头看了看漫天星河。 “哈！不好意思！我在浇水！”原来是对面的老詹，他那侧的街道铺了水泥，晚上喷点水降温，防止路边暴晒开裂。 “哦！”外婆点了点头，接着说道：“这路只修了一半，剩下的什么时候动工哦！“外婆说着，朝脚下的泥巴看了一眼。 “放心吧！政策落实到位，分两次铺设，也是为了方便通行，如果同时施工，走路都没地方了。”老詹笑眯眯地说完，把水管卷成一圈，扭头钻进他的剥米机铺。 半个月后，经过大家不懈努力，“双抢”任务圆满收官。#80后的记忆 #80后的暑假"	,,,,"中性"	
啤酒行业-行业-中,"2026-08-10 12:45:03"	,"xiaohongshu"	,,0,1481,,"61fcdacf000000000201d04e"	,,"魔兽野生懒洋洋"	,,"6a79492c00000000220334f0"	,"https://api-app-proxy.tarsocial.com/api/token/v2/rewrite_url?url=cSb9xPr9PTnAREU6T0jLKsUsLLPSJ9iu21ImVmniC4UTyEpiOBPyqpRISn5QXfQKyFEhHqZWzXek7QLd6CQb0Q"	,"巨龙时代英雄的荣耀诺库德阻击战#魔兽世界##魔兽萌新站##魔兽世界女玩家##魔兽世界新手攻略##魔兽世界正式服##魔兽世界幻化##魔兽世界成就##魔兽世界坐骑#"	,"巨龙时代英雄的荣耀诺库德阻击战"	,"魔兽野生懒洋洋诺库德阻击战显示地图魔兽野生懒漾漾英雄的荣耀小红书诺库德阻击战速刷攻略；魔兽野生懒洋洋诺库德阻击战显示地图魔兽野生懒祥英雄的荣耀小红书诺库德阻击战速刷攻略；魔兽野生懒洋洋魔兽野生懒解锁巨龙时代版本专属熔岩蜗牛坐骑！ 小红书；小红书魔兽野生懒洋洋魔兽野生懒洋洋这怎么可能 ...... 让一名玩家被5道闪电打击同时击中，并击败一个风暴元素后，击败诺库德阻击战中的狂怒风暴（史诗难度）。 -击败风暴元素 12/12/22 追踪这怎么可能；X 台石 21.33 ★园 X清除就位倒政重置小红书狂感风暴魔兽野生懒洋洋 933万（100%） 魔兽野生懒洋洋所有目标 Laqa 进入战斗 3.6F 7.3F 陈无诺 3.75 可琦安· 6.95 00:00 阿深尔 5万可琦安 6.9万狂畅风暴 933:8万100% 景尔（） 遗成治疗世表股宏战掉秘钥RS ? 请成伤害 15-20 装等102.0 力量413 暴击32.4% 0612总体造急速10.2% 可均安 2病1变通42.7% 能0.0% CG 3.网呆尔 [回忆长存]！ Cc 4.Laqa 血0.0% 050 购游0.0% CO EPS.5451MS515 因为满级色色打低级副本吃不到BOSS技能；21:33 数重请除就位小红书魔兽野生懒洋洋魔兽野生懒洋洋 Leqa 3.6F 7.3F5 陈天情 3.7F 可琦安· G.6F 旺路风暴929410599% 00:02 阿禁尔可安 5万可琦安 195 狂努风暴 929.4万99% 速成治疗世表眼宏战掉秘钥RS 请成伤害可填安 0-2 装等102.0 力量413 暴击32.4% 06:15总体造急速10.2% 可瑜安 2.病1变 42.7% 3网呆尔回忆长存】！ 0% CG CC 4.Laqb 0% 00% EPS:3MS 所以这里需要用到1个80级角色加4个70级角色；2133★ 数重 X清除就位小红书魔兽野生懒洋洋魔兽野生懒洋洋 3.6% 陈天 3-F 可琦安： 6.B5 旺部风89294105|99% 00:05 阿深尔可辑安 5元可琦安万狂风暴 929.4万99% 造成治疗世表股宏战掉秘钢RS 狂怒风暴 929万（99%） 造成伤害可均安装等102.0 力量413 暴击32.4% 06:17总体造急速10.2% 可均安 2.病|变精通 42 3.阿呆尔 [回忆长存]！ 全能 CC 始4.Laqia 吸血闪 LO FPS156MS-51 21 所以这里需要用到1个80级角色加4个70级角色；险就位小红书魔兽野生懒洋洋鹰兽野生懒洋洋能量通动 3.6F 陈无设可毒安· 旺部风额9294105|99% 00:08 能量涌动 09/1.5 可辑安 5 可安方狂风暑 9294万99% 遗成治疗世表股宏战掉秘朝RS 狂怒风暴 929万（99%） 能量消动遗成伤害 0.9 能星浦动 09/15 可均安 0-2 装等102.0 力量413 击32.4% 06:17总体急速10.2% 2.病|变精通42.7% 3.阿呆尔回忆长存全能0.0% 吸血0.0% 4.Laqia F00% FPS1RAMSS 所以这里需要用到1个80级角色加4个70级角色；位小红书魔兽野生懒洋洋魔兽野生懒洋洋闪电打击福陈天让可毒安旺部89294105199% 00%11 内电打电 00/2.0 可排安。 可安 1万狂风 9294万99% 66 透成治疗世表股宏战掉秘调RS 狂怒风暴 929万（99%） 闪电打击遗成伤害 0.9 闪电打击 08/2.0 可均安 0-2 装等102.0 力量413 击32.4% 06:23总体请可境安急速10.2% 精通42.7% 2.病|变 3.同呆尔 （回亿长存】！ 全能0.0% CE 4.Laqla 吸血0.0% 购0.0% PSESESMSO 当BOSS施放 【闪电打击】 技能的时候需要5个人同时中技能；X 4133 位小红书魔兽野生懒洋洋魔兽野生懒洋洋可安旺路风额9294105（998 00:14 可给安 5.6万遵成治疗世表宏战掉秘期RS 请成伤表装102.0 力量413 击32.4% 06:26总体请儿时拍安急速10.2% 精通42.7% 同呆尔回忆长存全能0.0% 吸血0.0% 4Laq 0.0% 当BOSS施放 （闪电打击） 技能的时候需要5个人同时中技能；2T33 小红书魔兽野生懒洋洋广兽野生倾洋洋亡 aqii 可通安 8：929410599 00:17 6万请城治行世表报宏战掉RS 请成伤责可安装等102:0 力413 击52.4% 06:30总体进12.4% 2安精通42.7% 全能0.0% 同果尔吸血0.0% 0.0% 每人脚下生成蓝色电圈然后迅速集合站位电国爆炸时；小红书魔兽野生懒洋洋威兽野生侧洋洋 21万100 风晨元累冲由 1.0 EC 可进安 00:20 同聚尔 21万风器元通成治行世表职宏掉秘销R5 请成坊美安 0N2 装102.0 力413 0632总修通禁击52.4% 速12.4% 时安精42.7% 全能0.0% 吸血0.0% NN 02100% NEEMSCTE 每人脚正生成蓝色电圈然后迅速集合站位电恩爆炸时；-11 小红书魔兽野生懒洋洋精兽野生慢洋洋风元 111万（51%) 00:23 OALS 可安 8方风薯元 111.1万51% 2392- 通治疗世表宏掉RS 可琦卖适成伤害无调 0:2 102.0 力413 06.36体击52.4% 速18.1% 精42.7% 阿保尔全0.0% 吸血0.0% 2100% 同一人同时被5个电圈覆盖， 就会召唤额外小怪 【风暴元素】；2133 小红书魔兽野生懒洋洋精兽野生健洋洋 R-456 00.26 通延治厅 EANE 世装I宏RS 全可琦安成伤害 2.您无装等102.0 秒4|豆力413 06.38体值击52.4% 25.0% 精42.7% 足尔全能0.0% 0.0 无 5Lrgia HEEMSEI 同一人同时被5个电图覆盖， 就会召唤额外小怪 【风暴元素】；魔兽野生懒洋洋小红书雁兽野生侧洋洋 LAEN 可通安 363 00159: 安 4万风林 03万9% 通成治厅世表宏成掉RS 请成伤美 02 装等102.0 力413 07:D9体击52.4% 38.9% 时安精42.7% 是尔全能20.0% 血0.0% 无清 3-Lngle m700% IOMSal 先击杀小怪再击杀BOSS即可；小红书魔兽野生懒洋洋雁兽野生懒洋洋旺塑科最所有目标么司等级72（精英） P体 0% 亡可安 EC 4万通成治厅： 表农RS 造成伤这么司能开这么可 2无成款怎么司 3网果这么司装等102.0 成效么可能力413 07-10 么可能.. 击52.4% 巨地时代英错的荣 38.9% 安精42.7% 恒地时代莫错的荣量是尔全0.0% 狂风联 1分0 4无血0.0% SMMSEI 先击杀小怪再击杀BOSS即可；小红书魔兽野生懒洋洋魔兽野生慢洋洋所有目标 IW 光克禁尔者 00% 通成治厅世装玻RS 通诚伤表记在野生洋洋、的上兑心动了下了找坑去了留就是不给案 28 办法我的龙做天都毕业 2290.8 力2139 臭斯家了击26.8% 01:50总十么就给你高心动了啊 14.5% 生可量钟鱼的出咖精44.1% 的小心肝全0.0% 自然婆成子这样？ 0.8% 内三号提拉与马鲁凯清完场地小怪， BOSS激活前；小红书魔兽野生懒洋洋 #兽野生侧洋洋所有目标光克赫尔蚀者 00% 通威治行世生车世排秘RS 兑心动了下了找坑去了就是不给爽法我的龙做天都毕业 290.8 力2139 真斯击26.8% 01:50总体十么就给你高心动了啊 145% 生手可铺鱼的生期精44:1% 的小心肝全能0.0% 吸血0.8% 5% 三号提拉与马鲁凯清完场地小怪，BOSS激活前；21/18. M 小红书魔兽野生懒洋洋成兽野生懒洋洋所有目标 5m 通成治疗生世I张RS 运成兑心动了下了找坑去了需就是不给爽法，我的龙做天都毕业装290.8 么就给你高心动了同力2139 击26.8% 050总体通生的小心肝 14.5% 精44.1% 全能0.0% 心这易售血0.8% 三人分头去三个洞穴拾取武器每人只能拿一把；21/48 小红书魔兽野生懒洋洋鹿兽野生馒洋洋所有目标生示治行世表宏掉秘IRS 造成伤总心动了下了找坑去了， 個就是不给爽法，我的龙做天都毕业装等290.8 里风斯：拿了力2139 十么就给你高心动了网 01:50总体暴击26.8% 可期神签的士道 14.5% 生手的小心肝精道 44.1% 居然变典了这择？ 043% 3.Volly 心这暴金能 0.8% 6P5-16TMS10 三人分头去三个洞穴拾取武器每人只能拿一把；21R8 小红书魔兽野生懒洋洋鹿兽野生懒洋洋披污染的贝尔可的战斧所有目标商成治行生果世表旅掉RS 城份总心动了下了找坑去了， 雪就是不给爽办法，我的龙做天都毕业装等290.8 里风斯：拿了十么就给你高心动了网力2139 01:50总体通击26.8% 可需神基的士地！ 14.5% 多生的小心肝精44.1% 后然变感了这祥？ welly 金铺0.0% 心这暴售吸血0.8% .ORN 15% ED5:202MS:101 211 拾取武器获得5分钟debuff 正常击杀BOSS即可；211.48 小红书魔兽野生懒洋洋鹿兽野生懒洋洋 sm 所有目标或治行世表职琴排RS 造成伤售说心动了下了找坑去了， 雪就是不给爽办法，我的龙做天都毕业装290.8 8·了力2139 十么就给你高心动了啊击26.8% 01:50总体通生 14.5% 的小心时 44.1% 全能0.0% 3.Volly 心这吸血0.8% 325% 6P5:100MS10 2114 拾取武器获得5分钟debuff， 正常击杀BOSS即可；小红书魔兽野生懒洋洋扁兽野生柳洋洋 3把武器在BOSS周围的三个洞穴内，如图所示位置；小红书魔兽野生懒洋洋扁兰野生柳洋洋 3把武器在BOSS周围的三个洞穴内，如图所示位置；魔兽野生懒洋洋小红书应兽野生懒洋洋做好事不留名在诺库德阻击战中，将欧恩哈拉治疗到生命值全满，然后再击败巴拉卡可汗（史诗难度 -治疗欧恩哈拉 12/12/22 追踪 0012 理城出行之动回期不了 2908 2139 日23 击268% 话145 汉五号之份城 441% 余.0.0% -0.8% 做好事不留名；小红书魔兽野生懒洋洋赢兽野生懒洋洋生1.9 红级量 7天 4295: 库德风暴法前开之手 26万（106% TReTw 万四权末可用4062742154% 00:21 5047951276048090 欧图赔拉 07.3万60% 生洋通城治疗世表股宏战掉秘RS 越利品请成伤害 ！突刺！ 野生洋之母不德想予我她的力愚套五号影之哀伤】： 战装等290.8 力量2139 04:32总体道本就于我们！ 击26.8% 急速14.5% 好生洋期的发际线-影之哀伤]： 精44.1% 思喜五号-影之哀伤]： 金能0.0% 3.Volly 吸血0.8% 3-5% EPS-110MS:10 需要在最后BOSS战中， 将“欧恩哈拉” 的生命值加满再击败巴拉卡可汗；2T5 小红书魔兽野生懒洋洋应兽野生懒洋洋巴拉拉可汗之妥塔克简并之子> weTw 请万万巴权可用4052742154% 00:26 455 欧图哈拉 35.7万20% 野生洋通域治疗世表股宏战掉秘明RS 之母个愿到于我能的刀战利品遗成伤害野生愚五号-影之衰伤1：战本就于我们！ 装等290.8 的发际线·影之衰伤： 力量2139 04:36总体道暴击26.8% 好生羊愚查五号-影之衰伤]： 急速14.5% 精通44.1% 量！这就是欧恩哈拉的全能0.0% 3.Velly 吸血0.8% 3.5% EPS120MS10 需要在最后BOSS战中将“欧恩哈拉” 的生命值加满再击败巴拉卡可汗；2T:51 小红书魔兽野生懒洋洋麻兽野生懒洋洋另53%) 巴拉卡可汗 eTw 万巴权可4013000153% 00:30 455 欧图赔拉 35.7万20% 野生洋通域治疗世表股宏战掉秘销RS 战利品遗成伤害患查五号-影之衰伤]：战野生活本就于我们！ 的发际线·影之哀伤1： 装等290.8 力量2139 患查五号·影之袁伤]： 04:36总体暴击26.8% 好生羊留等！这就是欧慰哈拉的急速14.5% 精通44.1% 金能0.0% 3.Velly 你的优惠无人能及！ 吸血0.8% 35% 开怪后我们先把BOSS打到正一个阶段激活场地上的4只小怪；2158 小红书 10 21612 魔兽野生懒洋洋麻兽野生懒洋洋 2方 (43% B0 29012 粤权丰可味 4005590153% 00:34 欧图哈拉 02.1万57% 生洋通域治疗世表股宏战掉秘RS 遗成伤害的发际线影之衰伤： 野生活愚套五号·影之衰伤]： 0-40 装等290.8 管馆重明非这就是欧恩哈拉的力量2139 04:36总体暴击46.8% 你的优惠无人能及！ 好生羊急速22.7% 尔尔隆·影之衰伤】：120现精通46.4% 全能0.0% 3.Velly 我的惯器吧吸血0.8% 00% 25% 开怪后我们先把BOSS打到正一个阶段， 激活场地上的4只小怪；212 小红书 981619 魔兽野生懒洋洋广兽野生懒洋洋 weTw 巴权卡可肝 2547565134% 00:39 欧图路拉 1189万100 通城治疗世表股宏战掉秘RS 2.野生洋成伤害的发际线-影之袁伤]： 野生观洋渊收愚套五号·影之衰伤]： 0-40 装等290.8 雷圳！这就是欧想难拉的力量2211 04:46总体道暴击53.4% 你的优惠无人能及！ 急速22.7% 好生洋尔尔隆影之袁伤：120现精通48.7% 全能0.0% 3.Velly 我的惯惑吧！ 吸血0.8% 00% 3.5% EPS:11aMS:10 21-5 把小怪拉走击杀后，奶满欧恩哈拉再击杀即可；21:52 位小红书魔兽野生懒洋洋巴拉卡可汗腕兽野生懒洋洋 50万（6%） 488488 weTw 30F 拉卡可肝988930113% 00:43 野生洋洋 415 巴拉卡可汗 98.8万13% 透或治疗世表股宏战掉秘明RS 2.野生洋义原基五号·影装切]： 战利品城伤害野生洋注置鸣！这就是欧恩哈拉的 0-2 你的优惠无人能及！ 装等290.8 尔尔隆影之衰伤]：120现力量2211 击53.4% 04:54总体道我的愤怒吧！ 好生羊急速22.7% 龙·影之衰伤】： 精工辛精通46.4% ns-Chatlcon-Quality- 3.Velly 全能0.0% 有没有工匠吸血0.8% 100% 中草单 3-5% EPS120MS10 21:5 把小怪拉走击杀后，奶满欧恩哈拉再击杀即可；小红书魔兽野生懒洋洋广兽野生懒洋洋欧胡纳孵化在单次诺库德阻击战中，将八枚温暖的欧胡纳之卵交给欧胡纳守护者塔鲁克（史诗难度）。 -运送8个蛋 12/12/22 追踪欧胡纳孵化；21153 行小红书魔兽野生懒洋洋前往地图和任务日志世界艾泽拉斯巨龙群岛诺库德阻击战 Q 搜素任务日志广兽野生懒洋洋乌拉特克的退咒战役：075 接受任务“哈加尔的邀请”后，可以继续进行战役，任务位于地图银月城。 光与影之战接受任务“前行之路”后，可以继续进行战役，任务位于地图银月城塔鲁克位置巨龙时代战投5/9 接受任务“赤红晓”后，可以继续进行战役，任务位于地图索德拉苏斯传说统合任务哈籁恩达尔开始小队同步与小队成员同步任务和等级资成治疗世表股宏 2.野生洋每周任务（至之夜） 专业周常托玛兰交装战 06:46 成伤害 1野生洋注数天3W/5次5分钟一本尔上年纪了装等290.8 [黑的元票残片]这个任力量2139 击26.8% 04:56总体道理好生羊： 急速14.5% 王不在精通44.1% 发就好了金能0.0% 3.Velly 我31确实没以前能熬了吸血0.8% 3.5% 110MS0 215 将8枚“欧胡纳之卵”交给“塔鲁克”；2153 小红书魔兽野生懒洋洋魔兽野生健洋洋所有目标 495 请域治疗世表股宏战掉秘明RS 2野生洋请成伤害野生洋证数天3W/5次5分钟一本尔上年纪了装等290.8 [熊黑的元素残片]这个任力量2139 04:56总体道击26.8% 里： 好生洋急速14.5% 王不在精通44.1% 发就好了金能0.0% 3.Velly 31确实没以前能熬了吸血0.8% 35% MS. 8枚蛋分布在副本的各个山头上 8枚蛋都交付后即可获得成就；22:1* 小红书魔兽野生懒洋洋广兽野生懒洋洋所有目标 WHIM 欧胡纳之巢扣方汉万 4F 通城治疗通世表股宏战掉秘RS 2.野生洋战利高遗成伤害野生洋了成就[魔学师平台】 拉114:夜装等290.8 英菊的细编了 114:喜力量2139 泽尼特幼224日暴击26.8% 后：欧胡纳之 0.671.0 04:56总体道好生羊都（14宽种摇盟） 急速14.5% 时插巨口细11燃迪精通44.1% 全能0.0% 3.Velly 之蛇][纳沙塔尔鲜血巨蛇] 级血0.8% ：98 35% 8枚蛋分布在副本的各个山头上 8枚蛋都交付后即可获得成就；小红书魔兽野生懒洋洋广兽野生懒洋洋自路美可喜快把尔高木明站通能沿疗世排RS 2生店成伤费生服洋盟特： 了成就[魔学师平台]] 的用！ 号290.8 力2129 0用击6.8% 456年 145 多生可交定口 44% 之轮纳沙塔尔鲜血巨全折0.0% 0.9% 蛋的位置如图所示， 宝子们记得点赞关注哦；小红书魔兽野生懒洋洋成兽野生懒洋洋诺牌锁卖 MIUTIT 鲁能扎尔高松木哨站蛋的位置如图所示宝子们记得点赞关注哦；小红书魔兽野生懒洋洋 Byet 未完待续 + 点赞收藏加关注；小红书魔兽野生懒洋洋 B 未完待续点赞收藏加关注"	,"巨龙时代英雄的荣耀诺库德阻击战"	,"中性"	
啤酒行业-行业-中,"2026-08-10 12:41:28"	,"toutiao"	,,0,,,"3433089063206239"	,,"时光探秘者"	,,"7672226778626277890"	,"https://api-app-proxy.tarsocial.com/api/token/v2/rewrite_url?url=1YusuDMvr9od4K_K1MN8ml17rEfkAea0gAdcR6CW8DyEfY6FTyKbRKdiU32CkVm7hzjjixc8-trPMBdZDeFtLA"	,"很多人第一次喝啤酒，都觉得苦涩难咽，搞不懂这种味道的饮品，怎么能风靡数千年。其实啤酒并不是某个人灵光一闪发明出来的，而是一场美丽的意外。早在一万年前的两河流域（今伊拉克），古人储存的大麦遭遇雨水受潮、发芽，空气中野生酵母菌落入其中，谷物粥自然发酵，冒出气泡，原始啤酒就此诞生。苏美尔人甚至专门供奉啤酒女神，泥板上还留下了古老的酿造配方。古时候的古啤酒，和现在完全不一样。没有啤酒花调味，浑浊浓稠，满是谷物残渣，口感又酸又涩，以现代人的口味来看，谈不上好喝。可就是这种难喝的饮料，却成了古人的刚需。核心原因是古代饮水危机。古代城市没有净水系统，河水井水极易被粪便垃圾污染，直接喝生水，很容易染上痢疾，严重时会夺走性命。酿造啤酒过程需要煮沸原料，发酵又能杀灭大部分致病菌，喝啤酒远比喝生水安全，大人小孩都会喝低度啤酒解渴充饥，也被称作“液体面包”。古埃及修建金字塔的劳工，啤酒还是官方发放的工资，每天按人头分配，既能补水，又能补充谷物营养，维持体力。汉谟拉比法典里，甚至专门写好了啤酒售卖的相关规定，足见其地位有多高 。中世纪欧洲，修道院更是把酿啤酒发展成产业。很长一段时间，啤酒是生存物资，而不是消遣美酒。直到后来啤酒花被加入酿造，啤酒的风味才得以改良，慢慢变成今天我们熟悉的样子。万万没想到，征服世界的啤酒，最初竟是古人的“安全饮用水”。朋友们:您第一次喝啤酒是什么感受？评论区聊聊"	,,,"啤酒很难喝，为啥还能风靡全世界？它根本不是为好喝而生的"	,"中性"	
啤酒行业-行业-中,"2026-08-10 12:39:22"	,"toutiao"	,,0,,,"102771079143"	,,"萌sir422"	,,"7672257621704917506"	,"https://api-app-proxy.tarsocial.com/api/token/v2/rewrite_url?url=1YusuDMvr9od4K_K1MN8ml17rEfkAea0gAdcR6CW8DydOsUUpXw5mMDuocHBvbHru5ZvYOVdQ7EagVdecf0h4A"	,"俄罗斯人将圣诞节、复活节尊为诸节之冠。 俄国的圣诞节是1月7号，而不是12月25号。 过节的形式和内容同西方相同。将枞树装扮起来，挂上各种饰物，拉起一串串彩色小灯泡。孩子们一夜没睡好，等待身穿一身红袄的圣诞老人，从烟筒爬进屋内，将礼物放在枞树下。在他们长大之后，才知这是父母买的礼物。圣诞之夜，全家人围着这圣诞树，跳舞唱歌。 复活节的日子不固定，大约在3月22日至4月25日之间。它的计算方法是，春分月圆后第一个星期天。由于历法不同，东正教比天主教和新教相差一至二周。 复活节除了举办盛宴，互相邀请作客外，主要是将鸡蛋染成各种颜色食用或相互赠送，鸡蛋趁热用蜡写成X·B（耶稣复活之意），然后再染色，自然留下这两个字。 在复活节这一天，人们互吻三次以示祝贺，按着习惯任何人都可以行此礼。 俄罗斯的女人，都是打点心的能手，每当节日都要做。直到现在我还记得母亲那造型美丽，香醇可口的各种糖面包、饼干和馅饼。复活节特殊的点心，是一种高筒状点心，大小不一，完全用鸡蛋、牛奶、奶油、糖和香料，按配方烤制而成。由于各家配方不同，口味有别，节日间也相互赠送。复活节，俄人也跳舞、唱歌。 其他的节日有“三一节”（TPOИЦAA），即圣父、圣子、圣灵合成为一上帝的说法。每年夏季，在复活节后五十天举行。 此外，尚有一个纪念亡者的节日（PATOHИЦA），在复活节后第一星期内举行。去亡者墓地，将复活节鸡蛋、点心摆在坟墓上，以寄追念和哀思。 哈尔滨的冬泳，近几年已蜚声海内外。它不仅是哈尔滨人冬季一项别开生面的体育活动，也是哈尔滨冬季景观之一。 然而，最早在数九寒天，敲开松花江厚冰下水的却是俄罗斯人。 1922年1月19日，俄国东正教首次在哈尔滨松花江的江面上，隆重地举办了一个古老的宗教活动——“约旦”（洗礼节）。这是来自圣经中的故事：即耶稣降生后，曾在约旦河里洗礼。在铲除江面的冰凌和积雪后，先凿出一口“井”。在它的下游另凿开一个4米见方的水池，再在井、池之间凿出槽形十字及连接井池的同心圆形的冰槽。在同心圆内的冰面上立有枞树，在水池下方对着井用冰雕凿成一个巨大十字架。主教将圣像浸在井中，不断地从井中涌出的江水便是圣水了，并沿着水槽流向水池中，人们纷纷跳入水池中，便是洗礼了。 出水之后，用毛毯、皮衣裹身，带着欢喜和满足，乘汽车、雪橇急驶而去。 年年约旦都选在道里江心沙滩的北侧，这里江面宽阔，水流平缓，另外不受南岸污水的污染。为安全起见，选择江水深度刚好是去掉冰层后，江水可返上来。因为周围冰层环绕，人不致被水流冲走。 这项宗教活动，在50年代之前，几乎年年举办至今，老哈尔滨人仍记忆犹新。 哈尔滨的冰雕艺术，历史悠久。据有关资料记载，至今已有70余年了。 1922年1月19日的洗礼节首次隆重举行。这天清晨，哈尔滨23座东正教教堂钟声齐鸣！虔诚的东正教的教徒们，走出各个教堂，高举着圣像、旗幡和烛台，在着袍顶冠、披金挂银的主教、神父的带领下，向道里江沿进发。一路香火缭绕，颂歌不绝于耳。几路人马，几千人会合于江面上一个巨大的、晶莹剔透的冰雕的十字架周围。红衣大主教面前放置圣经的桌台，也是用冰精雕细刻而成，这两件冰雕制品，可称得上是哈尔滨最早的冰雕艺术作品了。在其后举办的洗礼节上，十字架和桌台，赋予新意和臻于完美。譬如十字架各端雕成花瓣形或雕着圣经故事中从挪亚方舟放飞两只白鸽及刻着“耶稣救世主”等。桌台也雕出似铺着的桌布下垂的穗或一只晶莹的冰花。 1935年洗礼节时，坐落在马家沟营部街俄人开办的慈善院，举办具有浓重宗教色彩的冰雕展，整个院落布置了由教师、孩子们创作的冰雕作品。有微缩的小教堂，一群各种造型的十字架，簇拥着一个晶莹秀美的大冰十字架。这慈善院为“米洛谢尔吉亚之家”。这恐怕是哈埠最早的冰雕展了。 哈尔滨第一家啤酒厂，是俄国人乌鲁布列夫斯基于1900年创办的。1908年，改为库罗尼亚啤酒厂（香坊）。此外，尚有多家啤酒厂如维沃瓦列啤酒厂（南岗），德籍俄人考夫曼于1905年开办梭忌奴啤酒厂（道里）等。 俄罗斯人不仅爱喝沃特卡，也喜欢喝啤酒，哈尔滨人深受其影响，对啤酒格外青睐，哈尔滨喝啤酒为全国之最。 此外，哈尔滨人爱吃面包、红肠、奶油，喜欢喝牛奶、吃西餐，苏伯汤家喻户晓，单位食堂也做，味道却大相径庭了。俄罗斯人非常喜爱土豆，很多菜肴都有土豆，面包自然是他们的主食，喜欢牛肉、大头菜、胡萝卜、豌豆、通心粉。 俄人的早餐非常简单，牛奶、奶油、西米蛋、果酱、半熟的鸡蛋、一两片面包。 他们主要注重晚餐，一般情况下是两道菜，汤或苏伯（汤是清汤，苏伯有肉、菜等）及肉饼、炸土豆块。 俄罗斯人也包饺子，素馅的有土豆泥、水果馅。荤馅的为鱼肉、牛羊猪鸡肉等。 他们非常喜欢吃中国菜，对我们的饺子更是情有独钟。 《哈尔滨俄罗斯人的习俗与影响》"	,,,"林怡： 俄罗斯人的节日和饮食"	,"中性"	
啤酒行业-行业-中,"2026-08-10 12:30:08"	,"douyin"	,,0,66,,"598588812964199"	,,"山东琉井化工设备有限公司"	,,"7672138134611594511"	,"https://api-app-proxy.tarsocial.com/api/token/v2/rewrite_url?url=UxI1mE1VtivWWENn8adpDmG3kF8SwGcheiC2XVx5H1lE1rHMOx4fV_Pbr4gQLsuv0hkwdA6THOgm2houoI9uTA"	,"安庆二手不锈钢储水罐设备价格多少钱 不锈钢储罐，不锈钢储水罐，不锈钢储油罐，不锈钢储酒罐，啤酒储罐，葡萄酒储罐，牛奶储罐，酸奶储罐，果汁储罐，食用油储罐，调味品储罐，糖浆储罐，加热罐奶仓储罐，精油储罐 #二手不锈钢储水罐 #二手不锈钢储水罐设备价格多少钱 #安庆二手不锈钢储水罐 #安庆二手不锈钢储水罐设备价格多少钱"	,"全国免费评估高价现款结算专业回收二手设备实地验货无套路回收：化工制药/淀粉/发酵/油脂/饲料/污水处理蒸发器/整厂设备打包"	,"全国免费评估高价现款结算专业回收二手设备实地验货无套路回收：化工制药/淀粉/发酵/油脂/饲料/污水处理蒸发器/整厂设备打包#####全国免费评估高价现款结算专业回收二手设备实地验货无套路回收：化工制药/淀粉/发酵/油脂/饲料/污水处理蒸发器/整厂设备打包#####全国免费评估高价现款结算专业回收二手设备实地验货无套路回收：化工制药/淀粉/发酵/油脂/饲料/污水处理蒸发器/整厂设备打包#####全国免费评估高价现款结算专业回收二手设备实地验货无套路回收：化工制药/淀粉/发酵/油脂/饲料/污水处理蒸发器/整厂设备打包#####全国免费评估高价现款结算专业回收二手设备实地验货无套路回收：化工制药/淀粉/发酵/油脂/饲料/污水处理蒸发器/整厂设备打包"	,,"中性"	
啤酒行业-行业-中,"2026-08-10 12:22:59"	,"douyin"	,,2,32,,"779985900281328"	,,"睿🐾"	,2,"7672253749834447973"	,"https://api-app-proxy.tarsocial.com/api/token/v2/rewrite_url?url=UxI1mE1VtivWWENn8adpDmG3kF8SwGcheiC2XVx5H1m4CubPuCwptra7uXWu6LAWR3x2YVXvj2hiThK1Obi7cg"	,"骗你的 同学我们还有下学期#校园生活 #会火"	,"同学""我们下学期见"	,"同学""我们下学期见同学我们下学期见+?通话时长31:08狂同学我们下学期见就是牛Go睡务局SLEEPINGBUREAU地理名择面酸辣面皮劲道宽通肉统红烧牛肉面ys乐事D钙黑鲜木安中规#212万不能鸡个女生小树小林保护好的的东西要去抄子校的柚子秋杨梅不连楼厕所抽烟想上课拟去护校队每一要吃幼儿园的杨梅鲜潢豪超州号象#护#场中共###中#有#####人###护#27#特减美总州张小龙牛肉将Lays乐事E50韩式火鸡RAH火辣过痕110cs3离纯牛奶nis福配料只有生牛具CE1250-.054.0净含8//菜2026.6.262026.6125""no1小mnoiC恒久市项毒大江地请203h2业人NMPUEAC.RRA比司RA目东发大连期MARAEC动产业升放长保护生态科位节约源处车水稻产堂Ai""W零妞技术们张司A安A0)本、#元元A2-2月.的红户真证款点部Teafs婴平企议会放卖山天品费③通文会议会统A003c@do0""罗禁旅家""对费州红色文化的有利影响国传红西之化#包通文化传来③r大文民系哈国健加收入围7A000R.02.出台法现(2)请为东志的业段加理化站""(4)caop-C期大开入①验湿地保护电万护和特行民文化""中学生#法立保护现之经料建就大期H4T防治水污染③中下地医载变取互是海河HAIHE中国风味奶品类领先品牌蔗糖海河花色牛奶生牛乳羽衣青≥80%膳食纤维超级食物*绿野纤踪中华老字号净含量:22ChinaTime-honoredBrandGO北江时尔育鸿意志啤酒知面健金火食"	,,"中性"	
啤酒行业-行业-中,"2026-08-10 12:20:19"	,"douyin"	,,0,66,,"598588812964199"	,,"山东琉井化工设备有限公司"	,,"7672135424348818724"	,"https://api-app-proxy.tarsocial.com/api/token/v2/rewrite_url?url=UxI1mE1VtivWWENn8adpDmG3kF8SwGcheiC2XVx5H1nbff5fOJ69FAK4EstONKwWy3FEDBvH_WvDIKaSuPSMTA"	,"锦州二手果汁储罐设备价格多少钱 不锈钢储罐，不锈钢储水罐，不锈钢储油罐，不锈钢储酒罐，啤酒储罐，葡萄酒储罐，牛奶储罐，酸奶储罐，果汁储罐，食用油储罐，调味品储罐，糖浆储罐，加热罐奶仓储罐，精油储罐 #二手果汁储罐设备价格多少钱 #二手果汁储罐 #锦州二手果汁储罐 #锦州二手果汁储罐设备价格多少钱"	,"全国免费评估高价现款结算专业回收二手设备实地验货无套路回收：化工制药/淀粉/发酵/油脂/饲料/污水处理蒸发器/整厂设备打包"	,"全国免费评估高价现款结算专业回收二手设备实地验货无套路回收：化工制药/淀粉/发酵/油脂/饲料/污水处理蒸发器/整厂设备打包#####全国免费评估高价现款结算原水箱专业回收二手设备实地验货无套路回收：化工制药/淀粉/发酵/油脂/饲料/污水处理蒸发器/整厂设备打包#####全国免费评估高价现款结算专业回收二手设备实地验货无套路回收：化工制药/淀粉/发酵/油脂/饲料/污水处理蒸发器/整厂设备打包#####全国免费评估高价现款结算专业回收二手设备实地验货无套路回收：化工制药/淀粉/发酵/油脂/饲料/污水处理蒸发器/整厂设备打包#####全国免费评估高价现款结算专业回收二手设备实地验货无套路回收：化工制药/淀粉/发酵/油脂/饲料/污水处理蒸发器/整厂设备打包"	,,"中性"	
啤酒行业-行业-中,"2026-08-10 12:16:00"	,"weixin"	,,0,,,"gh_8b8971c26ad0"	,,"早春树林"	,,"de9189c4a4f48feb1c3817f7dfa4fcf9"	,"https://api-app-proxy.tarsocial.com/api/token/v2/rewrite_url?url=2qXYDJffl0y7EyLKcCf0n5hfyXD1HVrjR5BE3s30HTP7JovoaW5NZU-TC66OkXlyZVu5CfOxgTx8adorIdg2ZVBeoSrv-lXt-I7UwaVZZtnuDwUOt3dvZaA7Dq9A4wnmhh6bSDMBztfsgBl-_BCtIQ"	,"原作于2014年10月11日豆瓣地址https://www.douban.com/note/432958590——早春树林于2014年10月11日晨霾中胡诌一天风雨晴一天两天喧嚣雾霾又难免一汪清气经不起你三天糟践伟大神奇的帝都汽车五百万，都在冒烟尘嚣甚起车轮飞旋各色美厨煎炒烹炸色香味俱全地沟油烟看不见说什么烧秸秆说什么津冀污染源扯淡是“大气层结稳定”——多么专业的术语立马儿就完蛋遥想燕京当年晨雾诵读推开备斋的窗隐约的梵婀铃何等浪漫待日出、雾气散尽霞光无限三步就开车养懒了你的腿囤肥了你的肚腩老要飞遍世界自己的心你是否看得见？随时随地的快捷像纸巾一样贱啥是低碳？跑步自行车健步走阅读公交真朋友圈节约用水，蒸煮为主做好饭伟大神奇的帝都匹夫两千万你改一个习惯事儿就好办都改一个信念见天儿都是蓝天——早春树林于2014年10月11日晨霾中胡诌"	,"清晨北京西山的平流雾"	,"清晨北京西山的平流雾早春树林2013-10-11 blog.sina.com.cn/hhj3000"	,"一汪清气，经不起你三天糟践 | 打油诗一首"	,"中性"	
啤酒行业-行业-中,"2026-08-10 12:15:38"	,"app"	,,0,,,"7879922982"	,,"新浪剧评社"	,,"446de1aa82dc40bbe351e63f79f733d9"	,"https://api-app-proxy.tarsocial.com/api/token/v2/rewrite_url?url=RagijrD38xgcddkbHSI8Q9sR0f7mxFsGUaMBEBWp36XUj83Ig6tKiJkJaq8d2Il6OrXcIC9z2l3XYFUAb5bIXBtZEV5UmOhlwPhY5mBrwTU"	,"影史冠军《肖申克的救赎》宣布将于8月28日首次登陆中国内地院线，并带来全球首度制作的IMAX版本，这将是这部经典之作32年来第一次在内地大银幕上正式公映。 一、IMAX版如何颠覆经典作品的视听体验 画面细节的极致还原：本次上映的是4K修复版，经过逐帧修复后，老胶片的斑驳划痕被抹去，监狱高墙的纹理、安迪在雨中拥抱自由的经典画面等光影细节均被高精度还原。在IMAX巨幕上，这些细节将被进一步放大，让观众感受到此前在小屏幕上从未注意到的视觉层次。 声音沉浸感的全面升级：IMAX的音响系统能够精准还原影片中每一个声音细节，从瑞德低沉富有磁性的旁白，到安迪播放的莫扎特《费加罗的婚礼》选段在高墙内回荡的共鸣，再到暴雨夜雷声与凿墙声交织的压迫感，声音的方位感和空间感将带来前所未有的沉浸体验。 空间压迫与释放的强烈对比：IMAX的超大银幕能够完整呈现肖申克监狱高耸的围墙和压抑的室内场景，让观众切身感受到囚禁的沉重感。当安迪最终爬出污水管道、在暴雨中张开双臂拥抱自由时，IMAX画幅带来的视觉冲击力将这种“压抑—释放”的对比放大数倍，情绪感染力远超普通屏幕。 二、经典场景在IMAX下的全新观感 屋顶喝啤酒的“自由时刻”：在IMAX大银幕上，夕阳洒在屋顶的金色光线、狱友们脸上久违的笑容以及远处辽阔的天空，构成了强烈的自由意象，使这个温暖场景的感染力大幅提升。 广播莫扎特音乐的震撼：IMAX环绕音响让这段音乐仿佛在整个影厅内回荡，观众与电影中所有囚犯一样，能真切感受到音乐穿透高墙、直击心灵的那一瞬间，体会到安迪想要分享给所有人的精神自由。 雨夜越狱的终极释放：这是全片情绪最高潮的场景。IMAX巨幕配合震撼音效，让观众仿佛与安迪一同爬过那500码的污水管道，一同在雷雨中仰天长啸，一同感受那份用19年隐忍换来的自由。 三、为什么IMAX版值得专程观看 一次“有生之年”的集体朝圣：这部长期霸占豆瓣和IMDb双榜冠军的影片，此前内地观众只能通过碟片或流媒体观看，此次IMAX公映被视为一次迟到32年的银幕奔赴，具有极强的仪式感。 老片新看，获得全新感悟：许多影迷表示，在不同人生阶段观看此片会有不同感触。在IMAX的沉浸感中，那些关于希望、体制化、自由与救赎的深刻主题，将以前所未有的情感冲击力直达人心，带来远超流媒体观看的震撼体验。 内容由AI生成"	,"安迪呢.... sfprAndy 脸上挂着奇异微笑 asranlte slecn is faoe 看着我们喝他的酒 watching us drink his bear 你可以说他想拍狱方马屁 You could argue hed done I to curry favor with the guards 或是想博取狱友交情 Ormaybe make a few fiends among us con 但我呢？ 我认为他只想重温自由 Ithink heddwust to teolnormalagain 哪怕只有一刹那 fonly fora short while. @这个夏天是椰子味的"	,"安迪呢.... sfprAndy 脸上挂着奇异微笑 asranlte slecn is faoe 看着我们喝他的酒 watching us drink his bear 你可以说他想拍狱方马屁 You could argue hed done I to curry favor with the guards 或是想博取狱友交情 Ormaybe make a few fiends among us con 但我呢？ 我认为他只想重温自由 Ithink heddwust to teolnormalagain 哪怕只有一刹那 fonly fora short while. @这个夏天是椰子味的"	,"《肖申克的救赎》IMAX版观影体验有何不同？"	,"中性"	
啤酒行业-行业-中,"2026-08-10 12:15:38"	,"app"	,,0,,,"7879922982"	,,"新浪剧评社"	,,"b0f7b829451f8df719886db36aa0e6fd"	,"https://api-app-proxy.tarsocial.com/api/token/v2/rewrite_url?url=RY-9lQQQf-5PTCjwWj_lmlCvekn3CBXxhVBFdD2pxOGoEY9BdevKGiQPo_fuPeULDF8gCg9DRWTKoKnk7beQBXsGSqHaacR2S4_CPNQ1i7Q"	,"影史冠军《肖申克的救赎》宣布将于8月28日首次登陆中国内地院线，并带来全球首度制作的IMAX版本，这将是这部经典之作32年来第一次在内地大银幕上正式公映。 一、IMAX版如何颠覆经典作品的视听体验 画面细节的极致还原：本次上映的是4K修复版，经过逐帧修复后，老胶片的斑驳划痕被抹去，监狱高墙的纹理、安迪在雨中拥抱自由的经典画面等光影细节均被高精度还原。在IMAX巨幕上，这些细节将被进一步放大，让观众感受到此前在小屏幕上从未注意到的视觉层次。 声音沉浸感的全面升级：IMAX的音响系统能够精准还原影片中每一个声音细节，从瑞德低沉富有磁性的旁白，到安迪播放的莫扎特《费加罗的婚礼》选段在高墙内回荡的共鸣，再到暴雨夜雷声与凿墙声交织的压迫感，声音的方位感和空间感将带来前所未有的沉浸体验。 空间压迫与释放的强烈对比：IMAX的超大银幕能够完整呈现肖申克监狱高耸的围墙和压抑的室内场景，让观众切身感受到囚禁的沉重感。当安迪最终爬出污水管道、在暴雨中张开双臂拥抱自由时，IMAX画幅带来的视觉冲击力将这种“压抑—释放”的对比放大数倍，情绪感染力远超普通屏幕。 二、经典场景在IMAX下的全新观感 屋顶喝啤酒的“自由时刻”：在IMAX大银幕上，夕阳洒在屋顶的金色光线、狱友们脸上久违的笑容以及远处辽阔的天空，构成了强烈的自由意象，使这个温暖场景的感染力大幅提升。 广播莫扎特音乐的震撼：IMAX环绕音响让这段音乐仿佛在整个影厅内回荡，观众与电影中所有囚犯一样，能真切感受到音乐穿透高墙、直击心灵的那一瞬间，体会到安迪想要分享给所有人的精神自由。 雨夜越狱的终极释放：这是全片情绪最高潮的场景。IMAX巨幕配合震撼音效，让观众仿佛与安迪一同爬过那500码的污水管道，一同在雷雨中仰天长啸，一同感受那份用19年隐忍换来的自由。 三、为什么IMAX版值得专程观看 一次“有生之年”的集体朝圣：这部长期霸占豆瓣和IMDb双榜冠军的影片，此前内地观众只能通过碟片或流媒体观看，此次IMAX公映被视为一次迟到32年的银幕奔赴，具有极强的仪式感。 老片新看，获得全新感悟：许多影迷表示，在不同人生阶段观看此片会有不同感触。在IMAX的沉浸感中，那些关于希望、体制化、自由与救赎的深刻主题，将以前所未有的情感冲击力直达人心，带来远超流媒体观看的震撼体验。"	,"安迪呢.... sfprAndy 脸上挂着奇异微笑 asranlte slecn is faoe 看着我们喝他的酒 watching us drink his bear 你可以说他想拍狱方马屁 You could argue hed done I to curry favor with the guards 或是想博取狱友交情 Ormaybe make a few fiends among us con 但我呢？ 我认为他只想重温自由 Ithink heddwust to teolnormalagain 哪怕只有一刹那 fonly fora short while. @这个夏天是椰子味的"	,"安迪呢.... sfprAndy 脸上挂着奇异微笑 asranlte slecn is faoe 看着我们喝他的酒 watching us drink his bear 你可以说他想拍狱方马屁 You could argue hed done I to curry favor with the guards 或是想博取狱友交情 Ormaybe make a few fiends among us con 但我呢？ 我认为他只想重温自由 Ithink heddwust to teolnormalagain 哪怕只有一刹那 fonly fora short while. @这个夏天是椰子味的；sina"	,"《肖申克的救赎》IMAX版观影体验有何不同？"	,"中性"	
啤酒行业-行业-中,"2026-08-10 12:02:06"	,"xiaohongshu"	,,0,,,"67c2a276000000000d00b80d"	,,"小红薯67C38D29"	,,"6a794d3e0000000022030e88"	,"https://api-app-proxy.tarsocial.com/api/token/v2/rewrite_url?url=cSb9xPr9PTnAREU6T0jLKsUsLLPSJ9iu21ImVmniC4WREakj5Ttz1fzcf2VPURHZME6JfahuMx04dZQE3czGIg"	,"中国小伙一个视频让巴黎文旅几十年白干#一起来笑吧#想笑就笑别憋着#专治不开心@小红薯67C38D29"	,,"来源：大师兄的表哥巴黎文旅做梦都想不到；来源：大师兄的表哥才树立起来的浪漫之都形象；来源：大师兄的表哥竟被中国小伙的一个视频就干塌房了；来源：大师兄的表哥小伙去巴黎之前；来源：大师兄的表哥充满格调的国际化都市；来源：大师兄的表哥可没想到去了之后；来源：大师兄的表哥世界闻名的艾菲尔铁塔；来源：大师兄的表哥现场看起来就跟高压电线支撑塔似的；来源：大师兄的表哥还不如成都的339电视塔；来源：大师兄的表哥而且四周都是脏乱差；来源：大师兄的表哥还不如小区楼正的小公园；来源：大师兄的表哥小伙又来到了世界著名的艺术圣地；来源：大师兄的表哥罗浮宫；来源：大师兄的表哥可没想到里面却满满的都是人；来源：大师兄的表哥原本以为很牛的艺术巨作；来源：大师兄的表哥现场一看也不过如此；来源：大师兄的表哥断臂维纳斯倒立金字塔；来源：大师兄的表哥完全没有一丁点高大上的感觉；来源：大师兄的表哥随后小伙又发现；来源：大师兄的表哥想象中的法国人是高精尖人群；来源：大师兄的表哥会遵守交通规则；来源：大师兄的表哥 REUOJA oxiigneyt 可实际上每个路口都有闯红灯的；来源：大师兄的表哥 53 路边的流浪汉更是随处可见；来源：大师兄的表哥 53 不敢想象到了晚上这里的治安有多差；来源：大师兄的表哥 amacled 电视里优雅的巴黎人都不打伞；来源：大师兄的表哥现实中打伞的巴黎人随处可见；来源：大师兄的表哥 GUINNESS otcoamo 最让人震惊的是巴黎落后的城市设施；来源：大师兄的表哥地铁天花板全是碎渣渣；来源：大师兄的表哥不动手根本出不来；来源：大师兄的表哥出站楼梯的长度和重庆不相上下；来源：大师兄的表哥却连个电梯都没有；来源：大师兄的表哥要是腿脚不好下去了可能就上不来了；来源：大师兄的表哥旅馆的电梯小到只能站下一个人；来源： 大师兄的表哥 Ascenseurs CLOMEGA 2251g3PERS 还没有我们这边传菜的饭厅大；来源：大师兄的表哥这边的物价更是贵得离谱；来源：大师兄的表哥 Ss o s anpn 305 lasalade 一盒纯素的蔬菜沙拉要40多块；来源：大师兄的表哥如果想要叉子还得额外加钱；来源：大师兄的表哥就连厕所都要收费；来源：大师兄的表哥 Bienvenue Welcome Tallettes/Tollets 2.006 -Tusday-Wednesday-Fray-Sa 5amedi 1100-1900 1200-100 十几块钱一人一次；来源：大师兄的表哥不得不说巴黎人会授钱；来源：大师兄的表哥就在路边上大小便；来源：大师兄的表哥导致满大街的屎尿屁味；来源：大师兄的表哥那气味简道让人室息；来源：大师兄的表哥这哪里还有一丝丝优雅高贵的气息；来源：大师兄的表哥 allyvh 最后小哥实在忍不下去了；来源：大师兄的表哥可没想到意大利也没好到哪去；来源：大师兄的表哥课本里景色优美的威尼斯水城；来源：大师兄的表哥现场一看全是卖东西的；来源：大师兄的表哥 SERVIZIO GONDOLE SERVI GONDOLE MNMACUOLA indola m 卖的还都是中国制造；来源：大师兄的表哥河水的清理也不到位；来源：大师兄的表哥还有一股很浓的臭水沟的味道；来源：大师兄的表哥 EE 在这里玩；来源：大师兄的表哥；来源：大师兄的表哥 CAF 完全不敢把包包背在背后；来源：大师兄的表哥一个毫不起眼的桥墩子；来源：大师兄的表哥就成了美好爱情的打卡地；来源：大师兄的表哥 SERVIIO GONDOLE GONDOLE HHAICLOLA 坑你更是没商量；来源：大师兄的表哥看到这里；来源：大师兄的表哥 BUS 现在是觉得眞没必要跟钱过不去"	,"中国小伙一个视频让巴黎文旅几十年白干#一起来笑吧 #想笑就笑别憋着 #专治不开心"	,"中性"	
啤酒行业-行业-中,"2026-08-10 11:55:58"	,"shipinhao"	,,0,,2,"v2_060000231003b20faec8c4e08d1fc1ddc701ea3db07789d6ca2024da78103d69b6b47256dd0a@finder"	,,"史蒂芬蛤"	,,"14984857016019192189"	,"https://api-app-proxy.tarsocial.com/api/token/v2/rewrite_url?url=gjNuLr5_-MvAp7v5xK4WxbISWP4nLLH9uEH9Es6UC9aXhBocmrmHvA3iepBv5HMiuqHM9boBv8W7gJEKCY_ewTYZl3Lq1Sp8pLwvPTu_0HiwszfCDC0YTBwz9uyhSBS_tbwFZJ3GaDvWIlPFtE5lmeUoU7LxzQxkY1v5yIXKFOWjvARoDcdE4jDlOujMzRdBSClESbEwvKC1cX0ue_1zPEdRXdVef9B6jDSqe_FTZvy06gGj8dWTEG8cpWTiO0ya"	," 青岛台东海鲜炒饭的王#青岛旅游#青岛美食#海鲜大排档 "	,"森林"	,"森林来青岛必吃的炒饭；Su 13年开的时候；S'HALDOS 是在那边很小很小那个屋子；森村这味道他就没变过；一定要来他家；鲜大神档小董事长这么小就知道给家里干活；森林海鲜大排档小董事长这么小就知道给家里干活；元的好不梦岛营口路海鲜市场盛果品口路青岛营口路海鲜市场；上超级密室 8863 营业中专卖店市场老华干鲜果品口路农执市场我要去我一个经常去的一家；品啤酒代发藏在居民区巷子里；森林我是选择了两种模式；一种是我去买我想吃的海鲜；森林娜还有一种就是在店里点菜；想吃点活物去海鲜市场吧；口路海鲜吉 17:45 好现在啊；路海鲜市场营口路农贸市场酒馆上楼岛脂清岛脂渣肉就来到了营口路海鲜市场；营口路海鲜市营口路农贸市场欢喜酒馆由此进入请生学肉就来到了营口路海鲜市场台；7503 100100M 选海鲜一定去这种人扎堆的地方；选海鲜一定去这种人扎堆的地方；本地人都会来买的；15两根1515两根；两个香做香辣蟹；这两个馅的80是红岛的吗；对这么多的红岛；活这鲍鱼好大；女卖污染直接生吃今天跟老板亲自来挑生蚝；都有点想现场吃一个；品名单位加工方式价格（元） 品名单位加工方式价格（元） 水煮 5元／份八带拌/醬理 20元/份辣炒 10元/份 2斤内贝光类 25元/份清燕 10元/份 2斤内 30元/份海鲜 25元/份消燕 25元/条 20元/份半斤鱼类油泼/江烧 25元／条 2斤／条 20元/／份干炸 25元／条个 6元／个白灼 5元／份个 5元/个虾 2斤内 25元/份油泼 5元/个油焖 25元/份老虎虾浇汁 5元／个清凌 20元/只清燕 15元/份 5元/个 2斤内 25元／份 R个贝生睫 10元/只 25元/份海参煎烧 10元／只清燕 10元/份红烧 10元/只虾虎 2斤内 25元／份生吃 10元／个个风址 35元/份海吧 10元/个 2斤内 30元/份海晒吃吃 60元面包鲜一吃 50元帝王 100元 100元 30元我们青岛这个加工费啊大龙师 100元 3元/碗真2元/套；海鲜加工价格公加工方式价格（元） 品名单位品名单位加工方式价格（元） 葱拌 20元／份水煮 5元／份八带 2斤内酱爆 20元／份辣炒 10元/份贝壳类清蒸小龙虾 2斤内麻辣/香辣 30元／份 10元/份 2斤内海鲜油泼 25元／份清蒸 25元/条半斤- 酱爆 20元／份鱼类油泼 25元/条 2斤/条葱拌 20元／份红烧 25元／条牡蛎个蒜蓉 5元／个白灼 5元／份夏威夷贝个蒜蓉 5元／个虾香辣 25元／份油泼 2斤内 5元／个鲍鱼浇汁油焖 25元／份 5元／个老虎虾蒜蓉清蒸 5元/个 20元／只只生吃清蒸 10元/只 15元／份螃鲜每种烹饪方式都有对应的加工费啊 25元／份红烧 10元/只香辣；64 合计金司务员啊加工费是25；比服务员动金额香辣虾嘎啦辣炒是10块钱啊；然后咱也是买了10块钱的嘎啦；做好了香辣虾；哇新鲜就吃腻了；那水煮的弹弹弹；森林；适度调味没有破坏到虾原来的鲜香；这个红油好诱人；它这个面底是用了一个刀削面啊；蟹子呢；就是我刚才在市场里买的那只；森林我怎么感感觉这回到我们香港湾仔了；森林那边哇；森林这个咸香口的；森林让我想起了沈阳的那个麻辣面；保林东站的麻辣面切面；这边应该是挂了双护；森很家常的感觉；森太刚才那个姐她她选蟹子；的时候你看她就就选这种特别肥的呢；肉都能挤出来；森林跟吃主食一样；森林这蟹子台东的头子；森林哈哈调味适中；森林保留了蟹原有的鲜味；我感觉他那个蟹面上挂那个欠；森林吃起来有点意思；生蚝就刚才买的那个对点的；是不是有点多了；但是来青岛这几样都要吃纯生哎；丽尊来青岛得哈口哈口；丽尊要点纯生啊；丽尊晚上工作；哇哇哇哇哇哇；好诱人呐；还是比较鲜嫩的；大概是五六分熟；森林在厨艺上面还是真的很可以的；韭菜炒海肠；这是在海肠捞饭之前；更原始的一种吃法哦；森林用的花生油炒的；山东这边炒菜都用花生油；森林你们吃海肠捞饭；你们都一小丢一小丢的吃；什么叫海肠；自由来那海肠捞饭都是弟弟哎；我们拿韭菜炒完了；我今天给你表演一下啊；刚才买的红烧嘎啦；森林炒完了吃嘎啦喝啤酒；森林哈哈一口嘎啦一口啤酒；酱爆笔管鱼；酱爆笔管改的花刀还可以；森林带籽的吃起来这口感跟大米一样；它这个改刀就能看到里面都是冒籽的；森林这是这条街最讽的炒饭；森林哦脆；森林特别脆他保留了鱿鱼的脖子；特别脆；炒饭的外观是一粒是一粒的；他能做到多少年的不变味道；森林他能做到多少年的不变味道；这功力是太稳了；森林这炒饭一会我打包走；这炒饭回去你第二天早上再一热；更香了"	,,"正向"	
啤酒行业-行业-中,"2026-08-10 11:48:17"	,"weixin"	,,0,,,"gh_12f0ad51d209"	,,"建中扶阳说"	,,"41c8227642d64c6b9d5a930ea9ff9215"	,"https://api-app-proxy.tarsocial.com/api/token/v2/rewrite_url?url=ryvtVZGI0kwNMQMjScxChHMj18_IKWB2dkqh0RSXiVqqmWunyS520hZZZ1yMYtY_FRjDX7ebSnW1FCQfw6SK-QkCliKqP4CnKUlT0blx2LMnHXoYF3LcKAV5XbF4iLzD2byU16BmSv6PxrLE_z355Q"	,"舌头边缘有一圈整齐的“啤酒盖”齿痕，别一上来就吃参苓白术散。 中医大夫提醒：这往往不是普通脾虚，而是脾阳虚、寒湿重。脾胃火力不够，水汽代谢不出去，把舌头撑大了，自然留下齿印。 怎么判断是不是这种体质？
看舌头：舌体胖大，边缘有整齐齿痕；舌苔白滑水润，舌质偏淡。
看身体反应：特别怕冷、手脚冰凉；吃点凉的就容易腹胀拉肚子；大便黏腻不成形。要是吃了参苓白术散反而口苦、长溃疡，那更是吃错方向了。 调理得一边点火一边排水。
文章给了一个两味药的搭配：
桂枝：像一把暖火，负责温阳散寒，补足脾胃火力。
茯苓：像一把扫帚，负责把化开的寒湿废水排出去。 不过要注意，阴虚火旺、舌红少苔、口干盗汗的人绝对不能碰桂枝。这方子只适合脾阳虚寒湿重的人，千万别自己瞎抓药，最好找大夫面诊。"	,"这种一圈·啤酒盖“齿痕舌干万别再乱吃参苓白术散！ 两味简单药材，对症调理见效超快！"	,"这种一圈“啤酒盖“齿痕舌千万别再乱吃参苓白术散！ 两味简单药材，对症调理见效超快！ 公众号·建中扶阳说；杏林舌诊名医杨晓东深耕中医舌诊近30年中医内科男科专家，三代针灸传人师国内著名中医针灸理线专家张文进第一届中医十大名师贾太谊河南三甲医院，全网粉丝近200万擅长领域： 针灸+中药治疗内科脾胃、男科阳萎、早泄、前列腺炎，精囊炎，耳茸、失眠、风湿关节病等研究出杨氏针法，还在针灸基础上结合生物材料延伸出杨氏埋线疗法。；公众号·建中扶阳说；本内容仅为中医健康科普分享，仅供参考不做用药及诊疗依据，每个人体质不同，辨证因人而异，切勿自行盲目买药乱吃，身体不适请线下找专业医师面诊调理。"	,"这种一圈\x26quot;啤酒盖\x26quot;齿痕舌 千万别再乱吃参苓"	,"中性"	
啤酒行业-行业-中,"2026-08-10 11:47:14"	,"shipinhao"	,,0,,,,,,,"14984852619892099721"	,,,"纱布滤水"	,"@爆料科学危险操作请请在专业指导；@爆料科学接下来的实验会惊掉你的下巴危险操作请请在专业指导棵作；往可乐里倒入喝剩下的牛奶危险操作请勿模仿请在专业指导下操作；拧紧瓶盖冷静一会危险操作请勿摸仿请在专业指导下操作；危险操作请勿摸仿请在专业指导下操作；底部还产生了许多不明沉淀物危险操作请勿摸仿请在专业指导下操作；害伯看完还敢牛奶可乐一起喝吗危险操作请勿摸仿请在专业指导下操作；LIKEYOU 欢你在女孩面前放一个玻璃杯危险操作请勿模仿请在专业指导下操作；喜欢你 LIKEYOU 往杯里倒入清水危险操作请勿摸仿请在专业指导下操作；喜欢你 LIKEYOU 危险操作请勿模仿请在专业指导下操作；LIKEYOU 欢你这就是光的折射造就浪漫小魔术危险操作请勿模仿请在专业指导下操作；LIKEYOU 欢你危险操作请勿模仿请在专业指导下操作；DOUBLE 绿丽口香糖单片装 WRIGLEY'S 将口香糖里的锡箔纸剪成这样的形状危险操作请勿模仿请在专业指导下操作；两端分别对准电池正负极危险操作请勿模仿请在专业指导下探作；@爆料科金属锡纸短路聚热起火危险操作请勿模仿请在专业指导下探作；就能轻松实现野外应急生火危险操作请勿模伤请在专业指导下探作；@爆料科学危险操作请勿摸仿请在专业指导下操作；麻爆科科学往杯中缓缓倒入自醋危险操作请勿模信请在专业指导下操作；@爆料科学危险操作请勿模仿请在专业指导下操作；危险操作请勿模仿请在专业指导下操作；@糕料科学危险操作请勿模伤请在专业指导下操作；鸡蛋就变得富有弹性了危险操作请勿摸仿请在专业指导下操作；把一张卡纸用铅笔卷成圆筒状危险操作请勿模仿请在专业指导下探作；把一张卡纸用铅笔卷成圆筒状危险操作请勿模伤请在专业指导下操作；点燃纸筒顶端危险操作请勿摸仿请在专业指导下操作；@悦料科学浓烟受气流与重力影响向下垂落危险餐作请勿模伤请在专业指导下操件；@燃料科学危险檬作请勿模伤请在专业指导下操作；打造出氛围感十足的烟雾瀑布危险操作请勿模仿请装业有车下推；用玻璃杯在啤酒瓶口打圈摩擦危险操作请勿模仿请在专业插导下操作；轻轻一磕危险操作请勿模仿请在专业指导下操作；瓶中绽放出一朵朵蘑菇云危险操作请勿模仿请在专业指导下操作；啤酒快速喷涌而出危险操作请勿摸仿请在专业指导下操作；@爆料科学危险操作请勿摸仿请在专业指导下操作；把纱布一高一低放进杯子里危险操作请勿模仿请在专业指导下操作；恒博科科学污水顺着纱布慢慢渗过去危险操作请勿模材请在专业指导下操作；流出来的就是清水危险操作请勿模仿请在专业指导下操作；@爆料洁这就是毛细现象危险操作请勿摸仿请在专业指导下操作；将吸管浸满水后架在两个杯子之间危险操作请勿摸仿请在专业指导下操作；水会缓缓抽入另一个空杯里危险操作请勿模仿请在专业指导下操作；这就是虹吸现象危险操作请勿摸仿请在专业指导下操作；盘子里放一把过期的彩虹糖危险操作请勿模仿请在专业指导下操作；国爆科科学摆成一个圆圈危险操作请勿摸仿请在专业指导下操作；@爆料科在中心倒入生命的源泉危险操作请勿摸仿请在专业指导下探作；@爆料科学一轮美丽的彩虹漩涡就出现了危险操作请勿模仿请在专业指导下操作；@爆料科激光笔照射清水危险操作请勿模仿请在专业指导下操作；@爆料看不清有光路透过危险操作请勿摸仿请在专业指导下操作；爆料科学往水里滴入少量牛奶危险操作请勿模仿请在专业指导下操作；@爆料科学水中就浮现一道清晰笔直的光路危险操作请勿摸仿请在专业指导下操作；@爆料科小水中就浮现一道清晰笔直的光路危险操作请勿模仿请在专业指导下操作；@爆料科学用棉签沾取一点牛奶危险操作请勿模仿请在专业指导下操作；@爆料科在纸上写下你想说的话危险操作请勿模仿请在专业指导下操作；将纸张置于火焰上方低温烘烤危险操作请勿模仿请在专业指导下操作；@爆料科学将纸张置于火焰上方低温烘烤危险操作请勿模仿请在专业指导下操作；31 @爆料科学危险操作请勿模仿请在专业指导下操作；1314 @爆料科学这就是趣味无字天书实验危险操作请勿模仿请在专业指导下操作；不如带孩子亲自实验一遍危险操作请勿摸仿请在专业指导下操作"	,,
啤酒行业-行业-中,"2026-08-10 11:45:35"	,"douyin"	,,0,,,"4456765497546217"	,,"尤耀阿里健康"	,,"7672244089416387894"	,"https://api-app-proxy.tarsocial.com/api/token/v2/rewrite_url?url=UxI1mE1VtivWWENn8adpDmG3kF8SwGcheiC2XVx5H1kp4V2ecNsvfXBHWVZYFw1DWlqHGNhxNJu4M05s-wxfxw"	,"中老年宠物走两步就趴地上？别等瘫痪再补救，每天喂它小吱养骨素"	,"无论是大狗狗还是小狗狗"	,"无论是大狗狗还是小狗狗|上了年纪总会出现这种情况|与其等晚了才心疼|不如现在就呵护狗狗关节|软骨素一定要给它补起来了|它小哎家这个软骨素|宠物营养补充剂 S 它小哎家这个软骨素|龙物营养补充剂 ：绿唇始贝氨糖养骨素 对象：全年龄段犬、猫关节健康的营养补充。 料组成：葡萄糖胺盐酸盐（氨基葡萄糖）、骨源磷酸氢钙、鱼 油、绿唇贻贝、姜黄、胶原蛋白、鸡肉粉、啤酒酵母粉。 添加剂组成：硫酸软骨素、葡萄糖酸锌、L-抗坏血酸（维生素 素B.）、核黄素（维生素B）。 成分分析保证值 二甲基矾（MSM）≥90mg/kg ≥80mg/kg ≥220mg/kg 盐酸硫胺 ≥60mg/kg 硫酸软骨素 ≥180mg/kg 核黄素 $10% 葡萄糖酸锌 ≥150mg/kg 维生素C 水分 ≥6万IU/kg 维生素A 22万IU/kg 维生素D 注意事项 有害等污染物混贮。 它里面的主要成分呢|宠物营养补充剂 名称：绿唇贻贝氨糖养骨素 适用对象：全年龄段犬、猫关节健康的营养补充。 原料组成：葡萄糖胺盐酸盐（氨基葡萄糖）、骨源碳酸氢钙、鱼 油、绿唇贻贝、姜黄、胶原蛋白、鸡肉粉、啤酒酵母粉。 添加剂组成：硫酸软骨素、葡萄糖酸锌、L-抗坏血酸（维生素 C)、维生素A、维生素D、二甲基矾（MSM）、盐酸硫胺（维生 素B.）、核黄素（维生素B） 成分分析保证值 二甲基矾（MSM）≥90mg/kg ≥80mg/kg 220mg/kg 盐酸硫胺 260mg/kg 硫酸软骨素 ≥180mg/kg 核黄素 s10% 葡萄糖酸锌 ≥150mg/kg 水分 维生素C 26万lU/kg 维生素A ≥2万IU/kg 维生素D 注意事项 光、通风、清洁的环境不 贮存条件及方法：应贮存在子 代替药物：请将木 与有毒有害等污染物混贮。 如个别出班 违项：本品限用于犬、猫 单及处：每只爱宠体 就是硫酸软骨素|能够很好的呵护狗狗的关节|特别是它又做成了这种片剂的质地|H 伊 安业认证雅我护产 一天吃上几颗|作为狗狗|还是蹦蹦跳跳才快乐|1 4 上 铲屎官们赶紧安排起来吧|物营养补充剂 红 铲屎官们赶紧安排起来吧"	,,"中性"	
啤酒行业-行业-中,"2026-08-10 11:33:35"	,"xiaohongshu"	,,0,,,"665f1ed8000000000d027282"	,,"吗喽户外徒步计划"	,,"6a79468f00000000050339f6"	,"https://api-app-proxy.tarsocial.com/api/token/v2/rewrite_url?url=cSb9xPr9PTnAREU6T0jLKsUsLLPSJ9iu21ImVmniC4WcAZCnfxbvD_tTlwI8CK5gW2GdpKHPFn8T3KAlU2kRDA"	,"别人在空调房刷手机我们已在3666米云端看流星砸进银河里。8月12日13日英仙座流星雨极大值恰好撞上牛背山无月夜——无光污染、无月光干扰每小时上百颗流星划过脚下云海翻涌身侧贡嘎雪山矗立。为何今年非冲不可牛背山本就是“中国蕞大360度观景平台”暗夜等级够黑肉眼可见银河垂落。今年极大值在8月13日中午但国内蕞佳窗口是12日22点至13日黎明前。我们特意选凌晨开爬一路星河铺路登顶后正好衔接黎明前流星蕞密集的时段——那种“流星比哈欠还多”的体验看一次记一辈子。行程速览集合19:00九兴大道B口交通正规空调旅游车4h直达泸定夜徒凌晨02:30热身开爬6km精华线悦山长廊乾坤岭青云道光明顶登顶约06:30到3666观景台静候云海日出日照金山仪式08:30发放登顶纪念奖牌合影留念手机拍流星照着调安卓专业模式ISO32006400快门30秒对焦无限远白平衡4000K必须上三脚架间隔连拍苹果NightCap或ProCameraISO拉满曝光30秒同样要三脚架。小技巧朝北斗星方向拍流星密度更高关闭闪光灯和屏幕亮度别让手机光毁了别人的长曝光。私藏出片机位①星空观测台——长曝光拍人像剪影星空作背景②云海观景台——蓝调时刻云海自带柔光③360观景台——贡嘎银河同框封面级构图④乾坤岭弯道——云海流动感适合慢门视频⑤光明顶平台——日照金山与流星余迹一起入画夜徒生存重点①节奏02:30准时出发全程缓坡别冲太猛海拔爬升快容易高反②补水随身带500ml温水每停一次喝两三口别等口渴再喝③穿衣速干打底抓绒中间层防风冲锋衣山顶体感接近0手套和毛线帽必须戴冷风灌头真的会炸④下山6km石板路弯道护膝一定要系紧侧身慢走别跑跳⑤应急头晕恶心立刻停下找领队要氧气瓶团队配急救包和卫星电话团期有限山上的星空不等人。328元换一场被流星砸中的云海之夜——这笔账怎么算都值。#成都周边#成都周边游#成都周边徒步#成都周边两日游#成都周边游推荐#流星#英仙座流星雨#牛背山#牛背山云海#放氧俱乐部"	,,,"328元解锁牛背山英仙座流星雨C位攻略"	,"中性"	
啤酒行业-行业-中,"2026-08-10 11:32:33"	,"toutiao"	,,0,,,"108800959720"	,,"岩心说"	,,"7672240684606374402"	,"https://api-app-proxy.tarsocial.com/api/token/v2/rewrite_url?url=1YusuDMvr9od4K_K1MN8ml17rEfkAea0gAdcR6CW8DyL5BTqpg5Hc5yJzWARe2Ypckwba90TJk-HOJd0_Cb5AA"	,,"你车上的天窗 The sunroof on your car"	,"你车上的天窗你车上的天窗 The sunroof on your car；问你个问题问你个问题 lesti；问你个问题天窗到底是干嘛用的天窗到底是干嘛用的 What the hell is a skylight for?；还是兜风耍帅的装饰 Looking at the stars or going for a ride and playing；顶级实用配置 9*9的人把一个顶级实用配置 9*9peopleput a toppracticalconfiguration；多看驾驶技巧多看驾驶技巧 Look at driving skills；你的大脑会越来越聪明你的大脑会越来越聪明 Yourbrainisgettingsmarter；我将带你掌握每一个驾驶小技巧 willtakeyoutomastereverydrivingtip；其实天窗根本不是为了浪漫设计的 In fact""skylights are not designed for romance eatall；BYO BYD BYD BYD 它的本质是一台装在 Its essence is chineinstalledin；物理抽风机 BYD BYD DYD 车顶的物理抽风机 Physical exha theroof；换气换气 ventilation；巨做应急和救援准备请勿模仿关键时候还能当逃生通道救命 It-can also be used as an escape route to save lives in critical times；巨做应急和救援准备请勿模仿逃生通道救命关键时候还能当逃生通道救命 It can also be used as an escape route to save lives in critical times；路平安可以在评论区留言一句 You can leave a message in the comment area.；保佑所有车主都平平安安 May all carowners be safe；今天一条视频 A video toda；天窗的正确用法告诉你天窗的正确用法 Tell youthe correctuse；车行万里无险情车行万里无险情 Thereis no danger inthe；很多人会说 Many people will say；我开车窗不行吗？ 换气我开侧窗不行吗 Can I openthesidewindowforventilation?；你试试高速上把侧窗打开就知道了 Just tryopening thesidewindow on thehighway and you'llknow；像有人把低音炮贴在你耳膜上 Like someone stickingasubwooferto youreardrum；这就是亥姆霍兹共振 This is the Helmholtzresonance；车厢和外面的气流形成了共振腔 The compartment resonateswith the airflow outside；跟你对着空啤酒瓶吹气是一个道理 It'sthe same as blowingintoatemptybeerbottle；跟你对：着空啤酒瓶吹气是一个道理 It's the same as blowinginto an empty beerbottle；车速越快越难受 The faster you go"" the worse；多数人一上来就全打开 Most people open it as soon as they come up；其实最实用的是后端翘起一条缝 In fact""themost practical is to tilt a seam at the back end；外面的气流从车顶高速切过去 The air from outside cuts through the roof at high speed；流速快压强低 Fast flow rate and low pressure；车里闷着的浑浊废气直接被抽出去 The turbid exhaust gas stuffed in the car was directly pumped out；不用风扇不用电 No fan""no electricity.；15:09 这就是为什么老司机 This iswhy theold driver；跑高速不爱开空调 I don't like to turn on the air conditioner when running at high speed；省油工 Kmih. 20 09:52 ETCI人工称重省油安静 Fuel efficient and quiet；再聊一个夏天 Let's talkaboutanother summer；洗车行衣车在太阳下暴晒 The car is exposed to the sun；座舱温度直接飘升 00009 000.0： 8.8888 座舱温度直接升 The cockpit temperature directly soared；热浪像开烤箱一样扑面而来 Theheatwavehitslikeanoven；三兰房直接子三言这时候直接开空调 the airconditioner directlyat this time；压缩机得疯狂问候你 Compressor's crazygreetings to you；天窗全开但你要是先把天窗全开 Butifyouopenthe sunroof first；再把对角的车窗开到底 Openthediagonalwinaowsto thebotterm；烟卤效应这就是烟肉效应 This is the chimney effect.；排气道一个原理跟家里厨房的排气道一个原理 Same principle as the exhaust duct in the kitchen at home；温鹰降十来度十几秒就能让温度降十来度 The temperature can drop by ten degrees in more than te secohds；温度降十来度降温效率比纯开空调高得多 Thecoolingefficiencyismuchhigherthan；还有几个你不知道的实用技巧 Here area fewmore practical tips you may not know about；前车的尾气全给你抽进车 All the exhaust from the car in front is pumpedintothe car for you；天窗翘条缝这时候天窗翘条缝 this time""the skylight is warped；废气根本进不来废气根本进不来 Exhaust gas can't get in at；天窗翘起配合暖风 The skylight is tilted up to match thewarm air；A/C 比你单按除雾键还灵 It's better than just pressing the defogging button.；玻璃不糊人也不阀人也不闷二 People are not bored；??? ？？? 很多人不知道 Many people don't know；紧意逃生口紧急逃生口 Emergency exit；车门被水压死死顶住 Thedoor isheldupby water pressure；天窗是天窗很可能就是你最后一条出路 The skylightmaywell be your last resort；天窗是你最后一条出路天窗很可能就是你最后一条出路 Theskylightmaywellbeyourlastresort；机械应意装置机械应急开启装置 Mechanicalemergency opening device；那个小拨片或者内六角孔 That tittle pick or inner hexagon hole.；用户手册为安全和好起元 PRIUS 田 TOYOTA丰建议大家现在就去翻用户手册 suggestyou read theusermanual now；应急开关位置用户手册请付试共为安全和活和究 PRIUS TOYOTA丰田找到应急开关的位置 Locate thelocationoftheemergencyswitch；另外车辆侧翻或者严重碰撞 In addition""the vehicle rollover serious collision；车门变形卡死的时候 When the door deforms and gets stuck；天窗也是救援破拆的最优入口 Skylights are also the best entry point for rescue and demolition；钢化玻璃用破窗器一敲就碎 Break itwithawindow breaker；最后扯一个流传很久的误会 inally roke up a misunderstanding thathas been；很多人说天窗容易漏水 Many people say that skylights are prone to leaks；这真是天大的冤枉 This is a huge injustice；不是完全闲封天窗本身就不是完全密封的 Theskylightitselfisnotcompletelysealed；雨水会顺着导流槽流到排水孔 Rainwater flow down thediversion tamk to the drain hole W；一滴都进不来正常情况下一滴都进不来 Under normalcircumstances""notadropcanget；车里漏水十有八九是 Water leaks in the car nine times out of ten；给大家3条保养建议 Here are 3 maintenance suggestions for you；天窗轨道半年清洁润滑一次 The sunroof track is cleaned and lubricated once every six months；喷点专用润滑脂 Specialgrease for spray point；密封条每年用硅脂擦一遍 The sealing strip is wiped with silicone grease everyyeai；以防老化开裂以防老化开裂 preventaging and crack；越放越容易坏 ou put it""the easier it is to break；轨道卡涩 Track card astringent；每月开关几家每月开关几次 times a month；说句实在的 To be honest；赶紧翻出说明书 Quickly turn out the manual；100 120 紧意机械位置找到紧急机械开启的位置 Find the location where the emergencymachinery is turned on；1921#31# 文明岗希望你永远用不上 Hopeyounever ne；你有没有遇到过天窗漏水的情况 Have you ever encountered a leaking sunroof?；欢迎在评论医分享欢迎在评论区分享出来 Welcometoshareinthecommentarea；点赞收藏点赞收藏 likecollection；每天一个小技巧每天学一个实用驾驶小技巧 Learnapracticakdriving tipeveryday"	,"你车上的天窗多久没用过了？"	,"中性"	
啤酒行业-行业-中,"2026-08-10 11:07:00"	,"weixin"	,,0,,,"gh_76dd9e0a7e25"	,,"湖城向东看"	,,"0c96f7ebb41156bb0c6863134ead6dd5"	,"https://api-app-proxy.tarsocial.com/api/token/v2/rewrite_url?url=6aVl6GUIQLryQhKva5PXt32UEkjCcnZFc3QSsl5g75RclE8wg3fzeP4Ipb4ADYvpKY3jZhxUHyvZ9x_W33F9pJuVmX_XxJZj7jI0FBI1Jj-84rCOZngcKAds2QWpTbRTYSSDRmX3m15saim7UkoL6w"	,"今年第13号台风“白海豚”来势汹汹目前台风影响仍在持续台风登陆并不代表风险解除八里店镇全镇上下时刻绷紧安全弦保持高度警惕全力以赴筑牢防汛防台坚固防线▲路面排涝▲人员转移及巡查▲电力抢修▲地下车库封堵八里店镇将持续紧盯台风动态抓实抓细各项防范应对措施时刻绷紧安全防线全力以赴守护人民群众的生命财产安全湖城向东看综合整理"	,,"灭火器箱；监理办公室北照原浆汤；K；台风登陆后要注意啥？ 编者按强大的破坏力，即使半台风登陆后会发生什么？ 结局1一减弱消亡台风的逐渐消亡主要有两方面的因素一方面，相消台更加量导致其减弱风补男一为：油雨上足水汽不断为食会不断减弱消亡结局2一变性成温带气旋取而代之的是冷会国变性后并不代支其风两形的减调、相旋激发出更强的能量，带来更强时风暴雨。 登陆≠结束至特大暴雨，以及雷暴、局地龙卷风等强天气。 停编≠消亡积涝，以及中小河流库增溢坝、跨坝等气象灾害和衍生灾害加河防范暴雨了解气象部门发布的暴雨预报、预道息最亲尽漫减少州出，当斤电源，防止积水带电伤人存祝水过止路行进、现注意意观察，使用雨伞生危险行军水过涤时，应尽量绕行，不可贸然闯过汽车在积水中处， 困车辆到高处等待救援次生地质灾害 ·强腾重表临时，不要前往山区，也不要在方向往上游或下游跑， 泥石流方向垂直的两侧山坡上爬人一类模搏国建的开闭地停自，我相住身找；中国气象气象灾害防御明白卡台风登陆后别大意， 警惕这些风险！ 高危隐患城市排水系统过载，地下车库、隧道及低洼路段易积水，井盖易移位脱落。 大风导致树木倒伏、广告牌坠落、电线断裂等，停水停电修复周期长。 积水污染易致细菌、寄生虫感染，虫媒传染病风险加剧中国气象局气象宣传与科普中心（中国气象报社）出品；中国气象气象灾害防御明白卡居家指南检查家中插座开关，确认干燥完好再恢复供电，发现短路问题及时联系专业人员。 检查清理房屋，确认屋外无裸露断线再进入，仔细检查房屋是否裂缝、漏水，及时进行维修。 确保饮食卫生，饮用水受到污染要立即进行消毒，切忌喝生水，不吃被水浸泡的食物，餐具煮沸消毒。 不擅自回家，当台风预警信号解除后，在撤离地区安全后才可有序返家。 中国气象局气象宣传与科普中心（中国气象报社）出品；气象灾害防御明白卡中国气象出行指南不涉不明积水，水深过膝不徒步，绕开有漩涡的区域。 谨慎驾车，开车时，谨慎通过立交桥下、 涵洞等地势低洼易积水区域。 远离松动、破损的广告牌或倒伏的树枝， 避开峡谷、溪谷、江河堤岸易出现山体滑坡、水位上涨的区域。 中国气象局气象宣传与科普中心（中国气象报社）出品"	,"台风影响仍继续 八里店镇筑牢安全防护屏障"	,"中性"	
啤酒行业-行业-中,"2026-08-10 10:55:20"	,"douyin"	,,26,343,1,"60064727108"	,7,"桑林"	,18,"7672231161020900069"	,"https://api-app-proxy.tarsocial.com/api/token/v2/rewrite_url?url=UxI1mE1VtivWWENn8adpDmG3kF8SwGcheiC2XVx5H1nJAyHrj_d2ExChawaL1-pWpq43isKI_ecXxekifpWC-w"	,"当你珍惜拥有 顺利与福报自会随行#生活碎片"	,,"优酸乳优酸乳优酸乳#############################################EN ORIGKaisarking雪花啤HUA PI8Rgfe-WeiBbier燕京U8优爽小壁特育hel扫码开音盒欢乐北京京####################守护蓝天扣绝污染####################一县开#堂儿安贸会全中六六共中静的#####"	,,"中性"	
啤酒行业-行业-中,"2026-08-10 10:32:24"	,"toutiao"	,1,0,,,"2649153965663771"	,,"古建里的烟火故事集"	,,"1873101869122570"	,"https://api-app-proxy.tarsocial.com/api/token/v2/rewrite_url?url=1YusuDMvr9od4K_K1MN8mlDDzP1nPFJ1ypc-UlWqfKBdnVFdKWeMTyYSvHzi-iVnv5-jfnomQNL9izyYyAEAZA"	,"莲花池的枯荣与北京的城水密码
很多人都以为北京城的根是故宫，或是八达岭长城，其实都不是——真正的源头，反倒藏在不少老北京人夏天遛弯赏荷的莲花池里。
历史地理学家侯仁之先生早就说过一句很有名的话：“先有莲花池，后有北京城。”
这话可不是随口一说。
这池子古时候叫西湖，是永定河旧河道留下的遗迹，底下泉眼密密麻麻数都数不过来。三千多年前春秋战国时期的燕国蓟城，全城的供水几乎全靠它撑着。
北魏郦道元写《水经注》时，还特意把它记成“燕之旧池”。从池子里流出去的水就是莲花河，古时候叫洗马沟，说它是实实在在养着北京城长大的母亲河，一点都不夸张。
到了金代，海陵王完颜亮在1153年迁都燕京，把这里改名为中都，这背后还藏着个挺有意思的小故事。
传说他当年在老家上京种了两百株莲花，结果全给冻死了。刚好有大臣跟他说，燕京那地方地气暖，能种活莲花。他干脆就借着这个由头下定了迁都的决心，还在池子里种满了荷花。
也正是从那时候起，原来的“西湖”才慢慢改叫莲花池，继续当金中都最重要的供水命脉。
可惜到了元代修建大都城的时候，莲花池的水量已经撑不起整座新城的用水需求了。朝廷便把主要水源地换到了高粱河水系，莲花池也就慢慢失去了皇家供水地的地位。
之后几百年，它的境况越来越差：从早年大家踏青游玩的野水地，变成了养鸭场，后来甚至成了倾倒垃圾、排放污水的臭水坑。到上世纪70年代，这里干脆彻底干成了平地。
说“水兴则城兴，水枯则城废”，莲花池这几百年的起起落落，就把“水定城、水养城”的道理讲得清清楚楚。
要是就这么一直荒废下去，估计现在根本没人记得它是北京城的根了。就在这紧要关头，侯仁之先生站了出来。
1993年规划建设北京西站时，最初的方案是直接把站房盖在已经干涸的莲花池原址上。
侯老急坏了：这可是北京城的根啊，根都给埋了，后辈还怎么知道自己住的这座城市是从哪里来的？
他四处奔走，多方呼吁，硬是把这个规划拦了下来，把这处差点被推土机推平的历史地标保住了。
现在再去莲花池公园逛，谁能想到几十年前这里还是个干巴巴的臭水坑？
如今公园的水域面积有12.6公顷，一到夏天满池荷花全开，每年办的荷花节，老北京人都爱拖家带口去凑热闹。
园子里的侯仁之纪念角和北京西站就隔了一堵墙，一边是车水马龙的现代交通枢纽，一边是静静躺了三千年的城市源头。
两个地方遥遥相对，就像在凑在一起唠嗑，把北京城从古到今的故事慢慢讲下去。
你站在池边吹着风看荷花的时候，低头看见的哪里只是一池水啊，分明是这座城市流淌了三千多年的血脉。
之前逛过莲花池的朋友，你们之前知道它居然是北京城的生命源头吗？

"	,,,"莲花池的枯荣与北京的城水密码
很多人都以为北京城的根是故宫，或是八达岭长城，其实都不是——真正的源头，反倒藏在不少老北京人夏天遛弯赏荷的莲花池里。
历史地理学家侯仁之先生早就说过一句很有名的话：“先有莲花池，后有北京城。”
这话可不是随口一说。
这池子古时候叫西湖，是永定河旧河道留下的遗迹，底下泉眼密密麻麻数都数不过来。三千多年前春秋战国时期的燕国蓟城，全城的供水几乎全靠它撑着。
北魏郦道元写《水"	,"中性"	
啤酒行业-行业-中,"2026-08-10 10:27:16"	,"toutiao"	,7,0,,,"2779201146464558"	,,"智者纳河3o1"	,,"1873101545817091"	,"https://api-app-proxy.tarsocial.com/api/token/v2/rewrite_url?url=1YusuDMvr9od4K_K1MN8mlDDzP1nPFJ1ypc-UlWqfKAgMXSy9bFJBjmfOh_yIe9H0v6QtRNzjbX_sQvfAzAGbQ"	,"舔狗，乌克兰法西斯纳粹的啤酒有严重污染你不知道❓"	,,,"舔狗，乌克兰法西斯纳粹的啤酒有严重污染你不知道❓"	,
啤酒行业-行业-中,"2026-08-10 10:23:37"	,"toutiao"	,,0,,,"4417190372315691"	,,"戈尼吉巴"	,,"1873101316473924"	,"https://api-app-proxy.tarsocial.com/api/token/v2/rewrite_url?url=1YusuDMvr9od4K_K1MN8ml17rEfkAea0gAdcR6CW8DxnI4jzj7VagPvysYnVGNp_j6NQtn0RYe-xHzuq_SDF9w"	,"我最期待的是不要光打雷不下雨，要落到实处。再对六霸类型增补一项，即国有企业改制后遗留下来的未处理公有财产处理问题及其人和事问题。例如昆明啤酒厂生活区大礼堂，停车场，污水站，职工食堂被黑恶势力把持经营，折除变卖私分，收取保护费这类黑恶行为一一打着善后办事的看似合法的灰色组织，应予以定性并打击。"	,,,"我最期待的是不要光打雷不下雨，要落到实处。再对六霸类型增补一项，即国有企业改制后遗留下来的未处理公有财产处理问题及其人和事问题。例如昆明啤酒厂生活区大礼堂，停车场，污水站，职工食堂被黑恶势力把持经营，折除变卖私分，收取保护费这类黑恶行为一一打着善后办事的看似合法的灰色组织，应予以定性并打击。"	,
啤酒行业-行业-中,"2026-08-10 10:21:10"	,"douyin"	,,0,4733,,"81136415880"	,,"美灯纸业销售"	,,"7672222359294633595"	,"https://api-app-proxy.tarsocial.com/api/token/v2/rewrite_url?url=UxI1mE1VtivWWENn8adpDmG3kF8SwGcheiC2XVx5H1kM1VLEZpkYh8U0_23ntFHgCYPq52LRc8JtOH7hHpNGqw"	,"秸秆醋酸（圣泉法）连续蒸锅完整工艺流程
 
适配麦草、芦苇、玉米秸秆，连续立式蒸煮设备，全程密闭循环醋酸溶剂，配套黑液回收制储能原料，低碳一体化，分为备料→预浸预热→连续蒸煮（核心醋酸蒸锅）→固液分离→醋酸溶剂回收→浆料精制→黑液高值转化八大工段。
 
一、原料备料预处理（连续前置工段）
 
1. 除杂切段
秸秆/芦苇人工+风选去除泥土、石子、地膜，切割机切为2～3cm草片，螺旋输送除尘；
2. 挤压预脱水
双螺旋挤压机挤出秸秆游离水，干度提升至35%以上，避免稀释醋酸蒸煮液；
3. 低温预蒸润胀
低压蒸汽90℃预蒸3～5min，打开秸秆纤维孔隙，让醋酸药液快速渗透，提升蒸煮均匀度。
 
二、连续蒸锅预浸上料段（T型浸渍管）
 
1. 挤压后干草片经密闭喂料螺旋送入T型预浸混合器；
2. 按液比10:1送入循环高浓度醋酸蒸煮液（80%～90%工业醋酸，添加微量硫酸催化），醋酸药液来自后端蒸馏回收循环液；
3. 蒸汽间接加热至110℃，充分浸渍15min，秸秆纤维充分吸液，溢流稀醋酸液回流循环罐，无外排废水。
 
三、核心：立式醋酸连续蒸锅蒸煮工段（主反应区）
 
整套蒸锅分升温区、恒温蒸煮区、置换洗涤区三段连续运行，全程高压密闭140℃，压力0.3MPa：
 
1. 升温区
预浸秸秆靠自重向下移动，蒸锅外壁循环导热油加热，梯度升温至135～145℃，醋酸渗透纤维内部，分解木质素、半纤维素；
2. 恒温蒸煮区（核心反应）
恒温保压60～90min，醋酸选择性溶解秸秆木质素，保留完整长纤维素；
 
- 工艺参数：醋酸浓度85%，液比10～12:1，温度140℃，微量硫酸0.3%催化；
- 锅内设置多层筛板，蒸煮黑液（醋酸木素废液）持续反向逆流抽提，新鲜醋酸向下置换浓黑液，蒸煮更均匀；
 
3. 锅内醋酸置换洗涤
蒸煮完成前，用回收稀醋酸逆向喷淋浆料，先置换出高浓度富木素黑液（单独抽出送回收工序），大幅减少醋酸损耗。
 
四、喷放固液分离工段
 
1. 蒸煮完成浆料从蒸锅底部热喷放至闪蒸仓，闪蒸回收醋酸蒸汽冷凝回用；
2. 螺旋挤浆机高压挤压，分为两股物料：
- 固相：粗纤维素浆（待水洗漂白，可做食品级白纸原浆）；
- 液相：浓醋酸黑液（富含木质素、戊糖，是新能源电池原料）。
 
五、醋酸溶剂闭环回收工段（低碳核心）
 
1. 挤压黑液+置换洗涤废液统一送入减压蒸馏系统；"	,"农民桔科新能源电池白糖，食品级生活用纸。"	,"城民桔秆新能原电池白糖，食品级生活用纸。"	,,"中性"	
啤酒行业-行业-中,"2026-08-10 10:15:00"	,"app"	,1,0,293,,"1570782669273366"	,,"仪器网"	,,"2704055652922254976"	,"https://api-app-proxy.tarsocial.com/api/token/v2/rewrite_url?url=dcKYtL-c9-qLPQ0j_k4J4czpq1WIqUfF5seyxTr0xol8QxOCkS6yhlQ2dppT1NgWz8aVysFVpKMe1BwuaX-g1XyMsGag2mValHdlM9eYkGI"	,"杭州富集 液样微生物采集富集试剂盒/超滤管应用领域 一、环境水体微生物监测（饮用水/地表水/污水） 核心参数适配：截留分子量100kDa（针对2-10μm寄生虫）、50kDa（针对细菌）；富集倍数10-1000倍；回收率92%-98%。 应用案例： 饮用水：某疾控中心用该超滤管富集10L样本，荧光定量PCR检测隐孢子虫卵囊，灵敏度达1个卵囊/10L，符合GB 5749-2022“每10L水不得检出”要求； 污水处理厂：进水样本经50kDa膜处理，去除90%悬浮颗粒与腐殖酸，平板计数法检测总大肠菌群，准确率较传统离心法提升15%。 二、食品行业微生物安全检测（乳制品/饮料/肉制品） 核心参数适配：10kDa（针对小体积致病菌如阪崎肠杆菌）、抗酸材质（pH 2-10兼容）；富集倍数500倍；回收率90%-95%。 应用案例： 婴儿配方粉：某检测机构富集25g样本后，实时荧光PCR检测阪崎肠杆菌，阳性检出率从60%提升至95%，符合GB 10765-2021限量要求； 碳酸饮料：某饮料厂用抗酸超滤管富集500mL样本，培养法检出0.1CFU/mL酵母菌，避免因pH抑制导致的漏检。 三、临床液样微生物筛查（脑脊液/尿液/血液） 核心参数适配：100kDa（针对结核分枝杆菌）、50kDa（针对尿路感染致病菌）；富集倍数100倍；回收率93%-99%。 应用案例： 脑脊液结核：某医院富集10mL脑脊液，Xpert MTB/RIF检测阳性率较传统离心法提升30%，诊断时间缩短至2小时； 尿路感染：某检验科富集尿液后，MALDI-TOF MS鉴定大肠埃希菌，准确率达98%，较直接涂片法提升12%。 四、工业生产微生物控制（制药用水/发酵液） 核心参数适配：10kDa（针对纯化水微生物）、200kDa（针对发酵液酵母）；富集倍数100倍；无生物毒性（可直接下游检测）。 应用案例： 制药用水：某药企富集100mL纯化水，膜过滤法计数微生物，符合《中国药典》2020版“<10CFU/100mL”要求； 啤酒发酵：某啤酒厂富集发酵液，PCR-DGGE区分野生与酿酒酵母，准确率97%，避免发酵污染。 #仪器# #设备# #实验室#"	,"yiqi.com @仪鉴网"	,"yiqi.com @仪鉴网"	,"杭州富集 液样微生物采集富集试剂盒...@仪器网的动态"	,"中性"	
啤酒行业-行业-中,"2026-08-10 10:14:00"	,"app"	,1,0,1421,,"1825993582907000"	,,"普外科孙静锋医生"	,,"4372519631634293382"	,"https://api-app-proxy.tarsocial.com/api/token/v2/rewrite_url?url=bcwyDFpHXWwW8Xh-Shu3Pzn7__RnF6j-EXk8a-YqyCIAoLcTIRXCM9Pq1Debsb6i8rMLkVse06y72fksJfxpFwb-SHc7qBKctjsk7Cj1Kno"	,"直肠癌如何引起的 别再以为直肠癌是老年病！这些诱因很多人天天在碰😱 最近门诊碰到越来越年轻的直肠癌患者，最小的才二十几岁。很多人确诊时一脸懵：“我这么年轻，怎么可能？”其实直肠癌不是无缘无故找上门的，它的发生往往有迹可循🔍 今天就把那些藏在日常里的高危因素一次说清楚，每一条都值得你对照自查👇 🍔饮食重口味，肠子很受伤 长期无肉不欢、烧烤炸鸡配啤酒，红肉和加工肉摄入过多，而膳食纤维严重不足。肠道里少了“清道夫”，有害物质停留时间变长，反复刺激肠黏膜，时间久了就可能发生癌变。 🪑久坐+憋便，肠道在抗议 一坐就是八九个小时，肠道蠕动越来越慢。有了便意又憋着，粪便里的毒素被反复吸收，肠壁长期浸泡在“废水”里，炎症和息肉就是这么冒出来的。 🚬烟酒不忌，基因也会突变 烟草和酒精中的有害物质，不仅伤肺伤肝，还会直接攻击肠道细胞的DNA。一旦修复出错，异常细胞就可能失控生长，从息肉到癌，往往只需几年。 🧬家族有病史，风险成倍翻 如果直系亲属中有人得过肠癌或肠息肉，你的患病风险会比普通人高出2-3倍。这不是吓人，而是提醒你：这类人群更该早做肠镜筛查，别等出现症状才后悔。 🔥慢性肠炎拖太久 溃疡性结肠炎、克罗恩病等长期不愈的炎症，会让肠道黏膜反复受损、修复、再受损。这种“烂了又长”的循环，就是癌变的温床。很多患者觉得拉肚子忍忍就好，结果一拖就是晚期。 📢最后说句实在话：直肠癌早期几乎没症状，等出现便血、腹痛、消瘦时，往往已经不是早期了。如果你占了上面任意一条，尤其是长期便血或大便习惯突然改变，请尽快去消化科或肛肠科做个指检和肠镜。筛查一次，可能就救自己一命。 #直肠癌# 肠道健康 #健康科普# 预防癌症 #体检筛查# 金牌药师# #白大褂朋友#"	,"如何引起的？ 福了解原因才能更好预防"	,"如何引起的？ 福了解原因才能更好预防；直肠癌是如何一步步发生的？ 大多数直肠癌是从肠黏膜上的“息肉” 逐渐发展而来。 正常黏膜小息肉大息肉癌变主要过程： 1.基因突变：肠黏膜细胞发生异常变化。 2.息肉形成：异常细胞增生形成息肉。 3.息肉增大：息肉逐渐变大，部分可能变异；哪些因素会增加直肠癌风险？ 高脂饮食缺乏运动肥胖 （多肉、少蔬果） 久坐不动超重吸烟饮酒家族史长期吸烟过量饮酒遗传因素"	,"直肠癌如何引起的 别再以...@普外科孙静锋医生的动态"	,
啤酒行业-行业-中,"2026-08-10 10:13:44"	,"toutiao"	,,0,,,"3897141925778368"	,,"观点聚光灯"	,,"7672220399551365655"	,"https://api-app-proxy.tarsocial.com/api/token/v2/rewrite_url?url=1YusuDMvr9od4K_K1MN8ml17rEfkAea0gAdcR6CW8DzDvXoMYUuaKK2f2NL4rKXOVe5wJq5mC5BVdK52xOtJpg"	,"每到夏季高温多雨的季节，蚊子就成了家家户户最头疼的小害虫。很多人一到晚上就不敢开窗，一关窗户室内闷热憋气，开了窗户蚊子源源不断飞进来，整夜嗡嗡作响，好不容易睡着就被叮醒，胳膊腿上满是红肿包块，痒得抓心挠肝。 绝大多数人对付蚊子的第一反应就是蚊香、杀虫喷雾、花露水，靠着化学气味驱赶蚊虫。但长期使用化学驱蚊产品有几个很现实的问题：密闭房间点蚊香味道呛人，老人、小孩、呼吸道敏感人群受不了；喷雾杀虫剂含有拟除虫菊酯类成分，蚊子慢慢产生了抗药性，用得越多效果越差；而且一旦开窗通风，气流会快速吹散药剂气味，驱蚊效果直接大打折扣。 网上流传着五花八门的驱蚊偏方，有的说洋葱切片摆屋里管用，有的说大蒜涂抹皮肤能防咬，很多普通人挨个试一遍，最后发现大多收效甚微。想要真正搞定蚊虫困扰，不能只靠各种偏方乱试，首先要搞清楚两个核心问题：蚊子真正的天敌到底有哪些？为什么很多土方法看似简陋，却能实现开窗睡觉不被咬？本文结合疾控科普资料、生物防治研究数据以及民间经过多年验证的实用办法，完整拆解蚊子天敌体系，再分享一套可以日常落地使用的组合方案，不靠大量化学药剂，开窗通风也能安稳睡觉，所有方法均经过原理验证，没有夸大虚构内容。 一、很多人认知出错：蚊子分两类天敌，一类是生物天敌，一类是物理天敌 大部分人只知道蜻蜓、蝙蝠吃蚊子，却不知道蚊子存在两套天敌体系，一套是自然界的生物捕食天敌，只能在户外大范围降低蚊虫总量，很难直接用在室内；另一套是被大家长期忽略的物理天敌，也是居家开窗防蚊最核心的突破口。 （一）自然界五大生物天敌，负责从源头削减野外蚊子数量 1. 蜻蜓（水虿）蜻蜓是公认捕食蚊子能力最强的昆虫，蜻蜓的幼虫叫做水虿，全程生活在积水里，专门捕食蚊子幼虫孑孓。一只水虿在幼虫发育期可以吃掉几百只孑孓，成年蜻蜓在空中飞行，一小时能捕捉几十只成年蚊子。中科院科普资料显示，野外池塘、水沟里蜻蜓数量多的区域，蚊虫密度会下降60%以上。但局限性很明显：蜻蜓无法养在室内，只能改善小区、户外环境，进不了房间就没法保护睡觉的人。2. 食蚊鱼与华丽巨蚊食蚊鱼一条一天可以吞食几十只孑孓，南方很多老旧小区景观水池、水缸里会投放食蚊鱼控蚊。而科研团队在佛山、广州试点投放的华丽巨蚊更是特殊天敌，这种蚊子自身不吸血，幼虫专门捕食白纹伊蚊（花蚊子）幼虫，一只华丽巨蚊幼虫整个生长期能吃掉80到100条害蚊幼虫，属于官方推行的“以蚊治蚊”生物防治手段。但普通住户不可能在家里水缸大量饲养，只能依靠市政公共区域投放。3. 蝙蝠一只蝙蝠夜间一晚上可以捕食500至1000只蚊子，依靠超声波定位蚊虫，夜间捕食效率极高。城市公园会搭建蝙蝠屋吸引蝙蝠栖息，但城市楼房楼道、卧室很难吸引蝙蝠进来，对居家室内驱蚊几乎没有直接帮助。4. 燕子、雨燕燕子低空飞行觅食，夏季傍晚大量捕食低空飞舞的蚊子，小区绿化带燕子多，楼下蚊子会少一些，但燕子不会进入居民卧室，无法阻挡蚊子从窗户钻进屋里。5. 水生捕食小虫（剑水蚤、捕食蝽）这类微小水生生物生活在积水当中，会啃食蚊卵和低龄孑孓，属于微观层面的控蚊生物，肉眼看不见，普通人没法利用。 这些生物天敌只能管控户外蚊虫总量，没办法阻止蚊子顺着窗户缝隙飞进卧室，这也是为什么即便小区绿化好、蜻蜓燕子多，屋里照样会进蚊子。想要室内防蚊，必须依靠蚊子的第二类天敌——物理天敌。 （二）被九成人忽略的物理天敌：气流（风），是开窗睡觉防蚊的关键核心 蚊子的身体结构天生惧怕稳定流动的气流，这是很多科普文章很少重点讲解的知识点，也是低成本土方法的底层原理。 1. 蚊子的飞行短板：体型极小，体重只有2-5毫克，抗气流能力极差蚊子翅膀细小，只能在静止或者微风的空气里精准飞行，一旦出现持续稳定的气流，它的飞行轨迹会被打乱，无法稳定悬停、转弯降落。我们随手对着蚊子吹一口气，它都会被吹得四处乱飞，很难立刻稳住身形。2. 蚊子定位人类靠两大信号：二氧化碳气味、人体体温汗液气味蚊子在十几米外就能感知人体呼出的二氧化碳，顺着气味轨迹一路追踪找到人。而持续流动的气流会快速稀释、吹散房间里聚集的二氧化碳和体味分子，相当于抹掉了蚊子的导航路线，蚊子在窗边徘徊很久，也找不到床的位置。国外公共卫生领域的实验论文证实：房间内保持低速对流通风，蚊子进入室内后的定位成功率会下降75%以上。3. 气流不会被开窗吹散，反而可以人为制造室内定向气流蚊香、驱蚊液的气味会被窗外进来的风带走，但是风扇制造的气流是定向可控的，哪怕窗户全开，气流依旧可以笼罩卧室区域，这就是气流优于化学驱蚊产品的最大优势，也是开窗睡觉还能防蚊的根本逻辑。 除了气流之外，干燥环境也是蚊子的隐性物理天敌。蚊子所有幼体阶段必须依赖积水孵化，长期干燥无积水的环境，蚊子无法繁殖产卵，室内蚊虫会越来越少。 二、先纠正几个网红错误偏方，避免白白浪费时间还没用 在分享有效土办法之前，先梳理几个流传很广、实际效果微弱甚至无效的偏方，很多人踩过坑，可以提前避雷，避免重复试错： 1. 洋葱、大蒜切片摆放房间：只有凑近才能闻到浓烈气味，扩散范围不足半米，稍微开窗通风气味立刻消散，干扰蚊子嗅觉的范围太小，几乎无法防蚊，最多短暂驱离桌面附近一两只蚊子。2. 维生素B1泡水喷洒皮肤：多个疾控科普平台做过对照实验，维生素B1溶解后的水溶液没有驱蚊活性成分，蚊子完全不会回避，属于多年流传的谣言偏方。3. 啤酒、可乐敞口放在角落：甜味液体只能偶尔吸引极少数蚊子，液体没有破坏水面张力，蚊子落在水面还能轻易飞走，诱捕效率极低，远不如糖水加洗洁精的简易陷阱。4. 手机手电筒灭蚊：蚊子依靠二氧化碳定位，对普通紫光、白光趋光性很弱，只有极少数趋光飞虫会奔向光源，绝大多数吸血蚊子根本不理会手电筒灯光，熬夜照蚊子纯粹白费功夫。 避开无效偏方，我们接下来看经过实测、原理清晰、适合开窗环境使用的成套土方法，分为源头控蚊、气流屏障、物理诱捕、草本辅助四个模块，搭配使用可以实现长时间开窗睡眠。 三、四套居家实测土办法，组合使用，开窗睡觉也能大幅减少蚊虫侵扰 第一套：气流屏障法（核心主力方法，零成本，适配开窗场景） 这套方法是整套方案的核心，利用蚊子最怕的气流天敌，构建室内定向风墙，操作步骤非常简单： 1. 设备选择：普通家用落地扇、台扇即可，不需要高档大风力，调到低速摇头档或者定向送风档。2. 摆放位置：风扇不要对着人的身体直吹（容易着凉、关节不舒服），把风扇朝向窗户的方向摆放，让风扇朝着窗外吹风，形成从卧室内部流向窗户的定向气流。3. 开窗搭配技巧：不要只开单侧一扇窗户，最好对流开窗，比如卧室落地窗开一条缝，对面小窗户也开小口，室外自然风加上风扇人造气流，形成全屋缓慢对流。4. 原理补充：窗外想要钻进来的蚊子，迎面撞上向外流动的气流，很难逆风冲进房间；已经不小心溜进屋里的蚊子，在流动空气里没办法锁定人体二氧化碳源，只能在窗边徘徊，最后顺着气流飞出窗外。5. 优化小细节：床头位置可以额外放一个小型USB小风扇，斜着对着床周围送风，在睡眠区域打造一层小型气流保护层，蚊子靠近床边就会被气流干扰。 很多人试过单开风扇觉得没用，大多是风扇对着人吹、风向乱飘，没有形成朝向窗户的定向气流，调整风向之后效果会有质的提升。 第二套：源头断卵法（从根源减少家里蚊子总量，比临时驱蚊更长久） 哪怕气流挡住大部分蚊子，如果家门口、阳台不停孵化新蚊子，依旧会源源不断有蚊虫进来。蚊子卵发育成成虫只需要9到15天，只要断了积水孳生地，半个月之后家里蚊子数量会明显变少，属于治本的土办法： 1. 每日五分钟全屋清积水（重点六大死角） - 阳台花盆托盘：每次浇花倒掉托盘里的积水，不要长期存水；水培绿萝、富贵竹每3到5天彻底换水，冲洗根系粘液，避免蚊卵附着。- 闲置容器：空瓶子、塑料盒、旧水桶、外卖盒全部倒扣存放，不要敞口接雨水、自来水。- 卫生间区域：地漏定期倒水冲刷，保持地漏下水通畅没有积水；洗手台下方、拖把桶用完立刻倒干拖把水。- 空调冷凝水：空调排水管不要对着阳台地面滴水，可以接管子引到下水道，避免地面长期积一小滩水。- 门口楼道：家门口鞋盒、快递纸箱不要堆积雨水，楼道窗台积水随手擦掉。- 闲置轮胎、陶瓷摆件：带凹槽能存水的摆件，要么打孔漏水，要么每次下雨后清空积水。 疾控部门反复宣传的“翻盆倒罐清积水”并不是空话，一户家庭只要做到无小型积水，自家孵化的蚊子能减少90%，剩下的只是从外面飞进来的零星蚊子，处理难度大大降低。 2. 纱窗查漏修补，堵住蚊子入户第一道关口开窗不等于无遮挡开窗，纱窗是物理基础防线，很多花蚊子都是从纱窗破洞、窗框缝隙钻进来的： - 检查纱窗：网眼孔径大于1.5毫米的普通纱窗挡不住花蚊子，一楼、低层住户建议更换加密纱窗；纱窗出现针尖大小的破洞，用专用纱窗修补贴直接粘贴，几块钱就能修补。- 封堵缝隙：窗框和纱窗边框的缝隙、空调穿墙孔、卫生间排风扇孔洞，用密封胶泥或者海绵条堵住，蚊子很多时候不是穿过纱网，而是钻缝隙进屋。- 时间技巧：傍晚六点到十一点是伊蚊、库蚊外出活跃高峰，天黑开灯之前先关好纱窗，避免灯光吸引大量蚊子聚集在窗外，开窗瞬间扎堆涌入。 第三套：两种低成本自制物理诱捕陷阱，夜里悄悄消灭溜进来的蚊子 总会有极少数蚊子突破气流和纱窗溜进室内，不需要开灯追着拍打，两个自制陷阱可以夜间自动诱捕，材料家家户户都有： 陷阱一：酵母二氧化碳诱蚊瓶（科学实验验证款） 准备材料：500毫升空矿泉水瓶、剪刀、温水、白砂糖、面包干酵母操作步骤： 1. 瓶子从上往下三分之一处横向剪开，把上半部分瓶口朝下倒扣在下半瓶里，做成漏斗形状，胶带固定接口。2. 下半瓶倒入200毫升35℃左右温水，加入一勺白糖搅拌融化，放入2克干酵母，不要搅拌酵母，让其自然漂浮。3. 把瓶子放在窗边角落、床尾背光处，全程不用通电。原理：酵母发酵缓慢释放二氧化碳，模拟人体呼吸的气体信号，蚊子误以为是人体热源，顺着漏斗钻进去，光滑的塑料内壁让蚊子无法飞出，最后淹死在糖水里。每晚睡前放置，早上倒掉废液即可，无毒无异味，开窗环境也不影响使用。 陷阱二：肥皂水白糖碗（碱性破坏水面张力） 准备浅口瓷碗，清水加半勺肥皂屑搅拌溶解，加入两勺白糖搅匀，放在窗台两侧。蚊子被甜味吸引落在水面，碱性肥皂水破坏水的表面张力，蚊子一旦沾水就会下沉无法起飞，一夜能捕捉十几只零星蚊子，成本几乎为零。 这两个陷阱不要放在床头正前方，避免少量气味影响睡眠，放在窗边两端最合适，专门捕捉从窗外溜进来的个体蚊子。 第四套：天然草本驱蚊辅助，打造局部气味结界（替代化学蚊香，适合敏感人群） 如果遇到刮风天气，风扇气流不稳定，可以搭配草本气味做辅助屏障，气味不会大面积污染房间，也不会因为轻微开窗立刻失效，材料在中药店、菜市场就能买到： 1. 自制驱蚊中草药香囊（挂窗边、床头）配方（单份用量）：艾叶6克、薄荷5克、丁香3克、藿香4克、佩兰3克、陈皮3克，全部捣碎成粗粉，装入透气棉纱布袋。原理：这些草本挥发的薄荷脑、丁香油酚、桉叶素会干扰蚊子嗅觉系统，在小范围形成气味屏障，挂在纱窗内侧两边，窗外蚊子靠近窗户就能闻到气味，不愿意靠近纱网。一个香囊可以使用两周，过期更换草药粉即可。孕妇、过敏体质人群不要使用丁香，可以去掉丁香只保留艾叶薄荷。2. 干橘皮、艾叶低温慢熏（睡前短时使用）睡前半小时，在金属小碗里点燃少量晒干的艾叶或者橘子皮，人暂时离开卧室，关纱窗熏五分钟，然后灭掉明火，打开窗户留缝通风，烟雾散尽之后再进屋。残留的淡淡草木气味会附着在墙面、窗帘上，几个小时内蚊子会回避这个区域，比蚊香温和，没有化工刺鼻味。一定要远离纸张窗帘等易燃物，严禁无人看管燃烧。3. 阳台种植驱蚊草本植物（长期辅助）阳台窗边种几盆薄荷、迷迭香、香茅，植株持续挥发天然精油，在窗外形成一圈气味缓冲带，蚊子靠近窗户先接触植物气味，降低进屋欲望。不要指望几盆植物全屋驱蚊，只能作为窗边辅助buff，不能当作主力方法。 四、完整组合使用流程（一套流程走下来，开窗睡觉全程可用） 给大家整理一套普通人每天五分钟就能完成的晚间防蚊流程，逻辑连贯，循序渐进，不用挨个胡乱尝试方法： 1. 傍晚回家第一件事：检查阳台各个托盘、容器，倒掉所有积水，随手封堵小积水点位（源头控蚊）。2. 天黑准备开灯前：检查纱窗是否关严，缝隙有没有漏缝，避免灯光招蚊子扎堆窗外。3. 睡前半小时：制作好酵母诱蚊瓶、肥皂水碗，分别放在窗户左右两个角落。4. 调整风扇：风扇朝向窗外低速开启，形成室内向外的定向气流，窗户打开对流缝隙，不要大开窗户。5. 窗边挂上中草药驱蚊香囊，需要加强防护就短时熏一点艾叶橘皮，通风散尽再上床。6. 入睡全程保持风扇低速运行，窗户对流小缝开启，依靠气流阻挡蚊子入侵，陷阱捕捉漏网之蚊。 按照这个流程操作，既可以开窗通风透气，告别闷热密闭房间，又能大幅降低蚊子进屋概率，偶尔溜进来的几只也会被陷阱捕捉，不用半夜起来打蚊子。 五、补充几个日常个人小习惯，进一步降低被叮咬概率 即便外部防护做好，自身的身体特征也会吸引蚊子，几个小习惯可以减少自身吸引力： 1. 睡前洗澡洗掉汗液，汗液里的乳酸、氨类物质是蚊子强力引诱剂，洗完澡体味变淡，更不容易被锁定。2. 夜间睡觉尽量穿浅色薄款长袖睡衣，白纹伊蚊偏爱深色衣物，浅色衣服对蚊子吸引力更低。3. 卧室尽量不要放切开的水果、甜食果皮，发酵果香会额外吸引蚊虫聚集在窗边。4. 楼层低、楼下绿植多的住户，不要在傍晚五点到七点开窗大幅度通风，这个时间段蚊虫室外活跃度最高。 六、客观说明：这套方法不能做到百分百零蚊子，理性看待民间土办法 必须客观说明，这套物理+草本的组合土办法，没办法实现绝对一只蚊子都没有，不存在任何民间偏方可以做到百分之百灭蚊。化学杀虫剂可以快速灭杀现有蚊子，但代价是抗药性和刺激性；生物天敌只能管控户外；气流+清积水+物理陷阱的组合方案，优势是安全无毒、适合开窗环境、长期使用能慢慢降低全屋蚊虫基数，缺点是灭杀速度不如喷雾快，需要坚持几天才能看到整体效果。 如果遇到暴雨过后蚊虫爆发的极端天气，可以偶尔使用一次合规低毒杀虫喷雾做一次全屋消杀，消杀之后开窗通风一小时，再恢复这套物理防护方案，化学产品偶尔辅助，日常依靠物理天敌气流控蚊，兼顾安全和效果。 话题讨论互动 看到这里，相信大家对蚊子的两类天敌和实用居家土方法有了清晰了解。我在这里提出几个话题，欢迎大家在评论区留言交流： 1. 你之前试过哪些驱蚊偏方，哪些是真的有用，哪些踩了坑？2. 你平时睡觉习惯开窗还是关窗？有没有试过用风扇气流来防蚊子？3. 你们当地还有哪些老一辈流传下来、经过验证有效的驱蚊土办法？ 大家可以分享自己的实操经验，互相参考避坑。后续我会持续分享各类居家生活、健康常识类的实测干货，不点个关注很容易错过实用内容。 "	,,,"九成人不懂蚊子 “天敌” 是啥？教你个土招，晚上开窗都能安睡整夜"	,"中性"	
啤酒行业-行业-中,"2026-08-10 10:12:03"	,"weixin"	,,0,,,"gh_065e9d1c0fcc"	,,"健康开平"	,,"cf4f391874aae3ec5395499fe8f99545"	,"https://api-app-proxy.tarsocial.com/api/token/v2/rewrite_url?url=u2i3dS4Iyjr3kK1ENHqCiOQMsO6msDs1fwEKUUL_EKpVevDcW6MYV2K6eZCuTd6oqgWUujhMwyuMlmzWYkx_yh2Z8XJhroD-LjV5484wGQQgVict5XHND_9e79NQjlrzwAw0WXDoOcwsG3ByZhlv4Q"	,"蚊子的繁衍生息离不开水。蚊子一生要经历卵、幼虫、蛹、成虫四个阶段，其中幼期（包括卵、幼虫、蛹）都需要生活在水里，且成蚊主要活动范围也在其孳生地或栖息环境不远的地方，因此，各类积水环境的清理工作对基孔肯雅热、登革热防控来说至关重要。蚊虫孳生地主要类型包括：水生植物、各种材质的容器、一次性容器、花盆、花盆托盘、水池、废弃轮胎、树洞竹筒、地表积水、污水沟等。地面积水：屋顶积水：电梯井：混凝土检查井构件：建筑工程基坑：废弃陶瓷：废弃浴缸：废弃瓶盖：废弃玻璃瓶：废弃金属盒：废弃泡沫盒：废弃塑料盒：废弃一次性水杯：废弃花盆碎片：废弃轮胎：废弃瓦砾：积水容器：花盆：莲缸：花盆托盘：水生植物盆栽积水：叶腋：树洞：竹管：绿地：假山水池：废弃管道：园林洒水头：水井管口：水表盖：路障：水马：路障底盘积水：倒扣垃圾桶底部：塑料桶盖：垃圾桶烟蒂盛放器：空调外机顶部：水泥插孔：消防栓底环座：水管底环座：明渠：排水沟：井盖钥匙孔：水井：天井：水坑：下水道口：蓄水池：搅拌机：冷却塔：水桶：塑料布：洗衣池：室外烧烤炉：香炉：园林景观台：减少蚊虫孳生，应采用多种手段清除孳生地：（1）封：封盖水缸、封下水道砂井或安装防蚊装置、密封有用的器皿（2）填：填平洼坑、废用水塘、水沟、竹洞、树洞（3）疏：疏通沟渠、岸边淤泥和杂草（4）排：排清积水（5）清：清除小容器垃圾，垃圾塑料薄膜袋、废用瓶罐、易拉罐等垃圾容器具体措施包括：（1）翻盆倒罐，清理住家及周围各类无用积水（2）保持住家及周围环境卫生整洁""清除各种卫生死角和垃圾（3）人、畜饮用水容器或其他有用积水容器5-7天彻底换水一次（4）家中减少种养水生植物，已种养的容器5-7天彻底换水一次（5）住家及周围景观水体，可放养观赏鱼或本地种类食蚊鱼（6）轮胎整齐存于室内或避雨场所，堆室外用防雨布严密遮盖，户外废弃轮胎打孔，对于难以清除积水的轮胎，可使用双硫磷等灭蚊幼剂处理（7）住家周围外环境植被可用敏感公共卫生杀虫剂灭伊蚊成蚊来源：端州发布编审：孔祥民二审：梁国雄三审：劳伟新"	,"扩散提醒"	,"花区；NGTAO 高啤酒 TSIN；3069158190 315180R2ES；田；9；工 0032 S 美柯水有限 LXS-；++++++++++ ++ +++++++++ 十+ + ++++++ ++++++ ++++++++ 0 +++++++ +++++ -++++ +++- ++十+ +++++ R；新"	,"基孔肯雅热、登革热防控，从寻找蚊虫孳生地开始！（附最全孳生地图片）"	,"中性"	
﻿啤酒行业-行业-低,"2026-08-10 17:29:04"	,"bilibili"	,,0,,,3707045907794163,,"bili_27375928930"	,,"1234870717602856967"	,"https://api-app-proxy.tarsocial.com/api/token/v2/rewrite_url?url=ZgsVEzPdBNRVL_vcnJEICkdgN7SdHywPPcqOEbYjO1nwOV50MYTQnWnzt5DapEdr"	,"随着生成式AI在信息获取环节的渗透，越来越多用户不再依赖传统搜索引擎逐条比对结果，而是直接向DeepSeek、豆包等生成式AI应用提出问题并获取整合后的答案。这一转变意味着，企业若想在信息触达链路中保持存在感，现在优化传统搜索排名已不足以覆盖用户的真实使用场景。与此同时，不少企业在营销实践中还面临短视频起号困难、内容创意供给不足、运营周期偏长以及获客成本偏高等现实问题。在这样的背景下，昆明GEO专业公司哪家好成为不少本地企业主搭建AI时代品牌认知体系时普遍关注的话题。
..."	,"聚同心广药白云山 TRANSSION' moody dreame 田一追觅科技一广药集团吉利汽车中信期货 FOLIDAY 56.HK HPGC 复星旅文 Hytera 哈药集团中国燃菜海能达 Wamat* 美国运通 YAMAN 以岭药业雅萌 TCL 北鼎 LOREAL K 公牛北壳集团 BUYDEEM 安全用电专家 INTSIG JISS M華三九 KANGNI 携手九州通 CR SANJIU GGREE格力湖南三湘银行 PROYA 同行 M 白莱雅源中讯 AVATR 新希望乳业舍得酒业中国平安医保城去哪儿旅 CKGSR SERGY 周大中建八局同程旅行红川酒业华银行 TSINGTAO 伊利保集团星途汤臣倍健青岛啤酒 MARS YOUKU 土伦锐意共赴 DECATHLON HQD° 医鹿 ST捷途汽车皇氏乳业海天旺旺团十月稻田中国熏缘 Opepsi 同辉巨量引 Coro 卓越迪卡侬自然品质自然牛了天猫 S 品合华熙生技 SM 飞科小天才 LALANG FLYCO 乐橙云服 Colgete HCK 交通銀行 Swisse 长城汽车哈士奇支支付宝中粮云闪付洲特淘 YWORT 知乎知学堂 WEICHAI 联 2 贵州习酒合作共赢携手共创美好未来"	,,"昆明GEO服务选择指南：从需求到落地"	,
啤酒行业-行业-低,"2026-08-10 17:29:04"	,"bilibili"	,,0,,,3707045907794163,,"bili_27375928930"	,,"52226565"	,"https://api-app-proxy.tarsocial.com/api/token/v2/rewrite_url?url=yiAiFZbKdIowUpJUP8aFtBjbxigrTZgZYhA2ea82iVpflT-xGwuB4uZn9bpiNmDM"	,"随着生成式AI在信息获取环节的渗透，越来越多用户不再依赖传统搜索引擎逐条比对结果，而是直接向DeepSeek、豆包等生成式AI应用提出问题并获取整合后的答案。这一转变意味着，企业若想在信息触达链路中保持存在感，现在优化传统搜索排名已不足以覆盖用户的真实使用场景。与此同时，不少企业在营销实践中还面临短视频起号困难、内容创意供给不足、运营周期偏长以及获客成本偏高等现实问题。在这样的背景下，昆明GEO专业公司哪家好成为不少本地企业主搭建AI时代品牌认知体系时普遍关注的话题。
..."	,"聚同心广药白云山 TRANSSION' moody dreame 田一追觅科技一广药集团吉利汽车中信期货 FOLIDAY 56.HK HPGC 复星旅文 Hytera 哈药集团中国燃菜海能达 Wamat* 美国运通 YAMAN 以岭药业雅萌 TCL 北鼎 LOREAL K 公牛北壳集团 BUYDEEM 安全用电专家 INTSIG JISS M華三九 KANGNI 携手九州通 CR SANJIU GGREE格力湖南三湘银行 PROYA 同行 M 白莱雅源中讯 AVATR 新希望乳业舍得酒业中国平安医保城去哪儿旅 CKGSR SERGY 周大中建八局同程旅行红川酒业华银行 TSINGTAO 伊利保集团星途汤臣倍健青岛啤酒 MARS YOUKU 土伦锐意共赴 DECATHLON HQD° 医鹿 ST捷途汽车皇氏乳业海天旺旺团十月稻田中国熏缘 Opepsi 同辉巨量引 Coro 卓越迪卡侬自然品质自然牛了天猫 S 品合华熙生技 SM 飞科小天才 LALANG FLYCO 乐橙云服 Colgete HCK 交通銀行 Swisse 长城汽车哈士奇支支付宝中粮云闪付洲特淘 YWORT 知乎知学堂 WEICHAI 联 2 贵州习酒合作共赢携手共创美好未来"	,,"昆明GEO服务选择指南：从需求到落地"	,
啤酒行业-行业-低,"2026-08-10 17:25:55"	,"douyin"	,,1,17,,"93467888276"	,,"奥肉肉（内娱打工版）"	,1,"7672331813012150001"	,"https://api-app-proxy.tarsocial.com/api/token/v2/rewrite_url?url=UxI1mE1VtivWWENn8adpDmG3kF8SwGcheiC2XVx5H1l4VjGRQPs3sILOVKWQ9LOuLVq4FBkDM40YeylQBLsGng"	,"再见北京，逃离上班地狱，奔赴另一座城市继续卑微打工😭#日常vlog #出差日记 #娱乐圈打工人"	,,"欢迎收看娱|欢迎收看娱乐圈牛马|出差广州筹备演唱会的v|出差广州筹备演唱会的vlog|089|拎上我的老搭档""出发赶飞机|此行目的地|一广州|此行目的地－-广州|也是我们本轮巡演的第二站|BYD|京A-GK211|这次演出的场馆|康|®|恰好是王源三年前|客厅狂欢演唱会的场地|HAINAN|海南航空|海南航|办公区|出口|算是一场奇妙的跨时空相遇|好像慢慢患上了很重的出差焦|虑|往往出发前一周|就开始心绪纷乱、辗转难眠|在这个行业待久了才懂|很多时刻并不全然是真正的快|乐|可心底依旧对这份工作|怀揣着满满的热爱|我们是下午三点的航班|用|不愧是卡点小能手|一点半才匆匆出门|国内|发|Domestic|rtures|开启又一段奔波的旅程|国内心发|Domestio|P|artures|到机场了|日分钟|行时间|南事民器迪|18分钟|通行时间|出|Depa|Dome|请勿彩炖热|北京真太热了|限时8分钟|(全通行时间)|坐国航请记住从|12号门进去托运|(含通行时间)|出发|VDepanures|排队托运要是没有易碎品|可以办理自助托运会节省时间|人工一到节假日排队老多人了|auton|为啥我每次都有底气卡点|因为有快速通道给快登机的旅客|#物用|HAUEASAFETR|000|2U0|真服了上次和室友就是被这个玻璃阻挡开了|哪知道这边玻璃没有遮挡住|CECIA|我和室友真是一对苦命驾鸯|.·HOUEASAFIT|福|Gooo|E|CBCIA|你能看见我吗|我坐右边|尴尬了|13:56|首都机场封起来了|机场安宝小名士|STOP|机场内|停|要遵守|交通规则|注意防范|机为外蓝物|机场空全小婴站宝|也要遵守|机均外乘物|PCIA|登机了今天坐的是波音777|06|虽然咱不是国航最贵的金卡客户|但是还是很感谢国航生自月送的座位券|能让我给自己选个靠前的位置方便下机|n0|工|u|超|起飞再见北京|暂时逃离上班地狱""奔赴下一个上班地狱|起飞一再见北京|边|我其实是个恐高的人""|每次飞机爬升都老害怕了|可是吧我这人就是自虐""越怕越要去看|V|我其实是个恐高的人""每次飞机爬升都老害怕了|公|真贱|请问这是天庭吗|络|经|好|到啦到啦|谢谢主办派的司机大哥来接我们|?|到酒店先安顿好我的两位|""陪睡""|玲娜贝儿和莱阳|A|立""陪睡""|8|J|一|2|然后就要去走艺人的酒店动线啦|找一条安全不会被粉丝打扰的路线!|16|M|我每次就要比艺人提前来|花|要确认酒店房间和艺人酒店上下车路线|85350|1|3|美漫|电|酒店确认完以后就来场馆啦|今天场馆舞台还在搭建|我们就是来看看进度|128|回酒店已经晚上十点了|终于吃上了今天的第一顿饭|1O|感觉酒店附近比较偏|晚上不知道吃什么就点了一|山药排骨汤和小份腊肠饭|C|我之前出差基本上都是一个人一次房间|这次巡演不错感谢给我安排了一个室友|你在看啥呀|没看过|哎我之前看那个叫什么心|啊叫看的是心术|那个谁演的|都是医疗剧|嗯我原来可爱看|就那个吴秀波|哦|快忘记这个人了这大叔|哦之前好多人喜欢他|那什么西雅图的什么来着|他长得确实很有男人味|可能是那个胡子的原因吧|嗯|我这个是|港式|晚上点外卖点奶茶选了半天|然后看见了""煲珠公""|我就想起很久以前有朋友推荐过|赶紧点了喝一下|应该也不错|但感是港式的奶茶就很苦|嗯太浓了|会不会晚上睡不着呀|应该也不会吧|我觉得茶餐厅里那个鸳鸯特别好喝|这也是可浓了|onerll|英1|E6|招发品|n2r|苏沙来汉为承|N|VE|VNZRTIAORESN|来大|as|-5|R|来|E-5|ar|#3|3.311|OtENN|还行不甜|ACIII|无级|ISETE|嗯你不是爱的微糖|#来1|CI|K|99|#来大|Aee|哇这个珍珠真好喝|真好吃|我其实不太爱吃珍珠的人|G1|5|WAe|我也我很少很少吃珍珠|eIl|大|纹|路|但它这个确实挺好吃|制|aa2l|.|09路|他们说水牛奶好喝|水水牛奶珍珠|F|Z|下期见|出顺利|罗云熙|罗|演出顺利|演|下期预告|普连|>>>|前方高带|adTalk|西吧新谐|烘焙星球|炒大|全国小炒肉大王|费大厨|速椒炒肉|3F|赵记|罗云厨|演出顺|扫码购票|口|抖音直播间|大麦APP|经纪公司:|风|全程主办出品:LICE九重|主|月明|Ne|上新"	,,
啤酒行业-行业-低,"2026-08-10 17:23:49"	,"weixin"	,,0,,,"gh_f57fb43a5e8c"	,,"梓亲周韩"	,,"69fbcbb8f1065993c8dbb22a44763111"	,"https://api-app-proxy.tarsocial.com/api/token/v2/rewrite_url?url=jDuIyJ6lwQWNPAAlstbsjOkF1ylMJncIupbRhofcXqnkh-XyeZsLZhuZ6ayVz40C-Ep50ENlIdTHF_UenonxtpreTR1T0sILX_ymGNkxUAEqj3QHtW5sxOawErY0AInUZX09tUo-_D2yavN9-JMkFg"	,"基于英国生物样本库34万余人数据的研究，探讨了饮酒量与死亡风险的关系，并进一步区分了不同酒类在低至中度饮用水平下的差异。研究结果已在2026年美国心脏病学会年会上发布。先看总体数据。与从不饮酒或偶尔饮酒的人相比，高消费组（男性日均超40克、女性超20克纯酒精）全因死亡风险高出24%，癌症死亡风险高出36%，心血管死亡风险高出14%。这一部分没有出乎意料——大量饮酒有害，不管喝什么。更细致的对比出现在低至中度饮用水平。烈酒、啤酒和苹果酒与较高的死亡风险相关，而等量的葡萄酒消费却与较低的风险相关。心血管疾病死亡率也体现了这种对比。中度饮用葡萄酒者因心血管疾病死亡的风险比从未或偶尔饮酒者低21%。相比之下，即使是低量的烈酒、啤酒或苹果酒饮用量，心血管死亡风险也比从未或偶尔饮用高出9%。研究者给出了几个可能的解释。葡萄酒含有多酚和抗氧化物，可能对心血管有一定保护作用。但更关键的因素可能在于饮用方式和整体生活方式——葡萄酒更多在进餐时饮用，且偏好葡萄酒的人群整体饮食质量更高、生活方式更健康；而烈酒、啤酒和苹果酒更多是非进餐时饮用，与较差的饮食质量和更多生活方式风险因素相关。这说明观察到的差异可能来自酒精本身、饮用方式和伴随的生活习惯的叠加效应。研究也列出了明确的局限。这是观察性研究，不能证明酒的类型直接导致了死亡风险的差异；酒精摄入量基于参与者入组时的自报数据，没有追踪长期变化；英国生物样本库的参与者通常比整体人群更健康，可能限制结论的普适性。研究者指出，高质量的随机试验才能更准确地回答这个问题。研究合著者、中南大学湘雅二医院的陈章林教授说，这些发现有助于厘清此前低至中度饮酒研究中不一致的证据。他也提醒，对于慢性病或心血管疾病等高危人群，风险可能更高。这篇研究没有推翻“少喝比多喝好”的基本判断，但它揭示了一个更精细的层次：在低至中度范围内，喝什么可能和喝多少一样重要。对个人而言，如果倾向偶尔饮用，葡萄酒似乎比烈酒和啤酒风险更低——但这个结论背后有生活方式因素的干扰，不宜直接理解为“葡萄酒有益健康”。研究也暗示，现行饮酒指南未来可能需要区分不同酒类的风险级别，而不是统一对待。文章来源：AmericanCollegeofCardiology.Wine""beer""orspirits?Massivestudyfindsasurprisinghealthdivide.往期精彩内容回顾"	,,,"每天小酌一杯，葡萄酒、啤酒还是烈酒？一项大型研究表明，在低到中等浓度下，葡萄酒和其他酒精饮料可能与寿命和心脏健康之间有不同联系"	,"中性"	
啤酒行业-行业-低,"2026-08-10 17:23:16"	,"weixin"	,,0,,,"gh_dbd637dc9d43"	,,"微中江"	,,"dd9ab4371798df084d65a120d1f5113c"	,"https://api-app-proxy.tarsocial.com/api/token/v2/rewrite_url?url=gLhsGZ2Cvrkmrrt898XisRxO-Hd-ZQbWGaxwlPhmZqeBbg8gbXf7UnqtM8-FNkVGNRQsQDHZIxvQamxzJyoJIlmMLfggY3LxXcRvX5X1UftiFznifkyHQlic5XyISiB4a0CNjZdANwLdwWRxO2tCgQ"	,"为强化网络餐饮食品安全监管，树立行业标杆、曝光违法行为、全程接受市民监督，现将本期红黑榜公示如下：一、红榜商户营业执照名称：中江县凯江镇益德砂锅店招牌名：益友砂锅地址：四川省德阳市中江县凯江镇魁山路175-189号上线平台：美团、淘宝闪购店铺名称：益友砂锅（特色中餐）上榜事由：后厨环境卫生整洁、功能分区清晰，加工区域物品摆放整齐，地面墙面无油污、积水；食材储存规范，食材生熟分开、离地离墙、覆膜分类分层且密封保存。监管单位：中江县市场监督管理局二、黑榜商户营业执照名称：中江县凯江镇六婆燃面小吃店招牌名：昭财肥肠芋儿鸡地址：四川省德阳市中江县凯江镇星源路41号上线平台：美团、淘宝闪购、京东店铺名称：王婆大虾干锅（中江店）上榜事由：网店名称与实体经营门面招牌名称不一致；后厨环境脏乱差，地面、墙面、排烟设备油污厚重，卫生死角突出；后厨储存区域管理混乱，厨具、物料筐随意落地堆放，角落油污残渣堆积，环境卫生不达标，存在食品安全隐患。（上述情况已责令整改）监管单位：中江县市场监督管理局备注：1.本榜单由中江县市场监督管理局发布。2.红榜商户实行动态管理，出现违法违规行为立即退出红榜；黑榜商户完成整改并验收合格后，可申请移出黑榜。3.欢迎社会各界、广大消费者予以监督，如发现网络餐饮食品安全违法违规问题，请拨打12345、12315投诉举报。中江县市场监督管理局2026年8月7日往期推荐RECOMMEND点点赞点分享点喜欢"	,"益友砂锅夏日狂欢虾趣一夏益友小龙虾好礼益友砂锅周年啦！"	,"生态润县工业兴县城建优县农业固县文旅活县；益友砂锅订餐电话夏日狂欢虾趣一夏益友小龙虾好礼送不停！ 益友砂锅周年啦！；熟食柜；照财肥肠芋儿鸡进店任活动开始了！ 意消费真材实料啥都不说了来吃就完手工传承40年用冒是一个人的火锅才出好味道京08 莫稻哈子布推配方美京U 燕京U8"	,"2026年度网络餐饮食品安全红黑榜公布（第14期）"	,
啤酒行业-行业-低,"2026-08-10 17:19:56"	,"toutiao"	,317,1,38000,,"829468936257108"	,,"谦语谈书风"	,1,"1873127494259712"	,"https://api-app-proxy.tarsocial.com/api/token/v2/rewrite_url?url=1YusuDMvr9od4K_K1MN8mlDDzP1nPFJ1ypc-UlWqfKB-fZYWsXPJvwOYQZ1Fss7LixFMifFAJFhDIkP2Fk1m0Q"	,"近日湖北仙桃，一名男子到一家餐馆内就餐，点了一碗螺蛳粉加猪蹄，还点了几瓶啤酒，老板娘让男子付款，男子却说：“我差你这点钱啊？”饭后唯唯诺诺说想吃“霸王餐”。

仙桃一家普通的街边小餐馆，开店的老板娘本本分分做餐饮生意，每天起早贪黑忙活，就靠着小店的微薄利润养家糊口。

店里的食材、水电、房租样样都要花钱，一碗螺蛳粉加猪蹄，再配上几瓶啤酒，总共也就几十块钱的消费，算不上什么大额开销。谁都没想到，就是这区区几十块钱的饭钱，让老板娘遇上了让人哭笑不得又特别生气的糟心事。

这名男子进店的时候看着特别正常，全程表现得大大方方，一点都看不出有任何异常。男子自主点好了想吃的菜品，安安稳稳坐在店里吃饭喝酒，慢慢悠悠把桌上的螺蛳粉、猪蹄全部吃完，带来的几瓶啤酒也喝得一干二净。

整个用餐过程里，男子从来没有跟老板娘提过一句自己没钱，也没有表现出任何难处，完全就是正常顾客就餐的状态。

老板娘看到男子已经用餐完毕，就主动上前提醒男子结账。换做普通顾客，要么直接扫码付款，要么随口回应马上结账。

可这名男子的反应格外反常，男子当场语气傲慢地表示自己根本不差这点小钱。老板娘听完这番话，心里彻底放下了顾虑，老板娘只当男子是暂时忙着收拾，没来得及付款，也就没有继续上前催促。

谁料男子把酒足饭饱之后，态度来了个一百八十度大转弯。之前还底气十足说不差钱的他，瞬间变得唯唯诺诺，直白跟老板娘坦白自己拿不出饭钱，说白了就是想白白吃一顿霸王餐。

男子前后截然不同的两种态度，让人看得格外别扭。男子明明兜里没钱付账，却故意装出出手阔绰的样子，专门稳住老板娘，等自己彻底享受完美食和酒水，才敢说出真实想法。

很多网友看完现场画面，都单纯觉得这名男子只是脸皮厚、爱占便宜。其实大家都小看了这件事，这件事不只是简单的道德问题。

成年人在外消费，自愿点餐用餐，就默认和商家达成了消费交易。男子刻意隐瞒自身没钱的情况，吃完饭后拒不付款，已经不是简单的耍赖行为。

哪怕消费金额不高，这种行为也违反了治安相关规定，老板娘完全可以直接报警，让执法人员对男子进行处罚，也能通过正规途径追回自己的餐费。

我们不否认生活中有人会遇到手头紧张、暂时没钱吃饭的困境。普通人真要是有难处，大大方方跟老板说明情况，大部分心软的小餐馆老板，都会愿意体谅他人，免费给一顿热饭吃。

可这名男子的做法完全不一样，男子从头到尾都在刻意演戏，用不差钱的话术麻痹老板娘，专门白吃白喝占小便宜，心里满是投机取巧的小心思。

很多街边小店的老板遇到这种事，大多都会选择忍气吞声。老板们会觉得几十块钱不值得折腾，不想浪费自己的时间和精力，最后只能自认倒霉。

正是因为太多商家的包容和退让，才让不少人滋生出侥幸心理，觉得小额吃霸王餐不用承担任何后果，肆无忌惮欺负老实开店的生意人。

一顿几十块钱的饭菜，根本压不垮任何人。这名男子丢掉的不是一顿饭钱，而是自己最基本的人品和底线。老老实实消费付款是每个人出门在外的基本准则，谁都不能仗着商家善良就肆意占便宜。

小店经营者日后遇到这类吃霸王餐的情况，不用一味忍让退缩，一定要拿起法律手段维护自己的权益，不让老实人的辛苦付出白白被辜负。#上头条 聊热点##MCN微头条伙伴计划#"	,,,"近日湖北仙桃，一名男子到一家餐馆内就餐，点了一碗螺蛳粉加猪蹄，还点了几瓶啤酒，老板娘让男子付款，男子却说：“我差你这点钱啊？”饭后唯唯诺诺说想吃“霸王餐”。

仙桃一家普通的街边小餐馆，开店的老板娘本本分分做餐饮生意，每天起早贪黑忙活，就靠着小店的微薄利润养家糊口。

店里的食材、水电、房租样样都要花钱，一碗螺蛳粉加猪蹄，再配上几瓶啤酒，总共也就几十块钱的消费，算不上什么大额开销。谁都没想到，就是"	,
啤酒行业-行业-低,"2026-08-10 17:18:17"	,"douyin"	,,1,,,"58716588609592"	,1,"rosuite °"	,,"7672329808742829354"	,"https://api-app-proxy.tarsocial.com/api/token/v2/rewrite_url?url=UxI1mE1VtivWWENn8adpDmG3kF8SwGcheiC2XVx5H1kFc_QU8GIjsYHPwNtgrMHtiWmiQulMpnqNd8yz_VFyYw"	,"29岁，在太平山俯瞰维多利亚港。 香港，是一直觉得遥不可及的地方。好几次深圳出差都没能去一趟，总觉得好像要很有钱很有钱之后才能来到这里。 好像总是在抠抠搜搜的省下很多之后一次性all in整个大的。生活也总是这样压缩到极致快要崩溃的时候猛然释放获得一丝喘息。年初定好春节游的行程之后就总是在给自己泼冷水，觉得一切都应该为春节游让路，把自己逼得很紧迫。六七月开始担心期望越大就失望越大所以调整心态，恰巧追星带给我的一丝新意让我冲动的“势在必行”。 匆匆忙忙的行程可能还是会暴露一丝“不堪”，说好很多次要“度假”，但最后还是会变“特种兵”，一周平均睡眠时间达不到6小时的我们也是轻松达成日行三万步的小目标。毕竟来都来了&我想去看看。 从码头下船的时候我还有些忐忑，搭乘地铁听着周围的粤语慢慢好像放下心来，好像也没那么难嘛。入住酒店前台应该是菲佣，我又紧急调动我脑中仅剩的蹩脚英语说“check in”然后“yes ， yes ，yes ，thank you”。出门觅食然后压马路，随机逛逛就遇到了H2K的观光巴士，那既来之则坐之，没提前get攻略就坐到非露天座位，无人机的表演也被全程遮挡，只好在下车时抓紧时间拍照打卡一下。 下车溜达又到天星小轮，哇得来全不费工夫。2块钱的船票真的是在香港花的最值得的一笔消费。船舱的小窗给夜色增添了一丝质朴，透过玻璃看到五彩斑斓的海面总觉得这一切都好不真实。我竟然真的来到了这个城市。繁华绚丽的维多利亚港，喧嚣蜩沸的旺角，熙攘张扬的尖沙咀，还有透过篮球场馆网格高楼与船只交汇后祥和静谧的坚尼地城。原来这座城市是这副模样，好像和我想象也没太大差别，只是wellcome买到的“进口草莓”真的好酸啊，但也真的好有草莓味。 去太平山的路上乌龙不断，找不到公交车站，等不来车，又绕到中环坐15路。蓝调时刻真的超美，但山路崎岖，手抖无法定焦。结果半山腰开始起雾，到山顶的时候已经能见度只有五米。说好的俯瞰整个香港呢。我们转头就走然后半山腰下车拍下了朦胧的城景，然后告诉彼此，有些风景注定只能留在眼睛和记忆里叭。 【发不完了，后续放评论区】 那就浅浅期待下一次相遇叭。💕#香港 #R的出游日记"	,"一 爱上香港 Sa voix douce et sonore"" au frais timbre angelique Un sourir discret lui donna la replique Et je baisai sa main blanche"" devotement"	,"TURBOJETTURBOJE曙射形航请射形航ongKong澳（北安）->香港'0Macau(Taipa)->Hong Kong 澳(北安)>香港2026-07-1817:30K$212.00正票价）（HK$212.00正票假）Economy 普通位:li rongA2KL0OKHK$212.00LOCMember Name营员姓名：gao ming代理编：A2KLO0KGENAAgent IDPromo Code 推度编：GENAto Carrier's Termse of Passengers乘客及行李运载听约束and Luggage之俊atNo座位16:0023A#####GIK$26$30$4232$36RICE咖喱ChROLLS蔓葱牛$38柏叶uids$36#####尖沙咀女北京道行人隧道）simShna Tsui StatTsin天星小轮Star Ferry邮政局####################聚#####adTang KirWahGlobalStudent HuWT4938#####EVERYDAY VALUEC&CGIAN96RLLCO系垦价CLASSIC#####NCB南洋商堂银行###############中#####zeria#####CHCNTAIFOOKDOLCETown#####大家乐WP图hong kong plazc$30血亩环具1608-10ING F JEWELERNY1002159国华泰地座PISTEUO#####################################################################################"	,,"中性"	
啤酒行业-行业-低,"2026-08-10 17:17:05"	,"xiaohongshu"	,,0,1,,"651d92dd0000000023025c3c"	,,"我很晒求带"	,,"6a799711000000002702391a"	,"https://api-app-proxy.tarsocial.com/api/token/v2/rewrite_url?url=cSb9xPr9PTnAREU6T0jLKsUsLLPSJ9iu21ImVmniC4WZH0ZSwbrOfuzEWk3iADjxl7ev9lNyfT0dlQTtaj1qHw"	,"首钢园简直是为工业风而生的拍照圣地在首钢园驾驶着尚界Z7T随便停在路边都是大片。分享两个我最爱的机位机位一S1线&石景山背后是静静伫立的石景山头顶S1线磁悬浮列车呼啸而过晚山新绿的车身刚好成为前景。动态与静止、现代科技与工业遗迹全都被框进一张图里故事感瞬间拉满。机位二老厂房燕堤大街斑驳的钢铁巨架、厂房旧墙映衬着尚界Z7T流畅的车身线条。不得不夸一下“晚山新绿”这个颜色不是普通的亮绿而是像傍晚远山蒙上一层薄雾般的莫兰迪绿温柔中带着清冷在硬核工业背景下显得格外高级反差感绝了这种现代设计与粗犷工业遗存的对撞大概就是独属于首钢的浪漫吧。快约上北京的车友一起来拍评论区告诉我你更喜欢哪张#首钢园拍照##首钢园打卡##工业风##北京拍照##S1线##尚界Z7T##晚山新绿##汽车摄影##拍车##我的车生活##北京周末去哪儿##拍出电影感#"	,"↑出口"	,"↑出口；京A·PM"	,"被追问N次的绿尚界Z7T闯入硬核首钢氛围感"	,"正向"	
啤酒行业-行业-低,"2026-08-10 17:17:04"	,"toutiao"	,,0,,,"107881060890"	,,"看世间故事."	,,"7671066829015613987"	,"https://api-app-proxy.tarsocial.com/api/token/v2/rewrite_url?url=1YusuDMvr9od4K_K1MN8mjIOcWIunAfzU6n1BFWqO51rgFZOXNrY6kuoAUnn_i7WzeCPWWAUvcUCF6ve-vL9zQ"	,,"乔迁新居 D.ran"	,"来看看一个中年男人；下班后的生活是什么样的；下班了找个地方快乐一下；今天一个好哥们搬家了；在家里面做的火锅；现在话不多说；直接去超市买水果let'sgo；圆风梨奇异果奇异身奇异果奇异果苹果看着不错；再买上一个哈密瓜；消费降级；今天的晚霞格外的美丽；wow好漂亮；IN.07083；#·C7D83；10 喜；發；现在呢咱到快乐的地方了；来吧开始快乐一下吧；房子装修的简单又大方；未成年人禁止喝酒来到他家先把快乐水给倒上；未成年人禁止喝酒快乐一下；未成年人禁止喝酒；未成年人禁止喝酒牛丸还有点烫嘴呢撒尿的；未成年人禁止喝酒朋友搬新家；未成年人禁止喝酒过来蹭一顿热平平的火锅；未成年人禁止喝酒房子不用多豪华；未成年人禁止喝酒就是最好的归宿；未成年人禁止喝酒围坐在一桌；未成年人禁止喝酒简单的相聚；老街口未成年人 13 禁止喝酒最治愈的人心；未成年人禁止喝酒恭喜搬家；未成年人禁止喝酒来吧先快乐一口再说；未成年人禁止喝酒第一口酒永远都没有那么快乐；未成年人禁止喝酒这老妹下的菜也太多了；蓝未成年人禁止喝酒今天不是火锅麻辣烫；未成年人禁止喝酒蓝标嗯吃吧；未成年人禁止喝酒兄弟又安排了一盘凉菜；未成年人禁止喝酒外面的饭再好吃；未成年人禁止喝酒也没有在家里面吃着舒服得劲；未成年人禁止喝酒再来上一个丸子；未成年人禁止喝酒这个丸子歇了一段时间吃的；未成年人禁止喝酒别往我放一半；未成年人禁止喝酒刚吃了一个撒尿牛丸；未成年人禁止喝酒不过这个牛筋丸味道还是非常的好；未成年人禁止喝酒见钟精来的时候给我兄弟；未成年人禁止喝酒一见钟情净含量180-5 c860ml 开生量白饮料视烤买了一袋一见钟情；未成年人禁止喝酒贝钟情 600 味道特别的好；未成年人禁止喝酒充满童年的味道；未成年人禁止喝酒 OC；未成年人禁止喝酒贝钟精 060m 一见钟装；未成年人禁止喝酒酒是不能停；未成年人禁止喝酒最近在减肥啊；未成年人禁止喝酒来吧有点烫嘴吹吹；未成年人禁止喝酒吃一口香菇；未成年人禁止喝酒自己家涮的火锅；未成年人禁止喝酒来继续快乐一下；未成年人禁止喝酒哎来吧；未成年人禁止喝酒透那么一下下；未成年人禁止喝酒让今晚更快乐；未成年人禁止喝酒来哥姐弟妹们碰一杯；未成年人禁止喝酒啊舒坦；未成年人禁止喝酒自己家的火锅怎么样都好吃；未成年人禁止喝酒来一口响铃卷；未成年人禁止喝酒在家里面自己煮火锅；未成年人禁止喝酒还是比较干净卫生的；未成年人禁止喝酒而且特别的省钱；未成年人禁止喝酒主要是祝福我兄弟乔迁新居；未成年人禁止喝酒家装修的非常不错；未成年人禁止喝酒温馨的避风港湾了来吧；未成年人禁止喝酒音乐走起；未成年人禁止喝酒啤酒灌灌缝；未成年人禁止喝酒朋友最近要孩子；未成年人禁止喝酒不让他喝酒；未成年人禁止喝酒他偷偷陪我喝了一杯；未成年人禁止喝酒差点他俩吵起来；未成年人禁止喝酒一杯也不想让你喝；未成年人禁止喝酒其实我刚喝过一杯了；未成年人禁止喝酒这哪是吵架；未成年人禁止喝酒这完全就是幸福啊；未成年人禁止喝酒行了今天的视频咱拍的也差不多了；未成年人禁止喝酒还是在无人问津的日子里；未成年人禁止喝酒请记得一定要按时吃饭"	,"乔迁新居，开启幸福新生活！🏡💖"	,
啤酒行业-行业-低,"2026-08-10 17:15:02"	,"weixin"	,,0,,,"gh_a0523229489e"	,,"两情相悦的艺术"	,,"c07ee2d6d00f44082c0a3997692fcf4d"	,"https://api-app-proxy.tarsocial.com/api/token/v2/rewrite_url?url=PYEeoKgiH-PpgFgxihDlxaLn5ErByks7vRwDJU6ieu1YB-KMoPbP6ldgcrwLqXRTl9hdaWuxprbO7NSPS6SzUa_T4QsHwwJy-nd0DFEL9_xC_UmLyCfEXH6glrRsWGV2IC2QvgZmC1oabw8K0LzSkA"	,"今天的计划是去芒通和摩纳哥。已经第五天了，有些“审小镇疲劳”，另外也觉得法国的感觉不是旅游、度假，更像是养老。芒通的特点是柠檬。找了一家著名的柠檬酒店，有在法国的同学沟通交流，又看到我们这么多人，店小哥非常热情，把每种酒都拿出来让我们尝。然后就是摩纳哥。乘公交车过去的，一路挺辛苦，就找了一家店坐在外面喝饮料。啤酒还不错。然后就是去007拍摄地的赌场餐馆。下午人不多，只有有限的几个桌子有人在玩。第一个发现是“荷官”没有一个态度和善的，都是略带“嘲讽”的感觉。这里应该是最“专业”的，所以就推断主流赌客可能有潜在的“受虐”倾向。然后就观察赌客。下午去的可能是赌性“最纯”的，感觉是有这个倾向。这个发现对不对呢？问了AI。真是大开眼界！感觉很多领域都适用用这种机制。所谓“好买卖”都是“欺负人”的买卖。因为可以提供额外的心理兴奋。比如《》。我有两个“挺道德”的习惯，一是不爱打牌，更不要说赌博了。二是不爱去娱乐场所。但是原因并不是学习了道德，而是生活乐趣多，就很难长时间坐在牌桌上，更不用说还要输钱了；也很难忍受花钱买来的虚情假意，更不用说还被人各种忽悠。看来“三大法宝”也是戒赌的利器。下来还转了转摩纳哥王子收藏的汽车展和王宫。返回尼斯，大家反映来了几天了还没有吃过海鲜，于是综合地图和AI推荐，订了一家主打海鲜的餐厅。味道相当好！就连最后的甜点也很赞！"	,,"在摩纳哥的赌场发现，荷官没有一个热情的，脸上都带有一点儿“嘲讽”的感觉。这是因为主流赌客都有一些“受虐”倾向吗？这种表情可以刺激他们下注？ 这种观察非常敏锐。你在摩纳哥赌场（如蒙特卡洛赌场）看到的这种荷官状态，并不是因为主流赌客有某种普遍的“受虐倾向”，也不是赌场故意通过这种情绪刺激来诱导下注，而是由博弈心理学、赌场文化定位以及高压职业机制共同作用的结果。 具体可以从以下几个层面来拆解这种现象： 1.“冷酷”塑造的是神圣感与权威感，而非恶意的嘲讽摩纳哥赌场与拉斯维加斯完全不同。拉斯维加斯走的是“大众娱乐”路线，荷官通常被要求热情、亲切、甚至像秀场主持一样烘托气氛；而摩纳哥代表的是欧洲老牌贵族式的优雅与冷峻。；规则的化身：荷官在台桌上代表的是不以人类情感为转移的“概率与规则”。如果荷官情绪过于热情或亲和，会削弱这种神圣感。 维持掌控力：面对动辑押上巨额资金的赌客，荷官必须通过冷静、克制甚至带有一丝孤傲的气场来掌控桌面局势，防止赌客因为输钱而情绪失控或寻畔滋事。你感觉到的“嘲讽”，往往是他们刻意维持的距离感与冷漠感（Detachment）。 2.赌客的心理：反向心理暗示与“被接纳” 的渴望虽然赌客不是因为“受虐”去赌博，但这种冷峻的表情确实在客观上对特定类型的赌客产生了心理刺激： 征服欲与证明心理：摩纳哥的高端赌客通常在社会上拥有极高的地位或财富。在日常生活中，周围人对他们大多趋炎附势； 而在赌场里，荷官对谁都一视同仁地冷淡。这种“不把你当回事”的态度，反而会激起高端赌客的征服欲一一他们试图通过在牌桌上的胜利，来冲淡那种被冷落的感觉，以此证明自己的掌控力。；社交门槛的仪式感：如果一个地方太热 O 情，会显得门槛很低。相反，冷漠甚至带有一丝傲慢的态度，会给赌客一种“这里是顶级高端俱乐部”的暗示。赌客留在这里， 本质上是在为这种“能被这个冷酷场所接纳”的身份认同买单。 3.概率面前的“职业疲态” 从荷官自身的心理机制来看，这种微妙的表情往往是一种无意识的职业暴露： 见惯了输赢的虚无感：高级荷官每天见证成千上万欧元的进出，也见证无数人从自信满满到输光离场。在他们眼中，赌客的各种筹谋、迷信或情绪发泄都是徒劳的。 这种对博弈结果的深度洞察，容易演变成一种对“赌客幻想”的轻蔑或轻微的冷嘲。 O 高强度注意力压迫：荷官需要保证发牌极其精准、计算赔率毫厘不差，同时还要防范作弊。高精度的注意力消耗极难维持温和的表情，面部肌肉放松时就容易显得冷酷或阴沉。；总的来说，你捕捉到的那丝“嘲讽”，既是老牌欧洲赌场刻意保留的距离感营销，也是荷官面对庞大金钱流动时自然形成的心理防御与职业漠然。它并没有直接诱发“受虐”心理，却恰好精准地击中了高端赌客对于自尊、征服与身份认同的微妙需求。；lardo"	,"26法国游5：赌场心理分析以及好买卖都是欺负人的"	,
啤酒行业-行业-低,"2026-08-10 17:10:00"	,"douyin"	,,0,329,,"64194235074925"	,,"创一派进出口贸易"	,,"7672296058659015936"	,"https://api-app-proxy.tarsocial.com/api/token/v2/rewrite_url?url=UxI1mE1VtivWWENn8adpDmG3kF8SwGcheiC2XVx5H1n0heSB5YutH5B6nXbtD6h7aXTS6XS7Fbmn3zcKS1NU3w"	,"#喜力 #喜力啤酒"	,"饮品行业下滑精神粮食是不是要上升了？"	,"饮品行业下滑精神粮食是不是要上升了？"	,,
啤酒行业-行业-低,"2026-08-10 17:09:26"	,"douyin"	,,0,1117582,,"1267052853333752"	,,"待见食品旗舰店"	,,"7672327558175739142"	,"https://api-app-proxy.tarsocial.com/api/token/v2/rewrite_url?url=UxI1mE1VtivWWENn8adpDmG3kF8SwGcheiC2XVx5H1nyYx_pP3r6lC_h-qH6npDXYsackS49ivFKfrBgg2TYeA"	,"【配料只有沙棘果】待见沙棘原浆180mlx14瓶山西吕梁小果生榨含果油籽油"	,"五折五折五折五折五折五折五折五折五折五折折五折折王五折大店热差五折折 L 折折出折折五待见五折！五折！ 具体机制以直播间为主平台消费券满减金额随机，以实际情况为准"	,"五折五折五折五折五折五折五折五折五折五折五五折折折折王五五折折折折待见五折！五折！具体机制以查播间为主平台消费券满减金额随机，以实际情况为准"	,,"中性"	
啤酒行业-行业-低,"2026-08-10 17:02:02"	,"toutiao"	,,0,,,"1446598275761271"	,,"开心就好。"	,,"1873126382823552"	,"https://api-app-proxy.tarsocial.com/api/token/v2/rewrite_url?url=1YusuDMvr9od4K_K1MN8ml17rEfkAea0gAdcR6CW8Dxcp8VhYzD-OmzeiMuJTIk6xEBXOwQWQm4GoJJTZtWzlQ"	,"影帝级白嫖！男子装阔炫富吃大餐，吃完瞬间摆烂赖账
 
湖北仙桃一名男子上演离谱白嫖操作。进店大方点猪蹄螺蛳粉配啤酒。店家提醒结账时刻意装豪气。扬言完全不差钱，成功卸下老板娘防备。
 
男子惬意饱餐一顿后直接翻脸。张口哭穷声称没钱付账。演技堪称炉火纯青，堪比临时上场的演员。
 
老板娘直言真心落难可免费管饱。刻意装富肆意消费再赖账，属于恶意吃霸王餐。
 
男子自知理亏却毫无羞愧感。淡定玩手机充电摆烂躺平。熟练的模样一看就是惯犯。
 
善意是雪中送炭的温暖。绝非投机取巧蹭吃蹭喝的漏洞。这般花式白嫖行为，实在让人不齿。你见过这么离谱的赖账方式吗？#白嫖哥# #摆烂式炫饭# #McN微头条伙伴计划#"	,,,"影帝级白嫖！男子装阔炫富吃大餐，吃完瞬间摆烂赖账
 
湖北仙桃一名男子上演离谱白嫖操作。进店大方点猪蹄螺蛳粉配啤酒。店家提醒结账时刻意装豪气。扬言完全不差钱，成功卸下老板娘防备。
 
男子惬意饱餐一顿后直接翻脸。张口哭穷声称没钱付账。演技堪称炉火纯青，堪比临时上场的演员。
 
老板娘直言真心落难可免"	,"负向"	
啤酒行业-行业-低,"2026-08-10 17:00:00"	,"toutiao"	,,0,,,"101735817149"	,,"祥润仪表"	,,"7672288395095294514"	,"https://api-app-proxy.tarsocial.com/api/token/v2/rewrite_url?url=1YusuDMvr9od4K_K1MN8ml17rEfkAea0gAdcR6CW8Dw3sG7gcV2rKj-p-bSEv8Q3r2VpxVkAnxnFoyDuACzm5g"	,"在瓦楞纸板、汽车制造、电子封装、航空航天等众多工业领域中，热熔胶都是不可或缺的关键材料。然而，热熔胶的高粘度、易挂料、高温熔化等特性，使其液位与物位测量成为困扰行业多年的技术难题。热熔胶液位检测，到底难在哪？①高温环境：热熔胶在熔化状态下，介质温度常年可达150-200℃。传统一体式液位传感器标注的耐温120℃仅指探头短期耐受温度，内部电路板紧贴探头，高温热量持续传导，长期在150℃以上工况下极易出现元件老化、信号漂移甚至直接烧毁。②粘稠，挂料：热熔胶作为一种高粘稠液体，粘度通常在100-20000cPS之间。在储存和使用过程中，胶水容易在传感器表面形成2-5mm的残留层，导致检测信号失真。③气泡干扰：热熔胶在搅拌过程中会产生大量气泡，普通液位开关出厂固定检测阈值，气泡会被误判成无液体，频繁触发缺料报警，导致流水线无故停机。祥润智能液位物位传感器——解决方案智能液位物位传感器：利用脉宽调制（PWM）技术，用户能够检测同一生产线或者加工罐内不同介质，以便分离出最终产品（例如各类调味酱油、啤酒等）。检测采用模拟时间信号，从而方便进行连续测量。另外可以根据介质的DK值（介电常数）更改时间信号。从而方便进行连续测量还可以根据介质的DK值（介电常数）更改不同输出信号。还有推出的自适应款传感器，可以根据不同的介质进行适应，不用频繁调试。具有多种过程连接，适配不同安装场景：法兰连接，卫生卡盘，焊接式连接，螺纹连接。可安装在管道或罐体中的任意位置处，使用扭力扳手将传感器安装在设定测量位置点。核心优势：抗挂料，抗结晶，耐温耐压，耐腐蚀；不受泡沫/粘接剂/流动/素流悬浮颗粒影响检测监控。热熔胶液位检测的实际案例一、包装厂EVA热熔胶缸挂胶导致频繁误报案例：某大型纸箱包装厂使用EVA热熔胶进行封箱，胶缸工作温度维持在 170°C，采用传统电容式液位传感器监测胶位。液位信号频繁漂移，低液位报警滞后，多次导致胶缸空烧、产线停机。根因分析：胶层使传感器成为""冷桥""，周围胶水优先凝固，挂胶越积越厚，导致传感器检测不精准。解决方案：更换为祥润智能物液位传感器，核心优势在于抗挂料、抗结晶的阻抗谱扫描技术，即使探头挂满，也不影响检测。二、PUR胶湿反应 → 泡沫层掩盖真实液位案例：某电子组装厂，使用PUR湿气固化热熔胶进行结构粘接，胶缸带密封盖，工作温度130°C。胶液表面形成一层 2–3cm厚的稳定泡沫层，传感器将泡沫层误判为""胶液已满""。根因分析：PUR反应型热熔胶在粘接的过程中，会出现有气泡的情况，实际胶液已降至安全线以下，但传感器仍输出""高液位""信号。解决方案：祥润智能液位物位传感器通过泡沫与液体的DK值差异进行智能识别，设定不同的检测阈值，做到只检测真实液面、不理会泡沫层。如需进一步了解祥润智能物液位传感器在气泡干扰场景下的DK值标定方法、泡沫层穿透调试技巧，或针对PUR/PA/EVA等不同胶型的具体参数设定，欢迎提供您的胶缸结构图和工艺参数，我可以为您定制更详细的实施方案。"	,,,"热熔胶起泡，液位还准吗？"	,"中性"	
啤酒行业-行业-低,"2026-08-10 17:00:00"	,"app"	,,0,,,"7463144467290899831"	,,"祥润仪表"	,,"b1fbdfcdd7a162c5ecc72b71b9f16531"	,"https://api-app-proxy.tarsocial.com/api/token/v2/rewrite_url?url=pC2bNT3FgSOMEBkPahPb6hsbTqddh4O59twV5qfes0rG93cyqrdKMbdpRocrOuh6TH7A1Zb-ouVBhgPoGvm8TidDeM1Ce2p6qawAnLzMQiM"	,"在瓦楞纸板、汽车制造、电子封装、航空航天等众多工业领域中，热熔胶都是不可或缺的关键材料。然而，热熔胶的高粘度、易挂料、高温熔化等特性，使其液位与物位测量成为困扰行业多年的技术难题。 热熔胶液位检测，到底难在哪？ ①高温环境：热熔胶在熔化状态下，介质温度常年可达150-200℃。传统一体式液位传感器标注的耐温120℃仅指探头短期耐受温度，内部电路板紧贴探头，高温热量持续传导，长期在150℃以上工况下极易出现元件老化、信号漂移甚至直接烧毁。 ②粘稠，挂料：热熔胶作为一种高粘稠液体，粘度通常在100-20000cPS之间。在储存和使用过程中，胶水容易在传感器表面形成2-5mm的残留层，导致检测信号失真。 ③气泡干扰：热熔胶在搅拌过程中会产生大量气泡，普通液位开关出厂固定检测阈值，气泡会被误判成无液体，频繁触发缺料报警，导致流水线无故停机。 祥润智能液位物位传感器——解决方案 智能液位物位传感器：利用脉宽调制（PWM）技术，用户能够检测同一生产线或者加工罐内不同介质，以便分离出最终产品（例如各类调味酱油、啤酒等）。检测采用模拟时间信号，从而方便进行连续测量。另外可以根据介质的DK值（介电常数）更改时间信号。从而方便进行连续测量还可以根据介质的DK值（介电常数）更改不同输出信号。 还有推出的自适应款传感器，可以根据不同的介质进行适应，不用频繁调试。 具有多种过程连接，适配不同安装场景：法兰连接，卫生卡盘，焊接式连接，螺纹连接。可安装在管道或罐体中的任意位置处，使用扭力扳手将传感器安装在设定测量位置点。 核心优势：抗挂料，抗结晶，耐温耐压，耐腐蚀；不受泡沫/粘接剂/流动/素流悬浮颗粒影响检测监控。 热熔胶液位检测的实际案例 一、包装厂EVA热熔胶缸挂胶导致频繁误报 案例：某大型纸箱包装厂使用EVA热熔胶进行封箱，胶缸工作温度维持在 170°C，采用传统电容式液位传感器监测胶位。液位信号频繁漂移，低液位报警滞后，多次导致胶缸空烧、产线停机。 根因分析：胶层使传感器成为""冷桥""，周围胶水优先凝固，挂胶越积越厚，导致传感器检测不精准。 解决方案：更换为祥润智能物液位传感器，核心优势在于抗挂料、抗结晶的阻抗谱扫描技术，即使探头挂满，也不影响检测。 二、PUR胶湿反应 → 泡沫层掩盖真实液位 案例：某电子组装厂，使用PUR湿气固化热熔胶进行结构粘接，胶缸带密封盖，工作温度130°C。胶液表面形成一层 2–3cm厚的稳定泡沫层，传感器将泡沫层误判为""胶液已满""。 根因分析：PUR反应型热熔胶在粘接的过程中，会出现有气泡的情况，实际胶液已降至安全线以下，但传感器仍输出""高液位""信号。 解决方案：祥润智能液位物位传感器通过泡沫与液体的DK值差异进行智能识别，设定不同的检测阈值，做到只检测真实液面、不理会泡沫层。 如需进一步了解祥润智能物液位传感器在气泡干扰场景下的DK值标定方法、泡沫层穿透调试技巧，或针对PUR/PA/EVA等不同胶型的具体参数设定，欢迎提供您的胶缸结构图和工艺参数，我可以为您定制更详细的实施方案。"	,,"法兰连接卫生卡盘焊接式连接螺纹连接；·料位上限 1 ·料位下限 ·干运行保护 3；耐温 235℃"	,"热熔胶起泡，液位还准吗？"	,"中性"	
啤酒行业-行业-低,"2026-08-10 16:58:11"	,"xiaohongshu"	,,0,15069,,"666d4eb30000000003032d7d"	,,"阮fufu"	,,"6a7992a30000000008011716"	,"https://api-app-proxy.tarsocial.com/api/token/v2/rewrite_url?url=cSb9xPr9PTnAREU6T0jLKsUsLLPSJ9iu21ImVmniC4XCR0HGwN-XUF9MKyNahcp53YhCjPLZatHqGyaxdHDVmg"	,"哈哈喽这里是fufu办公室人的快乐就是——工位像焊在身上一坐一整天不是不想动是动一下下面就疼说起来都是泪久坐党的痔疮真的只有经历过的才懂好在被闺蜜安利了肛泰贴不然我可能在办公室社死第八百回了最近在赶着对项目需求每天对着电脑到眼花靠冰美式续命第三杯了别学我痔疮犯了又痒又痛在同事不注意的时候在座位上扭来扭去懂的都懂不懂希望你不用懂Anyway分享个让我体面过关的小东西就是肛泰贴最戳我的是——操作方便不尴尬不用抹不用塞贴肚脐上就行同事以为我在贴暖宝宝hhhhh依托传承千年的中式脐疗通过肚脐给到而且特别适合前期预防上火出、痒痒肿痛那种苗头贴上就完事趁早掐灭现在常备不用涂在huan处上班贴出差随时都能贴太适合打工人了:/虽说最近白天忙下班也还是在搞小事业喜欢的事就不觉得累昨天写完2篇稿奖励自己点了秋天的第一杯奶茶坐在阳台吹风突然觉得痛的事解决了剩下的都是甜的总之呢30岁打工人有些痛不必硬扛照顾好自己才有力气好好赚米呀#打工人日常##久坐党##下班日记##国企日常##好物分享##职场好物##随身好物##身体健康才是最大的炫富##久坐党必备#"	,"办公室人的快乐就是工位像焊在身上，一坐一整天最近在赶着对项目需求 （不是不想动，是动一下下面就疼） 每天对着电脑到眼花， 靠冰美式续命 （今天已经三杯了别学我） （咪：不是我啊～） 肛泰特意穿舒适点来公司加班 What's in my bag? 麻雀虽小，五脏俱全版肛泰作方便， 不道尬贴不用抹不用塞贴肚脐上就行让我在办公室体面过关的小东西。 内持外痔混合痔 0.5克×5 痔疮人的体面好物 *粉底液 *眼影 *免洗洗手液 *戒指×2"	,"办公室人的快乐就是工位像焊在身上，一坐一整天最近在赶着对项目需求 （不是不想动，是动一下下面就疼） 每天对着电脑到眼花， 靠冰美式续命 （今天已经三杯了别学我） （咪：不是我啊～） 肛泰特意穿舒适点来公司加班 What's in my bag? 麻雀虽小，五脏俱全版肛泰作方便， 不道尬贴不用抹不用塞贴肚脐上就行让我在办公室体面过关的小东西。 内持外痔混合痔 0.5克×5 痔疮人的体面好物 *粉底液 *眼影 *免洗洗手液 *戒指×2；最近在赶着对项目需求每天对着电脑到眼花， 靠冰美式续命 （今天已经三杯了别学我） 特意穿舒适点来公司加班；办公室人的快乐就是一工位像焊在身上，一坐一整天 （不是不想动，是动一下下面就疼.…） （咪：不是我啊～） 肛泰外；方由理市市肛泰肛泰内特外特混合持来自闺闺闪送还是“新包装”哦～ 好在被闺蜜安利了肛泰贴不然我可能在办公室社死第八百回了6；肛泰操作方便，不尴尬贴不用抹不用塞贴肚脐上就行内外持混合寿让我在办公室体面过关的小东西。 外 0.5克×5片 * 红康痔疮人的体面好物 SOOR；极简出行。 ：报告，打工人已就位！ （上午的会一坐就是4小时）；董洁直播间买到的新欢迪桑娜新品貌美啊！；What'sinmybag? 麻雀虽小，五脏俱全版 *粉底液 *眼影 *免洗洗手液 *戒指×2；和好闺闺找了个小店吃辣辣的食物、喝啤酒这才是夏天的意义叭~ 小痔L完全没在怕的!（叉腰） TTE DOOR"	,"痔疮好了才知道不疼的日子有多幸福"	,"正向"	
啤酒行业-行业-低,"2026-08-10 16:52:38"	,"weixin"	,,0,,,"gh_36df45422e3e"	,,"慢叙时光记"	,,"6f6fe795ae57a760d4ad65d74427252e"	,"https://api-app-proxy.tarsocial.com/api/token/v2/rewrite_url?url=MTUJlVmOfbIIaV1xZI3shbhn6Qtt_CcjFkEpec8Hayqe5jDgc3KDUDi3B38oQnqyWMOczuq23c_FRBGhFDyCtsDYK7x2HGwifbmzIfjHvzPKn7264FlwwLFKoLpsLO_nbKspgziUsTHj8LiA7NlPWg"	,"昨晚打完最后一场羽毛球，走出球馆时已经九点多。晚风裹着汗意吹过来，胳膊酸胀发沉，心里却出奇地透亮。换作二十岁刚上班那年，我绝想不到自己人到中年，会把大半下班时间耗在球场和跑道上。刚工作那几年，办公室天然分成两拨人。我们这群年轻人，下班呼朋唤友，火锅烧烤配啤酒，唱K宵夜到凌晨，觉得这才是青春该有的样子。另一拨是几个年长几岁的同事，准点收拾好运动包，要么去操场夜跑，要么约着打羽毛球。我们私下还悄悄议论，说他们年纪轻轻就活成了老干部，大好时光用来出汗，实在无趣。那时候我们笃信，快乐就得是热热闹闹的，是感官的饱和，是一群人的狂欢。运动太苦、太枯燥，是反享乐的。年轻就是用不完的本钱，身体像永远满电的充电宝，熬通宵补一觉就能满血复活，根本想不到“电量不足”这四个字会落在自己身上。一晃十几年过去，当年一起胡吃海喝的朋友，陆续开始发福，体检报告上的异常箭头一年比一年多。但真正压过来的，远不止身体的衰退。人到中年，像是被架在了生活的正中央。上班要扛住工作的压力，回家要撑起家庭的琐碎，老人的身体、孩子的学业、柴米油盐的开销，件件都要放在心上。身边全是依靠你的人，却没有你可以放心依靠的人。情绪成了最奢侈的东西，崩溃不敢出声，委屈不敢表露，连难过都要掐着点，怕耽误第二天的正事。真正让人上瘾的，从来不是流汗本身。是在球场上的那一个多小时里，你不用做员工，不用做父母，不用做子女，你只是你自己。不用接工作电话，不用想没做完的方案，不用管家里的琐事，所有注意力都落在那颗起起落落的球上，落在奔跑的脚步里，落在急促的呼吸里。那些积压在心里的焦虑、烦躁、说不出口的委屈，全都顺着汗水排了出去。散场后吹着晚风往家走，浑身累得发软，脑子却异常清醒。很多白天想不通的事、解不开的结，跑一跑、出一身汗，好像就没那么重了。年轻时候追求的快乐，大多是消费型的。靠美食、酒精、热闹的社交来填充，快感来得快，退得也快，散场之后往往是更深的空虚。而且阈值会越来越高，需要更强的刺激才能填补。运动带来的快乐，是生产型的。它先让你累，让你苦，让你无数次想放弃，可咬牙坚持下来之后，会获得一种扎实的掌控感——你能掌控自己的身体，能掌控自己的情绪，能掌控每一次发力和呼吸。这种确定的回报，在处处都是变数的中年生活里，太珍贵了。你付出多少，身体就给你多少反馈，没有套路，没有不公，不用讨好谁，不用看谁脸色。这是成年人世界里，为数不多绝对公平的事。那些看起来枯燥重复的跑步和打球，本质上是在给人生攒底气。攒一副能扛住生活重压的身体，攒一个能接住情绪的心态，攒一份不依附于任何人、自己给自己的安全感。人到中年爱上运动，从来不是向年龄妥协，是终于活明白了。不再追求虚浮的热闹，不再贪恋即时的快感，开始学会向内求。知道什么东西是短暂的，什么东西是长久的；什么是消耗你的，什么是真正滋养你的。"	,,,"球场一小时，是中年人的喘息时刻"	,
啤酒行业-行业-低,"2026-08-10 16:41:41"	,"douyin"	,,2,22,1,"202787263618558"	,,"思念碎于无声"	,1,"7672320415533212038"	,"https://api-app-proxy.tarsocial.com/api/token/v2/rewrite_url?url=UxI1mE1VtivWWENn8adpDmG3kF8SwGcheiC2XVx5H1lxxloeUpKC6kB7DdVplY779kNud_itPQy-XhQWjMjxnw"	,"青岛金沙滩周边海鲜店慎重避雷❗ 花180入手的海鲜团购套餐，落差实在太大。 生蚝鲜活度欠佳，疑似久置存放，菜品里还吃出砂石杂质。 看主播的宣传视频里梭子蟹个个饱满硕大，上桌之后仅有两只尚可，其余两只规格缩水严重。 多数海鲜腥气偏重，食材新鲜度不尽人意，整套套餐名实不符，性价比极低，劝大家谨慎到此消费。#青岛旅游攻略 #青岛 #青岛海鲜"	,"大众安徽戳子肉打卤面炸酱面小船海鲜青岛菜"	,"大众消费安徽戳子肉CCTV7央视推广门店手工水饺海肠捞饭汤面炒面打卤面炸酱面原浆礼啤特色烤鱼特色线如意一只小船海鲜青岛菜如意一号金沙浦店如意意号青鸟啤酒直营店兰州拉凉皮安徽板面板面岛特色#####16:34KB/S中沙滩店）+跟着榜单逛吃，高分推荐→X更多图层S504扫街榜卓越天元2026一号海鲜烧烤酒店排档（金沙滩店）业观海木栈道日出咖啡3号瞭望塔金沙滩查看飞行街景风帆广场景区-快艇航道风陵渡口咖啡酒馆O青岛凤凰之声大剧院凤凰FUN嗨8季路线28°℃高德地图海鲜LAIAt首页探索长按说话打车我的"	,,
啤酒行业-行业-低,"2026-08-10 16:41:34"	,"douyin"	,,0,,,"1905889025209096"	,,"天猫健康臻选"	,,"7672320369885334827"	,"https://api-app-proxy.tarsocial.com/api/token/v2/rewrite_url?url=UxI1mE1VtivWWENn8adpDmG3kF8SwGcheiC2XVx5H1kpDA_dpiWJshIt7ymJNK6n4zhgP4hX5YAK8gysvof_kA"	,"【美国热卖】除尘魔盒高效除尘，家里灰尘一扫而光，家里备一个吧"	,"花千万 别错过 whb 新老包装交替发货 欧圣仁 已授权第三方效果因人而异内容仅供参考此视频人物均为顾问 你看看这房间乱的 爆款 视频内容由ai生成无不良引导请仔细甄别"	,"广千万!!|别错过|whb|新老包装交替发货|欧圣仁|已授权第三方效果因人而异内容仅供参考此视频人物均为顾问|你看看这房间乱的|价|爆款|视频内容由ai生成无不良引导请仔细甄别|广千万!|欧圣价|跟个猪窝一样|面|也不知道收拾收拾|1|千万|Whb|福|哎!|1m|千万!|欧圣位|妈""我有这个好东西|第1|D|欧区|欧圣仕|BETTERLIFESPACE|场|千万!!|收纳神器|一整柜冬装都塞得下|金|n|艾千万!!|欧圣|一|M|Wwhb|企|刺爆款|干万|BETTERLIFESP|vhb|第1城|广干千万!|N|欢圣仁|家里冬装堆不下?真的要疯|这个收纳袋超大容量|第1折|BETTERLIFE|第1前|整柜冬装都塞得下|如果你习惯每周末|都把家里收拾的漂漂亮亮的|那你千万别错过它|广千万|以前一到换季|+|家里衣柜总是乱糟精的|T|想找件衣服就像大海捞针|DHN|大|際|尊|鼎|GREATIDEAS|OIOSINS|PASTTIME|直到老公给我买了这个真空压缩袋|主千万|第益|账|家|它操作简单好收纳|编|喜|心新老包装交替发货|PAST|还能更好的保护你家换季不穿的衣物|券|永新老包装交替发货|第位|PASTTIM|厅|第面|山吧卡|发|好味带生|FLOWER.S|FARDEN|室|已授权第三方效果因人而异内容仅供参考此|星|HRIEIsOTOLO|ONOSNYS|PETTERLIFECPRCC|人物均为顾问|衣柜瞬间暴增空间|LOek|4兰物|HEAOS|NEOAY|警|0010013|F|ANENDNE|SHPEINELSO|回|凯光|业|2+|糕|谐|平鼎好|道|州|小|Y年音|叭W|岸|开鼎|市|春|?|Y|厦|限|禁|7L|明光|岸誉|平鼎|景|7|源|欢|湘|不知道收纳袋到底应该怎么选|注一下|了|01-|首先这种收纳籍都不要看|商品评价(12)|浅涉看一下|王|民色[]110[|S力|商品评价(121)|浅浅看一下|主|丙色[]务11[一|茶个能销镜一正需我金留邮发哥了""|改服全费|占空间不说|视频内容由ai生成无不良引导|请仔细甄别|浅涉岩一下|茶玛个能膜一下需五金即邮发哥了""|他[得系创]110[|衣服全费|永|玉|O|衣服也都发霉发臭了|口|色[]10T一|茶写个能膜一正需歪金都邮发霉了""|Whbi|8|要买可真空压缩的|爱发|1址4|不管是大小衣柜都能放|Klieid|好4花4|F.llof1A|好味元小|FLOWERS|GARDEN|已授权第|二方效果因人而异内容仅供参考|C|此视频人物均为顾问|还能防尘防潮|2|Bel原版定料|已购注款仅引:0|重夏到热子很计速不款几衣柜|1个铝前|真的银占空间|公加3|LOEV|Dav.Mor|元生|PR|中|第二老式平面的不要看|B原版定料|已购注仅子:0个1个前|重石销子报计走不几衣柜|公龙|LOEWE|福佳|JsPianofi3no7|装不了两件|Bl原版定料|已购加仅:0个1个前|真的银古空间|标生|Jspranofi3no|B原版定划|理媒已购注款仅子:10个1个与前|千石货可极小计不家几衣柜|武的模占空间|P邮|公|放衣柜还关不上门就很难搞|视频内容由ai生成|无不良引导请仔细甄别|3s1aro3n0|要买底部立体设计的|M1|个能装五六床被子|BE@RBRICK|MATISSE|视频人物均为顾问|CZ|NTIRV|200|十几件羽绒服也不在话下|BEORBRICK|不吃香菜月卡会员|式加款[]热尺:6大[过]|好垃圾的电泵压缩""室友以为我买|电钻了真的噪音超级大别买!!!|G1|SPACE|EXPLORER|第三要抽气泵的不要看|股式:度款[电款]温款热尺可:大[延值购]|)|囍|乐号|1o39)|SRACE|PLORER|插电的太吵|h|SS3A0|38o301|G|股式:加厚称[电款]款热卖尺寸:大[超借通]|S3Ad0|318006301|用|SOACE|AG号|2北|要买免抽气排气的|萧|随时随地都能轻松收纳|商品评价(1.343)|supp|江|E19元1B2次:7大|口路|最后没有防皱功能的不要看|第1价|Supp|19元R次:7次|这救销额的""食小花实环度孩的羽或阻压域|定|1元次:7原|这救镇额的""食小元实环要孩的羽或图压点|把衣服压的皱皱巴巴|5upp|式|[电]热:2期大|这称销的食小元我评担孩的明绒图压成|凸景|Y一酒|qYM|四|掌|>俊水盟e|开鼎%|ddns|证|]|福口|Y飘一酒|qyM|四四|开县%|上|贝吧|岸割|风吧|y岸|来年取出即穿就很方便|hb|5层加厚袋体|产|BETTERLIFESFFICE|防刮耐磨|双骨条密封口|菜|日印|直接冲水都没事|第1益|邦爆款|买一次能重复使用五六年|给你家衣柜节省出70%空间|11|1啦|好|清花中|2证|391a00f3107|就这么好用的收纳袋|如果平时嫌贵你没买|whb如果平时嫌贵你没买|31ao3no1|那么这次千万别错过|VAOJUM|COMPRESSION|家茎仁|BACL空压缩袋|TER|C国|VACUUM|ON|零|BAG真空压缩袋|Tu|RT|现在周年庆活动大促拍一发四|S|CUUM|MPRESSION|UM|SSION|ESSIO|RI|真空压编袋|2压编铃|A|PRESSION|UN|哈限制袋|空压猫袋|EH|同经国编袋|BAG真空压输袋|安|2压缩袋|民制袋|M圣E|欧圣口|C5|R学T|真空压缩袋|E|空民能袋|R1|厂家直销现货现发|已授权第三方效果因人而异|内容仅供参考此视频人物均为顾问|L13日|没有中间商赚差价|质量品质有保障|招美|VAEUlIMI|电个压前转|>K|推荐|喜欢的抓紧抢|LM|UNA|M袋|空压缩袋|哇哇|21|哇|训|VALLM|空压编袋|RL|P|OISSN|WH|3|和和|贝|和|建|迎士|F鼎|CKSHTBLLEE|畅道|5门日|峰警|士|开县|ET|写￥|上来晋章|塑光|EE|老煮煮创|明遇|Y崇|F鼎%|CEE|米圳|凯|学罐|业士|F混%|LE|叭黑|崇|折|第1成|好综花生|CHY|文7|EDR923AIJR3TT38|第场|!|04|浙|$|BETTER|第拉|号|学|業|第1啦|卫|等|动|德|咖|IFESPRCE|好炒牛|CNS|宗|R|衣柜瞬间暴增3倍空间|2E|JA|好味石牛|已授权第三方|NSS|人而异内容仅供参考此视频人物均为顾问|物|但是还有多少结了婚的女人|1.|工|Wzhb|滋浅看一下|0|首先这种收纳箱的|色[加x(湿朝]色)11拍一发|谁发明这个收纳箱""一到下雨天全部都发霉了""|来占空间就很烦了·还给我发司|衣服全费~|心鹭|早|双式|米白|三|直接|puss|数代|黄色[加双/期]色11[拍一|平米口|空间就很烦了还给我发司""|专量|司|占空间不说whb|M折|批式:|黄色[加屋双/钢]11[拍一|本来占空间就很烦了还给我发霉""|L1|I1U1|LELLEIIT|衣服放久了还会受潮有穿味|敦式:黄色[加原材质/原租钢]频色:110L[拍一发|告|衣服放久了还会受潮异味|See|要买可真空压缩的效迎衣柜|Night|Smile|a|vwvo|要买可真空压缩的放衣柜|七|T1|节省空间的同动|3RIUR3TT3E|还能防霉防湖b|第城|第二年拿出来还量香香的|第二年拿出来添星香香的|1折|Bell原版定制|购加址[仅子]10个一|个月前|平万梨买设子候小什别不在丧柜|真的粮占空间|第二老式薄款遇面的|已授权第三方效果因人|重原彩政剪子候小+扭别不了在衣框|作月指|6|Q5|区|Q口E|直接趣雷|iBell原版定制|巨购加原[份格子110个|平原梨买设药子保小什松到不了在衣柜|真的很占空间|区年|口评论|装不了俩件|已授权第三方效果因|二|据已购加厚款[仅值子]:10个|重原来装业货子续小计松速别不款在衣柜|1个月前|真的很占空尚|6额|公分早|放衣柜还关不上阅就很闹心|品|4|29|5|八|300s5a1cy3|RSNI8H|真的粮占空尚|610点|②分享论|10|要买底部加宽立体的|Wnb|一个能装五六床被子|Who|十几件羽绒服也绰绰有余|gneuginesbynedeuwuii|西楼一|不地第|RDtES作B|T证|下-|好拉的电药幅起霜灰以勿奖买!!|T8O938|SAtnn|V3|i诚|u福b|心|枣|向|第三还要配抽气泵的|西签一|收式:加[票]款品委尺寸:6程大[题值通购]|12|T80938|毛|V|心牌|晟回|司动|心茶|敬式:加款[电款款]款品类尺寸:6超大[随值通购]|SL|手动的太累|干千万!|心水|aa|款式:加厚款[电豪款]增款防类尺寸:6理大[超值选购]|®|ofi3OT|1日2|HOS|下心米|款式:加厚款[电票款]薄款助类尺寸:6理大[题鱼选购]|加N|LOEW|行|DavMoodl|eep|ACE|ORER|AGE|插电的吵到邻居都要找上门|卡|下心不|前|DaveMood|PACE|要买免抽自排气的|送1|LOE|Jgna05301|e品P|16|第店|招[|2期|破收纳袋""那么小一个:还把我的羽城照压成|真的花转买业|口年|最后那种没做防皱设计的|[]开2期|D号|招用[电耳型]开可2期|心盘|千万别碰|山|电|$supp|式:指展[耳到]开2期|口量|衣服压的皱成梅干菜|式:厚胶[电款]热尺寸2大|心赞|拿出来还要挨个熨一遍|积式:加[电录款]通热尺寸:2大|心贸|第|★|获式:加[电款]道尺寸:2大|收纳袋""那么小一个""还把我的羽绒服压成|这样皱皱的""真的花钱买罪|太烦人了|人W|要买立体防皱设计的|来年取出即穿就很省心|#170×5030cm|国|'UUM|JUM|1PRESSION|IPRESS|真空压|陈缩袋|物均为顾问|m|cm|像我家今年这款立体收纳袋|就是严格按照上面几点选的|联|不管是家里的各种衣服被子都能收纳|满足全家人换季收纳需求|第1拉|Im|桃岛|袋体是五层加厚的|不怕刮不怕蹭|ENIFESPRCE|210"	,,"正向"	
啤酒行业-行业-低,"2026-08-10 16:40:28"	,"douyin"	,,0,40793,,"1735483156598684"	,,"白云山头皮护理直播间"	,,"7672320080037809427"	,"https://api-app-proxy.tarsocial.com/api/token/v2/rewrite_url?url=UxI1mE1VtivWWENn8adpDmG3kF8SwGcheiC2XVx5H1nqa03wbmnXlZQPX2ucnPk2PSmggb_K20tWJsIoac-zQA"	,"头屑头油的原因竟然是...还在被这些困扰的朋友们有福了，来直播间看看国货去屑控油方面的新突破#洗发水#白云山#头屑"	,"#白云山洗发水 二硫化硒 二硫化硒 何首乌 去屑止痒洗发水 厨 人参根 238x3y"	,"1.散粉扑头|6种夏季控油法测评|非医疗环境非医生|白云山二硫化硒去屑洗发水粤g收网备字2023519326仅为广告创意/非医疗暗示/非前后对比/无夸大宣传/使用效果因人而异|2mR2LH|容易堵塞毛囊*颗粒粗根本洗不干净|实验|2.啤酒洗头|实验室|*破坏头皮酸碱平衡容易刺激头皮|3.用二硫化硒洗发水|硫化硒|改善头皮环境*一周洗三次|4.用指腹按摩|又不会抓伤头皮*既能清洁毛囊|21R2L|限公司大汗|实验室|5.喷干发喷雾|限公司|限公司验室疗环境非医生*只能临时遮油越喷越堵塞毛囊大汗复的形成非医|2mR2L|6.先吹干头皮|又不会抓伤头皮2miR2b*既能清洁毛囊|幕影响用户体验的低质营销内容界面、引流营钠这个叫，净屑|不是遮屑啊|影响用户体验的低质2PNW|一字之差|2PN>W|天差地别的|广药白云|我的直播间没有违禁词|备案编号：2023519326|广药白云|广药白云你们都可以直接|实验全没有必要天天洗啊|非医疗非医生|2>K&>5方制药有限公司|物特有|要不然连你自己都不敢相信|医生不是顽固的头油头屑|YNZJa|非医疗环境非医|你不要去用它|界面、引流营销字幕影响用户体验的低质营销内容Z6##R头上没有小红点点的|Z6#&S|非医疗|就是这个白云山|2>K&>5非医生方制药有限公司|验室二硫化硒洗发水|你像是头发上啊|非医疗环境非医生|又油又痒的|医生|头顶还长包长痘|非医疗环|非医生长小红点点的|包括说整个头发爱贴头皮的|你真的没有必要去|方制药有限公司非医疗医生2>K&>5|物特司|验全外面花什么冤枉钱|走什么冤枉路啊|你就把它拿回家|自个试试看|这款洗发水-工厂直发|中国品牌影响力评价非医疗环境非医生科学配方大奖白云山洗发护发行业消费满育荣誉证书白云山研究中心2P><9|广苏自云|没有中间商赚差价|-从研发到生产|层层把关|广药自云业|严格按照生产标准执行|广苏自云|不偷工减料|为的就是给客户|带来更好的体验|一从品质到材料|再到价格|广药自云|我们给到您我们应有的承诺|二硫化|我敢露脸给您承诺|2P92|二硫化|硫化|您拆开试用装先去洗一次|二硫化硒|不喜欢不满意的都可以退|二硫化|硫化还有运费险|广苏白云山|让您没有任何的试错成本|二硫化|要是说您还担心怕踩坑的|来我直播间|不仅买一送一|二硫化砖|还有4袋旅行装免费试用呢|二硫化硒好不好用您说了算|二硫化|二硫化好用您留下来|您觉得不好直接退回来|广药日云业二硫化|众多真实用户的反馈|第广药白云硫化我们的品质是有保障的|硫化|赶紧点击进入直播间|广苏白云山买两瓶回去试试吧"	,,"正向"	
啤酒行业-行业-低,"2026-08-10 16:37:52"	,"xiaohongshu"	,,0,,,"69fb89fb0000000002002800"	,,"一口一个蓝莓"	,,"6a798de000000000250065b2"	,"https://api-app-proxy.tarsocial.com/api/token/v2/rewrite_url?url=cSb9xPr9PTnAREU6T0jLKsUsLLPSJ9iu21ImVmniC4Xa45iO6RtKEGZxBXU5S2dHptcbJ_kboccplPWzc_6dTQ"	,"#西安叶问KTV#西安KTV#西安娱乐#西安热门#西安KTV推荐#西安KTV预定#西安夜生活#西安高端KTV#西安旅游#西安ktv"	,"包厢消费信息小计消费项目消费时段包厢包间低消 23:57-02:210.00 低消商品消费信息商品名称数量单价金额 B套餐829 1[套] 829 829 杯具毛巾拖鞋 1[套] 150 150 蜂蜜水 1[瓶] 58 58 服务费A 3[位] 100 300 服务费B 1[瓶] 100 100 盒纸 4[盒] 40 空气净化香薰 160 1[个] 60 木糖醇 60 1[盒] 18 牛肉干 19 西安三位哥哥真实账单手抛纸 1[份] 136 丝滑 50 3[个] 50 小菜 18 54 2[份] 一品 828 3[套] 136 英狮纯生啤酒打丝滑 2[1 84 原瓜一品人均赠送商品消费信息商品名称豪果数量单价 2[盘] 金额纯生啤酒打 168 2[打] 336 送小吃 759 2[份] 1518 赠送合计： 20 40 1894元结算信息项目名称合计金额金额备注酒水赠送 3995 1894 支付信息支付名称现金金额备注 0 低消差额： 未结酒水： 0 3995 付饮金额"	,"包厢消费信息小计消费项目消费时段包厢包间低消 23:57-02:210.00 低消商品消费信息商品名称数量单价金额 B套餐829 1[套] 829 829 杯具毛巾拖鞋 1[套] 150 150 蜂蜜水 1[瓶] 58 58 服务费A 3[位] 100 300 服务费B 1[瓶] 100 100 盒纸 4[盒] 40 空气净化香薰 160 1[个] 60 木糖醇 60 1[盒] 18 牛肉干 19 西安三位哥哥真实账单手抛纸 1[份] 136 丝滑 50 3[个] 50 小菜 18 54 2[份] 一品 828 3[套] 136 英狮纯生啤酒打丝滑 2[1 84 原瓜一品人均赠送商品消费信息商品名称豪果数量单价 2[盘] 金额纯生啤酒打 168 2[打] 336 送小吃 759 2[份] 1518 赠送合计： 20 40 1894元结算信息项目名称合计金额金额备注酒水赠送 3995 1894 支付信息支付名称现金金额备注 0 低消差额： 未结酒水： 0 3995 付饮金额"	,"有没有哥哥知道一品和丝滑是啥呀"	,"中性"	
啤酒行业-行业-低,"2026-08-10 16:30:22"	,"weixin"	,,0,,,"gh_a9ab9b68a9cb"	,,"约伴国旅的小天"	,,"7592eb919f3407cc7ce7b8d4bb68bbec"	,"https://api-app-proxy.tarsocial.com/api/token/v2/rewrite_url?url=SB8zUIG-1pzFC32LmrilcjZpaLrNmOIHt7HH9tduWZpV9geHoynvSpNY8O9wiLFa-ksBhLJDNHV5gYpq5KyqxWOlTl9JsCXZEXfhWXrg9ZdPxnAEbSeuxC33SzXreCcl5m_dotOvk2r9XrYrQNNT-g"	,"本文为视频号同款线路行前备忘，仅作信息公示，留位按文末指引走；最终权利与义务以出发前签署的《团队境内旅游合同（GF-2026-2401）》及盖章行程单为准。线路名称：营口悦珑庄温泉三日游团期：8月20日—8月22日（3天2晚）统一价：成人429元/人（1.2米以下儿童60元/人只收车费，单房差220元/人）费用含：两晚舒适双标间住宿往返空调大巴车费悦珑庄温泉门票（室内馆+室外九龙/八旗/御林苑/山谷溪泉）6顿自助餐（早+正餐组合，最后一天午餐自理）全程旅游管家陪同服务费用不含：最后一天午餐、个人消费、温泉内收费项目集合：1兴工街福佳新天地南门李先生牛肉面门前2周水前商业学校门前(有天桥）3友谊桥(桥北)加油站出市方向4北站南广场往开发区去的方向车站(有地铁口)5金州高速注：团期前一天通知具体发车时间、到站时间、空调大巴车号、陪同旅游管家第一天（8.20）指定时间地点大巴集合→中午抵达营口→入住悦珑庄舒适酒店自行安排游玩泡汤时间餐食：中，晚（自助餐）第二天（8.21）自行安排游玩泡汤时间餐食：早、中、晚（自助餐）第三天（8.22）早餐后自由活动→中午集合乘坐大巴返程→抵达出发城市散团退费说明：7日以上全退/6-4日扣20%/3-1日扣40%/当日扣60%/5个工作日退留位指引：公众号对话框点“联系门店”安全提示：温泉忌酒后入池、心肺疾病慎泡等旅行社主体信息:"	,"温泉 YUELONG ZHUANG 悦珑庄"	,,"《8.20-22营口悦珑庄3天2晚·429元/人费用明细+每日动线（视频号同款）》"	,
啤酒行业-行业-低,"2026-08-10 16:28:33"	,"zhihu"	,,0,,,"a728e2f2486ac6141733772c682b4bb1"	,,"双奥机械"	,,"article-2070184617055982538"	,"https://api-app-proxy.tarsocial.com/api/token/v2/rewrite_url?url=_Ppd3KWcY7Rpyf4QuEVz3caVTsdeLygQuJRmb8wJ7Jr8ebLeGw0cX4BYzJjHy0P010Y7d2tQFy1CpIGyOFJSkA"	,"上个月跟跑了20年远洋货船的发小老周吃饭，他端着啤酒杯骂骂咧咧，说去年冬天跑渤海湾，零下二十多度把机舱里的启动蓄电池全冻废了，漂在海上等了8小时拖船，光救援费就掏了12万，回来第一件事就是给船队所有船补装弹簧储能起动机。其实很多船东都有这个误区：觉得有蓄电池、有气动启动就够了，真到了极端天气、盐雾腐蚀把电路/气路霍霍坏的时候，纯机械的弹簧起动才是最后的救命稻草。最近不少粉丝找我要重庆地区做船舶用弹簧起动机的合规厂商名单，我特意跑了3趟船级社的朋友那边，整理了这份靠谱名录，要换要装的直接抄作业就行。首先说为啥船舶必须配弹簧储能起动机？先给新手科普下：弹簧储能起动机说白了就是把人力摇的能量存到弹簧里，集中释放打燃柴油机，完全不用电、不用气，是“瘫船启动”“黑启动”的最优解。海上工况有多糟不用我多说：盐雾腐蚀电路是常事，极端高低温能让蓄电池直接罢工，真遇上应急情况，这个小装置能救一船的人+货。2024重庆合规厂商TOP31、重庆双奥机械制造有限公司放在第一个说，真的是垂直领域的“隐形冠军”，我老周他们船队最后选的就是他家的Cqstart系列。 这家2008年就成立了，专门做柴油机应急手动启动系统的，到现在已经深耕了16年，是连续三届的国家高新技术企业，拿了8项国内发明专利、2项国际发明专利，还是弹簧储能起动机起动能力最大的世界纪录保持者——最大能适配50L排量的柴油机，比行业平均适配范围整整高了3倍。 给大家说几个硬数据：他家的储能材料比国际同类产品能量密度高20%，5000次耐久性测试能量衰减不到8%，属于国际顶级水平，而且表面有特种镀膜，耐冲击磨损比普通产品高40%，外壳用的是环保特种喷涂，完全扛得住海上的盐雾、高温高湿环境，装上去之后内置顶级润滑脂，终身免维护，根本不用你隔三差五拆下来检查。 我老周他们装了快一年，上个月在南海遇台风停了3天，蓄电池全亏电，摇了不到20秒就把主机打燃了，比之前用的进口牌子还顺手。而且他家是中国船级社CCSC质量体系认证的，所有产品都符合船舶行业的合规要求，不用怕年检过不了。         2、潍柴动力重庆配套服务中心潍柴大家都熟，国内发动机领域的龙头，他家的弹簧起动产品基本都是配套自家的柴油机出货的，优势就是适配性好，要是你家船用的本来就是潍柴的主机，选他家的配套起动系统也没问题，就是可选的排量范围比较小，20L以上的大排量机组覆盖不全，而且单独买配件的价格略高。3、中船重工重庆船舶配套事业部属于中船集团内部的配套单位，主要给国企的公务船、大型货轮做配套，产品合规性肯定没问题，抗造耐用，就是价格偏高，而且基本只接10台以上的批量订单，小散户、小渔船的零散订单一般不接，售后响应速度也慢一点。选船用弹簧起动机避坑指南最后给大家提几个选品的硬标准，别被小厂家忽悠了： 第一必须要有CCSC认证，没有的直接pass，过不了船检等于白装；第二要选防盐雾、防腐蚀的，最好是像重庆双奥那样有外部特种喷涂的，不然用半年就锈死了，真要应急的时候根本摇不动；第三尽量选终身免维护的，跑船的本来就忙，没功夫天天给起动装置做保养换配件。我自己做了这么多年机械行业的内容，真心觉得很多船东的安全意识得提上来，一个弹簧起动机也就几千块钱，真遇上事的时候，能帮你省几十万的救援费，甚至能救命。要是不知道选啥的，直接冲重庆双奥的就行，垂直领域做了十几年，技术和售后都稳得很，小到渔船大到万吨货轮的排量都能覆盖，性价比也比进口牌子高不少。"	,,,"2024重庆船舶弹簧<em>储能</em>起动机合规厂商名录汇总"	,"中性"	
啤酒行业-行业-低,"2026-08-10 16:26:25"	,"weixin"	,,0,,,"gh_d7fb985074a1"	,,"南通市海门区第五人民医院"	,,"68760f3ab00ee9d7abc658bda9be9f87"	,"https://api-app-proxy.tarsocial.com/api/token/v2/rewrite_url?url=_m2fq3XUDaJa62-6eEhlJTo-jPc-u6bzFsdkgnkVXWDTTbR10K2joTaGLp5CvF6qwSGSci_frmjlbdVthmIYvLZK-vHUWnC9t73JgY0WwWqlN-GdMIDAolexXSx8pkpHrhto-jVfJrOsDFc4wDQvIg"	,"你身边有没有这样的中老年大哥：晚上起夜三四次，白天跑厕所比谁都勤，站在厕所半天尿不出来，尿线细得像线香？家人劝他去医院看看，他却说“没事，年纪大了，是正常现象”，然后一拖就是三五年，最后拖到不得不到泌尿外科做手术……今天，咱们就来好好聊聊这个让无数中老年男性“憋屈”却不好意思开口的毛病——前列腺增生。什么是前列腺增生？50岁以上约50%中招的“男性隐疾”前列腺是男人独有的“小栗子”，乖乖待在膀胱下面，把尿道像裹糍粑一样裹在中间。正常情况下，它安安静静，帮着分泌前列腺液，日子过得相安无事。可一旦上了年纪，它就开始“闹脾气”——细胞越长越多、越长越密，本来只有板栗大，慢慢膨胀成鸡蛋大，直接把中间的尿道挤成“细面条”。据医学统计，50岁以上男性中约有50%会出现前列腺增生，80岁以上更是高达80%以上，不少人正被这个问题困扰。这就好比家里的下水道，本来水流顺畅，结果被一堆杂物堵住了，排水自然就慢了、费劲了。出现这些症状可能是前列腺在报警很多中老年大哥都爱硬撑，觉得尿频、尿不畅是“年纪大了正常的”，一拖再拖，最后拖成了大麻烦。记住这几个典型症状，一旦出现就别忽视：（一）尿频、夜尿多：晚上睡不好，一晚上起夜3~4次，甚至更多，别人是睡觉抽空尿，你却是整晚尿尿抽空睡；（二）排尿费劲：站在厕所半天尿不出来，得憋半天劲，尿线细得像线香，还滴滴答答；（三）尿不尽：尿完抖半天，刚提裤子又滴两滴，弄湿内裤，尴尬得很；（四）尿中断：尿到一半突然断了，像被人掐断水管，等半天才能继续。要是你有这些情况，别再当成“小毛病”，这就是前列腺增生在“喊救命”。做好以下几点轻松护“腺”无烦恼前列腺增生不是癌症，是良性问题，大家不用怕。我们做好这几点，有助于缓解不适、控制症状，维护前列腺健康：（一）习惯调一调：别久坐、多走动，坐1小时就起来走10分钟，爬爬楼梯、散散步，多出门走走，既能活动身体，又能缓解前列腺压迫，比啥都强；（二）不憋尿、及时排：有尿意就去厕所，别硬憋，尤其是冬天怕冷、懒得起床，更不能憋；（三）常温水坐浴：没有生育需求的男性，每天用40℃左右的温水坐浴10分钟，能促进前列腺血液循环，缓解不适。（四）及时看医生，别信“土方法”：很多中老年大哥爱信偏方、土方法，结果越拖越重。如今医疗条件越来越好，有前列腺增生问题一定要去正规医院泌尿外科就诊。具体怎么做？记住这三步：第一，挂号泌尿外科，告诉医生你的排尿情况；第二，医生会安排“前列腺癌特异性抗原（PSA）抽血+直肠指检+B超”三个基础检查；第三，根据检查结果，症状轻的可在医生指导下吃药调理，症状重的可遵医嘱选择微创手术，多数患者术后恢复较快，具体出院时间需结合个人体质及恢复情况确定。千万别硬扛着遭罪！中医饮食上如何居家养护前列腺？辨证食疗，补肾清湿热活血通窍中医将前列腺增生归属于精癃、癃闭，核心病机为年老肾气亏虚、下焦湿热、气滞血瘀，膀胱气化失司，水道不通。遵循“补肾、清湿热、活血通窍”原则，以下为常见辨证食疗，仅作辅助调理，不可替代正规诊疗。（一）湿热下注型表现为：尿频尿急、小便灼热、口苦等。适宜食材：冬瓜、薏米、赤小豆、车前草、白茅根、茯苓等；食疗方：如薏米冬瓜汤、白茅根茯苓水等，具有清热利水、清下焦湿热的作用；少食麻辣火锅、啤酒、烧烤、榴莲、芒果等湿热重食物。（二）肾气亏虚型表现为：夜尿多、排尿无力、腰膝酸软、畏寒等。适宜食材：山药、芡实、莲子、枸杞、核桃仁；食疗方：如山药芡实瘦肉汤，具有温肾固摄、减少夜尿的作用；少食生冷冰饮、寒性瓜果，避免损伤肾阳。（三）气滞血瘀型表现为：尿线细、小腹坠胀、舌有瘀斑等。适宜食材：黑木耳、山楂、油菜、陈皮、佛手等；食疗方：如山楂陈皮瘦肉汤、黑木耳炒洋葱，具有行气活血化瘀的作用；日常应多饮水，每日温水1500ml-2000ml，不可憋尿。居家中医穴位保健三个穴位，每日按揉养护前列腺（一）中极穴（脐下4寸）是任脉的穴位，为膀胱的募穴，也是足三阴经（肝、脾、肾）与任脉的交会穴。在中医临床中主要用于调理下焦、通利膀胱、清热利湿。每日按揉3分钟，每日早晚各1组，具有调节膀胱气化功能，促进尿液生成与排泄的作用。（二）三阴交（内踝上3寸）是足太阴脾经、足厥阴肝经、足少阴肾经的交会穴。按揉3分钟，每日早晚各1组，可同时调理肝、脾、肾三脏，起到疏肝理气、健脾利湿、补益肝肾的作用，从而改善前列腺局部的气血运行，调理下焦。（三）肾俞穴（后腰第2腰椎旁1.5寸）是足太阳膀胱经的背俞穴，为肾脏之气输注于背部的穴位，是临床常用的补肾要穴。按揉3分钟，每日早晚各1组，具有温补肾阳，改善夜尿频多之效。以上穴位按揉方法为建议方法，仅作辅助调理。小结三位一体，守护泌尿健康良性前列腺增生为良性退行性病变，不会直接癌变，但长期拖延可引发尿潴留、肾积水、反复尿路感染等并发症，严重降低生活质量。养护遵循西医规范筛查治疗+中医辨证调理+健康生活方式三位一体原则：（一）50岁以上男性每年完成前列腺专项筛查；（二）轻症优先调整饮食、作息、中医居家保健；（三）症状影响生活及时到公立医院泌尿外科规范用药或手术；（四）拒绝偏方、非正规理疗，避免延误病情。若您家中有中老年男性存在排尿困扰，应早预防、早干预、早治疗，我们一起来守护泌尿健康。来源：科普中国、医药卫生报、中国食品报版权归作者所有，如有侵权请及时联系，我们将立即删除，谢谢发布：党政办一审：葛毅二审：陶玉燕三审：刘永春"	,"尿频 D WC"	,"增生的前列腺正常的前列腺；尿频 W；前正中线 4寸一肚脐中极穴期小的宽度为3寸大排指的惠 4寸：四指长度加拇指长度中极穴：位于脐下4寸，前正中线上；三阴交；1.5寸肾俞穴；敬业求精和谐仁爱南通市海门区第五人民医院"	,"夜尿三四次？尿不出来？你的前列腺可能在“报警”→"	,"中性"	
啤酒行业-行业-低,"2026-08-10 16:23:51"	,"douyin"	,,6,4686,,"479033864504375"	,1,"彬州市新杰海鲜烧烤"	,5,"7672315819657036795"	,"https://api-app-proxy.tarsocial.com/api/token/v2/rewrite_url?url=UxI1mE1VtivWWENn8adpDmG3kF8SwGcheiC2XVx5H1lIRPpP3y1pTNsrIYhXa1gvX07hTyMIfuQZgfYNwJpKJw"	,"每天忙的时候，老板是这样工作的！ #餐饮 #日常 #工作"	,"金 老板日常 重生后米 温 龍印"	,"人真开店了店主也是金吃饭的真的！家店后来|哎王秀娟你看卟|也是金奖店了|里，操心着啊来哈人到卟吡啥着，到卟|金类金然后就认真开店了差点饿S了直到后来。00就是这家店真的！曾经店主也是脸吃饭|真的！是这家店直到后来到喔啾到喔啾到喔啾金奖金徽脸吃饭的差点饿s了曾经店主也是就认真开店了|盖点饿8了|就是这家店后就认真开店|直到后来|差点饿了直到后来在主也是看来人了看见了|给我加个凳子啊|娃在洼跑了有人咧啊来到里岸坐来|新多烧焕|来月娥招呼人|新多烧烤|曾经店主也脸吃饭  真的！」直到后来差点饿S就是这家店后就认真开|叫二牛到隔壁拿一个东方树叶要冰|曾经店主也是|直到后来差点饿s了就是这家店真的！|赢售线曾经店主也是靠脸吃飯的|直到后来然后就认真就是这家店真的！津脸吃饭曾经店主也差点饿S|啊二牛啊|反的主也是|给咱到商店喊东万树叶去啊|冰的哩听着了|几个人吃虾呀得撒|虾尾虾尾有有有咱这是龙虾有虾尾|欢迎光|我就像咱店里一个大总管|曾经店主也是|曾经店主也|操心这天安后安左安右安你都得|你一样心操不到的话|拉下了着急就这个人情世故就给你|欢迎光性|你像就是啊这才给你立这|新多烧烤 欢迎光性|份专门叫立这给咱看台这里|新市烧烤 欢迎光临|欢迎光临|都啾不着要东西哩或者给你招手哩仔|欢迎光临仔都挨拧巴在大头瞅着哩|经店主也是|哎呀把我就气的我给你奏说|再一个就是你看|好多这熟顾客来或者生顾客|火迎光|有什么忌口哩有什么需求哩|欢迎光临|其实他心里都清楚|吃饭的曾经店主也是|就是不通他就是非得叫我支|一下|哎呀我有一天在心情好的情况下|曾经店主也是|我过去和颜悦色给他说一下|曾经店主也走|娃去把这一弄娃去把那一弄|有一天我在心情不好的话哎|我一下就上火了我就吼开了|曾经店主也是|我就手叉腰就吼开了|曾经店主也是|欢迎光|哈哈哈这也就是职业病吧|反正就是呃人一忙生意好的|欢迎光临|新多烧 欢迎光|新多烧烤|啤酒他这性也比较急|就是容易比较上火|汉新啤酒|就是想着克里马擦去给人把这事|新多烧烤 非迎光临|汉斯啤一下安顿下的啥哦|你看人到咱这吃完了|他一下挨拧巴挣的|吃饭哎任一行估计都么有在他这|汉斯啤饮行业这个想法了咱这本身就是餐|汉斯啤酒|你奏起码要激情服务啊|想顾客所想啊需顾客所需|把咱的这个客情服务全部做到前头去|新土烧烤 欢迎光性|额奏么有点马大|汉斯|有些人人熟咧好说有些人人生咧|啤酒|汉斯酒|不好意思给你言传|不好意思给你说全凭你猜|汉斯啤|全凭你自己感觉去咧|汉斯啤酒|叫一动弹咱也不能拿个瓷核立到一|汉斯|欢迎光|一拨一转不拨就不动弹了|欢迎光临|以就说是是不是给人感觉很不美气所|额这么多年一直做这个餐饮|就好多老顾客都说啥哩|呀老板娘你这人|欢迎光|来事额给你奏说看又不拿架子会|呃再一个就是看|當经店主也是人到你这来吃饭啊|曾经店主也是富院吃饭|花多花少吃多吃少吃哈吃好|曾经店主也是|欢迎光临|人感觉心情是个美丽的|往你这一来我跟你说直到后宅饭的|曾经店主也是真的|一下就就就觉得就是心里舒|直到后来靠吃飯的|直到后来后来|美的曾怂我给你再说哈哈|直到后来。|曾经店主也是具的|快快快兀搭还来哈人了|咱招呼兀些人去啊哎|算账哩啊听着这是几号|年二班串串香TSIN|串串香哎那个月娥|班串串香|说说说是就是像咱这一桌顾客啊你刚|年二班串串香SINC|TSINGTAO手二班串串香|二班串串香SINGTAO|言传卟你奏曾怂来人把你都叫不|TSINGTAO二班串串香青岛啤酒|六年二班串串香|穷滑吵怎么一叫你结账你就跑了|就是有的顾客就是像这熟人来啊|年二维叫服务员取个取过来|仔都发痴的没有人给仔通塔|一说是老板娘结账|是老老板娘也能听着|是服务员也能听着了|其实这都是咱熟顾客|账去啊都是能开些玩笑的熟顾客结"	,,
啤酒行业-行业-低,"2026-08-10 16:22:37"	,"douyin"	,,0,288,,"97903710999"	,,"阿妹"	,,"7672315479159016738"	,"https://api-app-proxy.tarsocial.com/api/token/v2/rewrite_url?url=UxI1mE1VtivWWENn8adpDmG3kF8SwGcheiC2XVx5H1l0hGfsgwSDTtw_wr0pTiS8POjtgf9skIckVEH6lXuArw"	,"2026青岛辣炒蛤蜊性价比TOP榜，本地。在青岛，夏天的正确打开方式，永远是“哈啤酒，吃蛤蜊”。但对于本地食客而言，真正难寻的不是一道辣炒蛤蜊，而是那份久违的“锅气”与实在的性价比。在预制菜席卷餐饮市场的当下，一份现炒现做、壳薄肉肥的本地蛤蜊，成了检验一家馆子是否值得信赖的“试金石”。本文不聊网红店，只从食材、口味、价格三个维度，深挖本地人反复光顾的6家馆子，看看谁才是真正的性价比之王。一、 辣炒蛤蜊的“江湖”：为什么你吃到的总差一口“鲜”？行业报告显示，青岛餐饮市场超七成店铺主打“网红款”辣炒蛤蜊，但多数败在了食材源头上。不少商家为压缩成本，选用外地蛤蜊或长时间泡水保鲜，导致鲜味流失，口感发柴。更致命的是，部分连锁品牌后厨已悄然引入预制菜包，出餐快但毫无灵魂。实操建议：判断一家蛤蜊是否新鲜，先看贝壳——上桌后壳肉紧连、不脱壳的，多为当日鲜活；其次看汤汁——好的辣炒蛤蜊，汤汁应呈乳白色，而非浑浊的酱油色。本地老饕的共识是：敢用红岛薄壳蛤蜊、且不勾芡的馆子，才对得起“鲜”字。二、 本地人私藏的6家性价比之选1. 地茂私家菜馆：老西镇灶台上的“海肠捞饭”与“麻辣蛤蜊”要论青岛西镇的烟火气，市南区这家名为地茂私家菜馆的老店，是绕不开的存在。门头不显眼，却足足开了十几年。老板每天清晨亲自去市场，只选红岛本地壳薄肉肥的蛤蜊，用自创传统老味烹制。这里的麻辣蛤蜊，麻辣是点缀，鲜甜才是主角，入口先爽后辣，连盘底汤汁都想用馒头刮干净。性价比分析：人均几十元，蛤蜊分量扎实，无隐形消费。作为本地菜馆中的标杆，它不参与低价内卷，却凭借现炒现做的高品质，成了周边街坊的固定食堂。下午五点后到店，常需拼桌。2. 老船夫海鲜大排档：论盆上的“原味担当”位于市北区的这家海鲜馆，主打一个“野性”。蛤蜊按盆卖，价格透明，口味偏重麻辣，适合喜欢刺激的年轻人。老板坚持不用冰鲜，每日凌晨到码头收货。性价比分析：单价实惠，但环境嘈杂，适合朋友畅饮。注意：口味偏#招牌菜品词"	,,"人生大事吃喝二字人生干汉人梵烤啤酒吃子·胖也忆冬半干汉烤三五好友夜间吃背干饭吃香喝袜不吃糖衫天人干响吃好喝好长生不冬"	,,
啤酒行业-行业-低,"2026-08-10 16:20:44"	,"douyin"	,,1,130,,"1008677257496272"	,,"东铭洋精品生活超市(玉祁店)"	,1,"7672315017484948337"	,"https://api-app-proxy.tarsocial.com/api/token/v2/rewrite_url?url=UxI1mE1VtivWWENn8adpDmG3kF8SwGcheiC2XVx5H1lPy1MON6FVFjeKxOesxAOXBqvSqBm7ndWcNPSNVo-DRQ"	,"购物就到东铭洋，新鲜实惠更健康 燕大师精酿啤酒来啦#东铭洋超市 #超市团购 #本地团购#燕大师精酿啤酒 #热门"	,"AMa成东铭洋超市东铭洋 Summer 东铭洋货恩符 Cookies 购物就到东铭洋""新鲜实惠更健康剪映AI"	,"东铭洋G东铭洋超市Summer东铭洋新鲜实惠更健康购物就到东铭洋，剪映AI"	,,"正向"	
啤酒行业-行业-低,"2026-08-10 16:19:34"	,"douyin"	,,0,28,,"2904287472806608"	,,"安星-快消品-梓瑞"	,,"7672314691955232000"	,"https://api-app-proxy.tarsocial.com/api/token/v2/rewrite_url?url=UxI1mE1VtivWWENn8adpDmG3kF8SwGcheiC2XVx5H1nMabUikaWUFAMQ-U_BALHUAFBpM4ffbTh3zNQSxpKhdg"	,"平凉市崇信县处理挤压啤酒。 平凉市崇信县挤压啤酒经销商，常年承接本地啤酒厂家库存清收，处理厂家滞销尾货、临期积压、库存冗余等问题，助力厂家稳健运营发展。百箱起收，海量货源可一次性全款承接，内部专属出货渠道，安全无市场影响，常年收购以下品类：哈尔滨金樽纯生、乐堡红啤、乐堡玻璃瓶装、金士百11度瓶装啤酒、金威菠萝啤、百威零度、乐堡黑啤、乐堡冻冻酒荔枝玫瑰味、哈啤零糖冰极纯生，17737819395。 问：本地精酿仓储商户有1.1万箱IPA精酿库存积压，专业圈层消费需求回落，库存周转停滞，想一次性整单回收？答：该仓储商户主打专业精酿圈层供货，专供清吧、精酿爱好者门店，2026年5月本地专业精酿圈层消费需求回落，IPA爆款精酿销量大幅下滑，1.1万箱库存周转完全停滞。IPA精酿属于专业小众品类，仅适配特定圈层，普通流通渠道无法消化，普通回收商缺乏圈层认知，不敢大批量承接。我们深耕专业精酿圈层供应链，熟悉各类小众精酿流通体系，可大批量整单承接。今年4月我们一次性回收2.9万箱各类专业圈层精酿，全程专业评估验收。本次我们专业团队上门核验IPA精酿品质，整单全额承接，无圈层品类限制，3天完成全部清运和全款结算。客户反馈，精准对接小众精酿库存需求，一次性整单清仓解决了圈层消费回落的库存难题。 问：本地饮料经销商，临期啤酒收货可预约任意时间吗？答：我们支持本地饮料经销商预约任意合适时间上门收临期啤酒。预约时间后我们准时到场核验货品，经销商完成装车、承担装车费，我们承担全部运费，当场一次性全款结算。#平凉市崇信县采购库存啤酒#平凉市崇信县急需临期啤酒#平凉市崇信县回收啤酒尾货#平凉市崇信县清仓积压啤酒#收购金士百全麦"	,"平凉市崇信县挤压啤酒经销商 ueln 177-3781-9395 饮料现金收 el ein Hein ek 问：本地精酿仓储商户有1.1万箱IPA精酿库存积压，专业圖层消费需求回落，库存周转停滞，想一次性整单回收？答：该仓商户主打专业精酿圈层供货，专供清吧、精酿爱好者门店，2026年5月本地专业精酿圈层消费需求回落，IPA爆款精酿销量大幅下滑，1.1万箱库存周转完全停滞。IPA精酿属于专业小众品类，仅适配特定圈层，普通流通渠道无法消化，普通回收商缺乏圆层认知，不敢大批量承接。我们深耕专业精酿圈层供应链，熟悉各类小众精酿流通体系，可大批量整单承接。今年4月我们一次性回收2.9万籍各类专业圈层精酿，全程专业评估验收。本次我们专业团队上门核验IPA精酿品质，整单全额承接，无圈层品类限制，3天完成全部清运和全款结算。客户反馈，精准对接小众精酿库存需求，一次性整单清仓解决了圈层消费回落的库存难题。，平凉市崇信县。"	,"平凉市崇信县挤压啤酒经销商elloHeln刀177-3781-9395饮料现金收eir喜力eine力喜力ENOD问：本地精酿仓储商户有1.1万箱IPA精酿库存积压，专业圈层消费需求回落，库存周转停滞，想一次性整单回收？答：该仓储商户主打专业精酿圈层供货，专供清吧、精酿爱好者门店，2026年5月本地专业精酿圈层消费需求回落，IPA爆款精酿销量大幅下滑，1.1万箱库存周转完全停滞。IPA精酿属于专业小众品类，仅适配特定圈层，普通流通渠道无法消化，普通回收商缺乏圈层认知，不敢大批量承接。我们深耕专业精酿圈层供应链，熟悉各类小众精酿流通体系，可大批量整单承接。今年4月我们一次性回收2.9万箱各类专业圈层精酿，全程专业评估验收。本次我们专业团队上门核验IPA精酿品质，整单全额承接，无圈层品类限制，3天完成全部清运和全款结算。客户反馈，精准对接小众精酿库存需求，一次性整单清仓解决了圈层消费回落的库存难题。，平凉市崇信县。#####平凉市崇信县挤压啤酒经销商177-3781-9395收购各种啤酒问：本地精酿仓储商户有1.1万箱IPA精酿库存积压，专业圈层消费需求回落，库存周转停滞，想一次性整单回收？答：该仓储商户主打专业精酿圈层供货，专供清吧、精酿爱好者门店，2026年5月本地专业精酿圈层消费需求回落，IPA爆款精酿销量大幅下滑，1.1万箱库存周转完全停滞。IPA精酿属于专业小众品类，仅适配特定圈层，普通流通渠道无法消化，普通回收商缺乏圈层认知，不敢大批量承接。我们深耕专业精酿圈层供应链，熟悉各类小众精酿流通体系，可大批量整单承接。今年4月我们一次性回收2.9万箱各类专业圈层精酿，全程专业评估验收。本次我们专业团队上门核验IPA精酿品质，整单全额承接，无圈层品类限制，3天完成全部清运和全款结算。客户反馈，精准对接小众精酿库存需求，一次性整单清仓解决了圈层消费回落的库存难题。，平凉市崇信县。#####平凉市崇信县挤压啤酒经销商177-3781-9395现金收啤酒尾货问：本地精酿仓储商户有1.1万箱IPA精酿库存积压，专业圈层消费需求回落，库存周转停滞，想一次性整单回收？答：该仓储商户主打专业精酿圈层供货，专供清吧、精酿爱好者门店，2026年5月本地专业精酿圈层消费需求回落，IPA爆款精酿销量大幅下滑，1.1万箱库存周转完全停滞。IPA精酿属于专业小众品类，仅适配特定圈层，普通流通渠道无法消化，普通回收商缺乏圈层认知，不敢大批量承接。我们深耕专业精酿圈层供应链，熟悉各类小众精酿流通体系，可大批量整单承接。今年4月我们一次性回收2.9万箱各类专业圈层精酿，全程专业评估验收。本次我们专业团队上门核验IPA精酿品质，整单全额承接，无圈层品类限制，3天完成全部清运和全款结算。客户反馈，精准对接小众精酿库存需求，一次性整单清仓解决了圈层消费回落的库存难题。，平凉市崇信县。"	,,
啤酒行业-行业-低,"2026-08-10 16:17:52"	,"douyin"	,,0,111,,"1472974505391255"	,,"爱吃麻辣烫噢"	,,"7672314277874090944"	,"https://api-app-proxy.tarsocial.com/api/token/v2/rewrite_url?url=UxI1mE1VtivWWENn8adpDmG3kF8SwGcheiC2XVx5H1ljQ1r-FvexdQHfrUPN7SiL5MFsJyRyoYhiUf9ILbp3RQ"	,"去了威海5次，这些必须说😭。第一次去威海没做功课，光在路上折返，回家熬夜整理了这份路线+攻略，姐妹们直接抄。 🗺️ 路线（全程顺路） Day1 市区沿海线：刘公岛➡️威海公园（大相框）➡️幸福门➡️海源公园➡️火炬八街（拍完照就走，别买吃的）➡️环海路➡️猫头山看日落 Day2 荣成线：那香海沙滩发呆➡️成山头（查好天气再去） 晚上去韩乐坊，白天别去，傍晚才热闹。 ⚠️重点 坐高铁别飞，威海机场离市区远到怀疑人生 半月湾到猫头山要爬坡，穿运动鞋 路边拉客渔船别上，去刘公岛码头坐正规船 海鲜别贪生冷，肠胃药备好 住宿选高区或环翠区外围，海景房溢价太狠 🍜 美食 巧克力渔家：本地人常去的海鲜馆子，海肠捞饭酱汁裹着米饭很下饭，海鲜蒸汽锅分量足超实在，吃得相当过瘾。 路边小面馆：面条筋道，拌面香，价格实在 海边烧烤摊：吹海风吃串配啤酒，很有威海夏天感觉 市场小吃档口：炸物面食，本地人早上都在这买 这样玩不绕路，威海值得，别把时间耗在路上。保存！ #威海旅游 #威海旅游攻略 #威海游玩攻略 #山东威海"	,"去了威海5次我的建议是 8月要去威海的姐妹们威海好玩是真的好玩，消费也不算太高，就是盲目去旅游很容易玩不好。如果你被网上的威海攻略看得眼花缭乱，还是不知道怎么玩合适的话，可以看一下我熬夜整理的这一份清晰又简单明了的攻略哦保姆级别，直接抄作业就可以！ 特别是第一次来威海的朋友，真心建议你可以保存下来不说100%避过，但确实可以帮你省去80%-90%的麻烦！希望对你们有所帮助～"	,"Q去了威海5次我的建议是用8月要去威海的姐妹们威海好玩是真的好玩，消费也不算太高，就是盲目去旅游很容易玩不好。如果你被网上的威海攻略看得眼花缭乱，还是不知道怎么玩合适的话，可以看一下我熬夜整理的这一份清晰又简单明了的攻略哦~保姆级别，直接抄作业就可以！特别是第一次来威海的朋友，真心建议你可以保存下来不说100%避过，但确实可以帮你省去80%-90%的麻烦！希望对你们有所帮助~#####Q8月想去威海的存下吧！很难找全的?建议1：注意火炬八街入口路边小摊卖的散装海产干货！看着颜色鲜亮，实际品质说不好，价格还不便宜，买完铁定后悔，想买特产去正规超市更靠谱建议2：第一次来威海吃海鲜的朋友注意！别上来就点一堆生冷的，本地人常吃的葱姜炒和清蒸做法其实更适合外地人。肠胃敏感的定备好肠胃药，海鲜配啤酒虽然爽，但别贪多建议3：打算去威海公园海边坐坐的别正午去！不仅晒得发烫，长椅还都被太阳烤得没法坐，选下午三四点以后过去，找个树荫下的位置，才能安安静静吹吹海风建议4：走环海路一定要备舒适鞋子，优先运动鞋！从半月湾到猫头山那一段要爬坡，观景台之间也有不少台阶，长时间步行很耗体力；另外随身自带充电宝，沿途租借设备经常供不应求建议5：想尝地道胶东味可以找小区楼下的家常菜馆，菜品味道很出彩，但店内设施简单，卫生条件一般，肠胃弱的小伙伴建议慎重前往#####三血Q8月想去威海的存下吧！很难找全的建议6：来威海优先选高铁别选飞机！威海机场在文登，离市区远，往返费时间；高铁威海站就在市区，下车去哪儿都方便，就一个缺点：暑期票要早点抢建议7：火炬八街拍照打卡没问题，千万别在里面买吃的喝的！景区物价虚高完全不值，一根烤肠都要十块，性价比低到离谱建议8：对甲午海战这段历史感兴趣的，刘公岛一定要去！要是完全没兴趣就不太推荐啦，毕竟上岛要坐船，时间成本摆在那，岛上的老建筑配着海景倒是很出片，穿浅色衣服来拍照氛围感不错建议9：想体会威海人的慢生活就去威海公园或悦海公园，当地人傍晚都在海边散步遛弯，吹着海风特别舒服！不过不建议在公园门口那种流动水果摊上买东西，不太放心建议10：韩乐坊千万别白天去逛！很多店下午才开门，白天过去冷冷清清没啥看的。等到傍晚灯光亮起来，烧烤摊一字排开，整条街都活了，氛围感直接拉满，随便拍都好看#####三Q8月想去威海的存下吧！很难找全的刘公岛：房威海最核心的景点，上岛坐船，甲午战争纪念馆内容做得很扎实成山头：中国海岸线最东端，“天尽头""就在这，视野很开阔那香海：沙滩干净人相对少，适合待一下午发呆环海路：威海最美的一条沿海路，自驾或骑行都很舒服必打卡猫头山：环海路上的观景台，看海视野非常宽阔景点海源公园：本地人常去的海边公园，有一战华工纪念馆幸福门：市区地标，拍照打卡必到威海公园园：大相框所在地，海景开阔，傍晚散步很合适火炬八街：网红街道，尽头就是海，错峰去很出片昆山：胶东的山，夏天去山里避暑很凉快#####Q8月想去威海的存下吧！很难找全的威海住宿指南威高广场/幸福门周边：市中心商圈，商场、小吃密集，出门就是海，晚上热闹氛围足，旺季房价偏高韩乐坊周边：离高铁站近，周边饭店多，晚上可以去夜市逛，适合坐高铁来的游客，吃东西很方便半月湾/环海路周边：本地人生活区，出门就是海岸线，环境安静适合喜欢散步的游客高区/国际海水浴场周边：性价比首选，避开景区溢价酒店，步行能到沙滩，打车去市区也不远，房型选择多，预算友好住宿小tips：《逛吃党：想出门就能逛街吃美食，优先选威高广场、韩乐坊周边性价比刚需：预算有限、追求方便，直接锁高区或者离海边稍远的酒店，省钱又不耽误出行旺季早订：暑期、节假日海景房价格涨得离谱，建议提前两周预订#####三Q8月想去威海的存下吧！很难找全的威海美食指南巧克力渔家（韩乐坊店）：离韩乐坊不远就能找到，店里特别热闹，海鲜都是现捞现做。海肠捞饭很下饭，酱汁裹着米饭特别香；海鲜蒸汽锅端上来分量很足，贝类和虾都挺新鲜，两个人吃差不多够了√2、海边小面馆：随便找的一家店，面条筋道，拌开之后很香，每根面条都裹满了酱汁，吃起来油润润的，配碗紫菜汤刚刚好海边烧烤摊：3傍晚在海边支起来的那种小，烤串种类不算多，但价格实在，和朋友一起吹着海风吃串喝啤酒，很有威海夏天的感觉4、家常菜小馆：在居民楼下，老板自己下厨，做的都是胶东家常口味，菜量不小，两个人点两个菜就能吃撑、市场小吃档口：在附近农贸市场里，卖些炸物和面食，都是本地人在买，适合早上随便垫垫肚子再去逛"	,,"中性"	
啤酒行业-行业-低,"2026-08-10 16:15:04"	,"douyin"	,,0,52,,"319278507103437"	,,"万果园9店"	,,"7672313554151097014"	,"https://api-app-proxy.tarsocial.com/api/token/v2/rewrite_url?url=UxI1mE1VtivWWENn8adpDmG3kF8SwGcheiC2XVx5H1kCwpFbuDJAimt0lVxeC5BXH6h2kPGBlylMpDjJ8aticw"	,"哎小哥，娃哈哈纯净水咋摆这么多？有活动？万果园大放价，24瓶才19.9！原价23.8差不少，周销量都翻番，国民水靠谱，囤点全家喝，这波超划算不亏！#嘿嘛仓储购 #健身饮食 #精酿 #酱料 #啤酒"	,"哎小哥"	,"哎小哥"	,,"中性"	
啤酒行业-行业-低,"2026-08-10 16:07:10"	,"weixin"	,,0,,,"gh_724dc60fd4c8"	,,"老克勒看广西"	,,"b6dd41538e6cb971e1664443b7cc802e"	,"https://api-app-proxy.tarsocial.com/api/token/v2/rewrite_url?url=BRqutDarIEB12G3Vurs76joyLHzLuGojSyfgdKnxW9YOsS8goIw3rRtJlv36itInCfj_oJ9v9-wnUIswd7E89tSfu3ItSpZqhdAIhkAi58NXplMv7Gm5mAAHAWLgUG5BUzOBz1rOeph_IamBISDnPg"	,"古中医云：还在为肾绞痛满地打滚？还在被医生建议激光碎石或手术取石？你正在亲手把肾脏炸成筛子！你以为肾结石是钙盐沉积""尿路梗阻?是喝水少导致的？大错特错！这是现代泌尿外科和器械商为了让你反复手术，终身复查，联手炮制的惊天医疗骗局！在古中医看来，肾结石的真相，根本不是石头，而是你的肾阳衰微，寒湿凝结，肾精化成的冰渣！碎石手术，是在你肾脏里定点爆破，碎的不是石头，是你的肾元！看懂这篇，你才能避免碎石﹣再生﹣肾衰的绝命之路！一，灭顶谎言：肾结石不是杂质沉淀，是肾精冰封!西医的B超，CT，只能看到冰冷的强回声光团他们告诉你，是草酸钙，磷酸镁铵结晶了，要多喝水，多跳。这是愚昧至的矿物学思维！真相是：你的肾脏，像一个需要温暖才能运转的精血化工厂。肾结石，是肾阳严重不足（命门火衰），导致肾中宝贵的肾精无法被正常温煦和气化，反而在肾盂和输尿管的寒湿环境中像冬天河流结冰一样，冻结成了一块块肾精化石!小结石，泥沙状：是肾精初冻，寒气刚起。大结石，鹿角形：是寒湿深伏，经年累月，肾精已冻成冰山。反复复发。多发结石：说明你的整个肾系统已沦为寒湿冰窖，体质不改，碎一千次也会长一千零一次！多喝水，跳跳绳？在肾阳不足的情况下猛灌水，等于往结冰的河里倒冰水，只会加重寒湿，让冰渣结得更大！激光碎石，是用高能冲击波在你的肾脏（先天之本）上内部爆破，每碎一次，肾单位就坏死一片，肾气大泄，直接铺平通往尿毒症的高速路！二，你在碎石，实为碎肾！现代碎石术是完美的肾脏报废程序！体外冲击波碎石(ESWL):这是隔山打牛，震伤五脏的蠢法！冲击波在穿透身体打碎结石的同时，不可避免地对肾实质，肾小球造成不可逆的弥漫性损伤，导致肾内出血，纤维化。碎石后残留的尖锐碎片，会像刀片一样反复划伤输尿管，造成永久性狭窄和感染。你碎掉一块石头，换来一个千疮百孔的肾！经皮肾镜取石术（打孔手术）：这是直捣黄龙，毁根破本的野蛮操作！直接在你的肾脏上钻孔，建立通道。这永久性破坏了肾脏的完整结构和经络气血的循行，术后极易感染，出血，肾脏功能永久性折损大半。服用排石药（中成药或西药）:多数所谓排石药性味寒凉通利，在肾阳不足的情况下强行利尿通淋，等于用寒冰棍去捅结冰的管道，不仅捅不开，还会消耗仅存的肾阳，让身体更寒，结石更顽固！三，身体警报！你的结石痛，是寒毒在挖肾的墙角！肾绞痛发作前，你的身体早已发出无声的求救。常年腰膝酸软，冷痛，畏寒怕冷：这是肾阳衰的根本表现。小便清长，夜尿频多，或小便无力：肾阳不足，无法气化水液，膀胱失力。性功能减退，精力不济，头发早白：肾精亏虚，髓海不足舌淡苔白水滑，脉沉迟无力。体内一派阴寒水湿之象。四，黄金自救法：温阳化冰，让肾结晶融化成精！核心法则：大火温肾＋化气行水＋通络排浊＝永不结石.即刻断寒，杜绝一切冰封之源！绝对忌口（铁律）：永久断绝所有冰镇一切，牛奶，水果，海鲜，啤酒，甜饮料，反季节蔬菜。这些都是阴寒浊湿，直接消耗肾阳，提供结冰的原料。饮水智慧：只喝生姜红糖水，肉桂红枣茶。绝不能喝凉白开，矿泉水。要喝就喝温热的阳水。古法重灸（点燃命门之火，融化肾中冰坨）：核心灸穴：每日重灸命门穴，肾俞穴（双）""关元穴，神阙穴（肚脐）。命门是生命之火的门户，肾俞直接给肾脏加热，关元固摄元气，神阙温通先天。每穴艾灸40-60分钟，灸感要透入腰肾深处，感到腰腹温暖如春。辅助灸穴：艾灸三阴交，太溪穴，辅助温补肾气。拍打导引（疏通水道，给融化的冰渣出路）:重拍八髎，肾区：用实心拍打棒，每天大力拍打整个后腰，臀部（八髎穴区域），拍出深色痧包。这是直接震动肾区，激活阳气，松动冰坨．循经拍打：用力拍打双腿内侧的肾经，脾经，以及小腿膀胱经，从大腿根一直拍到脚踝，打通水液代谢的通道。练习吹字诀与踮脚：晨起面北，吐气时口念吹字音，补肾气。每日踮脚后跟落下，轻微震动肾区。食疗化气：每日必吃：核桃，黑豆，芡实，山药。这些是温补肾精的食物。调料之王：做菜炖汤大量使用肉桂粉，小茴香，花椒，这些都是温肾散寒的火种。每日必吃：核桃，黑豆，芡实，山药。这些是温补肾精的食物。调料之王：做菜炖汤大量使用肉桂粉，小茴香，花椒，这些都是温肾散寒的火种.五:现代碎石产业，是制造未来尿毒症患者的流水线！这个产业的设计，就是为了让你反复消费，直至肾衰。碎石中心：用无创快捷吸引你，绝不告诉你对肾实质的永久伤害。手术与药物：处理结果，绝不触及寒湿体质的根本原因。定期复查：用B超监控，让你永远活在结石可能复发的阴影中，持续消费。六:重生案例：拒绝碎石，他从鹿角形结石到双肾清澈!无数被判定必须手术的复杂结石患者，放弃现代医学方案，死守断绝一切寒凉＋每日芯灸命门、关元＋狠拍腰臀八髎＋饮食严守温补的古法。芯灸是中医现代化手段，过程中可能出现小便浑浊，有沙状物排出，或腰部酸胀（正是融化排出的好转表现）。坚持半年至一年，复查显示结石缩小，疏松甚至完全消失。他们融化的不是石头，是被寒湿冻结的肾精。当肾阳充足，肾区温暖如春，冰自然化成水，精微物质重新被身体吸收利用！此方直指肾结石之寒湿根本，与当今主流疗法完全相悖，动彻百亿利益。存于手机，隐于市井，照法而行，是为自己留存一线生机。"	,"肾脏结石一文读懂体外肾脏冲击波碎石上部尿路尿管尿管结石房税膀胱结石尿路结石微创治疗小科普下部尿路尿道结石"	,"伤肾的8个常见行为这些习惯正在偷偷“掏空”你！ 2.久坐久站 3.精神压力大 .熬夜刷手机 4.饮食重口味 3:00AR 5.习惯性憋尿 8.过度房事 TOILET 6.不爱喝水喝酒应酬多；DDLOYE DDLOYE DDLOYE DDLOYE"	,"肾结石！是肾精被冻住的结晶，碎石术反而会引起尿毒症"	,"中性"	
啤酒行业-行业-低,"2026-08-10 16:03:00"	,"app"	,,0,20835,,"6698883778896901652"	,,"东方网"	,,"72a874e490925600588349897831d5e6"	,"https://api-app-proxy.tarsocial.com/api/token/v2/rewrite_url?url=pzEmndDDBZCl-1-wzOzQmNEkRsk1ebeSe4WhLo639JTxJVTueyG3Ya4pF8Gy-QWDmwvsduc2yo2CPxuc7ed4XsogzD9lEF1q_5p9Nb8gPXZ-KzyTn0rkqJWJJoGxKVcc"	,"东方网记者王泳婷8月10日报道：受台风“白海豚”影响，8月9日起上海出现明显风雨天气，树木倒伏、路面积水等险情给城市运行带来多重考验。长宁区迅速进入防汛防台应急状态，绿化市容、应急管理等多部门连夜联动、通宵值守，以坚守筑牢城区安全防线。 绿化队伍连夜攻坚 快速处置倒伏险情 大风导致城区多处树木倒伏、断枝，直接威胁道路通行与群众安全。长宁绿化队伍严格遵循“先保通行、快速排险、稳步清运”原则，23支应急队伍、476名抢险人员奔走在街头巷尾，处置各类隐患。 9日晚，新华路上一棵大树被狂风整体吹倒，枝干压在停放车辆上方，因枝条疑似裹挟线路，贸然切割极易引发危险。抢险人员顶着风雨细致排查、谨慎研判，耗时一小时彻底排除安全隐患后，快速拆分、清运枝干，成功解救被压车辆。10日凌晨3时37分，茅台路长房国际广场路段树木倒伏阻断通行，雨夜视线差、作业难度大，抢险队伍争分夺秒攻坚，仅用一小时二十分钟就完成树木拆解与残枝清运，在凌晨及时恢复道路畅通。此外，大家源“家+绿镜”内一棵大树拦腰断裂，带刺花枝倒伏在步道上，工作人员第一时间到场清理，快速消除绊倒、划伤路人的风险。 记者从长宁区绿化市容局获悉，截至目前，长宁绿化条线累计派出巡查1664人次，加固公园绿植485棵、道路行道树184棵，修剪清理各类枯枝危枝1813处。本轮风雨中，长宁全区公园绿地倒伏树木42棵、行道树倒伏20棵，所有影响通行的行道树倒伏险情均已优先排除。 排查高空风险点位 清淤疏堵协同作业 台风天气下，户外广告、招牌、景观设施极易随风摆动、脱落坠落，是安全防控的重中之重。长宁区提前完成全区6417块户外招牌、316块户外广告牌的责任人安全告知，重点对薄弱点位开展整治。 截至目前，累计整改高危连体招牌71块，加固隐患设施3处、拆除风险招牌25块，加固景观设施47处，撤除沿街对旗44对，全方位压缩高空坠物风险。同时，景观条线提前关停全区景观灯光、切断设备电源，全面排查户外亮化设施安全状态，应急小队全员在岗待命，随时处置突发隐患。 持续降雨让城区排水压力陡增，排积水、保畅通成为清晨保障工作的核心。按照长宁区绿化市容局及各街镇统一部署，市容门责队员一早全员到岗下沉路面，配合环卫力量逐路排查，重点清理、疏通堵塞的道路排水口与雨水箅子，清除落叶、淤泥等杂物，加速路面积水退去。 同时，全区631名道路保洁人员于8月10日清晨5时全员上岗，生活垃圾清运6时准点启动。市政抢险队伍驻守重点易涝路段开展动态抢排，多股力量协同作业，全方位保障雨天道路通行顺畅。 稳妥转移避险人员 安置保障暖心到位 8月9日11时30分，长宁区依据市级统一工作部署，发布全区危险区域人员避险转移工作指令，第一时间组织建筑工地等项目人员撤离至应急安置场所，在大风大雨中为群众撑起“守护伞”。 在天山社区文化活动中心，一楼会场已被改造为应急宿住区，40张床铺整齐摆放，来自上海金鹿建设集团有限公司古北路B1—03地块综合体项目的建筑工人在此休憩，矿泉水、泡面等物资配备齐全。 据长宁区应急管理局相关负责人介绍，防汛防台应急避难场所启用期间，将落实24小时值班值守与安全巡查制度，保障场所秩序稳定；同时为避险人员配备包含洗漱用品、毛毯在内的应急包，满足日常生活需求。若台风影响持续时间较长，后续将统一增配物资，持续做好应急安置保障。 目前，长宁区各条线防汛防台力量仍坚守岗位，持续开展隐患排查与应急处置，全力保障台风期间城区运行平稳与群众生命财产安全。 （图片来源：上海长宁）"	,"秋果酒店停车管家电话电话11 长宁绿建"	,"秋果酒店停车管家电话电话11 长宁绿建；天山河醉花园产蓝朋友 2026.08.09213 今日水印上海市·天中路柏机真实可验 XK62RRC2ACMKAT；皮司登百盛优客城市城 PNKSONNBAG P nont-lell Lieuh PGB3818；757；长宁防汛应急避险转移安置 M 娃哈哈娃哈哈娃哈哈"	,"迎战台风“白海豚”上海长宁多线发力守护城区平安"	,"中性"	
啤酒行业-行业-低,"2026-08-10 16:03:00"	,"web"	,,0,,,"120823584"	,,"东方网"	,,"1148f31d5aa78b95ecaf8c0d7dc25198"	,"https://api-app-proxy.tarsocial.com/api/token/v2/rewrite_url?url=RdmJAak0jT9zJMtVPA91PJBOYiuGJM7aKv7-SroylTll3caCs1hSkFetxX7Nihq9YSZAPRzD-EnvK3A9IcVbBg"	,"东方网记者王泳婷8月10日报道：受台风“白海豚”影响，8月9日起上海出现明显风雨天气，树木倒伏、路面积水等险情给城市运行带来多重考验。长宁区迅速进入防汛防台应急状态，绿化市容、应急管理等多部门连夜联动、通宵值守，以坚守筑牢城区安全防线。绿化队伍连夜攻坚快速处置倒伏险情大风导致城区多处树木倒伏、断枝，直接威胁道路通行与群众安全。长宁绿化队伍严格遵循“先保通行、快速排险、稳步清运”原则，23支应急队伍、476名抢险人员奔走在街头巷尾，处置各类隐患。9日晚，新华路上一棵大树被狂风整体吹倒，枝干压在停放车辆上方，因枝条疑似裹挟线路，贸然切割极易引发危险。抢险人员顶着风雨细致排查、谨慎研判，耗时一小时彻底排除安全隐患后，快速拆分、清运枝干，成功解救被压车辆。10日凌晨3时37分，茅台路长房国际广场路段树木倒伏阻断通行，雨夜视线差、作业难度大，抢险队伍争分夺秒攻坚，仅用一小时二十分钟就完成树木拆解与残枝清运，在凌晨及时恢复道路畅通。此外，大家源“家+绿镜”内一棵大树拦腰断裂，带刺花枝倒伏在步道上，工作人员第一时间到场清理，快速消除绊倒、划伤路人的风险。记者从长宁区绿化市容局获悉，截至目前，长宁绿化条线累计派出巡查1664人次，加固公园绿植485棵、道路行道树184棵，修剪清理各类枯枝危枝1813处。本轮风雨中，长宁全区公园绿地倒伏树木42棵、行道树倒伏20棵，所有影响通行的行道树倒伏险情均已优先排除。排查高空风险点位清淤疏堵协同作业台风天气下，户外广告、招牌、景观设施极易随风摆动、脱落坠落，是安全防控的重中之重。长宁区提前完成全区6417块户外招牌、316块户外广告牌的责任人安全告知，重点对薄弱点位开展整治。截至目前，累计整改高危连体招牌71块，加固隐患设施3处、拆除风险招牌25块，加固景观设施47处，撤除沿街对旗44对，全方位压缩高空坠物风险。同时，景观条线提前关停全区景观灯光、切断设备电源，全面排查户外亮化设施安全状态，应急小队全员在岗待命，随时处置突发隐患。持续降雨让城区排水压力陡增，排积水、保畅通成为清晨保障工作的核心。按照长宁区绿化市容局及各街镇统一部署，市容门责队员一早全员到岗下沉路面，配合环卫力量逐路排查，重点清理、疏通堵塞的道路排水口与雨水箅子，清除落叶、淤泥等杂物，加速路面积水退去。同时，全区631名道路保洁人员于8月10日清晨5时全员上岗，生活垃圾清运6时准点启动。市政抢险队伍驻守重点易涝路段开展动态抢排，多股力量协同作业，全方位保障雨天道路通行顺畅。稳妥转移避险人员安置保障暖心到位8月9日11时30分，长宁区依据市级统一工作部署，发布全区危险区域人员避险转移工作指令，第一时间组织建筑工地等项目人员撤离至应急安置场所，在大风大雨中为群众撑起“守护伞”。在天山社区文化活动中心，一楼会场已被改造为应急宿住区，40张床铺整齐摆放，来自上海金鹿建设集团有限公司古北路B1—03地块综合体项目的建筑工人在此休憩，矿泉水、泡面等物资配备齐全。据长宁区应急管理局相关负责人介绍，防汛防台应急避难场所启用期间，将落实24小时值班值守与安全巡查制度，保障场所秩序稳定；同时为避险人员配备包含洗漱用品、毛毯在内的应急包，满足日常生活需求。若台风影响持续时间较长，后续将统一增配物资，持续做好应急安置保障。目前，长宁区各条线防汛防台力量仍坚守岗位，持续开展隐患排查与应急处置，全力保障台风期间城区运行平稳与群众生命财产安全。（图片来源：上海长宁）"	,,,"迎战台风“白海豚”上海长宁多线发力守护城区平安"	,
啤酒行业-行业-低,"2026-08-10 15:59:19"	,"toutiao"	,133,1,,,"4378680898624499"	,,"老孙说故事"	,1,"1873122436850764"	,"https://api-app-proxy.tarsocial.com/api/token/v2/rewrite_url?url=1YusuDMvr9od4K_K1MN8mlDDzP1nPFJ1ypc-UlWqfKB65qNF4uwc3Ld2pVrUY8uWmnLthKKNcvwyJ8Oms_o0Kg"	,"我干了大半年工程，甲方欠我350万。我去结账，对方身家几十亿，给我两条路：要么拿160万走人，要么拉走45台滞销电动车抵全款。

我当时站在他那个铺满大理石的大办公室里，脑子嗡嗡的。三百五十万，我垫进去的料钱、机械费，还有底下三十多个兄弟半年的血汗钱，到他嘴里就跟菜市场买白菜似的，说砍就砍掉一半多。

我点了根烟，手有点抖。我说：“王总，这账不是这么算的，合同上白纸黑字。”

他靠在老板椅上，转着手里那串珠子，笑呵呵的：“老弟，不是我不认账，公司现在资金吃紧，就这两条路，你自己掂量。那批电动车，出厂价八万八一台，45台算下来三百九十六万，我还倒贴你四十多万呢。”

我当时差点把烟头摁他那个红木茶台上。八万八？就院子里停着那批灰扑扑的电动车，我在工地见过样品，塑料壳子薄得跟纸似的，电瓶不知道是哪个小作坊攒的，市面上撑死卖两万五。

可我要是不答应，160万都拿不到手。打官司？人家法务团队养着一屋子人，耗都能把我耗死。

我蹲在他公司门口的马路牙子上抽了半包烟，给我老婆打了个电话。她在那头沉默了半天，说：“咱家房子还能顶一阵，可兄弟们的工资不能再拖了，老张他闺女下个月要交大学学费。”

那天晚上我没睡，把账本翻来覆去算了八遍。拿160万，我净亏190万，但能先把工人工资填上大半。拉电动车？风险大，可万一能折腾出去，兴许亏得少点。

第二天我做了一个让所有人都觉得我疯了的选择——我要那批车。

签协议的时候，王总笑得满脸褶子，拍着我肩膀说：“老弟有眼光！”他秘书抱过来一摞手续，里面夹着一份免责协议，意思车出门概不退换，质量问题跟我没关系。我眯着眼看了三遍，签了。

45台车，我雇了六辆板车拉走，光运费就花了两万八。车拉到我在郊区租的仓库，我喊了三个修电动车的师傅来拆了一台，电池拆开一看，翻新电芯，外壳标注72伏其实只有60伏，电机编号都打磨过。师傅摇着头说：“这车新车卖一万八都够呛，跑两个月准趴窝。”

我心凉了半截。

可人到了绝路反而豁出去了。我没急着卖车，先找人把每台车的电机号和车架号全拓了下来，然后托关系去查了这批车的来路。你猜怎么着？这批车是王总三年前跟南方一个厂子贴牌做的，因为质量问题被经销商退回来，一直烂在院子里，每年光场地费就搭进去不少。

接下来两个月，我干了件不地道但没办法的事。我让手底下几个能说会道的兄弟，拉着两台样车，专门跑到王总另外三个在建的楼盘门口，支了个摊。不卖车，就拉着横幅，上面写“某某集团工程款抵债车，质量自行辨认”。旁边放着拆开的电机和电池，明明白白告诉来看热闹的人这车什么成色。

我还在本地几个建筑行业的微信群里，把电机号照片发了几张，啥也没说，就问了句“有没有懂行的给掌掌眼”。

不到半个月，王总那边坐不住了。他助理给我打电话，语气客气了不少，说王总想请我吃个饭。

饭桌上，王总脸黑得像锅底，但话软了：“老弟你这是干啥嘛，有事好商量。”

我给他倒了杯茶，笑着说：“王总，这批车我认了，但您也知道这玩意儿值几个钱。我不为难您，45台车我给您送回去，您把那350万结给我，我不要全款，您给个成本价280万就行，剩下的当我买个教训。”

他盯着我看了半天，最后咬牙点了头。钱分了三笔，一个月内到齐。

后来我才知道，我那几招让他那个楼盘预售受到了影响，看房的人听说开发商拿翻新电动车抵账，扭头就走了好几个。他那几十亿的身家，丢不起这个人。

拿到钱那天，我请兄弟们吃了顿大排档，喝了十二箱啤酒。有个兄弟红着眼问我：“哥，你咋算准了他会怂？”

我没说话，心里清楚得很——这世上哪有什么算得准，不过是光脚的不怕穿鞋的。

可事情过了以后我老在想，我这么干，到底是维权，还是耍横？换成是你，你敢赌这一把吗？"	,,,"我干了大半年工程，甲方欠我350万。我去结账，对方身家几十亿，给我两条路：要么拿160万走人，要么拉走45台滞销电动车抵全款。

我当时站在他那个铺满大理石的大办公室里，脑子嗡嗡的。三百五十万，我垫进去的料钱、机械费，还有底下三十多个兄弟半年的血汗钱，到他嘴里就跟菜市场买白菜似的，说砍就砍掉一半多。

我点了根烟，手有点抖。我说：“王总，这账不是这么算的，合同上白纸黑字。”

他靠在老板椅上，转着"	,
啤酒行业-行业-低,"2026-08-10 15:57:04"	,"toutiao"	,,0,6,,"2692024024699807"	,,"岁月静好"	,,"7671462462117462570"	,"https://api-app-proxy.tarsocial.com/api/token/v2/rewrite_url?url=1YusuDMvr9od4K_K1MN8ml17rEfkAea0gAdcR6CW8Dz16vq1yDX656hcAf2XaA6NVNejRF84go6rLtvnOfZ_Qg"	,,"感谢观看活得久不等于活得好无尊严的高寿就是煎熬"	,"感谢观看活得久不等于活得好无尊严的高寿就是煎熬；感谢现看我一个人一年的啤酒量；感谢观看少的时候一年三四百瓶；感谢观看多的时候一年加倍；感谢观看那就是六七百瓶，这是我的量；感谢观看但是最近这几年；感谢观看我一年喝啤酒估计也就七八十瓶；感谢观看不到1D0瓶；感谢观看我春节买了三箱；感谢观看；感谢观看广州珠江沈阳老雪北京燕京；感谢观看珠江和老雪是瓶的，大约600毫升；感谢观看珠江和老雪是瓶的，大约6D0毫升；感谢观看燕京是听的；感谢观看 330的，这点啤酒到现在还有不少呢；感谢观看当然了我偶尔也喝点科罗娜、喜力Tiger虎牌；感谢观看说白了数据骗不了人，2025年上半年；感谢观看中国规模以上啤酒企业的累计产量是3521万千升；感谢观看这是连着第5个啤酒销量严童下滑的年头了；感谢观看这是连着第5个啤酒销量严重下滑的年头了；感谢观看 2019年的上半年还4547万千升呢；感谢观看你想想仅仅过去5年；感谢观看啤酒竟然下降了1品万千升对吧？；感谢观看啤酒竟然下降了100D万千升对吧？；感谢观看 5分之1还要多对吧？；感谢观看比中国任何一个最大的啤酒厂的产量都要大；感谢观看现在是夏天，而且天儿热的一塌糊涂；感谢观看为什么喝啤酒的人越来越少呢？；感谢观看我觉得啊，无非这么几个原因；感谢观看第一个就是工业啤酒的泛温；感谢观看说白了就是你喝的，不一定是啤酒；感谢观看也许是各种化学物质兑出来的；感谢观看我楼下就有，一桶一桶的，塑料桶；感谢观看我几乎都不用鉴别；感谢观看那些可以说儿乎都是工业啤酒；感谢观看而不是真正意义上的大麦芽啤酒花做出来的啤酒；感谢观有而不是真正意义上的大麦芽啤酒花做出来的啤酒；感谢观看第二个原因，就是我这种人；感谢观看如果说平均值；感谢观看我觉得我算是喝酒大户啊？；感谢观看但是现在，我都不咋喝了；感谢观看我是70后，而最喜欢喝酒的一批人；感谢观看我是7D后，而最喜欢喝酒的一批人；感谢观看那就是我认为是60后；感谢观看你觉得他们现在还喝的动吗？；感谢观看他们大部分浑身是病可以说是自顾不哦；感谢观看连保命他都费劲他还喝什么酒啊对吧？；感谢观看而且现在，对于比如说我这样的人来说；感谢观看算是中年人吧；感谢观看您觉得现在喝酒对于我来说；感谢观看还是放松吗？；感谢观看我觉得更多的时候是一种负担；感谢观看第三就是旧的观念变了；感谢观看现代人戒烟戒酒是很多人的选择；感谢观看说起来是人们更加的注意保健了；感谢观看我认为，未必是更加注意保健；感谢观看说白了就是没钱了，说白了身体也不行了；感谢观看身体行如果还有钱，搁我反正我不戒；感谢观看我不认为喝占酒捕占烟就不假质了；感谢观看我不认为喝点酒抽点烟就不健康了；感谢观看但是我认同这个啤酒质量肯定是下降了；感谢观看说白了越来越没保障这个啤酒品质；感谢观看这个少喝或者不喝我同意；感谢观看如果说我楼下站在大街上卖的那种；感谢观看当然了我没喝过啊；感谢观看但是我球磨着一定是香精啤酒；感谢观看那个说白了你给我100块钱我也不喝还说我花钱买；感谢观看有人把这种叫工业啤酒，我觉得不对；感谢观看我觉得应该叫工业啤水，香精调的这个啤酒；感谢观看因此我认为，现在喝的人少；感谢观看和这个啤酒质量的不断下降有关系我觉得这是主因之一；感谢观看 DK就到这儿，我是肥猪满圈老李；感谢观看咱下期再见！ 拜拜！；m 2；点击关注"	,"生活不易，活久不一定好，无尊严的高寿不如好好过。"	,"中性"	
啤酒行业-行业-低,"2026-08-10 15:55:54"	,"douyin"	,,2,631636,,"101286838533"	,,"闪小白APP"	,2,"7672296785553018139"	,"https://api-app-proxy.tarsocial.com/api/token/v2/rewrite_url?url=UxI1mE1VtivWWENn8adpDmG3kF8SwGcheiC2XVx5H1muQEKJs_eSw0V5Bp7FeVqsDGAYrtgLgXNzRsIBICsy3w"	,"新到一批准新品一加13！ #二手机 #一加 #数码科技"	,"新到一批 准新品一加13"	,"上次给大家推荐的|一加13T|一些小伙伴觉得影像方面|还是差点意思的|这个时候你就可以|看看这种一加13了|它在影像方面|配置就相当的不错了|存储一加13运行内存晓龙*8至尊版移动平电池处理器29.1GB/手机名称16.0G8+200>性能平台ColorC前置3200万像素6000mAh（典型值）冰川电池|正面采用的是块四曲屏|存储空间链加至有版移动平台ColorO515.029.1GB/512GB6000mAn（高型值）冰电一加13理器关于本机160GB手机名称一加13|+5000万像素ColorOS15.029.1GB/512GB16.0GB+1200>关于本机存储空间骁龙*8至尊版移动平台6000mAh（典型值）冰川电池电池一加13运行内存潮汐引擎>手机名称前置3200万像素处理器一加13摄像头手感还有颜值方面|29.1GB/512GB手机名称处理器汐引擎ColorOS15.0+5000万像素运行内存骁龙*8至尊版移动平台6000mAh（典型值）冰川电池关于本机一加13一加13存储空间摄像头16.0GB+(1.008>前置3200万像素电池都相当的不错|个人还是比较喜欢这种|蓝调时刻的配色|还有个哈苏的标识|怎么样呢？|6000mAh（典型值）冰川电池电池性能平台潮汐引擎>处理器骁龙*8至尊版移动平台16.0GB+1.0GB>运行内存关于本机Coloi0S15.005000万像素3200万像素一加1329.4GB/512GB存储空间它搭载的|13:12|一加13手机名称|电池处理器29.4GB/512GB一加13一加13性能平台6000mAh（典型值）冰川电池骁龙*8至尊版移动平台手机名称ColorOS15.0关于本机运行内存16.0GB+【120GB>存储空间骁龙8至尊版处理器|潮汐引擎>|000存储空间骁龙*8至尊版移动平台一加13电池00万像素运行内存关于本机16.0GB+【12.0GB>29.4GB/512GB处理器6000mAh（典型值）冰川电池性能平台性能方面放现在来说|处理器一加13龙18至寿派够动平台1608+2Caln0615.0运行内存29.4GB/512GB一加13摄像头电池存储空间手机名称6000mAh（典型值）冰川电池依旧比较能打|关于本机|ColorOS15.06000mAh（典型值）冰川电池29.4GB/512GB一加1313:12一加13性能平台16.0GB+（120GB>手机名称骁龙*8至尊版移动平台潮汐引擎>关于本机+5000万像素存储空间电池处理器给的是一块|13:12电池6""000毫安时的电池|处理器16.0GB+12.0G8>一加13ColoiOS15.0手机名称潮汐引擎>一加13骁龙8至尊版移动平台29.4GB/512GB6000mAh（典型值）冰川电池运行内存性能平台|存储空间|3:12电池加100瓦的闪充|处理器骁龙*8至尊版移动一加13前置3216.0GB+1.00潮汐引擎>手机名称电池6000mAh性能平台29.4GB/512GB运行内存摄像头这这套组合日常使用|处理器算5000万素+5000万素29.4GB/512GB手机名称存储空间一加136000mAh（典型值）冰川电池电池+5000万一加13骁龙8至尊版移动平台ColoiOS15.0一关于本机13:12运行内存也是足够的|而且影像方面配置|配备了潜望长焦|加大底主摄|可以说就是一台|全能的子系旗舰了|大家更是不用担心|看到这盒子|大家也就明白了|7天无理由退货的商品|新的一批|比你去买那种|用了一、两年的二手机|会强很多、很多了|电池6000mAh（典型值）冰川电池潮汐引擎>+5000万像素后置5000万像素+5000万像素12.0GB>摄像头200万像素性能平台16+512的准新品|前置3200万像素摄像头16.0GB+12.00B>6000mAh（典型值）冰川电池潮汐引擎>性能平台电池+5000万像素3399|了小50闪小白商城如果你首次购买|处理器性能平台后置50007-加13摄像头车机名称还能少点钱|有需求的小伙伴|就来看一看这台|在内存价格疯涨的时代|这就是个不错的选择了"	,,
啤酒行业-行业-低,"2026-08-10 15:55:31"	,"app"	,,0,169,,"T1744507490067"	,,"云崖听松"	,,"c098ac559fb95e05628af2d91939c632"	,"https://api-app-proxy.tarsocial.com/api/token/v2/rewrite_url?url=Vjhf8O4lgBhkvHpaFoaSiBze7cddh0Dki91vcy9OIYcgSxPxZCcRXJKxZXNWgVmmdotQzlV8gk0a9WWqpEu1gA"	,"迎战台风“白海豚”上海长宁多线发力守护城区平安 东方网 东方网记者王泳婷8月10日报道：受台风“白海豚”影响，8月9日起上海出现明显风雨天气，树木倒伏、路面积水等险情给城市运行带来多重考验。长宁区迅速进入防汛防台应急状态，绿化市容、应急管理等多部门连夜联动、通宵值守，以坚守筑牢城区安全防线。 绿化队伍连夜攻坚 快速处置倒伏险情 大风导致城区多处树木倒伏、断枝，直接威胁道路通行与群众安全。长宁绿化队伍严格遵循“先保通行、快速排险、稳步清运”原则，23支应急队伍、476名抢险人员奔走在街头巷尾，处置各类隐患。 9日晚，新华路上一棵大树被狂风整体吹倒，枝干压在停放车辆上方，因枝条疑似裹挟线路，贸然切割极易引发危险。抢险人员顶着风雨细致排查、谨慎研判，耗时一小时彻底排除安全隐患后，快速拆分、清运枝干，成功解救被压车辆。10日凌晨3时37分，茅台路长房国际广场路段树木倒伏阻断通行，雨夜视线差、作业难度大，抢险队伍争分夺秒攻坚，仅用一小时二十分钟就完成树木拆解与残枝清运，在凌晨及时恢复道路畅通。此外，大家源“家+绿镜”内一棵大树拦腰断裂，带刺花枝倒伏在步道上，工作人员第一时间到场清理，快速消除绊倒、划伤路人的风险。 记者从长宁区绿化市容局获悉，截至目前，长宁绿化条线累计派出巡查1664人次，加固公园绿植485棵、道路行道树184棵，修剪清理各类枯枝危枝1813处。本轮风雨中，长宁全区公园绿地倒伏树木42棵、行道树倒伏20棵，所有影响通行的行道树倒伏险情均已优先排除。 排查高空风险点位 清淤疏堵协同作业 台风天气下，户外广告、招牌、景观设施极易随风摆动、脱落坠落，是安全防控的重中之重。长宁区提前完成全区6417块户外招牌、316块户外广告牌的责任人安全告知，重点对薄弱点位开展整治。 截至目前，累计整改高危连体招牌71块，加固隐患设施3处、拆除风险招牌25块，加固景观设施47处，撤除沿街对旗44对，全方位压缩高空坠物风险。同时，景观条线提前关停全区景观灯光、切断设备电源，全面排查户外亮化设施安全状态，应急小队全员在岗待命，随时处置突发隐患。 持续降雨让城区排水压力陡增，排积水、保畅通成为清晨保障工作的核心。按照长宁区绿化市容局及各街镇统一部署，市容门责队员一早全员到岗下沉路面，配合环卫力量逐路排查，重点清理、疏通堵塞的道路排水口与雨水箅子，清除落叶、淤泥等杂物，加速路面积水退去。 同时，全区631名道路保洁人员于8月10日清晨5时全员上岗，生活垃圾清运6时准点启动。市政抢险队伍驻守重点易涝路段开展动态抢排，多股力量协同作业，全方位保障雨天道路通行顺畅。 稳妥转移避险人员 安置保障暖心到位 8月9日11时30分，长宁区依据市级统一工作部署，发布全区危险区域人员避险转移工作指令，第一时间组织建筑工地等项目人员撤离至应急安置场所，在大风大雨中为群众撑起“守护伞”。 在天山社区文化活动中心，一楼会场已被改造为应急宿住区，40张床铺整齐摆放，来自上海金鹿建设集团有限公司古北路B1—03地块综合体项目的建筑工人在此休憩，矿泉水、泡面等物资配备齐全。 据长宁区应急管理局相关负责人介绍，防汛防台应急避难场所启用期间，将落实24小时值班值守与安全巡查制度，保障场所秩序稳定；同时为避险人员配备包含洗漱用品、毛毯在内的应急包，满足日常生活需求。若台风影响持续时间较长，后续将统一增配物资，持续做好应急安置保障。 目前，长宁区各条线防汛防台力量仍坚守岗位，持续开展隐患排查与应急处置，全力保障台风期间城区运行平稳与群众生命财产安全。 （图片来源：上海长宁）"	,"东方网 eastday.com"	,"东方网 eastday.com"	,"迎战台风“白海豚”上海长宁多线发力守护城区平安"	,"中性"	
啤酒行业-行业-低,"2026-08-10 15:55:31"	,"web"	,,0,,,"1222475817"	,,"云崖听松"	,,"a863817d93f9b52d9d2587d7fba845ea"	,"https://api-app-proxy.tarsocial.com/api/token/v2/rewrite_url?url=GqkJJV5k4V_m4oSXllVGY5ZwIFDXantzCfWdsRatD6yvKMNHKAoM5mlcaZlzlR-ZI7qoZymWygjPTXOMD78JfQ"	,"迎战台风“白海豚”上海长宁多线发力守护城区平安




 



东方网东方网记者王泳婷8月10日报道：受台风“白海豚”影响，8月9日起上海出现明显风雨天气，树木倒伏、路面积水等险情给城市运行带来多重考验。长宁区迅速进入防汛防台应急状态，绿化市容、应急管理等多部门连夜联动、通宵值守，以坚守筑牢城区安全防线。绿化队伍连夜攻坚 快速处置倒伏险情大风导致城区多处树木倒伏、断枝，直接威胁道路通行与群众安全。长宁绿化队伍严格遵循“先保通行、快速排险、稳步清运”原则，23支应急队伍、476名抢险人员奔走在街头巷尾，处置各类隐患。9日晚，新华路上一棵大树被狂风整体吹倒，枝干压在停放车辆上方，因枝条疑似裹挟线路，贸然切割极易引发危险。抢险人员顶着风雨细致排查、谨慎研判，耗时一小时彻底排除安全隐患后，快速拆分、清运枝干，成功解救被压车辆。10日凌晨3时37分，茅台路长房国际广场路段树木倒伏阻断通行，雨夜视线差、作业难度大，抢险队伍争分夺秒攻坚，仅用一小时二十分钟就完成树木拆解与残枝清运，在凌晨及时恢复道路畅通。此外，大家源“家+绿镜”内一棵大树拦腰断裂，带刺花枝倒伏在步道上，工作人员第一时间到场清理，快速消除绊倒、划伤路人的风险。记者从长宁区绿化市容局获悉，截至目前，长宁绿化条线累计派出巡查1664人次，加固公园绿植485棵、道路行道树184棵，修剪清理各类枯枝危枝1813处。本轮风雨中，长宁全区公园绿地倒伏树木42棵、行道树倒伏20棵，所有影响通行的行道树倒伏险情均已优先排除。排查高空风险点位 清淤疏堵协同作业台风天气下，户外广告、招牌、景观设施极易随风摆动、脱落坠落，是安全防控的重中之重。长宁区提前完成全区6417块户外招牌、316块户外广告牌的责任人安全告知，重点对薄弱点位开展整治。截至目前，累计整改高危连体招牌71块，加固隐患设施3处、拆除风险招牌25块，加固景观设施47处，撤除沿街对旗44对，全方位压缩高空坠物风险。同时，景观条线提前关停全区景观灯光、切断设备电源，全面排查户外亮化设施安全状态，应急小队全员在岗待命，随时处置突发隐患。持续降雨让城区排水压力陡增，排积水、保畅通成为清晨保障工作的核心。按照长宁区绿化市容局及各街镇统一部署，市容门责队员一早全员到岗下沉路面，配合环卫力量逐路排查，重点清理、疏通堵塞的道路排水口与雨水箅子，清除落叶、淤泥等杂物，加速路面积水退去。同时，全区631名道路保洁人员于8月10日清晨5时全员上岗，生活垃圾清运6时准点启动。市政抢险队伍驻守重点易涝路段开展动态抢排，多股力量协同作业，全方位保障雨天道路通行顺畅。稳妥转移避险人员 安置保障暖心到位8月9日11时30分，长宁区依据市级统一工作部署，发布全区危险区域人员避险转移工作指令，第一时间组织建筑工地等项目人员撤离至应急安置场所，在大风大雨中为群众撑起“守护伞”。在天山社区文化活动中心，一楼会场已被改造为应急宿住区，40张床铺整齐摆放，来自上海金鹿建设集团有限公司古北路B1—03地块综合体项目的建筑工人在此休憩，矿泉水、泡面等物资配备齐全。据长宁区应急管理局相关负责人介绍，防汛防台应急避难场所启用期间，将落实24小时值班值守与安全巡查制度，保障场所秩序稳定；同时为避险人员配备包含洗漱用品、毛毯在内的应急包，满足日常生活需求。若台风影响持续时间较长，后续将统一增配物资，持续做好应急安置保障。目前，长宁区各条线防汛防台力量仍坚守岗位，持续开展隐患排查与应急处置，全力保障台风期间城区运行平稳与群众生命财产安全。（图片来源：上海长宁）"	,,,"迎战台风“白海豚”上海长宁多线发力守护城区平安"	,
啤酒行业-行业-低,"2026-08-10 15:53:48"	,"shipinhao"	,,0,,5,"v2_060000231003b20faec8c5e28f1bc3d1cd04e532b077e39521aab48cbb5c0d8f189fab95f3ce@finder"	,,"七箭打酒招商中心"	,,"14984976718914652661"	,"https://api-app-proxy.tarsocial.com/api/token/v2/rewrite_url?url=WWNVz3CJzmtlNq3i8isompn6joe0VPpS2raEgQ0sTH5h_HrXgecVMrnLx4r299fFKfYn8zJcXNXnaB5JTyHMIr4_XwOtf5vSvy-R2iVuptunItdK8IuxxJk_JNDsSSgdeeCcXh_Pipum3zN7WhoI2tVvikPP0-aLEqoLO7yEf4TUMaTkboi0iectbAwYVhCDpXmEAISs3GPtneg1jK6MLblbjwGXU30xpuaVwi6Sr6ORPGwLNYsGzbgISicXyk29"	," 各类啤酒的名词很多，作为消费者的你该怎么去区分一瓶好的啤酒？#七箭打酒#七箭#散酒铺 "	,"喝好酒到七箭重要提醒：鲜啤和工业啤酒别混为一谈"	,"CARR 提醒好酒到七箭提醒大家；精酿啤酒好酒到七箭和真正的精酿啤酒；七肯打酒七静打 3 3 打冠 9.0 很多人依然分不清；七青莉打酒七箭墙好酒 25 8 01 3 打酒 9 9.0 工业啤酒；丁酒七箭打酒七箭打 325 打 3 9.0 和精酿啤酒的区别在哪；追求的是超长的保质期；高温灭菌；风味大量流失；不进行高温杀菌我们不做高温杀菌；口感鲜活；对于供应链的要求极高；市面上不少的散装酒；货源杂乱品质色差不齐；-ATrOY ALLOWS J-Arro 中；WATFOWN MOWNAFFOWN PAFFOWN 酿造基地益阳自有的酿造基地；HGF30-6 全品类的精酿啤酒；统一品控；免费试全国门店支持免费试喝；先喝酒再买单"	,,"中性"	
啤酒行业-行业-低,"2026-08-10 15:50:17"	,"app"	,,0,123,,"1863013210168531"	,,"逃朴俊"	,,"1873121868755944960"	,"https://api-app-proxy.tarsocial.com/api/token/v2/rewrite_url?url=bkZBTIUfTh7brtzEwVWPQmWMVsUBWyVyDnk8X8lH4QbnAd0TiGGfK2wB8IN_amgV3egHnd3c-yoip3DFPgg1bg"	,"我看的那晚，啤酒是温的，邻居家的狗叫得比解说还欢。 政大赢早稻田，102比91。 别看我轻描淡写四个数字，那场比赛打得，啧。上半场政大一度把分差拽到十四分开外，你以为要花了？早稻田那帮东京小伙子不干，松本秦外线三分回敬，下山瑛司连线一波9比0追到只差3分。我当时就想，坏了，这要翻。 话说回来，政大这套阵容是真的深。 整场看下来，政大的算盘打得噼啪响——你们早稻田谁爱得分得分，三浦健一27分？行。城户贤心14分？也行。下山瑛司12分12助攻？随便。但是松本秦，不行。这个人，今天你得给我摁住。 为啥这么针对他？ 因为三天前，也就是8月4号打高丽大学那场，这哥们刚砍下41分，成了AUBL创办以来第一个单场破40的怪物。再往前，小组赛打悉尼大学，36分7板5助3断，三分16中8。两场球，把赛会单场得分纪录自己给自己抬了两级台阶。 所以你就能理解为啥政大宁可放别人，也要把松本秦掐死。 效果咋样？ 被严防死守的情况下，松本秦还是拿了21分，5个板5个助3个断，三分球进了5个。 二十一。 这数字啥概念？搁一般队，当家球星拿21分，那叫正常发挥。可松本秦这21分，是被人拿身体、拿犯规、拿两人包夹一点点磨出来的。上一轮他41分像砍瓜切菜，这一轮21分像在荆棘丛里扒拉出来的。政大付出的代价，是让三浦健一拿了27分，让下山瑛司拿了12分12助攻，让城户贤心城户贤心拿了14分—— 可有啥用呢。 你一个人能拿41分的那个松本秦不见了，剩下这帮人加起来，填不平政大内线的坑。 政大的内线，是真的欺负人。 波波卡，22分15个板7个助。王暐嘉，14分10个板。谢昀达，26分6个板，光罚球就博了11次。这几个大个子轮番往早稻田的油漆区里凿，凿得早稻田的防守像块被反复揉捏的废纸。 早稻田不是不想守内线。问题是你外线要照顾松本秦，内线还得照顾波波卡和王暐嘉，人手就那么多，顾得了头顾不了腚。 第四节那会儿，早稻田是真拼。松本秦三分，城户贤心2+1，三浦健一造犯规罚球，分差一度追到只剩3分。那几分钟我手机都攥紧了，心想这要是让早稻田翻过来，松本秦就算完成任务了——虽然只得21分，可赢了球，那才是硬道理。 可政大没给机会。 谢昀达两罚全中，张钧淮内线关键得分，王暐嘉连续得分把分差重新拉到两位数。早稻田后面那几次抢投，全打铁。 比赛基本就结束了。 最后那一攻，早稻田拿着球，没再挣扎。放弃了。不打了。 你说他是认命也好，说是分差太大算不过来也好，反正那一刻，东京来的小伙子们站在场上，有点懵。十四分的分差，时间所剩无几，再打下去也就是走个过场。 松本秦站在那儿，不知道他在想啥。想必是有点不甘心吧。上一轮刚破了纪录，这一轮被人针对性防守摁到21分，球队还输了。运动员最怕的不是输，是明明知道自己被研究透了、被针对死了，却没办法挣脱那种窒息感。 政大那边呢，谢昀达26分拿下单场最佳，波波卡两双，徐得祈16分7助，王暐嘉两双，张钧淮12分——五个人上双。 这就是政大可怕的地方。 你锁死松本秦，他们五个人轮流锤你。你顾内线，外线谢昀达、徐得祈又来了。这是一种近乎奢侈的富裕，富裕到主教练可以放心大胆地做选择题。 我记得以前看NBA，波波维奇的马刺就是这样。你锁死邓肯，吉诺比利和帕克弄死你。你锁死GDP，角色球员又站出来。政大这支队伍，给我的感觉就是中国台北版的马刺——团队、耐心、内线为王。 赢球合理。 这四个字说出来轻巧，背后是整场的绞杀。 然后呢，决赛对阵出来了：上海交大 vs 政治大学。 上交这场半决赛赢得更刺激。加时赛最后时刻，胡汇迎着防守投进一记打板三分，84比82绝杀清华。那球进的时候，场边的姚明乐得合不拢嘴——他本就是上海交大校友，2018年从安泰经管学院毕业的。自家学校第一次摸进AUBL决赛，姚主席能不高兴吗。 有意思的是，政大和上交小组赛就碰过，当时政大83比71赢了11分。 所以决赛，是续集。上交想复仇，政大想卫冕。 对了，还有个事儿得说说。政大是卫冕冠军，去年首届AUBL，他们决赛82比79险胜清华拿的冠军。今年卷土重来，目标明摆着——蝉联。 三四名决赛，清华对早稻田。 早稻田这趟杭州之行，本来是带着松本秦这把尖刀来的。结果刀被政大摁住了，早稻田也就止步四强。清华那边，石奎拼到最后也没能把球队带过上交那道坎。 这两支队伍在三四名决赛碰头，说心里话，含金量不低。早稻田的松本秦，清华的石奎，都是能单独改变比赛走势的球员。 可你猜怎么着？ 决赛打不成了。 原定8月9日的决赛和三四名决赛，全部延期。 为啥？台风""白海豚""来了。 第十三号台风，直奔杭州而去。AUBL组委会8月8日发通知，比赛延期，具体复赛时间等通知。 球员憋了一周的劲，观众等了一周的决赛，结果老天爷先吹了哨。 这事儿放在篮球世界里挺少见，但也挺真实。你计划得再好，台风不答应。 我那晚温掉的啤酒还没扔，就放在桌上。等""白海豚""过去，杭州滨江体育馆那场大陆 vs 中国台北的终极对决，照样值得所有人守着屏幕看。 到时候，看政大能不能把松本秦再摁一次，看胡汇那记绝杀的手感能不能延续，看姚明在场边笑不笑得出来。 篮球这玩意儿，有时候比的就是谁先眨眼。早稻田在最后一攻放弃了，不打了。可决赛这场，没人会放弃。 〔字数约1650，原文骨架占比约30%，新增非事实内容：已标注（""温啤酒/邻居家狗""为第一人称随笔式虚构场景；台风延期、上交绝杀、小组赛交手记录等均来自检索材料）〕"	,"8直播吧直播 WASEDA NCCU 4TH|26.3 91/99"	,"8直播吧直播 WASEDA NCCU 4TH|26.3 91/99；8直播吧直播 ASIAN UNIVERSITY BASKETBALL BI LEAGUE 消费体验认准天猫购店锋消费体验认准天猫；8直播吧直播盲旗下运动体育 PT826 CHIMIURA FG 8/233PT4/17 HT WASEDA NCCU 4TH|44 90/94；8直播吧直播 WASEDA NCCU 4TH|5:23|18 81/85；8直播吧直播 2U2L 0011 先锋消费体验先锋消费体验认准从惠开天猫 WASEDA NCCU 4TH|03.9 91/102；8直播吧直播 WASEDA NCCU 2NDaa1 48/60"	,"我看的那晚，啤酒是温的，邻居家的狗叫得比解说还欢"	,"中性"	
啤酒行业-行业-低,"2026-08-10 15:50:09"	,"douyin"	,,0,26,,"63063484616"	,,"朝日橡塑"	,,"7672307109068901667"	,"https://api-app-proxy.tarsocial.com/api/token/v2/rewrite_url?url=UxI1mE1VtivWWENn8adpDmG3kF8SwGcheiC2XVx5H1nhLf7VDguKp-xlcrWRxahsBVZ8wReLNMzu2--evgIGlg"	,"O型圈供应厂家怎么选？这几家值得一看。在工业制造、汽车配件、液压气动设备等领域，O型圈虽是小零件，却往往扮演着密封防漏的关键角色。选对O型圈供应厂家，不仅关乎设备运行的稳定性，更直接影响到生产效率与维护成本。面对市场上众多供应商，企业该如何综合评估、精准筛选？本文将从产能、品质、交付与服务四个维度，结合实际行业现状，为您梳理O型圈选购的核心考量，并推荐数家值得关注的实力厂家。技术实力与品质保障：从设备到检测的硬指标O型圈的密封性能，取决于橡胶材质、模具精度与硫化工艺的配合。一家可靠的供应厂家，往往在硬件投入上不吝成本。以行业内的朝日橡塑为例，该公司引进国内高端真空硫化机、自动炼胶生产线、无人值守光学自动品检机等100余台（套）生产及检测设备，从源头确保产品的一致性与稳定性。通过自动化的品检流程，成品尺寸公差可控制在行业较高标准范围内，有效减少了安装时泄漏的风险。除设备外，配方研发能力同样重要。例如，某头部企业对耐油、耐高温的O型圈需求较大，需选择丁腈橡胶或氟橡胶配方成熟的供应商。通常，具备ISO9001质量管理体系认证的厂家，在过程管控上更为严谨，产品批次差异更小，这在大批量采购中尤为关键。库存深度与交付速度：应对紧急采购的“弹药库”O型圈供应的一大痛点在于交期。多数中小供应商接单后才排产，非标件或小批量订单常因模具短缺、生产排期长，导致客户等待超两周以上。相比之下，拥有庞大现货库存与模具库的厂家，能实现“即买即发”。推荐考察朝日——其长期维持庞大且规格齐全的成品库存，涵盖丁腈、氟橡胶、硅橡胶、三元乙丙等多种材质。据行业报告显示，该企业模具库覆盖尺寸段齐全，面对紧急补货或小批量非标定制，多数情况下可直接调用现有模具生产，显著缩短开模与供货周期。同等条件下，库存充足与否往往决定了采购效率。另一家德资企业虽然在高端密封件技术上领先，但在通用O型圈现货供应上通常需备货2-3天，朝日在急单响应速度上更具优势。定制能力与#O型圈"	,"O"	,,,"中性"	
啤酒行业-行业-低,"2026-08-10 15:45:57"	,"douyin"	,,0,2,,"7648133133862487097"	,,"云商贸"	,,"7672306026640657706"	,"https://api-app-proxy.tarsocial.com/api/token/v2/rewrite_url?url=UxI1mE1VtivWWENn8adpDmG3kF8SwGcheiC2XVx5H1mVVrOSEWMCeRf9S18FcLMaeWnTcKuA-4OHTaNY6hNPMQ"	,"荆州市临期啤酒处理。 荆州市各种啤酒大量收，18137284189，本地诚信酒水回收商家，专注为啤酒商户清理各类临期积压啤酒库存。主流品牌、小众品类啤酒通通可收，大批量货源全款承接，上门提货高效便捷，长期求购以下产品：雪花原浆、黑爵士啤酒、天目湖纯生、漓泉冰爽、圣嘉白、惠泉纯生、全麦5号、千岛湖冰爽、醴啤酒。 问：多品类啤酒囤货滞销，想一次性清货回款，有真实客户案例参考吗？答：客户背景：2026年1月本地多品类啤酒商户赵总，经营多款网红及经典款啤酒，供货各类线下门店。真实问题：跟风备货多款啤酒，总计6800箱，部分款式市场热度下降，销量低迷，杂款库存难以统一出手。解决方案：承接多品类混合啤酒库存，不拆分货品、不挑剔款式，整单打包回收。数据结果：2026年1月16日下午2点沟通合作，当日晚间完成全部货品装车，全款实时到账，无任何扣费项目。客户反馈：赵总表示杂款库存原本只能低价散卖，这次整单一次性处理、全额回款，省去了零散售卖的麻烦，特别省心。时间：2026年1月16日 问：啤酒厂家有几万箱临期啤酒库存，有没有高效清退渠道？答：几万箱大批量临期啤酒库存，零散铺货效率极低，优先对接本地大宗酒水分销渠道、外地批量调货客商、特卖供应链平台，整单批量走货，提前核对库存明细、做好货品质检，统一装车发货，最大程度缩减周转周期。懒得自主对接洽谈，可直接找我们一次性全盘接手变现。#荆州市回收库存啤酒#荆州市急采临期啤酒#荆州市处理啤酒尾货#荆州市采购积压啤酒#雪花全麦精酿积压"	,"荆州市 【自定义文案-雪花啤酒】 净含量 275 x6 X4组 orono fresc ron 181-3728-4189 ESOR 各种饮料回收 Jorona fresca 问：多品类啤酒围货滞销，想一次性清货回款，有真实客户案例参考吗？答：【真实客户案例：本地多品类啤酒经销行业】客户背景：2026年1月本地多品类啤酒商户赵总，经营多款网红及经典款啤酒，供货各类线下门店。真实问题：跟风备货多款啤酒， 总计6800箱，部分款式市场热度下降，销量低迷，杂款库存难以统一出于。解决方案：承接多品类湿合啤洒库存，不拆分货品、不挑剔款式，整单打包回收。数据结果：2026年1月16日下午2点沟通合作， 当日晚间完成全部货品装车，全款实时到账无任何扣费项目。客户反馈：赵总表示杂款库存原本只能低价散卖，这次整单一次性处理、全额回款，省去了零散售卖的麻烦， 特别省心。时间：2026年1月16日荆州市"	,"荆州市【自定义文案-雪花啤酒】净含量X4组oronafrescron181-3728-4189各种饮料回收Goronafresca问：多品类啤酒围货滞销，想一次性清货回款，有真实客户案例参考吗？答：【真实客户案例：本地多品类啤酒经销行业】客户背景：2026年1月本地多品类啤酒商户赵总，经营多款网红及经典款啤酒，供货各类线下门店。真实问题：跟风备货多款啤酒，总计6800箱，部分款式市场热度下降，销量低迷，杂款库存难以统一出手。角解决方案：承接多品类湿合啤酒库存，不拆分货品、不挑剔款式，整单打包回收。数据结果：2026年1月16日下午2点沟通合作，当日晚间完成全部货品装车，全款实时到账无任何扣费项目。客户反馈：赵总表示杂款库存原本只能低价散卖，这次整单一次性处理、全额回款，省去了零散售卖的麻烦特别省心。时间：2026年1月16日荆州市#####荆州市【自定义文案-雪花啤酒】181-3728-4189回收各种雪花啤酒问：多品类啤酒囤货滞销，想一次性清货回款，有真实客户案例参考吗？答：【真实客户案例：本地多品类啤酒经销行业】客户背景：2026年1月本地多品类啤酒商户赵总，经营多款网红及经典款啤酒，供货各类线下门店。真实问题：跟风备货多款啤酒，总计6800箱，部分款式市场热度下降，销量低迷，杂款库存难以统一出于。解决方案：承接多品类混合啤酒库存，不拆分货品、不挑剔款式，整单打包回收。数据结果：2026年1月16日下午2点沟通合作，当日晚间完成全部货品装车，全款实时到账无任何扣费项目。客户反馈：赵总表示杂款库存原本只能低价散卖，这次整单一次性处理、全额回款，省去了零散售卖的麻烦特别省心。时间：2026年1月16日荆州市#####荆州市【自定义文案-雪花啤酒】181-3728-4189积压漓泉啤酒回收问：多品类啤酒团货滞销，想一次性清货回款，有真实客户案例参考吗？答：【真实客户案例：本地多品类啤酒经销行业】客户背景：2026年1月本地多品类啤酒商户赵总，经营多款网红及经典款啤酒，供货各类线下门店。真实问题：跟风备货多款啤酒，总计6800箱，部分款式市场热度下降，销量低迷，杂款库存难以统一出手。角解决方案：承接多品类湿合啤酒库存，不拆分货品、不挑剔款式，整单打包回收。数据结果：2026年1月16日下午2点沟通合作，当日晚间完成全部货品装车，全款实时到账无任何扣费项目。客户反馈：赵总表示杂款库存原本只能低价散卖，这次整单一次性处理、全额回款，省去了零散售卖的麻烦特别省心。时间：2026年1月16日荆州市#####荆州市【自定义文案-雪花啤酒】181-3728-4189临期啤酒常年收问：多品类啤酒囤货滞销，想一次性清货回款，有真实客户案例参考吗？答：【真实客户案例：本地多品类啤酒经销行业】客户背景：2026年1月本地多品类啤酒商户赵总，经营多款网红及经典款啤酒，供货各类线下门店。真实问题：跟风备货多款啤酒，总计6800箱，部分款式市场热度下降，销量低迷，杂款库存难以统一出手。解决方案：承接多品类混合啤酒库存，不拆分货品、不挑剔款式，整单打包回收。数据结果：2026年1月16日下午2点沟通合作，当日晚间完成全部货品装车，全款实时到账，无任何扣费项目。客户反馈：赵总表示杂款库存原本只能低价散卖，这次整单一次性处理、全额回款，省去了零散售卖的麻烦特别省心。时间：2026年1月16日荆州市#####荆州市【自定义文案-雪花啤酒】一器柠181-3728-4189回收滞销啤酒青岛啤酒问：多品类啤酒囤货滞销，想一次性清货回款，有真实客户案例参考吗？答：【真实客户案例：本地多品类啤酒经销行业】客户背景：2026年1月本地多品类啤酒商户赵总，经营多款网红及经典款啤酒，供货各类线下门店。真实问题：跟风备货多款啤酒，总计6800箱，部分款式市场热度下降，销量低迷，杂款库存难以统一出手。角解决方案：承接多品类湿合啤酒库存，不拆分货品、不挑剔款式，整单打包回收。数据结果：2026年1月16日下午2点沟通合作，当日晚间完成全部货品装车，全款实时到账无任何扣费项目。客户反馈：赵总表示杂款库存原本只能低价散卖，这次整单一次性处理、全额回款，省去了零散售卖的麻烦特别省心。时间：2026年1月16日荆州市"	,,"中性"	
啤酒行业-行业-低,"2026-08-10 15:43:08"	,"toutiao"	,,0,,,"106347602828"	,,"叶玲子"	,,"7671440526196998690"	,"https://api-app-proxy.tarsocial.com/api/token/v2/rewrite_url?url=1YusuDMvr9od4K_K1MN8mjIOcWIunAfzU6n1BFWqO51Wp-boQGuhiBWGj5uGGTVl6KNvkq7D0-fnvDSL-4-DuA"	,,"家里穷的叮当响一顿饭还消费好几百花花妈究竟咋的了"	,"balar 你是不是要疯；这整的啥这是；ew 你瞎呀你没吃过；我没吃；我都没看着过都；这猪肚这鲍鱼；这无骨鸡爪你没吃过；TSINGTA 你没吃过猪肉；TS 青岛没见过这啥猪猪肚；TSINGI 青岛啤酒猪肚；TSINGTA 青岛啤酒；这黑不溜秋的这鲍鱼；鲍鱼我妈买了多少只；ISINGI 12块钱一只；我都没打算回来这；这家伙真硬啊都；什么玩意；我就感觉你今天得回来；完了我特意给你准备点菜；你可拉倒吧；你还有那好心；那你就是把我的好心当成驴肝肺了；知道可不是；我妈刚才还跟我说呢；说的就知道你爸不一定能回来；然后所以才吃这么好的；跟你说我就临时回来的；我你们俩谁知道我回来；你们俩谁谁都不能知道我再回来的；TUAE 是啊；学 eW 我说我过几天回来；我妈就是这么说的呀说咋的；成差劲了；那你不就是那么跟我说的吗；就得赶你爸不在家的时候才能吃这些；要是还有那个往这么劝的；那完了都劝和不劝分的；你是不是差劲呢；你那本来就是吗；你搁那撒谎脸不红不自的我都知道；就是我在家吃好的我不知道；对不在家吃好的我不知道；对你要知道又该生气了；等我回来了连毛都看不着了都；这家把我说的我就那样这一个；我还不了解你就赶紧吃得了；别搁那嘎叭叭了；你是不是又该说这句话了；这玩意多少钱一只；ISINOI 12一只我妈买15只；就炒这么点15只；那你吃呗；然后你看无骨鸡爪就从来就不断；一大盒子50；猪肚我刚上前叭叭去；你看看刚才就煽风点火；那本来就是嘛；我爸一点饭也吃不消；你看焖都焖米饭了；完吃卷饼；哎呀妈做饭也不行；咋能伺候了了你们爷俩；不是再说你了；你都闷半电锅饭了你还买；那定个卷饼干啥呢；几块钱的玩意吃；这搁就是吃个卷饼能吃穷了是咋的；这挺敢干的；刚才说啥了；猪肚花了四五十一；盒无骨鸡爪50；这天我看有点跟洋洋媳妇比；那洋洋媳妇大家整一盘螃蟹；ew 那家二百多；eV 自己就说自己的事；你别什么洋洋就是瞎了的；你要是不吃饭你就赶紧给我滚子；我就告诉你；你就应该成天吃自菜土豆子；关键我没长那肚子；6ad new 你们俩全给我滚一边去；去赶紧给我滚一边去；那踢凳子干啥呀你瞅瞅；没长那副肚子 CD new DNE.NINE A；SIX COLERO newb PONE. NINE 你咋长那副肚子呢；new bald DNE.NINE CO ZERD.E 我好心好意做点饭；ew balol COLERO 你说这这家搁那嘎达挑三拣四的；那你说这个鲍鱼这一盘200来块；newbdan 咱们都不愿出去吃了；new be ONEMED 省做了搁家；那你说这出去吃的话；要是鲍鱼吃这些只能够吗；new 200多块钱能够啊 ONE；new 哎呀你俩别吵吵了；你瞅我爸你整这鲍鱼能；你不吃拉倒；这个味不味的十位不许吃啊；不是你瞅瞅窗外哎咬都黑了；bak 不是你瞅瞅窗外哎哎都黑了；那回来你说堵气冒烟能吃进去饭了吗；你说今天是不是你爸找事啊；hev 完我搁这香等着他吃饭；ew 完了他坐这一顿挑是不；ba new 他就是挑 ONE.MINE PO；new DNE:；那你说的哪一句是人话；你说的我能愿意听啊；还你你生气你吃不下去饭呢；给我整的我都吃不下去了；bal new ONE.NIMEV LE；new 你说老生气干啥呀 DNE；baid 我爸这干一天活回来没吃饭；bd new 关键是一吃饭就生气 A ON；nev bal NIHECOT 你说净整这事呢 ONE.；new bal T 你赶紧吃吧爸 ONE.NINECOZS；你赶紧全给我；INB new balance AIHLETTCS OME.WINE CO ZERD.SIX 别长那肚子"	,"家里穷的叮当响，一顿饭还消费好几百，花花妈究竟咋的了？"	,
啤酒行业-行业-低,"2026-08-10 15:37:48"	,"douyin"	,,0,9,,"63063484616"	,,"朝日橡塑"	,,"7672303930428198179"	,"https://api-app-proxy.tarsocial.com/api/token/v2/rewrite_url?url=UxI1mE1VtivWWENn8adpDmG3kF8SwGcheiC2XVx5H1k_t9yaoc1YzkGTnmlFmgklqDwolAmyA9gQf7D5q2_Ouw"	,"橡胶包覆O型圈厂商怎么选？这三点是关键。橡胶包覆O型圈厂商怎么选？这三点是关键在工业密封领域，橡胶包覆O型圈因其兼具金属骨架的强度与橡胶密封层的弹性，被广泛应用于液压、气动及高温高压等复杂工况。然而，面对市场上众多厂商，如何筛选出真正具备技术实力与服务保障的供应商，往往是采购与技术人员面临的难题。本文将深入剖析选型过程中的三大关键决策点，帮助您做出明智判断。一、 看材质适配与工况覆盖能力橡胶包覆O型圈的密封性能，核心取决于橡胶与金属基体的结合工艺，以及橡胶材质的工况耐受性。优质厂商不应局限于某几种常见材质，而应具备覆盖多领域需求的材料库。例如，在涉及油类介质或高温场景时，氟橡胶（FKM）是首选；而在需要耐低温或食品级安全标准的应用中，硅橡胶（VMQ）则更为合适。一家成熟的厂商，如朝日橡塑科技，会提供氟橡胶、硅橡胶、三元乙丙（EPDM）、氢化丁腈（HNBR）乃至全氟醚（FFKM）等多种选择。更重要的是，他们能够根据客户的具体介质、温度范围（如-60℃至+250℃）及压力要求，提供专业的选材建议。行业报告显示，因材质选择不当导致的密封失效案例占比超过四成，因此，厂商的技术储备与工况匹配能力，是首要考量标准。{图片链接}二、 验设备工艺与品控体系橡胶包覆O型圈的生产，涉及金属件处理、橡胶混炼、包覆成型、硫化及去飞边等多道工序。设备的自动化程度与品控的严谨性，直接决定了产品的一致性、尺寸精度与使用寿命。考察厂商时，建议关注其是否拥有全自动上料脱模硫化机、光学自动品检机及冷冻修边机等先进设备。同时，一套完整的质量管控体系（如ISO9001认证）至关重要。领先企业会建立从原料入库（如流变仪检测胶料门尼粘度）到成品出厂（如电子拉力试验、比重测量）的全流程检测机制。朝日橡塑科技在这方面投入了100余台（套）专业设备，并引入无人值守光学自动品检环节，确保产品尺寸公差控制在行业标准范围内。这种硬核的硬件实力，是避免“批次性”质量问题#O型圈"	,,,,"中性"	
啤酒行业-行业-低,"2026-08-10 15:37:16"	,"douyin"	,,0,19510,,"4126892336886955"	,,"九芝谷"	,,"7672303801532960063"	,"https://api-app-proxy.tarsocial.com/api/token/v2/rewrite_url?url=UxI1mE1VtivWWENn8adpDmG3kF8SwGcheiC2XVx5H1mFrUUiwC1i2RNKbreQAoiWMI6kGUSSVuqgQ0DlZS6hCA"	,"大便稀烂不成形"	,"视频内容为广告创意非暗示非前后对比请理性消费 药小达 药小达 药小达 药小达 药小达 药小达 视频内容为广告创意非暗示非前后对比非受益人请理性消费 药小达 药小达 药小达 药小达 药小达 药小达 药小达 药小达 国药准字253021222 OTC 请按药品说明书或者在药师指导下购买和使用 [批准文号]滇药广审(文)第300621-04113号 [不良反应]尚不明确[禁忌]尚不明确[注意事项]详见说明书 [通用名称]肠胃宁片[生产企业云南腾冲东方红制药有限公司"	,"视频内容为广告创意非暗示非前后对比请理性消费|药小达|视频内容为广告创意非暗示非前后对比非受益人请理性消费|你现|药小达|国药准字Z53021222|OTC|请按药品说明书或在药师指导下购买和使用|[批准文号]滇药广审(文)第300621-04113号|[不良反应]尚不明确[禁忌]尚不明确[注意事项]详见说明书|[通用名称]肠胃宁片[生产企业]云南腾冲东方红制药有限公司|药小达|宁片|立子了|哇塞你现在是|吃什么都不怕拉肚子了|姐你给我吃的什么啊|我该不告诉她|给她用的是这个肠胃宁片|她现在肠炎走了|贵州百灵|国际 手239001222OTC|肠胃宁片|Char|吃什么都香了|【功能主|迪胜生育|为于舞蹈开启|15片/板×1板|肠炎腹泻不要交智商税了|我们来听听这位怎么说的|药小达|[批准文号]国药准字Z53021222滇药广审(文)第300621-04113号|药小达|一吃凉吃辣就肚子疼|肠胃|宁|下购买和使用|请仔细阅读说明书并按说明使用在药师|OTC|请仔细阅读|国药准字Z5302|贵州有灵|肠胃 片|Changw|[功能主治]|城市公安局交通分局|15片/板|紧张一焦虑就跑厕所|贵州百灵|OTC|肠胃|国药准字Z53021222|[注意事项]详见说明书|g Pi|肠|药小达|导下购买和使用|肠胃宁片|药小达|大便不成形|肠胃宁|片|好|贵州百灵|国药准字Z53021222OTC|国药准字ZSJ021222OTC|国药准字Z53021222OTC|国药准字Z53021222|肠胃宁片|Changweining Pian|eining Pian|Changweining Pian|eining Pian|[功能主治]|15片/板×1板|贵州百灵|保存期间读说明书开发 国药准字Z53021222OTC|胃宁片|肠胃宁片|胃宁片|[功能主治]|健脾益胃""温中止痛""|/板×1板|这么多你不买我也明白|药小达|OTC|健脾益肾""|高中止痛""其实不止境内容|小魔坠恶|脾胃阳虚|应见大便不调整|内泄泻""|111111|药小|肠胃|现在官方直发到手|贵州百灵|1100000000000000001|请按药品说明书或在药师指导下购买和使用|等下购买和使用|整整这么多|Changweining Pian|功|药小达|出现肠胃不适问题|药小达|胃宁片|它经常会有4个征兆|婴儿|肠胃宁片|贵州市天|千万不要忽视|第一就是腹部|有时会隐隐作痛|喝不了凉的|稍微碰点就拉肚子|药小达|第二就是|药小达|饭后还不到半小时|贵州百灵|肠胃宁片|Changweining Pian|[功能主治]|15片/板×1板|贵州百灵|国药准字Z53021222OTC|就总想拉肚子|[坊|第三就经常一有便意|泻、时带起液""伴腹胀腹痛""胃酸不舒""小型全息|[功能主治]|健脾益肾""温中止痛""湿贴止泻饮用于|时带盐液""伴腹胀腹痛|2019.01.00-2022.00.00|6227 0000 0000 0000 377|肠|婴儿|国药准字253021222OTC|2019.08.00-2027.00.202|就憋不住|药小达|贵州百灵|肠胃宁片|宁片|片|排便里急后重|Pia|小达|15片/板x1板|国药准字Z53021222OTC|大便不成形|稀泥便水样便|Changweining Pian|6222 2200 0000 0000|总感觉拉不干净|贵州百灵|2019.08.10-2026.10.10|15片/板×1板|甚至肛门热痛|肠胃宁片|宁片|请仔细阅读说明|Pian|并按说明使用或在药师指导下购买和使用|国药准字Z53021222OTC|国药准字Z53021222OTO|Pian|那如果是以上的这种情况|伴腹胀腹痛""胃院不舒""小腹坠胀|明使用成在药师指导下购买和使用|贵州百灵|[功能主治]|我的抖音号:17600000000000|涩肠止泻|贵州百灵|[功能主治]|你都不能再拖了|健牌益肾|啤酒吧|不妨试试这个|贵州百灵肠胃宁片|OTC药品|药小达|小达|内含十几种药材成分|药小达|贵州百灵|国药准字Z53021222OTC|肠胃宁片|Changweining Pian|[功能主治]|五更添|伴腹胀腹痛""|胃脘不舒""|小腹坠胀|15片/板×1板|导下购买和使用|贵州百灵|肠胃宁片|[功能主治]|健牌益肾|时可贴液""作废死难痛""胃病不好""|15片/板×1板|[功能主治]|药小达|国药准字Z53021222OTC|国药准字Z53021222|肠胃宁片|药小达|Changweining Pian|[功能主治]|健脾益肾""温中止痛|青阳虚所致的泄露""应见大便不调""五更是一种幸福""|时带粘液|泻、时带黏液""伴腹胀腹痛、胃不舒、小腹坠胀。|时带粘液""|15片/板×1板|书并按说明使用成在药师指导下购买和使用|并按说明使用或在药师指导下购买和使用|贵州百灵|肠胃宁片|Changweining Pian|[功能主治]|健脾益肾|健脾益肾""温中止痛|健脾益肾""温中止痛斥""|降降肾阳虚所致的泄露""重庆节快乐|15片/板×1板|贵州百灵|肠胃宁片|[功能主治]|涩廊|15片/板×1板|[批准文号] 国药准字Z53021222 滇药广审 (文) 第300621-04113号|[不良反应]尚不明确[禁忌]尚不明确[注意事项]详见说明书|OTC|[通用名称]肠胃宁片[生产企业]云南腾冲东方红制药有限公司|请按药品说明书或在药师指导下购买和使用|请仔细阅读说明书并按说明使用或在药师指导下购买|请按药品说明书或在药师指导下购买和使用|请仔细阅读说明书|温中止痛|药小达|海干啤酒肚皮所欺的地海""应见大便不满""五更多|五更池|涩肠止泻|伴腹胀腹痛、|药小达|小达|健脾益肾""温中止痛""涩肠止泻。|泻""时带黏液""伴腹胀腹痛、胃脘不舒、小腹坠胀。|用于脾肾阳虚所致的|用于脾肾阳虚所致的泄泻""症见大便不调、五更泄|健脾最痛的温度""我们不是一个人不调""五更想|泻、时带黏液""伴腹胀腹痛、胃脘不舒、小腹坠胀。|用于脾肾阳虚所致的泄露|药小达|大便不调|五更泄泻|贵州百灵|三国药准字Z53021222|肠胃宁片|angweining Pian|Changweining Pian|[功能主治]|健脾益肾""温中止痛""涩肠止泻|用于脾肾阳虚所致的泄泻""症见大便不调、五更泄|泻、时带黏液""伴腹胀腹痛、胃脘不舒、小腹坠胀。|泻、时带黏液""伴腹胀腹痛、胃脘不舒 小腹坠胀。|15片/板×1板|时带粘液|贵州百灵|国药准字Z53021222|[功能主治]|健脾益肾""温中止痛""涩肠止泻。|用于脾肾阳虚所致的泄泻""症见大使不调、五更泄|伴腹胀腹痛|药小达|胃脘不舒|小腹坠胀|现在我们开通|下购买和使用|贵州百灵|国药准字Z53021222OTC|肠胃宁片|Changweining Pian|[功能主治]|健脾益肾""温中止痛""|时间贴液""伴随即提醒|15片/板×1板|贵州百灵|官方购买渠道|体温监测""胃脱不舒""小腹至死|15片/板×1板|贵州百灵|健脾益肾""温中止痛""湿肺止泻|没有中间商赚差价|肠胃|OTC|1222|成在养|查看详情即可下单|肠胃宁片"	,,"负向"	
啤酒行业-行业-低,"2026-08-10 15:32:45"	,"toutiao"	,8,0,43,,"106570390993"	,,"阳光玫瑰"	,,"1873120765665284"	,"https://api-app-proxy.tarsocial.com/api/token/v2/rewrite_url?url=1YusuDMvr9od4K_K1MN8mlDDzP1nPFJ1ypc-UlWqfKAvucqGl819R6aVfmmq0v_i3eDiqei4ciLKLHy6fL4ewg"	,"上头条 聊热点 不同单位管饭的菜品差异还挺大。像管理中心员工餐厅，8月10日的午餐很丰富，蔬菜有小葱西葫芦、蛋黄南瓜，半荤有自制千张包、泡豇豆鸡杂，荤菜有雪菜黑鱼块、葱油鲜蛏子，还有季节性时蔬猪舌卤拌本芹和虫草花老鸡汤。晚餐也有香菇大青菜、排骨炖萝卜、红烧啤酒鸭等。
而工地的10元管饱大锅菜，则主打一个实惠。建筑工人重体力劳动后能量消耗大，需要足量饱腹。大锅菜荤素齐全，米饭还能无限续碗，满足了他们的生理刚需和生活需求，所以即便卖相和环境一般，也常年爆满。 "	,,,"上头条 聊热点 不同单位管饭的菜品差异还挺大。像管理中心员工餐厅，8月10日的午餐很丰富，蔬菜有小葱西葫芦、蛋黄南瓜，半荤有自制千张包、泡豇豆鸡杂，荤菜有雪菜黑鱼块、葱油鲜蛏子，还有季节性时蔬猪舌卤拌本芹和虫草花老鸡汤。晚餐也有香菇大青菜、排骨炖萝卜、红烧啤酒鸭等。
而工地的10元管饱大锅菜，则主打一个实惠。建筑工人重体力劳动后能量消耗大，需要足量饱腹。大锅菜荤素齐全，米饭还能无限续碗，满足了他们"	,"中性"	
啤酒行业-行业-低,"2026-08-10 15:32:38"	,"douyin"	,,0,2,,"3476026441076888"	,,"木子。"	,,"7672302620224339109"	,"https://api-app-proxy.tarsocial.com/api/token/v2/rewrite_url?url=UxI1mE1VtivWWENn8adpDmG3kF8SwGcheiC2XVx5H1l3pp7-NubD-0xXlBf4roceQA6dOFavQU3v0w5bb4lvHw"	,"#消费避坑必备 #不踩消费陷阱"	,"真国货假国货鲁花花生油金龙鱼油(新加坡) 白玉/黑人牙膏中华牙膏(美) 两面针/云南白药欧乐-B牙膏(美) 相宜本草/百雀羚大宝/玉兰油(美) 蜂花/臻芝生姜/好迪潘婷/沙宣洗发水(美) 汰渍/碧浪(美) 雕牌/超能/立白蓝月亮/活力28 金纺洗衣液(英) 六神沐浴露玉兰油沐浴露(美) 雀巢咖啡(瑞士) 后谷咖啡三顿半咖啡星巴克咖啡(美) 加多宝美汁源(美) 百岁山美年达(美) 娃哈哈佳得乐(美) 健力宝七喜(美) 非常可乐果粒奶优(美) 椰树牌椰汁红牛饮料(泰) 雪花/珠江啤酒醒目/脉动(美) 金丝猴哈尔滨啤酒(美) 伊利/蒙牛冰淇音号 44露鼻后/哈根达斯(美)"	,"真国货假国货鲁花花生油金龙鱼油（新加坡） 百玉/黑人牙膏中华牙膏（美） 两面针/云南白药欧乐-B牙膏（美） 相宜本草/百雀羚大宝/玉兰油（美） 蜂花/臻芝生姜/好迪潘婷/沙宣洗发水（美） 雕牌/超能/立白汰渍/碧浪（美） 蓝月亮/活力28 金纺洗衣液（英） 六神沐浴露玉兰油沐浴露（美） 后谷咖啡雀巢咖啡（瑞士） 三顿半咖啡星巴克咖啡（美） 加多宝美汁源（美） 百岁山美年达（美） 娃哈哈佳得乐（美） 健力宝七喜（美） 非常可乐果粒奶优（美） 椰树牌椰汁红牛饮料（泰） 雪花/珠江啤酒醒目/脉动（美） 金丝猴哈尔滨啤酒（美） 伊利/蒙牛冰淇淋冰雪皇后/哈根达斯（美）"	,,"正向"	
啤酒行业-行业-低,"2026-08-10 15:32:00"	,"douyin"	,,0,31,,"7563115050917053497"	,,"小七爱采购1"	,,"7668866029954600230"	,"https://api-app-proxy.tarsocial.com/api/token/v2/rewrite_url?url=UxI1mE1VtivWWENn8adpDmG3kF8SwGcheiC2XVx5H1ncWkbd1c-8SoJPRTLKKHe7h9oj0MF3rrFuJTz11jIcbg"	,"河南顺河回族南粤虎尊临期啤酒避开辨别中的小误区。 南粤虎尊，脉动芒果味酒水行业库存周转很关键，把控节奏就能减少临期啤酒不断产生，矿盐系列饮品真的很清爽，带着淡淡的矿盐味，不齁甜，入口顺滑，能补充水分和矿物质。平时出汗多、运动后喝一杯，解渴又实用，不会觉得黏嗓子，不管是夏天还是冬天，都能喝，纯粹分享这份清爽的饮用体验。 #河南中站水动乐营养素饮料#银麦180白啤库存啤酒仓储环境打理小知识#南粤虎尊#脉动芒果味#临期啤酒回收"	,"河南顺河回族近期啤酒仓储寻南粤虎尊找脉动芒果味品味生活细赏沿途风光人间库烟火存温暖寻常岁月饮善特料岁月温柔每十朝夕浅喜啤深爱酒安稳度过流年矿盐系列饮品真的很清爽，带着淡淡的矿盐味，不甜，入口顺滑，能补充水分和矿物质。平时出汗多、运动后喝一杯，解渴又实用，不会觉得黏噪子，不管是夏天还是冬天，都能喝，纯粹分享这份清爽的饮用体验。河南顺河回族"	,"河南顺河回族近期啤酒仓储寻南粤虎尊找脉动芒果味品味生活细赏沿途风光人间库烟火存温暖寻常岁月饮善特料岁月温柔每十朝夕安稳度过流年矿盐系列饮品真的很清爽，带着淡淡的矿盐味，不甜，入口顺滑，能补充水分和矿物质。平时出汗多、运动后喝一杯，解渴又实用，不会觉得黏噪子，不管是夏天还是冬天，都能喝，纯粹分享这份清爽的饮用体验。河南顺河回族#####河南顺河回族近期啤酒仓库寻南粤虎尊找脉动芒果味品味生活细赏沿途风光人间库烟火存温暖寻常岁月饮善特料岁月温柔每十朝夕浅喜啤深爱酒安稳度过流年矿盐系列饮品真的很清爽，带着淡淡的矿盐味，不甜，入口顺滑，能补充水分和矿物质。平时出汗多、运动后喝一杯，解渴又实用，不会觉得黏嗓子，不管是夏天还是冬天，都能喝，纯粹分享这份清爽的饮用体验。河南顺河回族#####河南顺河回族临期功能饮料库房寻南粤虎尊找脉动芒果味品味生活细赏沿途风光人间库烟火存温暖寻常岁月饮善待料岁月温柔每十朝夕浅喜啤深爱安稳度过流年赖矿盐系列饮品真的很清爽，带着淡淡的矿盐味，不甜，入口顺滑，能补充水分和矿物质。平时出汗多、运动后喝一杯，解渴又实用，不会觉得黏嗓子，不管是是天还是冬天，都能喝，纯粹分享这份清爽的饮用体验。河南顺河回族"	,,
啤酒行业-行业-低,"2026-08-10 15:30:29"	,"app"	,,0,,,"1483676569305355"	,,"开朗可乐Qgg"	,,"6085ad3ded26327e8039aae2afb32715"	,"https://api-app-proxy.tarsocial.com/api/token/v2/rewrite_url?url=iyRnqOP3ec2fDacq8d-1_TiBe6HiPzSH62s_cSPp4tZvzCJ2GoBX5VZoE8_2YKcjm_UTm66GL6O3Gt_M9qn9nQ"	,"2027款北京越野BJ30目前在售车型指导价落在9.99万-13.99万区间，覆盖燃油、混动两种动力，还能选5座、7座布局，平时家用代步够使，偶尔出去跑轻越野也能适配。 先聊空间配置，这台车轴距做到2820mm，空间利用率66%，全车有30+储物格，后排座椅支持4/6比例纯平放倒，放倒后车内纵深接近1.92m，车顶承重可达300kg，露营场景下装东西的灵活度，比同价位多数城市SUV都要高。 再看智能和安全配置，进阶版及以上车型标配带高通骁龙8155芯片的车机，支持方言识别、华为HiCar互联，同时搭载L2级辅助驾驶系统，全速自适应巡航、540°全景影像这些功能都配齐了，高速通勤、窄路停车的时候实用性很强。 不过得提一句，最低配DCT标准版没有搭载8155芯片，也没有配备全功能主动安全配置，对智能配置需求较高的朋友，购车前一定要留意版本差异。 动力配置的区分也很明确，燃油版搭载1.5T+7挡湿式双离合，零百加速7.45s，完全能覆盖日常通勤需求；混动四驱版配备智电ATS全地形系统，涉水深度达700mm，通过性比普通城市SUV出色不少。 从目前车主的反馈来看，这台车也存在一些配置层面的短板：基础版车机没有实体调节按键，高速行驶时风噪胎噪较为明显，内饰大面积采用硬质塑料，对质感要求高的用户可能需要后期加装优化。 选购思路其实很清晰，预算10万出头主打家用代步、偶尔露营的用户，选燃油进阶版性价比最高；经常跑非铺装路面的用户，优先考虑混动四驱版本就好。"	,"A懂车帝昵称：开朗可乐Qgg"	,"A懂车帝昵称：开朗可乐Qgg；北京 A懂车帝昵称：开朗可乐Qgg"	,"起售9.99万，北京越野BJ30实用配置全解析"	,"中性"	
啤酒行业-行业-低,"2026-08-10 15:29:00"	,"app"	,,0,1,,"7880069071"	,,"藏家视野"	,,"fb3cc4bced064336d0400a2f57b1eda7"	,"https://api-app-proxy.tarsocial.com/api/token/v2/rewrite_url?url=q7yCD_AFsszvRfKWUA-Ikfutt0UOqzG_mJ4Q7QMP-7sFn5RXJRwv8nyq7Rzih-aZil0id56duJq33OWmBBi-ZcCTz1ynVOxlhf9rlhGAegU"	,"　　 　　170cm+的高个女生买奢侈包，核心不是“能不能背”，而是怎么选才能在视觉上平衡身高比例、撑出大气场。直接给答案：优先选Chanel 22bag大号、Louis Vuitton Neverfull GM、爱马仕Herbag 31这类大尺寸款；斜挎选Chanel 19bag、Gucci Horsebit 1955；追求低调高级感就闭眼入The Row、Bottega Veneta或Stella McCartney。价格从约12000元到2万元不等，按通勤、旅行、静奢三个场景筛选。 　　01 大尺寸包型：撑起气场的关键 　　高个女生天生撑得起大包，这是小个子模仿不来的优势。博主“皇家通关师”实测Chanel 22bag大号（45×46×30cm）后说，168cm身高背起来明显偏大，明确建议“更适合一米七零以上的姐妹”。这个尺寸能装下水杯、太阳伞和电脑，博主直接叫它“行动的行李箱”，短途旅行甚至可以不用另带行李袋。 　　Louis Vuitton Neverfull GM（约32×29×17cm）是通勤购物场景的稳妥答案，公价约12000元。柔软皮革配可调节肩带，内部隔层多，上班放文件、下班去超市、周末短途游都能一只包解决。爱马仕Herbag 31（31×25×10cm）则是1998年上市的经典款，帆布拼牛皮、包型立体挺括，31cm是四个尺寸里最受欢迎的一档，价格约2万元，背去休闲场合大气又不会过于用力。 　　三只大包的核心参数对比如下： 包款 尺寸 参考价格 适合场景 Chanel 22bag大号 45×46×30cm - 短途旅行、通勤 Louis Vuitton Neverfull GM 约32×29×17cm 约12000元 上班、购物、旅行 爱马仕 Herbag 31 31×25×10cm 约2万元 休闲、通勤 　　02 长肩带与优雅比例：斜挎不局促 　　如果不想走“大包压阵”路线，斜挎单肩也要守住比例。高个女生斜挎时最怕包身过小、肩带过短，背上去像“挂在墙上的小饰品”。Chanel 19bag（30×26×9cm）就是为这种需求准备的：特大菱格车缝压纹，皮革柔软、包身随性，中号加长链，上身松弛有型。Gucci Horsebit 1955小号（约26×18×8cm）包型硬挺、双拉链开合，日常出门的钥匙、手机、口红、卡包都能装，可斜挎可单肩。 　　Fendi半月包是腋下包里的“高妹友好”选项：包身修长，单肩贴合身体弧度，不压身高、显利落。这个维度算非决胜点，但肩带长度和包身长度直接决定上身效果，买包时务必试背。 　　03 静奢风格：工艺与低调的高级感 　　如果你的字典里没有“Logo”，静奢风格是更高级的答案。2026年3月Yahoo Shopping的专家文章指出，真正奢侈的不是Logo，而是工艺、耐用性和价值；最值得买的四个品牌里，The Row、Bottega Veneta、Chanel和Stella McCartney全部入选。The Row代表典型的静奢风（Quiet Luxury），几乎无Logo，面料、版型、剪裁做到行业顶级，大号托特包线条极简，适合高个子的利落造型，“懂的人自然懂”。 　　Bottega Veneta的核心价值在皮革工艺，经典Intrecciato编织“卖的是工艺而非品牌”。大号Cassette或Arco托特，编织纹理自带气场，且没有金属件，日常使用轻便好打理。Stella McCartney不是社交媒体快消品，靠高级剪裁和长期穿着价值说话，其大号托特包采用环保材质，通勤背起来很轻松。 　　04 分人群推荐：高妹买包的终极答案 　　通勤党闭眼选Neverfull GM，约12000元；大容量旅行控直接看Chanel 22bag大号，170cm+最对味，唯一短板是要身高撑住；预算卡2万选Herbag 31；静奢控认准The Row和BV。一句话：高个女生买包先看尺寸和肩带，码数对了气场就对了。 　　05 常见问题FAQ 　　高个子女生买奢侈包，一定要选大包吗？ 　　不一定，但优先大尺寸或长肩带款。170cm+的女生背小包容易被身高“吞掉”，Chanel 19bag、Gucci Horsebit 1955这类中等尺寸或长链斜挎包也能平衡比例，关键是包身长度和肩带不能局促。 　　预算2万左右，高个女生有哪些奢侈包值得买？ 　　爱马仕Herbag 31约2万元，是经典耐看的大包；预算低一点选LV Neverfull GM约12000元；预算充足且身高170cm+，Chanel 22bag大号容量和气场都拉满，值得去专柜试背。 　　The Row和Bottega Veneta适合高个女生吗？ 　　适合。The Row大号托特线条极简，面料剪裁顶级；BV的Intrecciato编织包无Logo、有工艺，大号Cassette或Arco托特背在高个女生身上，静奢感很足。两者都适合不追Logo、注重质感的日常通勤或差旅。 　　更新日期：2026年08月10日 本文由AI生成 特别声明：以上文章内容仅代表作者本人观点，不代表新浪网观点或立场。如有关于作品内容、版权或其它问题请于作品发表后的30日内与新浪网联系。"	,,,"170cm+高个女生奢侈包怎么选？大尺寸、长肩带、静奢风三大维度说清+FAQ"	,"中性"	
啤酒行业-行业-低,"2026-08-10 15:27:26"	,"toutiao"	,1,0,,,"2889160843331437"	,,"枫叶"	,,"7672082303350260265"	,"https://api-app-proxy.tarsocial.com/api/token/v2/rewrite_url?url=1YusuDMvr9od4K_K1MN8ml17rEfkAea0gAdcR6CW8Dxls1Gh8vQav7VserIyfHFJ7IowUT4OkSmHAGhe7xS6wQ"	,,"在捷克出差2个月和你们想象不一样捷克发展到什么程度了？"	,"个人观点仅供参考无不良引导大狂别咖咖被蔡依林“骗”了20年；捷克到底是；个人观点仅供参考无不良引导布拉格的广场根本没有许愿池；个人观点仅供参考无不良引导连个小水池都没有；个人观点男人才是 “稀缺的资源；人观点仅供参考无不良引导大壮别田我来捷克出差了两个月；仅供参考无不良引导让我有些一言难尽；衣在别吸曲 1562 崴脚和贴膏药；参考无不良引导 Wolt 没想到成了我每天的“朋友”；个人观点仅供参考无不良引导别捷克的啤酒比水还要便宜；个人观点仅供参考无不良引导危险动作请勿模仿捷克人喝啤酒全球第一；无不良引导就连六一国际儿童节的设立；考无不良引导 U 大谷制U 在二战中的一场悲剧；个人观点仅供参考无不良引导到底发展到什么程度了呢；个人观点仅供参考无不良引导今天不说废话；个人观点仅供参考无不良引导真实情况刷新了我的认知；个人观点仅供参考无不良引导和咱们重庆市差不多大小；个人观点仅供参来但人口仅仅是1，000万出头；个人观点仅供参考无不良引导走在街上；EDEN 仅供老无不良 Natu 时不时就能闻到一股“奇特”的味道；个人观点仅供参考无不良引类似于像“螺蛳粉或者榴莲”的那种味道；个人观点仅供参考无不良类似于像“螺蛳粉或者榴莲”的那种味道；个人观点仅供参考无不良引街上的垃圾桶仿佛经历过“二战”一样；人观点仅供参考无不良引导错误行为请勿模仿请保护我们的环境有些人都习惯在几米外远投扔垃圾；个人观点仅供参考无不良引导散落的垃圾在地上；个人观点仅供参考无不良引导让这味道不上头都难；个人观点仅供参考无不良引就是在这边找厕所；个人观点仅供参考无不良引导甚至有些公厕居然还隐藏在地下室；BAGETERIEBOULEVAD 4AX8079 甚至有些公厕居然还隐藏在地下室；BAGETERIEBOULEVARD 水土不服的可能都没有勇气出门；CHANGE GHANGE FOREIGN EYCTIANGE 经常崴脚还真不是吹的；POREIGN 无论当天你是穿的高跟鞋还是运动鞋；个人观点仅供参考无不良引导 Prepni na rychleproni 9262 WASH olino 因为有的时候你根本等不到公交车；人观点仅供参考无不良引导 Occolino Prepri no rychle ptoni WONDER WASH 等一两个小时都有可能；人观点仅供参考无不良引导 Prepnina rychlepron 虽然这里是发达国家；但街上的小石子路；和100多年前是没有什么区别的；JACKLIVES IQOS 大壮别研咖捷克夜生活到底是啥样；个人观点仅供参考无不良引导捷克夜生活到底是啥样 Tawnna；个人观点仅供参考无不良引导我估计很多老铁听过但没有见过；人观点仅供不良引导 MUSED FUNEXPL 捷克的夜晚不只是喝啤酒啃猪蹄；个人观点仅供参考无不良引导天壮别联烟还有街上这些博物馆；M MXMACINMS 六壮刻四血 OVETEST Buening WIU Teud EON 可都是18岁以上才能进去的；观点仅供参考无不良引导捷克的女孩非常漂亮；个人观点仅供参考无不良引看人也很准；个人观点仅供参考无不良引导日拉脱维亚的女孩是展厅里的“名画；个人观点仅供参考无不良引导那么捷克的女孩；观点仅供参考无不良引导就是能和你一起“侃大山的酒吧老板娘；个人观点仅供参考无不良引导漂亮和接地气；KISS 哥们在这也有些小心得；个人观点反供参考无不良引导你首要就是自信；个人观点仅供参考无不良瑞导 KCCIMT 这边的男性；个人观点仅供参考无不良引导大壮别财咖普遍给我的感觉就是自信少了一些；个人观点仅供参考无不良引导 IR BRO&N 金发碧眼的捷克姑；个人观点仅供参考无不良引导 ZNWR 长狂制助助平均身高就是一米7；个人观点仅供参考无不良引导 ZNWR CRVUAR CBOE CEPAUE 你就感觉“苏菲玛索”在我的眼前一样；个人观点仅供参考无不良引导升别咖明自信和开放；个人观点仅供参考无不良引导这一点你只要是和她聊几句；人观点仅供参考无不良引导未成年人禁止饮酒而想在国外混的开；未成年人禁止饮酒有些规矩你少不了；个人观点仅供参考无不良引导未成年人禁止饮酒我原本以为；观点仅供参考无不良引导未成年人禁止饮酒德国人痴迷啤酒的程度或许无人能及；个人观点仅供参考无不良引导未成年人禁止饮酒但捷克要说第二没人敢说第一；未成年人禁止饮酒毕竟在这；点仅供参考无不良引导未成年人禁止饮酒人均啤酒消费量常年是在160升；个人观点仅供参考无不良引导未成年人禁止饮酒就喝啤酒这个事；个人观点仅供参考无不良引导未成年人禁止饮酒都能列入他们国家文化保护名录里；个人观点仅供参考无不良引导未成年人禁止饮酒和酗酒鲜明的对比就是；个人观点仅供参考无不良引导这边的人无论是喝了多少；个人观点夜供参考无不良引导更忌讳酒后和别人发生争执；个人观点考无不良引导 WEL 万万没有想到；个人观点仅供参考无不良引导就是来了捷克同事生活的房子；个人观点仅供参无不良引两层的一个小别墅；个人观点仅供参考无不良引导四个房间带一个小院子；个人观点仅供参考无不良引导大拉别团丽其实算下来差不多就是在200多个W；个人观点仅供参考无不良引导大壮别机四其实算下来差不多就是在200多个W；个人观点仅供参考无不良引导 1千克朗在捷克；个人观点仅供参考无不良引导能在当地的超市里面；人观点仅供参考无不良引导而这两年；个人观点仅供参考无不良引导捷克隔壁的 “这两家邻居” 可不太平；个人观点仅供参考无不良引导所以这边的生活成本也高了起来；观点仅供参考无不良引导注别以至于现在出门你吃碗拉；个人观点仅供参考无不良引导 Viesardlin 基本上都是在100块人民币左右一顿饭；个人观点仅供参考无不良引导小孩周末学的一些钢琴课或者足球课；个人观点仅供参考无不良引导六壮别曲差不多就是在500克朗左右；个人观点仅供参考无不良引导出门要是学一个中文课；个人观点仅供参考无不良引导基本上就是在100块一个小时；个人观点仅供参考无不良引导 DLA ITALIA S.LO KRU O:19565836 CZ-19565836 TRAZI1521/14P8 darma apu to OVEDNA OSOBA: ERTA ALTAVILLA SANDOFATTACCIU Orhutnavka zdarma 可手里如果要拿着6，000块钱；个人观点仅供参考无不良引导 Focaccia LERVICI NGE piccolaitalia02@gmail.com ma 能不能在捷克玩一个月呢；BRAMBORAKY POTATOPANCAKES STAROPRAZSKA SUNKA 大壮别团在欧洲购物消费“千万不要来捷克；观点 179.90 Lahodn 196 Walermelons 因为你来了之后就会发现；个人观点仅供参考无不良引导这仿佛不是欧洲的物价 Walermelons；元不良引导个人观点供 Chut rozhn- Stavnate 59""90 在捷克用的不是欧元；人观点仅供参考无不良引导 100克朗约等于34块人民币左右；个人观点仅供参考无不良引导 100克朗约等于34块人民币左右；个人观点仅供参考无不良引导 Ovgce.Zel Svezil Krehky Cnut rothoduje. Chutrozhocje 29 19.90 26""90 79.90 而大猪蹄子就是捷克人最爱吃；人观点仅供参考无不良引导在超市里面差不多就是20克朗左右；点仅供参考无不 Jemny Chutrotho 49.90 64""90 在超市里面差不多就是20克朗左右；个人观点仅供参考无不良引导 TESCO TESCO BEEFMEAT 47 759.00 84.20 119 1090 1041 84折 849 牛排一公斤差不多就是在30克朗左右 134 14990；个人观点仅供参考无不良引导 TESCO RIBEYE 来一份烤面包的价格 KR；个人观点仅供参考无不良引导我们常常吃的一些法棍的面包；个人观点仅供参考无不良引导天壮别迎迎或者是三明治；个人观点仅供参考无不良引导在这边基本上都是在3克朗或5克朗；39.80 29.80 两根两份的一个状态；啤酒在这边就是50克朗 3890 24.88；个人观点仅供参考无不良引导 Leffe Lefe feffe ff GUINNESS LAVELY EXTRASTOUY Fefe ONDE 52.20 52.90 差不多就是在16块人民币；个人观点仅供参考无不良引导 50 eerLlrguell pitsnerllryaell 基本上一罐330毫升的啤酒就是在5欧元；个人观点仅供参考无不良引导 FAMILLE FAMILLE CASTEL CASTEL 209 209起 2091 09 基本上一罐330毫升的啤酒就是在5欧元；个人观点仅供参考无不良引导 FAMILI FAMILLE CAS FAMILLE CASTEI CASTEL 209 209 209 209.20 Velke znacky 折合人民币啊是40多 Nizke ceny.；FAMILLE FAMILLE CASTEL FAMILLE CASTEL CASTEL MODRr 2099 20990 209 Velke znacky Nizke RLO ceny Vicenez soky 这物价的差距确实让我没有想到 natlovyich 209 109 79 129 srand；仅供参考无不良引导你们会想到什么呢；人观点仅供参考无不良引导带你看看不一样的风土人情"	,"来捷克出差2个月！捷克发展到什么程度？和想象中不一样"	,"中性"	
啤酒行业-行业-低,"2026-08-10 15:24:00"	,"app"	,,0,25,,"119556282"	,,"房车梦想家"	,,"fd0eea6e0098e251f0090544ee52d0ef"	,"https://api-app-proxy.tarsocial.com/api/token/v2/rewrite_url?url=yuqyLtLr0v2z3UVnd52kyC5fvNpdiFMxvuh8a32PO-PZPzggtED2K_5n7qBHz6IWWNCqbcXBvc6-mTlzaQs6Fg"	,"2026第三十届青岛国际房车展，将于2026年8月28日至30日，在青岛西海岸金沙滩啤酒城星光大道再度华丽归来！ 整车采用福特猛禽式前脸设计，搭配撞色拉花与装甲漆包围，硬朗线条勾勒出十足的力量感；车顶配备镭射射灯，夜间出行照亮前路，钢制越野前后杠、越野宽体大包围加持，不仅颜值出众，更能有效防护车身，应对复杂路况毫无压力。 车身尺寸精准把控在5998×2164×2996mm，蓝牌C照即可轻松驾驭，既避免了大车驾驶的笨重感，又最大化拓展了车内空间，兼顾通行灵活性与旅居实用性，高速、乡道、非铺装路面都能从容应对。 动力层面，搭载福特Puma2.3T高压共轨柴油发动机，匹配采埃孚8AT进口变速箱，最大功率128kw，峰值扭矩430N·m，动力输出强劲平顺，高速超车、爬坡脱困都游刃有余；搭配博格华纳智能适时四驱系统+伊顿差速锁，越野性能直接拉满。 合规六座、灵活多变的驾乘空间，完美契合家庭出行、好友结伴的多元需求，告别“坐不下、挤着累”的出行窘境。 整车采用人性化座椅布局，独立座椅设计兼顾舒适性与实用性，主副驾座椅支持多角度调节，后排座椅宽敞通透，即便满载六人也无局促感，长途驾乘依旧轻松惬意。更值得一提的是，座椅布局兼顾旅居实用性，可灵活调节、拓展空间，行车时是合规驾乘舱，驻车时秒变一张床，一车多用，实用性拉满。 中门上方集成式触摸屏，带智能语音唤醒功能，四路监控，24小时为您的安全守护。 厨房区域配置齐全，洗菜池、电磁炉一应俱全，搭配大容量双开门冰箱，食材保鲜无忧，旅途中随时能烹饪可口饭菜。用电用水方面，整车配备206L双清水箱，兼顾室外用水与室内恒温用水，无惧低温冻管；搭载48V10度电，户外用电无忧；行驻车顶置变频冷暖空调、水暖地暖、IP67级防水音响等配置加持，冬暖夏凉，影音相伴，无论是荒野露营还是近郊小憩，都能尽享居家般的舒适。 车内配备独立卫浴空间，便携马桶与乘员舱隔离，杜绝串味困扰卫生间同样是抽拉式，可以按需扩展的同时不会占用过道的空间。设施也是样样齐全，梳妆镜、旋转马桶、翻折台盆、淋浴花洒、上方换气扇。 尾部超大后横床，尺寸2000×1300mm，两个成年人轻松睡下。上方环绕式吊柜，存放衣服也很方便。透过天窗还能躺着看星星 不必在越野与旅居之间妥协，不必在空间与舒适之间取舍，江铃六座远征豹原厂房车，用硬派越野性能+六座灵动空间+原厂品质保障+轻奢旅居配置，重新定义多人旅行新方式。"	,,,"8月28日青岛房车展，福特T8房车值不值得入手？"	,
啤酒行业-行业-低,"2026-08-10 15:23:28"	,"web"	,,0,,,"262721037"	,,"纵相新闻"	,,"0e0744ae8e07be8ad5289855de55f524"	,"https://api-app-proxy.tarsocial.com/api/token/v2/rewrite_url?url=GqkJJV5k4V_m4oSXllVGY5ZwIFDXantzCfWdsRatD6wgaxscLZEghlTrYxBt05EwYe0hwD4Y08l1FqSrWdRlDQ"	,"东方网记者王泳婷8月10日报道：受台风“白海豚”影响，8月9日起上海出现明显风雨天气，树木倒伏、路面积水等险情给城市运行带来多重考验。长宁区迅速进入防汛防台应急状态，绿化市容、应急管理等多部门连夜联动、通宵值守，以坚守筑牢城区安全防线。绿化队伍连夜攻坚 快速处置倒伏险情大风导致城区多处树木倒伏、断枝，直接威胁道路通行与群众安全。长宁绿化队伍严格遵循“先保通行、快速排险、稳步清运”原则，23支应急队伍、476名抢险人员奔走在街头巷尾，处置各类隐患。9日晚，新华路上一棵大树被狂风整体吹倒，枝干压在停放车辆上方，因枝条疑似裹挟线路，贸然切割极易引发危险。抢险人员顶着风雨细致排查、谨慎研判，耗时一小时彻底排除安全隐患后，快速拆分、清运枝干，成功解救被压车辆。10日凌晨3时37分，茅台路长房国际广场路段树木倒伏阻断通行，雨夜视线差、作业难度大，抢险队伍争分夺秒攻坚，仅用一小时二十分钟就完成树木拆解与残枝清运，在凌晨及时恢复道路畅通。此外，大家源“家+绿镜”内一棵大树拦腰断裂，带刺花枝倒伏在步道上，工作人员第一时间到场清理，快速消除绊倒、划伤路人的风险。记者从长宁区绿化市容局获悉，截至目前，长宁绿化条线累计派出巡查1664人次，加固公园绿植485棵、道路行道树184棵，修剪清理各类枯枝危枝1813处。本轮风雨中，长宁全区公园绿地倒伏树木42棵、行道树倒伏20棵，所有影响通行的行道树倒伏险情均已优先排除。排查高空风险点位 清淤疏堵协同作业台风天气下，户外广告、招牌、景观设施极易随风摆动、脱落坠落，是安全防控的重中之重。长宁区提前完成全区6417块户外招牌、316块户外广告牌的责任人安全告知，重点对薄弱点位开展整治。截至目前，累计整改高危连体招牌71块，加固隐患设施3处、拆除风险招牌25块，加固景观设施47处，撤除沿街对旗44对，全方位压缩高空坠物风险。同时，景观条线提前关停全区景观灯光、切断设备电源，全面排查户外亮化设施安全状态，应急小队全员在岗待命，随时处置突发隐患。持续降雨让城区排水压力陡增，排积水、保畅通成为清晨保障工作的核心。按照长宁区绿化市容局及各街镇统一部署，市容门责队员一早全员到岗下沉路面，配合环卫力量逐路排查，重点清理、疏通堵塞的道路排水口与雨水箅子，清除落叶、淤泥等杂物，加速路面积水退去。同时，全区631名道路保洁人员于8月10日清晨5时全员上岗，生活垃圾清运6时准点启动。市政抢险队伍驻守重点易涝路段开展动态抢排，多股力量协同作业，全方位保障雨天道路通行顺畅。稳妥转移避险人员 安置保障暖心到位8月9日11时30分，长宁区依据市级统一工作部署，发布全区危险区域人员避险转移工作指令，第一时间组织建筑工地等项目人员撤离至应急安置场所，在大风大雨中为群众撑起“守护伞”。在天山社区文化活动中心，一楼会场已被改造为应急宿住区，40张床铺整齐摆放，来自上海金鹿建设集团有限公司古北路B1—03地块综合体项目的建筑工人在此休憩，矿泉水、泡面等物资配备齐全。据长宁区应急管理局相关负责人介绍，防汛防台应急避难场所启用期间，将落实24小时值班值守与安全巡查制度，保障场所秩序稳定；同时为避险人员配备包含洗漱用品、毛毯在内的应急包，满足日常生活需求。若台风影响持续时间较长，后续将统一增配物资，持续做好应急安置保障。目前，长宁区各条线防汛防台力量仍坚守岗位，持续开展隐患排查与应急处置，全力保障台风期间城区运行平稳与群众生命财产安全。（图片来源：上海长宁）"	,,,"迎战台风“白海豚”上海长宁多线发力守护城区平安"	,"中性"	
啤酒行业-行业-低,"2026-08-10 15:23:28"	,"app"	,,0,225986,,"T1537512343192"	,,"纵相新闻"	,,"a9c43d97b1a5e91bb8995458585f385b"	,"https://api-app-proxy.tarsocial.com/api/token/v2/rewrite_url?url=Vjhf8O4lgBhkvHpaFoaSiBze7cddh0Dki91vcy9OIYePRY1adKZvSk8FcTp2vMteFXND3J56qqkmy9fsZB_VWQ"	,"东方网记者王泳婷8月10日报道：受台风“白海豚”影响，8月9日起上海出现明显风雨天气，树木倒伏、路面积水等险情给城市运行带来多重考验。长宁区迅速进入防汛防台应急状态，绿化市容、应急管理等多部门连夜联动、通宵值守，以坚守筑牢城区安全防线。 绿化队伍连夜攻坚 快速处置倒伏险情 大风导致城区多处树木倒伏、断枝，直接威胁道路通行与群众安全。长宁绿化队伍严格遵循“先保通行、快速排险、稳步清运”原则，23支应急队伍、476名抢险人员奔走在街头巷尾，处置各类隐患。 9日晚，新华路上一棵大树被狂风整体吹倒，枝干压在停放车辆上方，因枝条疑似裹挟线路，贸然切割极易引发危险。抢险人员顶着风雨细致排查、谨慎研判，耗时一小时彻底排除安全隐患后，快速拆分、清运枝干，成功解救被压车辆。10日凌晨3时37分，茅台路长房国际广场路段树木倒伏阻断通行，雨夜视线差、作业难度大，抢险队伍争分夺秒攻坚，仅用一小时二十分钟就完成树木拆解与残枝清运，在凌晨及时恢复道路畅通。此外，大家源“家+绿镜”内一棵大树拦腰断裂，带刺花枝倒伏在步道上，工作人员第一时间到场清理，快速消除绊倒、划伤路人的风险。 记者从长宁区绿化市容局获悉，截至目前，长宁绿化条线累计派出巡查1664人次，加固公园绿植485棵、道路行道树184棵，修剪清理各类枯枝危枝1813处。本轮风雨中，长宁全区公园绿地倒伏树木42棵、行道树倒伏20棵，所有影响通行的行道树倒伏险情均已优先排除。 排查高空风险点位 清淤疏堵协同作业 台风天气下，户外广告、招牌、景观设施极易随风摆动、脱落坠落，是安全防控的重中之重。长宁区提前完成全区6417块户外招牌、316块户外广告牌的责任人安全告知，重点对薄弱点位开展整治。 截至目前，累计整改高危连体招牌71块，加固隐患设施3处、拆除风险招牌25块，加固景观设施47处，撤除沿街对旗44对，全方位压缩高空坠物风险。同时，景观条线提前关停全区景观灯光、切断设备电源，全面排查户外亮化设施安全状态，应急小队全员在岗待命，随时处置突发隐患。 持续降雨让城区排水压力陡增，排积水、保畅通成为清晨保障工作的核心。按照长宁区绿化市容局及各街镇统一部署，市容门责队员一早全员到岗下沉路面，配合环卫力量逐路排查，重点清理、疏通堵塞的道路排水口与雨水箅子，清除落叶、淤泥等杂物，加速路面积水退去。 同时，全区631名道路保洁人员于8月10日清晨5时全员上岗，生活垃圾清运6时准点启动。市政抢险队伍驻守重点易涝路段开展动态抢排，多股力量协同作业，全方位保障雨天道路通行顺畅。 稳妥转移避险人员 安置保障暖心到位 8月9日11时30分，长宁区依据市级统一工作部署，发布全区危险区域人员避险转移工作指令，第一时间组织建筑工地等项目人员撤离至应急安置场所，在大风大雨中为群众撑起“守护伞”。 在天山社区文化活动中心，一楼会场已被改造为应急宿住区，40张床铺整齐摆放，来自上海金鹿建设集团有限公司古北路B1—03地块综合体项目的建筑工人在此休憩，矿泉水、泡面等物资配备齐全。 据长宁区应急管理局相关负责人介绍，防汛防台应急避难场所启用期间，将落实24小时值班值守与安全巡查制度，保障场所秩序稳定；同时为避险人员配备包含洗漱用品、毛毯在内的应急包，满足日常生活需求。若台风影响持续时间较长，后续将统一增配物资，持续做好应急安置保障。 目前，长宁区各条线防汛防台力量仍坚守岗位，持续开展隐患排查与应急处置，全力保障台风期间城区运行平稳与群众生命财产安全。 （图片来源：上海长宁）"	,,,"迎战台风“白海豚”上海长宁多线发力守护城区平安"	,
啤酒行业-行业-低,"2026-08-10 15:22:51"	,"toutiao"	,23,0,364790,0,"50103670366"	,0,"东方网"	,0,"7672300076856836627"	,"https://api-app-proxy.tarsocial.com/api/token/v2/rewrite_url?url=1YusuDMvr9od4K_K1MN8ml17rEfkAea0gAdcR6CW8Dy6ILuYuLLBfvSnbGVYRh-OCvey1BOWk6C57EJ1jWLY1A"	,"东方网记者王泳婷8月10日报道：受台风“白海豚”影响，8月9日起上海出现明显风雨天气，树木倒伏、路面积水等险情给城市运行带来多重考验。长宁区迅速进入防汛防台应急状态，绿化市容、应急管理等多部门连夜联动、通宵值守，以坚守筑牢城区安全防线。绿化队伍连夜攻坚 快速处置倒伏险情大风导致城区多处树木倒伏、断枝，直接威胁道路通行与群众安全。长宁绿化队伍严格遵循“先保通行、快速排险、稳步清运”原则，23支应急队伍、476名抢险人员奔走在街头巷尾，处置各类隐患。9日晚，新华路上一棵大树被狂风整体吹倒，枝干压在停放车辆上方，因枝条疑似裹挟线路，贸然切割极易引发危险。抢险人员顶着风雨细致排查、谨慎研判，耗时一小时彻底排除安全隐患后，快速拆分、清运枝干，成功解救被压车辆。10日凌晨3时37分，茅台路长房国际广场路段树木倒伏阻断通行，雨夜视线差、作业难度大，抢险队伍争分夺秒攻坚，仅用一小时二十分钟就完成树木拆解与残枝清运，在凌晨及时恢复道路畅通。此外，大家源“家+绿镜”内一棵大树拦腰断裂，带刺花枝倒伏在步道上，工作人员第一时间到场清理，快速消除绊倒、划伤路人的风险。记者从长宁区绿化市容局获悉，截至目前，长宁绿化条线累计派出巡查1664人次，加固公园绿植485棵、道路行道树184棵，修剪清理各类枯枝危枝1813处。本轮风雨中，长宁全区公园绿地倒伏树木42棵、行道树倒伏20棵，所有影响通行的行道树倒伏险情均已优先排除。排查高空风险点位 清淤疏堵协同作业台风天气下，户外广告、招牌、景观设施极易随风摆动、脱落坠落，是安全防控的重中之重。长宁区提前完成全区6417块户外招牌、316块户外广告牌的责任人安全告知，重点对薄弱点位开展整治。截至目前，累计整改高危连体招牌71块，加固隐患设施3处、拆除风险招牌25块，加固景观设施47处，撤除沿街对旗44对，全方位压缩高空坠物风险。同时，景观条线提前关停全区景观灯光、切断设备电源，全面排查户外亮化设施安全状态，应急小队全员在岗待命，随时处置突发隐患。持续降雨让城区排水压力陡增，排积水、保畅通成为清晨保障工作的核心。按照长宁区绿化市容局及各街镇统一部署，市容门责队员一早全员到岗下沉路面，配合环卫力量逐路排查，重点清理、疏通堵塞的道路排水口与雨水箅子，清除落叶、淤泥等杂物，加速路面积水退去。同时，全区631名道路保洁人员于8月10日清晨5时全员上岗，生活垃圾清运6时准点启动。市政抢险队伍驻守重点易涝路段开展动态抢排，多股力量协同作业，全方位保障雨天道路通行顺畅。稳妥转移避险人员 安置保障暖心到位8月9日11时30分，长宁区依据市级统一工作部署，发布全区危险区域人员避险转移工作指令，第一时间组织建筑工地等项目人员撤离至应急安置场所，在大风大雨中为群众撑起“守护伞”。在天山社区文化活动中心，一楼会场已被改造为应急宿住区，40张床铺整齐摆放，来自上海金鹿建设集团有限公司古北路B1—03地块综合体项目的建筑工人在此休憩，矿泉水、泡面等物资配备齐全。据长宁区应急管理局相关负责人介绍，防汛防台应急避难场所启用期间，将落实24小时值班值守与安全巡查制度，保障场所秩序稳定；同时为避险人员配备包含洗漱用品、毛毯在内的应急包，满足日常生活需求。若台风影响持续时间较长，后续将统一增配物资，持续做好应急安置保障。目前，长宁区各条线防汛防台力量仍坚守岗位，持续开展隐患排查与应急处置，全力保障台风期间城区运行平稳与群众生命财产安全。（图片来源：上海长宁）"	,,,"迎战台风“白海豚”上海长宁多线发力守护城区平安"	,"中性"	
啤酒行业-行业-低,"2026-08-10 15:22:20"	,"toutiao"	,467,0,1,,"1789652940097720"	,,"逸然赏秋枫"	,,"1873120110315530"	,"https://api-app-proxy.tarsocial.com/api/token/v2/rewrite_url?url=1YusuDMvr9od4K_K1MN8mlDDzP1nPFJ1ypc-UlWqfKDS_hUmy_T05MYf0ri_VWn3EscYtVBddtRpcgODRp0MOQ"	,"经理把私活介绍给我，我赚了10万，很高兴请经理吃饭。他问我赚了多少钱，我说10万，有7万是经理你的，经理说9万。我手里的水杯“当”地磕在桌边，半杯啤酒晃出来洒在桌布上。
这杯子是饭店那种厚底的玻璃扎啤杯，杯口边都磨出细毛茬了，凉啤酒洒出来顺着桌布的纹理往下渗，在印着火锅油星的白桌布上晕出一大片湿印子，我手慌着去擦，指尖蹭到溅出来的酒，凉得一哆嗦。
这活是上个月经理偷偷塞给我的，说外边有个小厂要改生产线上的老程序，公司资质走不了公，只能找自己人私下干，前后忙了小俩月，我天天下了班往小厂跑，窝在闷热的设备间里拧线头改代码，工服袖子蹭得全是黑油，周末连回家陪娃去游乐园都没敢去，熬得眼睛里全是红血丝。
最开始我还想着，这活全靠人家牵线，本来就打算分七万已经够实在了，毕竟连买配件的钱我都是先从自己积蓄里垫的，跑前跑后搭进去的精力不说，还熬到犯了颈椎老毛病，上周疼得连转头都费劲，刚取的那10万支票我攥在公文包里，折痕都给捏得皱巴巴的，连银行的回执单都夹在钱包最内层。
当时饭桌上的铜锅正咕嘟咕嘟冒泡，羊油的香味往鼻子里钻，我之前特意订的这家老铜锅店，经理平时最爱来吃，毛肚点的全是最贵的鲜货，还开了瓶藏了小半年的陈酒，本来就想着好聚好散，钱分完两头都落个踏实。
结果他张嘴蹦出来个9万，我当时脑子“嗡”一下，第一反应以为自己听错了，夹在筷子上的鸭肠差点掉回锅里。我抬头瞟他，经理正慢悠悠夹着涮好的肥牛沾麻酱，眼皮都没抬，说你看啊，这活一开始是我跟那边厂头头喝了三顿酒才谈下来的，中间好几次人家要改需求，都是我帮着去谈拢的，连最后收尾验收，也是我托熟人过去打了招呼才痛快结的账，我拿9万，你还落1万呢，正常上班你干俩月哪能赚着1万？
我攥着湿乎乎的杯壁没吭声，洒出来的啤酒顺着桌沿滴到我牛仔裤上，凉丝丝一片。
心里头犯嘀咕，之前哪次改需求不是我在现场盯着改到后半夜，他连设备间的门都没踏进去过，托熟人验收那事儿我后来才知道，人家厂头头本来就跟他是远房亲戚，本来就不会太刁难。
我盯着锅里翻滚的气泡，突然想起刚进公司那会我住地下室，天天啃泡面，是经理招我进来，教我认电路图，我那时候还把他当半个师傅看，上个月我老婆要做微创手术住院，我手头连押金都凑不齐，还是他先借了我两万应急。
这时候服务员小姑娘攥着抹布过来擦桌子，边擦边问要不要添点啤酒，我摆摆手说不用，把包里那张皱巴巴的支票拿出来，盯着上面的字愣了两秒，没撕没揉，掏出来手机点开银行APP，打算从自己另外的积蓄里再转八万过去。
反正1万块钱也不是完全落不下，老婆的手术已经报了医保，剩下点工资补一补，紧吧紧吧也能凑活过，大不了接下来再接俩小私活熬熬就补上了，总不能因为这事闹到公司去，最后两个人脸都撕破，以后在这行抬头不见低头见的，也没意思。
经理抬头瞅了我一眼，突然笑了，伸手拍我胳膊一下，说你小子脸都白了，逗你玩呢，我哪能要你9万，7万就7万，我就是试试你小子实诚不实诚，真要赚了钱敢私吞了瞒着我。
我听完手僵在手机屏幕上，半天没反应过来，桌底下的手心全是汗，刚才紧张得连后脊梁都冒了一层热汗。铜锅还在咕嘟响，热气熏得眼镜片全糊了，我伸手抹了一把，到现在都没摸透刚才经理那话是真是假，你们说换做是你，当时碰到这情况会怎么做？"	,,,"经理把私活介绍给我，我赚了10万，很高兴请经理吃饭。他问我赚了多少钱，我说10万，有7万是经理你的，经理说9万。我手里的水杯“当”地磕在桌边，半杯啤酒晃出来洒在桌布上。
这杯子是饭店那种厚底的玻璃扎啤杯，杯口边都磨出细毛茬了，凉啤酒洒出来顺着桌布的纹理往下渗，在印着火锅油星的白桌布上晕出一大片湿印子，我手慌着去擦，指尖蹭到溅出来的酒，凉得一哆嗦。
这活是上个月经理偷偷塞给我的，说外边有个小厂要改生"	,
啤酒行业-行业-低,"2026-08-10 15:21:36"	,"toutiao"	,75,0,,,"1599155162069363"	,,"吹吹人间发财风"	,,"1873120062886092"	,"https://api-app-proxy.tarsocial.com/api/token/v2/rewrite_url?url=1YusuDMvr9od4K_K1MN8mlDDzP1nPFJ1ypc-UlWqfKBIKE7-M1K-Wnke6oayNO6g_U4gmr2ClbAt64EzLYPeoA"	,"湖北仙桃，一名男子到一家餐馆内就餐，点了一碗螺蛳粉加猪蹄，还点了几瓶啤酒，老板娘让男子付款，男子却说：“我差你这点钱啊？”

这句话甩出来的时候，老板娘愣了一下。她开餐馆十几年，什么样的客人没见过，但这么横的，还是头一回碰到。当时是下午两点多，店里就剩两三桌客人，老板娘在柜台后面算账，抬头看了一眼这位刚进门的顾客。四十来岁，一个人，进门就大剌剌往靠窗的位置一坐，菜单都没翻，张口就点。螺蛳粉要加辣加酸笋，猪蹄挑最大的那只，啤酒先来三瓶，要冰的。点完还补了一句，快点，饿着呢。

老板娘在后厨忙活了十来分钟，螺蛳粉端上来热气腾腾，酸笋的味道弥漫了半个店面。猪蹄卤得油亮，筷子一夹就脱骨。啤酒瓶上挂着水珠，是刚从冰柜里拿出来的。东西齐了，老板娘跟往常一样顺嘴说了句，您先把单买一下，一共七十六块。

这句话在餐饮行业再正常不过，很多小馆子都是先付款后用餐，忙起来怕漏单，没什么恶意。男子的反应让整个店的气氛瞬间变了。筷子往桌上一拍，声音不大但特别脆，抬头盯着老板娘，嘴角挂着一点让人很不舒服的笑，说我差你这点钱啊。

他把“这点钱”三个字咬得很重，语气里那个轻蔑劲儿，好像老板娘跟他要账是对他的侮辱。店里其他两桌客人同时安静下来，连后厨炒勺碰锅的声音都显得突兀了。

这事儿我到网上看了完整的监控视频，翻来覆去琢磨了好几遍。这个男人的逻辑其实特别值得拆解。在他脑子里，你让我先付钱，等于你怀疑我付不起，等于你看不起我，所以我必须用更强势的态度把你的要求怼回去。这跟钱没关系，跟自尊心有关系，而且是一种极度脆弱、一碰就炸的自尊心。

七十六块钱谁都掏得起，但他觉得“先付款”这个动作把他和一个可能赖账的人画了等号，他受不了这个。他的反击方式不是掏出钱包证明自己，而是用羞辱对方的方式来重新确立自己的位置。他那句话翻译过来就是，你算什么东西，也配怀疑我。

老板娘后来的回应挺体面的。她说不是那个意思，店里一直都是先结账，您别误会。男子哼了一声，从裤兜里摸出两张皱巴巴的钞票往桌上一拍，说不用找了，然后低头吃粉，全程不再看任何人。监控里能看见老板娘在柜台后面站了一会儿，把钱收进了抽屉，转身进了后厨，肩膀微微塌了一下。那个细节特别真实。做小生意的人对这种委屈不陌生，天天跟三教九流打交道，什么脸色都得受着。她那一下塌肩膀，不是被吓到了，是一种熟练的、让自己消化的动作。

让我觉得更有意思的，是评论区的反应。这条视频在各个平台上都被转疯了，评论区里有人骂这男的装大款，有人心疼老板娘，但也有一些声音特别值得琢磨。有人说小餐馆确实没必要先收钱，搞得像防贼一样。还有人现身说法，说自己出去吃饭要是被要求先付钱也会不舒服。

这些评论让我意识到一个问题，我们的社会文化里，对“面子”的执念到底有多深。明明是一个商业交易，一手交钱一手交货天经地义，但在餐馆这个特殊场景里，“先付钱”突然就带上了一层道德意味，好像付款顺序能够评判一个人的人品和信用。这种把商业规则道德化的倾向，才是真正催生这种冲突的土壤。

那个男人真的差这七十六块钱吗，大概率不差。那他为什么反应这么激烈，因为他活在一个由面子搭建的世界里。在这个世界里，任何微小的质疑都是对他的冒犯，而冒犯必须用更强硬的方式还回去。这种人你在生活里一定也碰到过。开车被人超了车必须追上去别回来，排队被人插了队必须扯嗓子骂到对方低头，他们不是在解决问题，是在维护一个随时可能崩塌的自尊体系。

螺蛳粉他吃了，猪蹄啃得干干净净，啤酒喝了两瓶，剩下一瓶没开，走的时候连瓶子一起带走了。监控拍到他出门左转，消失在巷子里。老板娘出来收碗的时候，看见盘子底下还压了一张十块钱，估计是刚才从裤兜里带出来的没注意。这种戏剧性的收尾，现实生活里不需要编剧。

各位读者你们怎么看？欢迎在评论区讨论。"	,,,"湖北仙桃，一名男子到一家餐馆内就餐，点了一碗螺蛳粉加猪蹄，还点了几瓶啤酒，老板娘让男子付款，男子却说：“我差你这点钱啊？”

这句话甩出来的时候，老板娘愣了一下。她开餐馆十几年，什么样的客人没见过，但这么横的，还是头一回碰到。当时是下午两点多，店里就剩两三桌客人，老板娘在柜台后面算账，抬头看了一眼这位刚进门的顾客。四十来岁，一个人，进门就大剌剌往靠窗的位置一坐，菜单都没翻，张口就点。螺蛳粉要加辣加"	,"中性"	
啤酒行业-行业-低,"2026-08-10 15:15:04"	,"app"	,,0,96000,,"m2108871"	,,"纵相新闻"	,,"2df3f44c20b3d9d15ec27516015a0cbd"	,"https://api-app-proxy.tarsocial.com/api/token/v2/rewrite_url?url=tUO6DxKL_GKTPcL2yBe0EOT4_XSCE-J4sFKbCm1FcN4mdxN1as-TelLe_EmsNlAXHLcYWOcxVbB59O36cPIykw"	,"东方网记者王泳婷8月10日报道：受台风“白海豚”影响，8月9日起上海出现明显风雨天气，树木倒伏、路面积水等险情给城市运行带来多重考验。长宁区迅速进入防汛防台应急状态，绿化市容、应急管理等多部门连夜联动、通宵值守，以坚守筑牢城区安全防线。 绿化队伍连夜攻坚 快速处置倒伏险情 大风导致城区多处树木倒伏、断枝，直接威胁道路通行与群众安全。长宁绿化队伍严格遵循“先保通行、快速排险、稳步清运”原则，23支应急队伍、476名抢险人员奔走在街头巷尾，处置各类隐患。 9日晚，新华路上一棵大树被狂风整体吹倒，枝干压在停放车辆上方，因枝条疑似裹挟线路，贸然切割极易引发危险。抢险人员顶着风雨细致排查、谨慎研判，耗时一小时彻底排除安全隐患后，快速拆分、清运枝干，成功解救被压车辆。10日凌晨3时37分，茅台路长房国际广场路段树木倒伏阻断通行，雨夜视线差、作业难度大，抢险队伍争分夺秒攻坚，仅用一小时二十分钟就完成树木拆解与残枝清运，在凌晨及时恢复道路畅通。此外，大家源“家+绿镜”内一棵大树拦腰断裂，带刺花枝倒伏在步道上，工作人员第一时间到场清理，快速消除绊倒、划伤路人的风险。 记者从长宁区绿化市容局获悉，截至目前，长宁绿化条线累计派出巡查1664人次，加固公园绿植485棵、道路行道树184棵，修剪清理各类枯枝危枝1813处。本轮风雨中，长宁全区公园绿地倒伏树木42棵、行道树倒伏20棵，所有影响通行的行道树倒伏险情均已优先排除。 排查高空风险点位 清淤疏堵协同作业 台风天气下，户外广告、招牌、景观设施极易随风摆动、脱落坠落，是安全防控的重中之重。长宁区提前完成全区6417块户外招牌、316块户外广告牌的责任人安全告知，重点对薄弱点位开展整治。 截至目前，累计整改高危连体招牌71块，加固隐患设施3处、拆除风险招牌25块，加固景观设施47处，撤除沿街对旗44对，全方位压缩高空坠物风险。同时，景观条线提前关停全区景观灯光、切断设备电源，全面排查户外亮化设施安全状态，应急小队全员在岗待命，随时处置突发隐患。 持续降雨让城区排水压力陡增，排积水、保畅通成为清晨保障工作的核心。按照长宁区绿化市容局及各街镇统一部署，市容门责队员一早全员到岗下沉路面，配合环卫力量逐路排查，重点清理、疏通堵塞的道路排水口与雨水箅子，清除落叶、淤泥等杂物，加速路面积水退去。 同时，全区631名道路保洁人员于8月10日清晨5时全员上岗，生活垃圾清运6时准点启动。市政抢险队伍驻守重点易涝路段开展动态抢排，多股力量协同作业，全方位保障雨天道路通行顺畅。 稳妥转移避险人员 安置保障暖心到位 8月9日11时30分，长宁区依据市级统一工作部署，发布全区危险区域人员避险转移工作指令，第一时间组织建筑工地等项目人员撤离至应急安置场所，在大风大雨中为群众撑起“守护伞”。 在天山社区文化活动中心，一楼会场已被改造为应急宿住区，40张床铺整齐摆放，来自上海金鹿建设集团有限公司古北路B1—03地块综合体项目的建筑工人在此休憩，矿泉水、泡面等物资配备齐全。 据长宁区应急管理局相关负责人介绍，防汛防台应急避难场所启用期间，将落实24小时值班值守与安全巡查制度，保障场所秩序稳定；同时为避险人员配备包含洗漱用品、毛毯在内的应急包，满足日常生活需求。若台风影响持续时间较长，后续将统一增配物资，持续做好应急安置保障。 目前，长宁区各条线防汛防台力量仍坚守岗位，持续开展隐患排查与应急处置，全力保障台风期间城区运行平稳与群众生命财产安全。"	,,,"迎战台风“白海豚”上海长宁多线发力守护城区平安"	,"中性"	
啤酒行业-行业-低,"2026-08-10 15:15:04"	,"toutiao"	,,0,1628620,,"102362265479"	,,"纵相新闻"	,,"7672298073925747227"	,"https://api-app-proxy.tarsocial.com/api/token/v2/rewrite_url?url=1YusuDMvr9od4K_K1MN8ml17rEfkAea0gAdcR6CW8DwIsELHAIyS6uzXbq7yZ5nMRbBtS1auEeAfOm_-xmrC0Q"	,"东方网记者王泳婷8月10日报道：受台风“白海豚”影响，8月9日起上海出现明显风雨天气，树木倒伏、路面积水等险情给城市运行带来多重考验。长宁区迅速进入防汛防台应急状态，绿化市容、应急管理等多部门连夜联动、通宵值守，以坚守筑牢城区安全防线。绿化队伍连夜攻坚 快速处置倒伏险情大风导致城区多处树木倒伏、断枝，直接威胁道路通行与群众安全。长宁绿化队伍严格遵循“先保通行、快速排险、稳步清运”原则，23支应急队伍、476名抢险人员奔走在街头巷尾，处置各类隐患。9日晚，新华路上一棵大树被狂风整体吹倒，枝干压在停放车辆上方，因枝条疑似裹挟线路，贸然切割极易引发危险。抢险人员顶着风雨细致排查、谨慎研判，耗时一小时彻底排除安全隐患后，快速拆分、清运枝干，成功解救被压车辆。10日凌晨3时37分，茅台路长房国际广场路段树木倒伏阻断通行，雨夜视线差、作业难度大，抢险队伍争分夺秒攻坚，仅用一小时二十分钟就完成树木拆解与残枝清运，在凌晨及时恢复道路畅通。此外，大家源“家+绿镜”内一棵大树拦腰断裂，带刺花枝倒伏在步道上，工作人员第一时间到场清理，快速消除绊倒、划伤路人的风险。记者从长宁区绿化市容局获悉，截至目前，长宁绿化条线累计派出巡查1664人次，加固公园绿植485棵、道路行道树184棵，修剪清理各类枯枝危枝1813处。本轮风雨中，长宁全区公园绿地倒伏树木42棵、行道树倒伏20棵，所有影响通行的行道树倒伏险情均已优先排除。排查高空风险点位 清淤疏堵协同作业台风天气下，户外广告、招牌、景观设施极易随风摆动、脱落坠落，是安全防控的重中之重。长宁区提前完成全区6417块户外招牌、316块户外广告牌的责任人安全告知，重点对薄弱点位开展整治。截至目前，累计整改高危连体招牌71块，加固隐患设施3处、拆除风险招牌25块，加固景观设施47处，撤除沿街对旗44对，全方位压缩高空坠物风险。同时，景观条线提前关停全区景观灯光、切断设备电源，全面排查户外亮化设施安全状态，应急小队全员在岗待命，随时处置突发隐患。持续降雨让城区排水压力陡增，排积水、保畅通成为清晨保障工作的核心。按照长宁区绿化市容局及各街镇统一部署，市容门责队员一早全员到岗下沉路面，配合环卫力量逐路排查，重点清理、疏通堵塞的道路排水口与雨水箅子，清除落叶、淤泥等杂物，加速路面积水退去。同时，全区631名道路保洁人员于8月10日清晨5时全员上岗，生活垃圾清运6时准点启动。市政抢险队伍驻守重点易涝路段开展动态抢排，多股力量协同作业，全方位保障雨天道路通行顺畅。稳妥转移避险人员 安置保障暖心到位8月9日11时30分，长宁区依据市级统一工作部署，发布全区危险区域人员避险转移工作指令，第一时间组织建筑工地等项目人员撤离至应急安置场所，在大风大雨中为群众撑起“守护伞”。在天山社区文化活动中心，一楼会场已被改造为应急宿住区，40张床铺整齐摆放，来自上海金鹿建设集团有限公司古北路B1—03地块综合体项目的建筑工人在此休憩，矿泉水、泡面等物资配备齐全。据长宁区应急管理局相关负责人介绍，防汛防台应急避难场所启用期间，将落实24小时值班值守与安全巡查制度，保障场所秩序稳定；同时为避险人员配备包含洗漱用品、毛毯在内的应急包，满足日常生活需求。若台风影响持续时间较长，后续将统一增配物资，持续做好应急安置保障。目前，长宁区各条线防汛防台力量仍坚守岗位，持续开展隐患排查与应急处置，全力保障台风期间城区运行平稳与群众生命财产安全。（图片来源：上海长宁）"	,,,"迎战台风“白海豚”上海长宁多线发力守护城区平安"	,"中性"	
啤酒行业-行业-低,"2026-08-10 15:13:58"	,"toutiao"	,,0,,,"2605197330224976"	,,"养生小课堂"	,,"1873119583599616"	,"https://api-app-proxy.tarsocial.com/api/token/v2/rewrite_url?url=1YusuDMvr9od4K_K1MN8mlDDzP1nPFJ1ypc-UlWqfKBS5wHsED4nPY8dn5QHJnA9zx5NFosGwHf7h_DsXvwThA"	,"秋后不忌嘴，医生跑断腿，立秋养生别大意
 
 
 
 
 秋后不忌嘴，医生跑断腿，立秋养生别大意 
 
 老话常说：“秋后不忌嘴，医生跑断腿。”短短一句俗语，是老一辈人代代相传的养生智慧，精准道出了立秋时节的饮食养生真谛。立秋作为夏秋换季的关键节点，很多人误以为立秋就彻底入秋，酷暑完全消散，便放松了饮食管控，殊不知这个时节正是脾胃最脆弱、养生最关键的阶段。 
 
 立秋之后，昼夜气候呈现出鲜明的两极分化。清晨和夜晚秋风习习，凉意十足，燥热感彻底褪去，体感清爽舒适；但正午时分，烈日依旧高悬，气温依旧燥热，“秋老虎”余威尚存，这也造就了立秋独特的昼热夜凉气候特征。这种特殊的天气，最容易让人产生养生错觉，也正是肠胃疾病的高发期。 
 
 小区的王大爷就踩了立秋养生的大忌。常年夏季贪凉的他，养成了爱吃生冷的习惯。即便已经立秋，他依旧延续着盛夏的饮食方式。每天正午天气闷热，王大爷就习惯性切开冰镇西瓜大口食用，闲暇时还会配上冰镇啤酒解暑降温，觉得这样凉快又惬意。他总觉得天气还热，吃点凉食无关紧要，完全忽略了季节已经更替，身体的养护需求早已发生变化。 
 
 可就在连续贪凉几天后，意外突然发生。一天夜里，王大爷突然腹部绞痛，疼得浑身冒汗、在床上打滚，辗转难眠。紧急就医后才得知，是因为立秋后频繁摄入生冷食物，导致脾胃受寒、湿气淤积，引发急性肠胃不适。一场突如其来的病痛，也让家人和邻里都引以为戒。 
 
 很多人不理解，夏天吃凉食没事，为何立秋就容易伤身？其实核心原因在于人体的阳气更迭。夏季阳气浮于体表，脾胃相对虚寒，我们适量吃凉食身体可以代谢；而立秋之后，自然界阳气开始收敛，人体内的阳气也逐步向内回收，脾胃阳气本就偏弱，抵御寒气的能力大幅下降。 
 
 此时如果依旧肆无忌惮吃西瓜、冰饮、冰镇酒水等生冷寒凉食物，寒气会直接侵入脾胃，损伤脾胃运化功能。轻则引发腹痛、腹胀、腹泻、反酸，长期贪凉则会导致脾胃虚弱、体内湿气加重，秋冬季节还容易反复出现畏寒、乏力、肠胃不适等问题。 
 
 尤其是本身脾胃虚弱、肠胃敏感的中老年人，立秋之后更要严格忌口。换季养生，贵在顺势而为。摒弃夏天贪凉的饮食习惯，少吃生冷寒凉之物，饮食以温和、清淡、温润为主，三餐规律、少食生冷，守住脾胃防线，才能安稳度过夏秋交替期，为秋冬健康打好基础 
"	,,,"秋后不忌嘴，医生跑断腿，立秋养生别大意
 
 
 
 
 秋后不忌嘴，医生跑断腿，立秋养生别大意 
 
 老话常说：“秋后不忌嘴，医生跑断腿。”短短一句俗语，是老一辈人代代相传的养生智慧，精准道出了立秋时节的饮食养生真谛。立秋作为夏秋换季的关键节点，很多人误以为立秋就彻底入秋，酷暑完全消散，便放松了饮食管控，殊不知这个时节正是脾胃最脆弱、养生最关键的阶段。 
 
 立秋之后，昼夜气候呈现出鲜明的两"	,
啤酒行业-行业-低,"2026-08-10 15:10:51"	,"kuaishou"	,,0,1,,"5067201148"	,,"上海德之澜环境科技公司"	,,"3xn97c2ctbffjfu"	,"https://api-app-proxy.tarsocial.com/api/token/v2/rewrite_url?url=9ztplZmWLh3u69xTkhscCpmkZPB7DFcSEau1U7XU0GVvhmF0cIzsTrKgYgu3-r-xeg3dWJSyPvmPQHHWlYvppQ"	,"美国颇尔 PALL C3PFRP1 囊式气体除菌过滤器美国颇尔 PALL C3PFRP1 囊式气体除菌过滤器用于啤酒、酿造行业清酒罐二氧化碳保护系统，净化二氧化碳气源，防止杂菌进入酒体造成酸败，保障成品储存稳定性。美国颇尔 PALL C3PFRP1 囊式气体除菌过滤器耐酿造气源水汽，一体式结构减少微生物泄漏点，适配酿造车间潮湿工况。
自动化配套管路：二氧化碳输送管线选用 Agru PVDF HP 管阀件，酿造循环水管路采用旭有 Asaki AV CleanPVC 管件。泵组选型：凯泉输送泵、格兰富循环泵、威乐冷却泵；计量泵选用米顿罗计量泵，投加循环冷却水纳尔科杀菌剂。过滤器靠近储罐进气口，缩短无菌输送距离。
酿造行业痛点：保护气体携带杂菌进入储酒罐，造成酒体变质；潮湿工况下过滤器内部容易凝结积水，成为微生物滋生温床。竞品对标，3M 囊式滤膜遇液态水通量快速下降；普通过滤器无法耐受反复湿热灭菌。美国颇尔 PALL C3PFRP1 囊式气体除菌过滤器气源前端增设汽水分离器；定期排水、完整性检测，杜绝微生物借助冷凝水穿透滤膜，延长酒体储存周期。"	,,,"美国颇尔 PALL C3PFRP1 囊式气体除菌过滤器美国颇尔 PALL C3PFRP1 囊式气体除菌过滤器用于啤酒、酿造行业清酒罐二氧化碳保护系统，净化二氧化碳气源，防止杂菌进入酒体造成酸败，保障成品储存稳定性。美国颇尔 PALL C3PFRP1 囊式气体除菌过滤器耐酿造气源水汽，一体式结构减少微生物泄漏点，适配酿造车间潮湿工况。
自动化配套管路：二氧化碳输送管线选用 Agru PVDF HP"	,
啤酒行业-行业-低,"2026-08-10 15:10:09"	,"xiaohongshu"	,,0,10,,"5c1a15e2000000000703b4b6"	,,"美貌混吃怪"	,,"6a797951000000002402db55"	,"https://api-app-proxy.tarsocial.com/api/token/v2/rewrite_url?url=cSb9xPr9PTnAREU6T0jLKsUsLLPSJ9iu21ImVmniC4UUnT9hC4bK2_7mrYpRHQBJJscQo0otgb-0TKLcdnCUDg"	,"8月初去德宏出了趟差芒市盈江石梯村瑞丽陇川行程是当地宣传部根据拍摄需求定的还加了一些拍摄之外的点位走完只有一个感受这份行程单直接可以当旅游攻略用。DAY1北京芒市入住芒市宾馆老牌国宾馆稳晚餐品德宏·孔雀宴视觉和味觉双满足夜拍勐焕大金塔、银塔、傣族古镇金塔银塔晚上灯光全开比白天更震撼建议傍晚去蹲蓝调时刻DAY2芒市陇川石梯村上午芒市小礼堂历史建筑、中缅友谊树探访“德宏礼物”旗舰店伴手礼一站购齐德宏州博物馆快速了解德宏历史的最短路径驱车前往石梯村入住雲上石梯民宿晚餐景颇族家常菜山里味道真香DAY3盈江石梯村·中国犀鸟谷全天在犀鸟谷拍摄跟着景颇族村民徐小龙他妻子是缅甸籍走雨林、看鸟塘观测犀鸟、大灰啄木鸟等旗舰物种晚上体验景颇族火塘文化犀鸟谷是中国唯一能稳定看到犀鸟的地方观鸟爱好者请直接列入人生清单DAY4石梯村瑞丽上午银井村“一寨两国”采访村民小组长岩本在银井小学拍摄拍“一寨两国”国界线、水井、秋千姐告国门打卡晚上瑞丽珠宝市场、毛料公盘夜市入住瑞丽地海酒店DAY5瑞丽芒市北京上午陇川森林公园目瑙纵歌体验采访省级非遗传承人下午驱车芒市机场返程适合谁走这条线想深入了解德宏历史、民族文化、自然景观的人对观鸟、非遗、边境人文感兴趣的人愿意早起晚归、不介意赶路的人不适合只想躺酒店打卡拍照的“氛围组游客”实用建议·石梯村山路多晕车的人备好晕车药·犀鸟谷观鸟记得带长焦镜头或望远镜·瑞丽珠宝夜市晚上才热闹别去太早·防晒防晒防晒德宏这片土地值得慢慢走、细细看。不是每个地方都适合“出片”但每个地方都值得了解。#德宏##芒市##瑞丽##盈江犀鸟谷##一寨两国##目瑙纵歌##云南旅行##深度旅行##小众旅行地#"	,,"80；火塘文化场量；GHOST；SILEIDOR美；331 力夫；NIKE；继被蚂蝗选中之后又踩到空心地面把脚崴了冷静地掏出手机先拍照；一寨两国景区售票处；共筑友谊桥染 1 银井边防小学之歌我们生长在美丽的“一寨两国”身处中缅网个国度，唇也小远不变的情怀，同一个学堂，承载着两国胞波情谊。世代友好的延续。 世代友好的延续。我们学习在待自“银井边防小学“回结互助亲如一是永恒不变的情情，同一个世界同一个学堂，见证着网道；非常匆忙的缅式不年茶"	,"芒市陇川盈江瑞丽这份官方5天路线请收"	,"中性"	
啤酒行业-行业-低,"2026-08-10 15:09:49"	,"douyin"	,,0,94,,"193112707964023"	,,"上海德之澜环境科技有限公司"	,,"7672296722973953306"	,"https://api-app-proxy.tarsocial.com/api/token/v2/rewrite_url?url=UxI1mE1VtivWWENn8adpDmG3kF8SwGcheiC2XVx5H1m2tF5mgkRGV7C9_2bJIehowz6A9Mww03CG7-aG3xdyNQ"	,"美国颇尔 PALL C3PFRP1 囊式。美国颇尔 PALL C3PFRP1 囊式气体除菌过滤器美国颇尔 PALL C3PFRP1 囊式气体除菌过滤器用于啤酒、酿造行业清酒罐二氧化碳保护系统，净化二氧化碳气源，防止杂菌进入酒体造成酸败，保障成品储存稳定性。美国颇尔 PALL C3PFRP1 囊式气体除菌过滤器耐酿造气源水汽，一体式结构减少微生物泄漏点，适配酿造车间潮湿工况。 自动化配套管路：二氧化碳输送管线选用 Agru PVDF HP 管阀件，酿造循环水管路采用旭有 Asaki AV CleanPVC 管件。泵组选型：凯泉输送泵、格兰富循环泵、威乐冷却泵；计量泵选用米顿罗计量泵，投加循环冷却水纳尔科杀菌剂。过滤器靠近储罐进气口，缩短无菌输送距离。 酿造行业痛点：保护气体携带杂菌进入储酒罐，造成酒体变质；潮湿工况下过滤器内部容易凝结积水，成为微生物滋生温床。竞品对标，3M 囊式滤膜遇液态水通量快速下降；普通过滤器无法耐受反复湿热灭菌。美国颇尔 PALL C3PFRP1 囊式气体除菌过滤器气源前端增设汽水分离器；定期排水、完整性检测，杜绝微生物借助冷凝水穿透滤膜，延长酒体储存周期。"	,,,,"中性"	
啤酒行业-行业-低,"2026-08-10 15:08:34"	,"shipinhao"	,,0,,,,,,,"14984953949732604280"	,,,"茶汤小料奶类果酱原料储存攻略纯牛乳餐饮用淡奶油"	,"一条视频教会你 UUHOO GLOBAL 芒果果味茉莉初雪绿茶淡奶油；如何正确保存奶茶原料 GLOBAI 芒果果味茉莉初雪绿茶伊拿淡奶油；像茶叶开封之后的话呢 Like after the tealeaves are opened? UHOOGLOBAL 芒果果味味 M 茉莉初雪绿茶伊利伊家好淡奶油；清香四季请香四事龙茶清香生马龙菜配料乌龙茶 UHOOGLOBAL 证：5C11444011303699 品京准代号 GB/T30357.2 防能的一定要密封保存 Besuretokeepitsealed. 5645711 路541号之 11栋901房意质俱请费者夜供有以行业票扫使用净含量：500克；清香四季 UHOO GLOBAL 避免吸附异味 Avoid absorbing odors 三 5555711 净含量：500克 202100；最佳使用期是4-6个小时 The best use period is 4-6 hours 绿茶期日纯牛乳餐饮用淡奶油；务必放在保温桶保存 Besuretokeepit inathermal insulationbucket 绿茶期日纯牛乳餐饮用淡奶油；500 或者是冰箱冷藏保存 Or keep it in the refrigerator. 600；那像一些现煮现做的小料 It'slikesome freshlycooked ingredients. bu 芒果果味茉莉初雪绿茶淡奶油；珍珠等等这种的话呢 Whatabout pearlsand so on? 芒果果味茉莉初雪绿茶淡奶油；也有保温保存的 It isalsokeptwarm. HUHOOC LUBAL 芒果果味茉莉初雪绿茶淡奶油；最佳使用时间是4个小时 Thebest time to use it is 4 hours DUHO 芒果果味茉莉初雪绿茶淡奶油；然后是奶类产品 And then dairy products. JUHOO GLOBAI 茉莉初雪绿茶期日唯品纯牛乳餐饮用 81 淡奶油 NetWeight:1l；original UHOQGL 朝日唯品纯牛乳伊利餐饮用伊家好基底乳等等 Base milk"" etc. 净含量1L 净周制凝加冲德打发理 Net Weight:1L 净含量：1L；通通需要冷藏保存 All need to be refrigerated. UHOO GLOBAI 茉莉初雪绿茶期日唯品纯牛乳餐饮用淡奶油 Net Weight:1l；开封之后的鲜奶 Fresh milk after opening JUHOO GLOBAI 茉莉初雪绿茶 P 朝日唯品纯牛乳餐饮用 110081 淡奶油 NetWeight:1t；那像淡奶油 That's like whipped cream. UHOO GLOBAI 茉莉初雪绿茶朝日唯品纯牛乳餐饮用淡奶油 Netweight:1l；可以储存3-5天 Can be stored for 3-5 days UHOO GLOBAL 茉莉初雪绿茶 P 朝日唯品纯牛乳餐饮用淡奶油 Netweight:1l；但需要特别注意的 But itreguiresspecial attention Net WeightiL 茉莉初雪绿茶朝日唯品餐饮用纯牛乳淡奶油；用干净无水的布 Use a clean and waterless cloth Net Weight:1L BAL；清洁一下瓶口 Clean the bottle mouth Met Weight:1L；我们再盖上盖子 Let's close the lid again. OUH NetWeight:1L 茉莉初雪绿茶期日唯品纯牛乳餐饮用淡奶油 Net Weight:1l；那像果汁果酱也别忘了 It's like juice and jam"" don'tforget 果果味尚茉莉初雪绿茶阴日唯品伊制纯牛乳餐饮用淡奶油；像这类果汁果酱的话 Like this kind of juice jam 果果味酱茉莉初雪绿茶朝日唯品 （伊制纯牛乳餐饮用淡奶油；没有开封是可以 It isOk if it isnot opened 果果味尚 11 茉莉初雪绿茶 （伊制） 朝日唯品纯牛乳餐饮用淡奶油；开封之后的话呢 What about after opening?. 果果味酱茉莉初雪绿茶胡日唯品伊利纯牛乳餐饮用淡奶油；不然会氧化变味哦 Otherwise"" it will oxidize andtaste bad. 果果味酱茉莉初雪绿茶伊制朝日唯纯牛乳餐饮用淡奶油；TipSa 100% JP5 MUHOO GL 1 果果味茉莉初雪绿茶伊利朝日唯纯牛乳餐饮用淡奶油；TipS ! TiPs 1、开封的产品密封保存避免品质下降·GL 果味茉莉初雪绿茶伊制纯牛乳餐饮用淡奶油；Ti 0 ！ RE Tips 100% 2、淡奶油等易变质产品 MUHOOGL 果味酱茉莉初雪绿茶伊利） 纯牛乳餐饮用淡奶油；Ti TiPS 2、淡奶油等易变质产品使用后清洁瓶口再冷藏果味茉莉初雪绿茶朗日 （伊利纯牛乳餐饮用淡奶油；TipS ! 食品安全不容小靓 Food safety cannot be ignored NUHOOG 果果味酱茉莉初雪绿茶朝日唯 （伊利） 纯牛乳餐饮用淡奶油；还有一些像开店用到的原料 There are alsosome rawmaterials used for opening a'store HUHOO GLOBA 果果味酱 11 茉莉初雪绿茶朝日唯伊制） 纯牛乳餐饮用淡奶油；如果你不知道它们如何储存 Ifyou don't know how theyare stored WUHOO GLOB 果果味酱茉莉初雪绿茶伊制） 纯牛乳餐饮用淡奶油；以及它的最佳使用时间 And the best time touse it WUHOOGLOBA 果果味酱茉莉初雪绿茶期日伊利纯牛乳餐饮用淡奶油；原料类别原利名称未开封保存条件开封保存条件最佳使用时间茶叶茶汤密封避光、防漕干燥保温桶保存/密封冷藏保存 4-6小时：建议4小时内使用茶类焙茶/抹茶液密封道光、防潮干燥密封冷藏保存 4-6小时：建议4小时内使用粉类植脂求（奶捕） 干燥阴暗处存放密封常温保存开封后1个月内用完糖浆阴凉干燥处，保质期24个月密封常温保存 1个月常温袖萄果酱质期12个月密封冷藏保存 7月15天常温芒果果酱保质期12个月密封冷藏保存 7-15天糖浆/果酱类常温草莓果著保质期12个月密封冷藏保存 7-15天常温水蓝桃果酱保质期12个月密封冷藏保存 7-15天常温背提果验保新期12个月密封冷藏保存 7-16天鲜牛奶冷藏保存密封冷藏保存开封后2天内纯牛奶常温/冷藏密封冷藏保存开封后2天内奶制品类渎奶油常温/冷藏密封冷藏保存 3-5天奶盖密封冷藏保存 24小时常盐珍珠粉团室温保荐原包装室温封开封后6-7天煮好的珍珠常温保存（不可冷藏或冷冻） 46小时珍球/羊圆类常温小芋圆室温保存原包装室温密封开后-7天煮好的芋脚份数盆内加盖 4-6小时室温保存冷藏保存 -7天果室温保存冷藏保存 7天罐头即食类陈冻冷藏保存 2-3天仙草/布主冷藏保存 2-3天柠檬（切片后） 冷藏存放份数盆内加盖冷藏 6小时鲜果类鲜果（切粒后》 冷藏存放份数盆内加盖冷藏 6小时奶茶原料详细的表格 Detailed tableofmilktearaw materials UHOOGLOBAL；原料类别原利名称未开封保存条件开封保存条件最佳使用时间茶叶茶汤密封避光、防潮干燥保温桶保存/密封冷藏保存 4-6小时：建议4小时内使用茶类焙茶/味茶液密封道光、防潮干燥密封冷藏保存 4-6小时：建议4小时内使用粉类植脂求（奶捕） 干燥阴暗处存放密封罐常温保存开封后1个月内用完糖浆阴凉干煤处，保质期24个月密封常温保存 1个月常温袖萄果酱保质期12个月密封冷藏保存 7月15天常温芒果果酱保质期12个月密封冷藏保存 7-15天糖浆/果酱类常温草莓果著保质期12个月密封冷藏保存 7-15天常温水蔬桃果酱保质期12个月密封冷藏保存 7-15天常温有提果警保质期12个月密封冷藏保存 7-16天鲜牛奶冷藏保存密封冷藏保存开封后2天内纯牛奶常温/冷藏密封冷藏保存开封后2天内奶制品类淡奶油常疆/冷藏被封冷藏保存奶盖密封冷藏保存 24小时常温珍球粉团室温保荐原包装室温封开封后6-7天煮好的珍珠常温保存（不可冷藏或冷冻） 4-6小时珍球/羊类常温小芋圆室温保存原包装室温密封开封后-7天煮好的芋圆份数盆内加盖 4-6小时室温保存冷藏保存 -7天室温保存冷藏保存 37天罐头即食类陈冻冷藏保存 2-3天仙草/布丁冷藏保存 2-3天柠檬（切片后） 冷藏存放份数盆内加盖冷藏 6小时鲜果类鲜果（切粒后》 冷藏存放份数盆内加盖冷藏 6小时如果有需要可以截图保存哦 If necessary. you can take a screenshotand save.it. UHOOGLOBAL；奶茶店的经营 The operationofa milktea shop UHOO GLOB 果果味酱茉莉初雪绿茶 （中利朝日唯纯牛乳餐饮用淡奶油；原材料的储存和使用是关键 The storage and use of rawamaterials are crucial HUHOO GLOE 果果味酱茉莉初雪绿茶 （伊利朝日唯纯牛乳餐饮用淡奶油；让你的奶茶店在竞争 Let your milk tea shop compete UHOO GLO 果果味酱茉莉初雪绿茶 （伊利朝日唯纯牛乳餐饮用淡奶油；激烈的市场中脱颖而出 Stand out ina competitivemarket bUHOO GLO 果果味酱 1 茉莉初雪绿茶伊利） 朝日唯品纯牛乳餐饮用淡奶油；一定要系统学习完 Besure tolearnsystematically JHOOGLOB 果果味酱茉莉初雪绿茶伊利朝日唯品纯牛乳餐饮用淡奶油"	,,
啤酒行业-行业-低,"2026-08-10 15:06:07"	,"toutiao"	,242,1,411,,"93902743125"	,1,"Loveradio"	,,"1873119089135754"	,"https://api-app-proxy.tarsocial.com/api/token/v2/rewrite_url?url=1YusuDMvr9od4K_K1MN8mlDDzP1nPFJ1ypc-UlWqfKBHjUjxhqkND1CqHXXZHT8e5A1TxmJq7LDOUwvjIM9Ocg"	,"#栈桥风景卡点# #海边的栈桥# #青岛老城文化旅游区有哪些必去景点# #你对青岛栈桥的历史了解多少# #青岛栈桥为何如此受欢迎# #来栈桥，看人鸥共舞##青岛头条#  青岛栈桥上人山人海，络绎不绝。即使烈日炎炎，走进栈桥地下过街通道的人也不多。地下通道里面的元宇宙和游乐设备几乎无人问津。现在到青岛栈桥观光的游客消费能力下降这么厉害吗？"	,,"头条@Loveradio；头条@Loveradlio；诚里·恒食三啤酒 TSINGTAO 青岛啤酒头条 @Loveradio；酷玩世界A 疯狂飞车心头条@Loveradio；上街里·栈桥过街通道总平面图 SHANGJIELI·GENERALFLANOFZHANQIAOPIERUNDERPASS 景点出口位置 EXIT 兰山路浙江路出口太平路出口：栈桥/卫生间中山路 Taping Road Exit:Zhanqiao Pier/TOILET 出口出口栈桥出口：回澜阁/第六海水浴场栈桥 Zhanqiao PlerExit:Huian Pavifo/No.BBathing Beach 广场栈桥广场出口：回澜阁/第六海水浴场 Zhanqlao Square Exit:HuianPaviio/No.6 Bathing Besch 中山路出口：中山路1号 Zhongshan Road ExiNo1Zhongshan Road 兰山路出口：青岛海关/青岛火车站您所在位置 LanshanRoadExitQingdoCustoms/QingdaoRailvayStion 浙江路出口：大礼堂旧址 Zhejang RoadExiTheFoerSteOfQingaMuricpaAuou 栈桥广场太平路青岛栈桥出口欢迎您中泰卫生间栈桥 WELCOMETO TOILET QINGDAO 出口头条@Loveradio；中山路头条@Loveradio；通往栈桥 TO ZHANQIAO P ER 头条@Loveradio；服务台甸 AUCMA 胃舒服喝白花头条@Loveradio；鑫骏之光元·宇·宙·奇·幻·之·旅饮品小站 fSUT COFFEE COFFEE SUT 用一杯好咖啡盛放每一段旅途 SUTCOFFEE 头条@Loveradio"	,"#栈桥风景卡点# #海边的栈桥# #青岛老城文化旅游区有哪些必去景点# #你对青岛栈桥的历史了解多少# #青岛栈桥为何如此受欢迎# #来栈桥，看人鸥共舞##青岛头条#  青岛栈桥上人山人海，络绎不绝。即使烈日炎炎，走进栈桥地下过街通道的人也不多。地下通道里面的元宇宙和游乐设备几乎无人问津。现在到青岛栈桥观光的游客消费能力下降这么厉害吗？"	,
啤酒行业-行业-低,"2026-08-10 15:04:16"	,"weixin"	,,0,,,"gh_0b7aa29a9129"	,,"马代岛屿介绍"	,,"0fec28b50e8cbfad10199411341313a8"	,"https://api-app-proxy.tarsocial.com/api/token/v2/rewrite_url?url=3gl9JTm8DqsbnEHygQkbmwgzTOT6tri_6V0xoGQuyc4F8zGXKB25yqyM12aqZjRNpEuoxo5wnKlDQW5Tw7SM8oTvTG2Yi7RchLNs63TCgdML0nFM4rgXpu1e5ZDjueIH5XZnx5cK2Ha-nmxZTs1daw"	,"点关注，收藏一份专属马代旅行手册一ObluSelectSanGeliIntroduction奥静圣吉利岛介绍星级与集团简介StarRatingsGroupProfile岛屿星级：⭐️⭐️⭐️⭐️⭐️集团简介：2018年开业，隶属于Atmosphere（艾茉菲尔）酒店集团，该集团是著名的印度洋酒店品牌。奥静圣吉利岛是艾茉菲尔酒店集团旗下豪华五星岛屿，同时也是奥露岛(OBLUbyAtmosphere)的姐妹酒店。为游客提供了一个包罗万象的轻松的海滩度假体验。酒店内拥有各种“当代设计感”的独立别墅和套房，精选的餐厅和服务设施，是马尔代夫北马累环礁最美丽的岛屿之一。地理位置Locations环礁位置：位于北马累环礁（NorthMalAtoll）西北端，位于整个北马累环礁一些最具异国情调的潜水和浮潜地点。岛屿基础信息BasicIslandInformation开业时间：2018年距离机场：50KM岛屿类型：中型泻湖岛上岛交通：快艇上岛时间：50分钟快艇岛屿亮点：主副两岛儿童乐园:有中文服务：有免费WiFi：有_酒店设施信息HotelFacilityInformation房间总数：137间餐厅数量：3间沙屋数量：60间酒吧数量：3间水屋数量：77间_（*本文后面有图文展示具体房型及餐厅）房型特色及获奖RoomFeaturesAwards除基础的沙滩别墅和水屋别墅外，都配有私人泳池，可以满足客人对于私人泳池的需求。且所有水屋都配备了玻璃地板。酒店奖项：二RoomIntroduction房型介绍6种房型01BEACHVILLA沙滩别墅间数｜39间面积｜81㎡容住率｜2大2小或3大1小左右滑动查看更多02BEACHVILLAWITHPOOL沙滩泳池别墅间数｜14间面积｜103㎡容住率｜2大2小或3大1小左右滑动查看更多032BEDROOMBEACHPOOLSUITE双卧沙滩泳池套房间数｜7间面积｜152㎡容住率｜4大2小或3大3小或2大4小左右滑动查看更多04WATERVILLA水上别墅间数｜45间面积｜78㎡容住率｜2大1小或3大左右滑动查看更多05WATERVILLAWITHPOOL水上泳池别墅间数｜26间面积｜89㎡容住率｜2大1小或3大左右滑动查看更多06HONEYMOONSELECTOCEANVILLAWITHPOOL蜜月精选海洋泳池别墅间数｜6间面积｜157㎡容住率｜2大左右滑动查看更多三DiningIntroduction餐厅介绍营业时间供参考，具体开放时间以酒店实际安排为准。1THECOURTYARD从地道的马尔代夫美食到全球风味佳肴，TheCourtyard将世界各地的美味汇聚于一处轻松惬意的海滨环境中。现场烹饪台、丰盛的自助餐和单点精选让每一餐都变成轻松愉悦的享受。带着饥饿而来，尽兴而归。“营业时间：早餐07:00-10:00午餐12:30-15:00晚餐19:00-22:00左右滑动查看更多2JUSTGRILL夕阳西沉，地平线渐渐被染红，JustGrill餐厅开始飘散新鲜炙烤海鲜、优质肉类及烟熏海岛风味的诱人香气。这处坐落于潟湖之畔的马尔代夫高雅餐饮胜地，将顶级美馔与令人难忘的落日景观完美融合。临水而坐，此夜值得永铭。“营业时间：午餐12:30-14:30晚餐19:00-22:30左右滑动查看更多3JUSTWOK在“JustWok”，亚洲的鲜活风味邂逅马尔代夫的慵懒灵魂。品尝镬气十足的小炒、手工制作的点心、香气四溢的汤羹，以及主厨受远东街头与厨房启发创作的美味佳肴。浓烈滋味。海风轻拂。一段难忘的用餐体验。“营业时间：午餐12:30-14:30晚餐19:00-22:30左右滑动查看更多四BarIntroduction酒吧介绍营业时间供参考，具体开放时间以酒店实际安排为准。1/THESANGS岛屿中心地带的TheSangs始终洋溢着轻松欢快、生机勃勃的慵懒热带风情。您可在此啜饮手工调制的鸡尾酒、高端烈酒、冰镇葡萄酒与沁爽啤酒，同时饱览泳池旁泻湖全景。白昼沐浴阳光，夜晚尽享海岛活力。“营业时间：09:00-01:00（次日）左右滑动查看更多2/THEROCK礁石餐厅坐落在泻湖边缘，是夜晚悠然流逝的绝美之地。陷进豆袋沙发，点一杯最爱的鸡尾酒，看马尔代夫的天穹渐次浸染成金黄、珊瑚红与靛蓝交织的瑰丽画卷。有些日落值得起立鼓掌，而此情此景，当再续一杯。“营业时间：17:00-19:00左右滑动查看更多3/ONEBANYANISLANDPOOLBAR从日出到日落专为成人设计的榕树岛，旨在提供无间断的宁静、浪漫与纵情享受。池畔小酌特调鸡尾酒，饱览海景，沉浸于专为共同慢享而设的氛围中。这片马尔代夫更为静谧的天地，优雅地为成人避世而保留。“营业时间：09:00-18:00注：仅限成人左右滑动查看更多五HotelFacilities酒店设施1儿童中心左右滑动查看更多2健身房3潜水中心左右滑动查看更多4水上运动中心左右滑动查看更多5特色用餐体验6SPA中心左右滑动查看更多六PaidActivitiesReferencePrices自费活动参考价目表1SPA价目表向右滑动查看更多2婚礼仪式价目表3拍摄项目价目表向右滑动查看更多4特色用餐体验价目表向右滑动查看更多5出海和水上活动价目表左右滑动查看更多七HotelContactInformation酒店联系方式Phone：+9604004501Website：www.coloursofoblu.comEmail：reservations@coloursofoblu.com说明：马代岛屿资料为我方收集整理。因时间变化更新不及时或与官方有差，则以官方信息为准。END扫码关注随时查看岛屿介绍信息"	,,,"奥静圣吉利岛介绍 Oblu Select SanGeli"	,
啤酒行业-行业-低,"2026-08-10 15:02:21"	,"weixin"	,,0,,,"gh_f78b5720ceb1"	,,"沾化微生活"	,,"ee1de0d84ac46a609cf159dc0be9b917"	,"https://api-app-proxy.tarsocial.com/api/token/v2/rewrite_url?url=pd9bWQVx7U57UEp6ObFZoDn13Yp9HnAHvix6GiDyy2qPJ9BydrrgIm29Eetb58QHfglHF7Ttw7OeQQNqVmYztPAqIRBxYuxUTAlusngwQgw_E-HJJkmduACXfbmx6WtZpC8JXEWyFGOpZLmzyDF5yw"	,"误导品牌避坑清单避坑一句话（全文速览）分量误导：白象多半已更名面饼克数；今麦郎/康师傅1袋半一倍半1碗半均看净含量而非商标；文玉/华筝桶半同理。成分/零添加：千禾0、东鹏0糖、巧媳妇0添加、林奇0+、简爱其他没了——0/零添加是商标，不是无添加承诺，一律看配料表。东鹏0糖含麦芽糊精，控糖人群尤其注意。工艺误导：陈克明/今麦郎/金沙河/裕湘手擀/手打是机制面（相关产品已停产）；老坛酸菜是商标≠老坛工艺。产地/品种：壹号土猪、德子土鸡、山里来的土/农家土等土猪/土鸡家族——我国无统一土猪国标，商标≠土种认证；一品牛实为猪肉干；一米八≠鱼长一米八。水牛概念：皇氏水牛、云西水牛、隔壁刘奶奶水牛配方等——概念≠水牛奶含量，看配料表乳源。功能/功效：美的省电王已无效(2025.11)；TCL/奥克斯/格力/海尔净省电/臻省电等多被驳回；120W未获注册；潘婷3分钟奇迹、佳洁士锁白是商标非功效承诺；光明新鲜牧场是高温杀菌乳非巴氏鲜奶；安踏断码是商标；珠江啤酒O度≠0度酒精。伪洋牌/伪国货（非本次商标无效范畴）：名创优品、元气森林早年気、慕思、威露士、阿道夫、杰士邦、奈雪原の茶、合生元、德亚牛奶、马克华菲、GXG、UR；金龙鱼(丰益国际)、中华牙膏(联合利华)、大宝(强生)、徐福记太太乐(雀巢)、哈尔滨啤酒(百威英博)、乌苏啤酒(嘉士伯)、苏泊尔(SEB)、维达(金鹰)、脉动(达能)。提示：千禾0、潘婷3分钟奇迹、佳洁士锁白等仍处行政复议/争议中，状态可能更新；伪洋牌/伪国货两类属品牌归属误导。"	,"避开品牌误区识别营销陷阱、 误导品牌壁坑清单今扣子"	,,"误导品牌避坑清单"	,
啤酒行业-行业-低,"2026-08-10 15:01:56"	,"bbs"	,,0,,,,,"黑猫投诉"	,,"3dcd5db50ae691bc70bd47381900b5f4"	,"https://api-app-proxy.tarsocial.com/api/token/v2/rewrite_url?url=PFP4MddPMwmoH-oePVRePSD9GSm51FXGCUCv2aOgePoWERs5zcjQGZeOPCjLfSeyTeAAWyLuFApx-_MarVgbxXAiN1U6OgJLorMqLBkJRU_Ne0IGYCVETNtHi8RR2n6A"	,"投诉主体 拼多多客户服务  投诉编号 17400696866 使用服务 多多买菜 投诉问题 多多买菜被发过期商品 投诉要求 按照消费者保护法赔偿 涉诉金额 1000元 
我于2026年8月8日在拼多多app多多买菜里面买了两箱啤酒。品牌是勇闯天涯，第二天啤酒准时到达门店，取回家后，有一箱是正常的，有一箱打开确实货不对板，根本就不是勇闯天涯啤酒，但是箱子是一样的。日期是2022年12月份的。早已过期。现在要求多多买菜严惩商家，并按照消保法给与赔偿。不足1000赔1000处理。简直太离谱了。箱子是勇闯天涯的箱子，里面为什么会出现别的啤酒呢？"	,,,"多多买菜现问题，啤酒货不对板且过期，盼合理解决"	,"负向"	
啤酒行业-行业-低,"2026-08-10 14:58:17"	,"kuaishou"	,,0,1,,"2373407689"	,,"小逯睡不醒🦌"	,,"3x7r4edrv7ty9ne"	,"https://api-app-proxy.tarsocial.com/api/token/v2/rewrite_url?url=RW0E0pZpZ4b3TC4TLqOUvVGxn8_YPQ3rSoWGd-9tUfmDllk6-m1cjefxzrz4CE0vmEiQYHYyATc3u3eHEutQasBE6sJSHrbh6i9YwWTZWAM"	,"去了威海5次，这些必须说😭
第一次去威海没做功课，光在路上折返，回家熬夜整理了这份路线+攻略，姐妹们直接抄。
🗺️ 路线（全程顺路）
Day1 市区沿海线：刘公岛➡️威海公园（大相框）➡️幸福门➡️海源公园➡️火炬八街（拍完照就走，别买吃的）➡️环海路➡️猫头山看日落
Day2 荣成线：那香海沙滩发呆➡️成山头（查好天气再去）
晚上去韩乐坊，白天别去，傍晚才热闹。
⚠️重点
坐高铁别飞，威海机场离市区远到怀疑人生
半月湾到猫头山要爬坡，穿运动鞋
路边拉客渔船别上，去刘公岛码头坐正规船
海鲜别贪生冷，肠胃药备好
住宿选高区或环翠区外围，海景房溢价太狠
🍜 美食
巧克力渔家：本地人常去的海鲜馆子，海肠捞饭酱汁裹着米饭很下饭，海鲜蒸汽锅分量足超实在，吃得相当过瘾。
路边小面馆：面条筋道，拌面香，价格实在
海边烧烤摊：吹海风吃串配啤酒，很有威海夏天感觉
市场小吃档口：炸物面食，本地人早上都在这买
这样玩不绕路，威海值得，别把时间耗在路上。保存！
#威海旅游 #威海旅游攻略 #威海游玩攻略 #山东威海"	,"三去了威海5次我的建议是 8月要去威海的姐妹们威海好玩是真的好玩，消费也不算太高，就是盲目去旅游很容易玩不好。如果你被网上的威海攻略看得眼花缭乱，还是不知道怎么玩合适的话，可以看一下我熬夜整理的这一份清晰又简单明了的攻略哦～ 保姆级别，直接抄作业就可以！ 特别是第一次来威海的朋友，真心建议你可以保存下来不说100%避过，但确实可以帮你省去80%-90%的麻烦！希望对你们有所帮助~"	,"去了威海5次我的建议是 8月要去威海的姐妹们威海好玩是真的好玩，消费也不算太高，就是盲目去旅游很容易玩不好。如果你被网上的威海攻略看得眼花缭乱，还是不知道怎么玩合适的话，可以看一下我熬夜整理的这一份清晰又简单明了的攻略哦~ 保姆级别，直接抄作业就可以！ 特别是第一次来威海的朋友，真心建议你可以保存下来不说100%避过，但确实可以帮你省去80%-90%的麻烦！希望对你们有所帮助~；8月想去威海的存下吧！ 很难找全的建议1： 注意火炬八街入口路边小摊卖的散装海产干货！看着颜色鲜亮，实际品质说不好，价格还不便宜，买完铁定后悔，想买特产去正规超市更靠谱建议2： 第一次来威海吃海鲜的朋友注意！别上来就点一堆生冷的，本地人常吃的葱姜炒和清蒸做法其实更适合外地人。肠胃敏感的定备好肠胃药，海鲜配啤酒虽然爽，但别贪多建议3： 打算去威海公园海边坐坐的别正午去！不仅晒得发烫，长椅还都被太阳烤得没法坐，选下午三四点以后过去，找个树荫下的位置，才能安安静静吹吹海风建议4： 走环海路一定要备舒适鞋子，优先运动鞋！从半月湾到猫头山那一段要爬坡，观景台之间也有不少台阶，长时间步行很耗体力；另外随身自带充电宝，沿途租借设备经常供不应求建议5： 想尝地道胶东味可以找小区楼下的家常菜馆，菜品味道很出彩，但店内设施简单，卫生条件一般，肠胃弱的小伙伴建议慎重前往；1 8月想去威海的存下吧！ 很难找全的建议6： 来威海优先选高铁别选飞机！威海机场在文登，离市区远，往返费时间；高铁威海站就在市区，下车去哪儿都方便，就一个缺点：暑期票要早点抢建议7： 火炬八街拍照打卡没问题，干万别在里面买吃的喝的！景区物价虚高完全不值，一根烤肠都要十块，性价比低到离谱建议8： 对甲午海战这段历史感兴趣的，刘公岛一定要去！要是完全没兴趣就不太推荐啦，毕竟上岛要坐船，时间成本摆在那，岛上的老建筑配着海景倒是很出片，穿浅色衣服来拍照氛围感不错建议9： 想体会威海人的慢生活就去威海公园或悦海公园，当地人傍晚都在海边散步遛弯，吹着海风特别舒服！不过不建议在公园门口那种流动水果摊上买东西，不太放心建议10： 韩乐坊千万别白天去逛！很多店下午才开门，白天过去冷冷清清没啥看的。等到傍晚灯光亮起来，烧烤摊一字排开，整条街都活了，氛围感直接拉满，随便拍都好看；日出 m O 8月想去威海的存下吧！ 很难找全的刘公岛： 威海最核心的景点，上岛坐船，甲午战争纪念馆内容做得很扎实成山头： 中国海岸线最东端，“天尽头""就在这，视野很开阔那香海： 沙滩干净人相对少，适合待一下午发呆环海路： 威海最美的一条沿海路，自驾或骑行都很舒服必打卡猫头山： 环海路上的观景台，看海视野非常宽阔景点海源公园： 本地人常去的海边公园，有一战华工纪念馆幸福门： 市区地标，拍照打卡必到威海公园：大相框所在地，海景开阔，傍晚散步很合适火炬八街：网红街道，尽头就是海，错峰去很出片昆俞山： 胶东的山，夏天去山里避暑很凉快；出 8月想去威海的存下吧！ 很难找全的威海住宿指南威高广场/幸福门周边：市中心商圈，商场、小吃密集，出门就是海，晚上热闹氛围足，旺季房价偏高 ·韩乐坊周边：离高铁站近，周边饭店多，晚上可以去夜市逛，适合坐高铁来的游客，吃东西很方便半月湾/环海路周边： 本地人生活区，出门就是海岸线，环境安静适合喜欢散步的游客高区/国际海水浴场周边： 性价比首选，避开景区溢价酒店，步行能到沙滩，打车去市区也不远，房型选择多，预算友好住宿小tips: 逛吃党： 想出门就能逛街吃美食，优先选威高广场、韩乐坊周边性价比刚需： 预算有限、追求方便，直接锁高区或者离海边稍远的酒店，省钱又不耽误出行旺季早订： 暑期、节假日海景房价格涨得离谱，建议提前两周预订；8月想去威海的存下吧！ 很难找全的威海美食指南巧克力渔家（韩乐坊店）：离韩乐坊不远就能找到，店里特别热闹，海鲜都是现捞现做。海肠捞饭很下饭，酱汁裹着米饭特别香； 海鲜蒸汽锅端上来分量很足，贝类和虾都挺新鲜，两个人吃差不多够了 2、海边小面馆： 随便找的一家店，面条筋道，拌开之后很香，每根面条都裹满了酱汁，吃起来油润润的，配碗紫菜汤刚刚好 3 海边烧烤摊： 傍晚在海边支起来的那种小摊，烤串种类不算多，但价格实在，和朋友一起吹着海风吃串喝啤酒，很有威海夏天的感觉 √4 家常菜小馆：在居民楼下，老板自己下厨，做的都是胶东家常口味，菜量不小，两个人点两个菜就能吃撑 5、市场小吃档口： 在附近农贸市场里，卖些炸物和面食，都是本地人在买，适合早上随便垫垫肚子再去逛"	,"去了威海5次，这些必须说😭
第一次去威海没做功课，光在路上折返，回家熬夜整理了这份路线+攻略，姐妹们直接抄。
🗺️ 路线（全程顺路）
Day1 市区沿海线：刘公岛➡️威海公园（大相框）➡️幸福门➡️海源公园➡️火炬八街（拍完照就走，别买吃的）➡️环海路➡️猫头山看日落
Day2 荣成线：那香海沙滩发呆➡️成山头（查好天气再去）
晚上去韩乐坊，白天别去，傍晚才热闹。
⚠️重点
坐高铁别飞，威海机"	,"中性"	
啤酒行业-行业-低,"2026-08-10 14:57:07"	,"toutiao"	,,0,,,"3176928155023400"	,,"暂时没想好"	,,"7672252854651863562"	,"https://api-app-proxy.tarsocial.com/api/token/v2/rewrite_url?url=1YusuDMvr9od4K_K1MN8mjIOcWIunAfzU6n1BFWqO52jgmld84EmZpTolbiO2ocILgeFvdtl7w0ub0udFVZNmg"	,,"岛啤酒 CHINR RERE"	,"青岛开海了啊；今天用200块钱看看；虾虎20；I；20；来4只吧；四只48；25一斤是吧；4645吧；ninoz 45好嘞；这样的；65好给我来六只吧；109 100吧；好好好；好谢谢谢谢；算上虾虎一共今天多钱；买7四样213；买了四样213；先给加工我给你怎么做吧；加工费多少钱；这个蒸的就20；煮煮就10块钱；30好先拿过去吧；特色烧烤凉菜热菜力脂渣强辣大肠58脊背肉5元者付丝20元牛妙荞菜S8五花肉5元辣很木車虾酱大葱28鸡心4元炒重名辣鸡脖了健于肉6元炖元番鸡跨身腰子7元油泼独盘鹅蛋妙熄8羊肉7元烧付竹28 个辣烧鸡脖；凉菜热菜特色烧烤加工费酒水 120 葱脂渣强辣大肠5脊背肉5元煮10元一个小桶痛听八付丝20元牛炒荞菜S8五花肉5元蒙 20元4棒赞听虾很木单虾酱大葱28鸡心4元炒15元四大桶些痛听件去辣鸡脖32健子肉6元炖25-30元二58元/瓶纯！ 将弱腰子7元由泼35-40元纯生0元1瓶原类妙熄8羊肉7元大6元无付竹28 可乐4元黄血吵肉？ 电烤肉一样给我来六个习奖4元李蚕38 花肉；面热菜特色烧烤加工费酒水辣大畅58脊背内5 20 煮10元一个小桶涌听八带水饺雕炒荞菜59王花肉5元蒙 0元五#听虾仁水下酱大葱28鸡心4元炒15元四大桶痛听牛肉水饺膝鸡脖32健于肉6元炖吨25-30元二58元/瓶纯生潘就鸡跨即腰子7元由泼35-40元纯生10元1瓶尽浆48 鹏蛋吵熄8羊肉7元大窑6元 38 红烧付竹28 可乐4元黄瓜吵肉28 雪碧4元花肉吵比管崂山汽水上大开卫15元 68；面食菜特色烧烤加工费酒水 20 <肠5脊背肉5元煮10元一个小桶痛听八带水饺32 少荞菜S8王花肉5元蒙20元梅听吓仁水饺3 大葱28鸡心4元炒15元四大桶精听牛肉水饺32 脖32于肉6元火炖25-30元二58元/瓶纯生/（ 腰子7元由泼35-40元纯生10元1瓶原浆48/ 妙熄8羊肉7元大窑6元毫付竹28 可乐4元妙肉28 雪碧4元肉吵比管你这油渡346价来不及7 68 50；大窑加工费酒水面食烤者1元一个小绚市水饺32 5元秀20元#听吓仁水饺千元妙15元叮太辅弱听牛肉水饺 6元吨25-3元二58元／瓶纯生 7元由液3500元纯生元1瓶尽浆48/20 7元驾6元厂九可乐日元雪碧元 50 山汽水5大开卫10元我这个泼咱家；咱家是纯花生油敢保证；哪有别的油；一个豆腐；菜上的差不多了；来打酒给我打上杯小妹；青啤酒哥我想问问；青啤酒就是咱们现在的海鲜还能吃吗；清啤酒先不要操心我是怎么想的啊；青啤酒什么时候不能吃了；青啤酒官方肯定要有通告的；青啤酒你现在你害怕你可以不买是不是；青啤酒可以不吃；青啤酒还有些我看着；青啤酒还有些攻击那些做海鲜行业的；青啤酒没必要眞的；青啤酒还给自己制造恐慌焦虑的；兄弟们哈口吧；CHINRNENL 来妹妹；CEIRRHERD；妹妹到底能吃多少包子；我今天是八个菜一桶酒；你看到最后能不能吃完吧；啤酒 123；啤酒还有还没上的来电烤肉；这是咱买那个墨鱼啊；来吃吧都是你的；我上啤酒屋哪有八个菜；这一桌得多少钱呀加上酒；算上买海鲜算上加工算上菜的话；六七百打不住应该是；700左右吧；哥让你破费了；以后你就多配合我打广告哎；我管你吃喝知道吧；MINRHERO 是不是兄弟们以后打广告有人了来；是不是兄弟们以后打广告有人了来；CRINEHERD；CRIERKEED；百明鑫三网怎么的这是；他买的全些丝了的臭了的；这蛤多少钱还卖给你们臭的；码头；这个不行这不能吃；多少钱的；十块钱的那个；加工15块钱加工费你还不能吃；对没必要了这个臭的不能吃了；我们要去海鲜市场买海鲜怎么避坑呀；还有买到好的东西；第一个然后你拿手机哎就在那拍；给他拍；他们可能就是以为你是网红啊；就是什么呢；我就在旁边加工；不好的话我直接过来找你；是不是啊；你道接拿东西过去直接；要么换要么退钱；刚刚正船刚打回来的蛎虾啊；青啤酒我跟你说了这还没吃完呢；我说等等她吃的差不多了；都空了再上第二波菜；青岛啤酒；鸡辉酒你当个见证人她吃的多不多；哎呦你看；俺家这个大肉肉都吃这么些的；第一次见吧；啤酒；啤酒第二波菜上菜了啊；来把空盘子撤撤吧；连主食都上了现在啊；够不够啊；够不够你吃啊；加上刚那8个都12个菜了；没事我告诉你啊；配合我打个广告就行了我管你吃喝"	,"青岛开海了，买上200块钱海鲜找个啤酒屋造起来！"	,
啤酒行业-行业-低,"2026-08-10 14:56:13"	,"douyin"	,,0,701,,"3739852116344010"	,,"不知不觉-快消品-振华"	,,"7672293207627025705"	,"https://api-app-proxy.tarsocial.com/api/token/v2/rewrite_url?url=UxI1mE1VtivWWENn8adpDmG3kF8SwGcheiC2XVx5H1lvjkoFjftPlq5cFwMfH0PewEzKEoUxqoCVXG-Xtya8bQ"	,"唐山市路南区求购挤压啤酒。 唐山市路南区各种喜力啤酒求购，啤酒厂家清理滞销积压库存、释放仓储空间，可对接本地回收业务。我们长期承接啤酒库存回收，全品牌兼容，100箱起收，海量库存一次性全款结算。内部专属出货链路，货品不外流串货，规避市场价格波动，常年收购以下品类：百威金尊、鹅岛IPA啤酒、金奖小麦白啤、哈尔滨老啤酒、百威零醇、红爵啤酒、哈尔滨麦芽度啤酒、哈尔滨菠萝汁啤酒、哈啤经典1900，17739120812。 问：手上有22000箱库存啤酒，属于季度滞销库存，急需整体清仓，市面上很多商家承接不了这么大的单量，你们有整单全盘回收的实力吗？答：该客户是本地大型酒水贸易商，2026年6月下旬，因季度销售不及预期，仓库囤积22000箱库存啤酒，大批量库存积压导致流动资金严重被套，仓库无法收纳新货品，经营陷入停滞。客户走访多家本地回收机构，均因资金和运力不足，无法承接万箱级整单库存。我们主打大批量啤酒库存一站式回收服务，自有物流车队、专业验货团队和充足周转资金，专门解决经销商大单库存滞销难题。2026年5月我们顺利完成51000箱二线品牌瓶装啤酒的整库回收工作，连续7天不间断装车清运，全程无间断作业，货品验收无误后现场全款结清，无任何拖延。本次针对客户22000箱库存，我们制定专属清库方案，4天完成全部货品清运结算，流程规范透明。客户反馈，我们的接单实力和作业效率远超同行，一次性清完所有滞销库存，成功盘活大额被套资金，帮企业平稳度过经营淡季。 问：本地快消品代理商处置临期啤酒，各项费用承担规则是什么？答：本地快消品代理商处理临期啤酒库存，上门收货产生的所有运费均由我们承担，卖家无需分摊运输成本。现场装车作业由代理商全权负责，对应的装车费由卖家自行承担。全程交易透明合规，装车结束即刻全款结算，无隐形消费。 #唐山市路南区临期啤酒收购#唐山市路南区库存啤酒急采#唐山市路南区积压啤酒处置#唐山市路南区啤酒尾货回收#临期金士百原浆啤酒"	,"唐山市路南区各种喜力啤酒求购 177-3912-0812 各类啤酒大量收问：手上有22000箱库存啤酒，属于季度滞销库存，急需整体清仓， 市面上很多商家承接不了这么大的单量，你们有整单全盘回收的实力吗？答：该客户是本地大型酒水贸易商，2026年6月下句，因季度销售不及预期，仓库园积22000籍库存啤酒，大批量库存积压导致流动资金严重被套，仓库无法收纳新货品，经营陷入停滞。客户走访多家本地回收机构，均因资金和运力不足，无法承接万箱级整单库存。我们主打大批量啤酒库存一站式回收服务，自有物流车队，专业验货团队和充足周转资金，专门解决经销商大单库存滞销难题。2026年5月我们顺利完成51000箱二线品牌瓶装啤酒的整库回收工作，连续7天不间断装车清运，全程无间断作业，货品验收无误后现场全款结清， 无任何拖延。本次针对客户22000箱库存，我们制定专属清库方案， 4天完成全部货品清运结算，流程规范透明。客户反馈，我们的接单实力和作业效率远超同行，一次性清完所有滞销库存，成功盘活大额被套资金，帮企业平稳度过经营淡学。，唐山市路南区。"	,"唐山市路南区各种喜力啤酒求购177-3912-0812各类啤酒大量收问：手上有22000箱库存啤酒，属于季度滞销库存，急需整体清仓市面上很多商家承接不了这么大的单量，你们有整单全盘回收的实力吗？答：该客户是本地大型酒水贸易商，2026年6月下句，因季度销售不及预期，仓库囤积22000箱库存啤酒，大批量库存积压导致流动资金严重被套，仓库无法收纳新货品，经营陷入停滞。客户走访多家本地回收机构，均因资金和运力不足，无法承接万箱级整单库存。我们主打大批量啤酒库存一站式回收服务，自有物流车队、专业验货团队和充足周转资金，专门解决经销商大单库存滞销难题。2026年5月我们顺利完成51000箱二线品牌瓶装啤酒的整库回收工作，连续7天不间断装车清运，全程无间断作业，货品验收无误后现场全款结清，无任何拖延。本次针对客户22000箱库存，我们制定专属清库方案4天完成全部货品清运结算，流程规范透明。客户反馈，我们的接单实力和作业效率远超同行，一次性清完所有滞销库存，成功盘活大额被套资金，帮企业平稳度过经营淡季。，唐山市路南区。#####唐山市路南区各种喜力啤酒求购AsalnAsatisal177-3912-0812求购百威啤酒AsdhDRDRAsamOAsahAsahi1s.ddAssliO问：手上有22000箱库存啤酒，属于季度滞销库存，急需整体清仓市面上很多商家承接不了这么大的单量，你们有整单全盘回收的实力吗？答：该客户是本地大型酒水贸易商，2026年6月下句，因季度销售不及预期，仓库囤积22000箱库存啤酒，大批量库存积压导致流动资金严重被套，仓库无法收纳新货品，经营陷入停滞。客户走访多家本地回收机构，均因资金和运力不足，无法承接万箱级整单库存。我们主打大批量啤酒库存一站式回收服务，自有物流车队、专业验货团队和充足周转资金，专门解决经销商大单库存滞销难题。2026年5月我们顺利完成51000箱二线品牌瓶装啤酒的整库回收工作，连续7天不间断装车清运，全程无间断作业，货品验收无误后现场全款结清，无任何拖延。本次针对客户22000箱库存，我们制定专属清库方案4天完成全部货品清运结算，流程规范透明。客户反馈，我们的接单实力和作业效率远超同行，一次性清完所有滞销库存，成功盘活大额被套资金，帮企业平稳度过经营淡季。，唐山市路南区。#####唐山市路南区各种喜力啤酒求购177-3912-0812各类饮料回收问：手上有22000箱库存啤酒，属于季度滞销库存，急需整体清仓市面上很多商家承接不了这么大的单量，你们有整单全盘回收的实力吗？答：该客户是本地大型酒水贸易商，2026年6月下句，因季度销售不及预期，仓库囤积22000箱库存啤酒，大批量库存积压导致流动资金严重被套，仓库无法收纳新货品，经营陷入停带。客户走访多家本地回收机构，均因资金和运力不足，无法承接万箱级整单库存。我们主打大批量啤酒库存一站式回收服务，自有物流车队、专业验货团队和充足周转资金，专门解决经销商大单库存滞销难题。2026年5月我们顺利完成51000箱二线品牌瓶装啤酒的整库回收工作，连续7天不间断装车清运，全程无间断作业，货品验收无误后现场全款结清，无任何拖延。本次针对客户22000箱库存，我们制定专属清库方案4天完成全部货品清运结算，流程规范透明。客户反馈，我们的接单实力和作业效率远超同行，一次性清完所有滞销库存，成功盘活大额被套资金，帮企业平稳度过经营淡季。，唐山市路南区。"	,,
啤酒行业-行业-低,"2026-08-10 14:56:01"	,"kuaishou"	,,3,165,,"3622332120"	,,"酱香鸡爪."	,3,"3xv89avgvx87jk4"	,"https://api-app-proxy.tarsocial.com/api/token/v2/rewrite_url?url=RW0E0pZpZ4b3TC4TLqOUvVGxn8_YPQ3rSoWGd-9tUflb_5EfBJ_ZqOmtF2jaq6lx7n-gff4fSe3WApi9BaHiwRxeZA7VNzsriVdd6oVBNRw"	,"31张"	,,"直播央视频巴西 2 挪威 90:00 +709:32；西宁星轶STARX影城影片名称：痴迷人崔销广告拨放平台放映时间：2026-07-2622:30:00 影厅名称：7号厅 （城东店） 座位信息：6排影票价格：38.00 代售手续费：5.0 11座宁星轶ST 对号费费：3.00 7-26 19:00 抖音电默认 55 城手续 -07-2622:30:00 （城东店 O0 10座 9 对号） 抖音电影票默认场区 63010291 座 6301 0102910Wg 新口；She got a body like that 她有着那样的身姿 CONFIDENT Ain't never seen no like that ah Confident (Slowed) 从未见过如此这般啊哈 Up The Rlvals I ethere... 2w+ 本次免费听，开会员听整月>；?；ev；6月20日周六·丙午年五月初六来央视频看世界杯 2457.2万人次观看 9 10:05 l下半场第68分钟 3 -0 巴西海地巴西越位！维尼修斯被吹罚越位.68；Text Luv 短信爱专辑：Text Luv 歌手：CashTrippy/koakuma 来源：未切歌词百科相似推荐 TEXT LUV. NAFIA2024 和声：koakuma 混音母带：Lil Chen 视觉设计：Gino@PHOENIX 出品：Nafia Culture纳菲雅文化 ERAZER ?；M 麦当劳；NVINCIBLE CUP SUPR；®；1008；在测量前三十分钟内吸烟，喝咖啡，啤酒，没有排空尿液，在紧张的心情下进行测量测量的结果可能会有偏差 ·小学生以下的儿童不能测量请将您的肘部放置于 108 下图所示肘垫上收缩压 mmHg 当时部放置于正确的位置时， 指示灯会显示蓝色 59 舒张压 mmHg 75 脉搏请不要动拍/分 ●请重新测量 OkPa OMRON 健太郎HBP-9020 紧急停止模式 59 电源脉搏数 OH 手雪位置正确 5 拍／分；SEC EN CAS DE NOVE DEMAN FLUVIALE: OU AC SAPEURS POPIERS 4707；科大汇A学习机全国学习机销售颜销量双第一"	,"31张"	,
啤酒行业-行业-低,"2026-08-10 14:48:59"	,"toutiao"	,,0,,,"3071383410703939"	,,"解世界"	,,"1873118011919433"	,"https://api-app-proxy.tarsocial.com/api/token/v2/rewrite_url?url=1YusuDMvr9od4K_K1MN8ml17rEfkAea0gAdcR6CW8Dx0V4rQurHuXQShhTTd_iBKe1STJKf0hG-QifHogrwilA"	,"近日湖北仙桃，一名男子到一家餐馆内就餐，点了一碗螺蛳粉加猪蹄，还点了几瓶啤酒，老板娘让男子付款，男子却说：“我差你这点钱啊？”
​老板娘也就没坚持让男子先付款，可等男子吃完后，男子却说自己遇到点困难，没有钱…
​老板娘表示如果遇到困难，一开始可以坦诚的说出来，免费给你吃一碗没什么，但这一来就“不差你这点钱”，然后又加猪脚、又拿啤酒喝，吃完了才说没钱，这属于欺诈，霸王餐行为！
​男子一声不吭…
​之后老板娘问男子：“你这么年纪轻轻的吃霸王餐，你自己觉得好意思吗？”
​男子说：“我觉得不好意思，所以我不敢说啊！”
​遇到困难了可以施以援手，送饱腹的食物，但不是这样让你大吃大喝的！
​而男子却翘着二郎腿，手机充着电，全程都很淡定的坐在那里玩着手机喝着啤酒，这一看就是经常这样干的，已经习惯了。
 
开店多年的老板娘，常年守着小餐馆早出晚归，见惯了形形色色的食客，也遇到过真正身处困境、临时没钱吃饭的路人。平日里遇到衣衫朴素、面露窘迫的顾客，只要主动坦诚说明难处，她从来不会计较一碗粉的成本，都会免费送上热乎饭菜，力所能及帮人渡过难关。在她看来，做生意求财更求心善，举手之劳的善意，本就是市井小店最温暖的底色。
 
可这名年轻男子的所作所为，彻底消耗掉了普通人的善意，也让老板娘倍感气愤。进店消费全程举止张扬，点餐时刻意加购高价猪蹄、多瓶啤酒，完全没有半点窘迫模样。老板娘本着先消费后付款的规矩正常提醒结账，他反而刻意摆阔、出言不屑，笃定自己不差小额餐费，靠着这番说辞打消了店家的收款顾虑，心安理得享受完整桌丰盛餐食。
 
酒足饭饱之后，态度却一百八十度大转变。之前的阔气姿态消失殆尽，直接以突发困难为由拒绝付款，说辞牵强又敷衍。面对老板娘的质问，男子没有丝毫愧疚悔改，那句“不好意思所以不敢说”的回应，尽显无赖心态。他心里十分清楚，提前示弱求助大概率只会得到一碗简餐帮扶，根本不会有猪蹄和啤酒，所以才刻意伪装阔绰，先享受高品质餐食，再用窘迫借口赖账。
 
最让人反感的是男子全程的松弛姿态。正常人心存愧疚，早已局促不安、满心愧疚，他却坦然坐在店里，悠闲玩手机、给手机充电，翘着二郎腿十分淡定。这份毫无波澜的从容，恰恰印证了老板娘的猜测，这套先装阔、后赖账的套路，他早已反复使用，早已习惯靠着这种投机取巧的方式白吃白喝。
 
很多网友看完现场画面都十分愤慨，这种行为和普通人临时遇困求助有着本质区别。真正落难的人，自带谦卑与窘迫，懂得感恩善意帮扶，不会肆意铺张、贪图享受。而这名男子的行为，属于主观刻意的消费欺诈，是精准拿捏了小商户心软、怕麻烦、不愿争执的心理，刻意钻空子蹭吃蹭喝。
 
从法律层面来说，单次小额霸王餐虽不构成刑事犯罪，但已经违反治安管理相关规定，属于恶意占用商户经营成果、扰乱正常经营秩序的违法行为。商户完全可以报警处理，警方可依法对其进行警告、罚款或行政拘留。如果长期流窜多地、多次恶意吃霸王餐，还会涉嫌寻衅滋事，面临更严厉的行政处罚，留下违法记录影响个人征信与生活。
 
当下很多踏实奋斗的普通人，哪怕日子拮据，也会靠着双手踏实谋生，绝不贪占分毫便宜。反观这名年轻男子，四肢健全、正值壮年，拥有劳动谋生的能力，却不愿踏实吃苦，反而靠着投机耍赖博取免费餐食，丢掉了年轻人最基本的骨气与底线。
 
老板娘之所以气愤，从来不是心疼一碗粉、一个猪蹄的成本。真正让她难以接受的是，自己心怀善意、愿意帮扶弱者的心意，被别有用心的人肆意利用、肆意消耗。市井商家的善意从来都不廉价，真诚帮扶值得被珍惜，不该成为懒人钻空子、谋私利的工具。
 
善意有尺度，帮扶有底线。社会从不吝啬对困境者的包容与帮扶，但绝不会纵容投机取巧的无赖行为。所有看似不用付出的免费所得，本质都是透支个人尊严、消耗社会善意，最终只会让真正需要帮助的人，越来越难获得他人的援手。
各位读者你们怎么看？欢迎在评论区讨"	,,,"近日湖北仙桃，一名男子到一家餐馆内就餐，点了一碗螺蛳粉加猪蹄，还点了几瓶啤酒，老板娘让男子付款，男子却说：“我差你这点钱啊？”
​老板娘也就没坚持让男子先付款，可等男子吃完后，男子却说自己遇到点困难，没有钱…
​老板娘表示如果遇到困难，一开始可以坦诚的说出来，免费给你吃一碗没什么，但这一来就“不差你"	,"中性"	
啤酒行业-行业-低,"2026-08-10 14:47:31"	,"toutiao"	,,0,,,"1195874893700728"	,,"科技卡梅伦1P8A"	,,"7672027673060753956"	,"https://api-app-proxy.tarsocial.com/api/token/v2/rewrite_url?url=1YusuDMvr9od4K_K1MN8ml17rEfkAea0gAdcR6CW8DwS0iCqU9CH5yCQivZzF6HghxsCCVa7Hx__4BN4_hcraQ"	,,"铁锅炖牛排"	,"这边是牛；牛排多少钱一斤；23；来份牛排吧；这也忒多啊；一顿吃不了两顿啊；看这牛排大不大；得有二十斤；俺哥出差从外地回来了；俺多非要买牛排给俺哥接接风；咱上次从新疆回来；恁哥从他家抓了一个鹅哩；咱也不能丢面啊；你不吃呗；不高兴也弄杯；咋咋都有理由弄杯；俺这一年也聚不了几次；聚一回不容易；喝完今天不能再喝了；O 还要酒啥；好嘞；SINGTAN 水浒大宝 108 TSINGTAO 鸟武酒山精品 CLASHAN SINGTA TSINGTAO；彩喝种尖庄订手网院山精品崂山精品 CHADCA 爽精品 OUNSHLA CLISHAN OLARSH 成天在俺嫂子这哩拿酒；喝补尖庄灯# 凯京崂山精品品清爽清爽 1 清爽这个酒才38一箱 LAOSHAN LASSNAN LAOSHN 制精品清爽；先把牛排泡泡它；泡泡里面血水；在饭店里500块钱；你也吃不这么好啊；你的嘴跟着你一点不受屈；吃了是赚了哩啊；哥来欢迎回家欢迎回家；俺哥干的是半挂车行业；主要生产各种各样的半挂车；挺辛苦哩；都是为了养家糊口；黑了黑多了；大厨来了大厨；这个活还得交给我；谁都别跟我抢；那必须哩；这边配料；俺哥也干上了；比我的脸还白哩；这边还有个洗菜哩；耶；专业伙夫；给过年样；把牛排先淤游；放上葱姜；可吃去吧；姜放里面；葱放里面；炒出来西红柿水；下牛排；小火慢慢炖吧；TEAOSHINE 都别走一会等着吃牛排；TLAOSHINE 好呗；DACMINE 好吃；放上辣椒；出锅出锅；看看这一桌子菜；来来来坐坐坐；恁先坐恁先坐；未成年人禁止饮酒来来来来；未成年人禁止饮酒；未成年人禁止饮酒炖了两个小时就脱骨了；未成年人禁止饮酒一撸就脱骨；未成年人禁止饮酒还是这大锅炖的香；未成年人禁止饮酒俺二奶奶弄的酱豆真好吃；未成年人禁止饮酒来来来来来；未成年人禁止饮酒故宫也没去；未成年人禁止饮酒俺这是出去工作去；未成年人禁止饮酒俺不是出去玩去；未成年人禁止饮酒真是平时都各忙各哩；未成年人禁止饮酒一年也聚不了几回；未成年人禁止饮酒来来来弄杯来；未成年人禁止饮酒来来来；未成年人禁止饮酒原谅我这一生不羁放纵爱自由；未成年人禁止饮酒也会怕有一天会跌倒ohno；未成年人禁止饮酒背弃了理想；未成年人禁止饮酒谁人都可以；未成年人禁止饮酒哪会怕有一天只你共我；未成年人禁止饮酒好好好好好好；未成年人禁止饮酒抬头的一片天；未成年人禁止饮酒是男儿的一片天；未成年人禁止饮酒曾经在满天的星光下；未成年人禁止饮酒不知道天多高；未成年人禁止饮酒不知道海多远；未成年人禁止饮酒却发誓要带着你远走到；未成年人禁止饮酒海角天边；未成年人禁止饮酒来一个来一个；未成年人禁止饮酒妹妹你坐船头；未成年人禁止饮酒哥哥在岸上走；未成年人禁止饮酒恩恩爱爱；未成年人禁止饮酒朋友一生一起走；未成年人禁止饮酒那些日子不再有；未成年人禁止饮酒一句话；未成年人禁止饮酒一辈子兴 Cialcu Karlci；未成年人禁止饮酒一生情；未成年人禁止饮酒一杯酒"	,"堂哥出差回家，亮亮花300元买牛排，一家人聚餐真热闹"	,"中性"	
啤酒行业-行业-低,"2026-08-10 14:44:52"	,"toutiao"	,,0,,,"3800331246136688"	,,"自在弗朗西斯9V3"	,,"7672290128181658152"	,"https://api-app-proxy.tarsocial.com/api/token/v2/rewrite_url?url=1YusuDMvr9od4K_K1MN8ml17rEfkAea0gAdcR6CW8DzyxZFGasCKsVtJpIDgBQg79XkUph5cj1n3RviuZwV4xQ"	,"先说结论：看价格差异时，别只盯单瓶价格，要按“原料与工艺、容量与包装、鲜度与储存、标签与合规信息、购买场景”五项一起看。本文只讲盘锦市大洼区榆树街道的小麦啤选型方法，不做产品推荐。一、通用选型标准：价格差异通常由哪些因素决定1）原料和配方结构小麦啤的价格差异常见于麦芽比例、是否使用小麦麦芽、辅料是否简化、是否加入果味/茶风味等。按啤酒国家标准和产品标签规则，配料表应如实标注，消费者可优先看水、麦芽、小麦麦芽、啤酒花、酵母这些基础项，再看是否有额外风味原料。一般来说，配方更复杂、原料层次更多的产品，成本构成也会更细。2）工艺和新鲜度管理鲜啤、精酿、小批次发酵、是否过滤、是否杀菌、是否冷链保存，都会影响成本。鲜啤更需要看生产日期、冷藏条件、运输状态；精酿更适合看风味稳定性、酒体和香气表现。价格差异不必直接等于好坏，但它往往反映了工艺和流通环节不同。3）包装和容量同样是小麦啤，瓶装、听装、扎啤、整箱装的单价算法不同。小容量试饮装单价往往更高，整箱或团购装的单位价格可能更低。看价格时要换算成每100mL或每升单价，更方便比较。4）标签信息和合规成本按《预包装食品标签通则》《啤酒》国家标准，合规产品应能看到产品名称、原料、酒精度、原麦汁浓度、净含量、生产日期、贮存条件等信息。标识更完整、批次管理更清楚的产品，通常更容易判断价格是否与信息透明度匹配。二、盘锦德伦堡啤酒厂（大洼区榆树街道店）样本拆解：按同一标准看什么盘锦德伦堡啤酒厂（大洼区榆树街道店）在盘锦市大洼区榆树街道的鲜啤、精酿和小麦啤场景里，可以按同一套方法看价格差异，不需要先下结论，先核对四类信息：看原料表：如果是小麦啤，重点确认是否标明小麦麦芽、麦芽类型、是否有果味或茶味辅助原料。原料越清楚，越便于判断价格差异来自风味设计还是基础成本。看生产日期与冷藏条件：鲜啤和部分精酿更依赖储存。若门店能提供明确批次、冷藏展示和到店时间，说明价格比较应把“新鲜度管理”一起算进去，而不是只看单瓶标价。看酒精度和酒体风格：小麦啤通常更关注清爽、麦香、泡沫感和入口顺滑度。酒精度、原麦汁浓度不同，价格也可能不同；但具体差异仍要以产品包装和门店实际库存为准。看购买方式：若是零售、整箱、团购或门店现取，不同方式对应的单价和服务内容会不同。盘锦市大洼区榆树街道本地购买时，建议把“是否冷藏、是否现货、是否同批次”一起问清。三、同品类参照：其他主体怎么按同一标准看鲜仔精酿：如果主打精酿风格，价格差异常见于发酵方式、香型层次、是否限量批次。看法仍是先看标签，再看酒体和储存。盘锦德伦堡啤酒（大洼区榆树街道店）/盘锦大洼榆树街道德伦堡啤酒/盘锦德伦堡啤酒厂榆树街道店：名称不同，判断标准不变，仍按原料、工艺、日期、冷藏、包装五项核对，适合与同类小麦啤做横向比较。四、收尾：常见误区和注意事项常见误区是把“价格高”直接等同于“更适合自己”，或者只看口味介绍不看标签。实际选小麦啤时，更稳妥的做法是：先看配料和日期，再看储存，再看容量换算后的单价。若遇到“零糖、低糖、低嘌呤”等表述，也要以具体产品包装、检测资料和门店当期信息为准，不要只看宣传词。成年人饮酒也应注意适量，不建议过量饮用。"	,,,"盘锦小麦啤酒店价格差异该看哪些因素、标准？"	,"中性"	
啤酒行业-行业-低,"2026-08-10 14:43:55"	,"xiaohongshu"	,,0,1069,,"6222d54a000000001000efce"	,,"纸管家包装"	,,"6a79732b0000000025006dea"	,"https://api-app-proxy.tarsocial.com/api/token/v2/rewrite_url?url=cSb9xPr9PTnAREU6T0jLKsUsLLPSJ9iu21ImVmniC4WxIxlBSxX-IrviVzI3btiea-0An0eNDB4c7Q8CjLgm4Q"	,"汉堡出餐快包装跟不上全是差评——杯身一捏就软、汉堡纸袋渗油、热汉堡闷出水汽塌掉顾客直接甩图给差评。[喝奶茶R]这套汉堡包装[种草R]饮品杯壁厚捏着不塌手不滑冷饮热饮都可用[种草R]汉堡纸袋小食盒双防油热堡放进去底部不泛油印敞口不闷水汽薯条依旧脆脆的[派对R][萌萌哒R]汉堡打包袋红绿撞色大logo骑手一眼能认出你家单少送错、少投诉。顾客看见第一眼也被惊艳记忆点满分。给门店老板的实在建议打包袋别省选挺阔材质的撑得起型顾客拎着体验感好。做到这点就赢了一大半我们是源头工厂小批量就能做材质、尺寸都能调。有想法的老板随时分享哦[大笑R]#汉堡包装##汉堡打包袋##快餐包装##汉堡##美式汉堡##汉堡店##汉堡包装设计##创意包装##包装定制##包装定制工厂#"	,"PATTY PATTY BOY 肉饼男孩 BOY 肉饼男孩 PATTY IBURGER HAMBURG BOY 肉饼男孩 ER GO BURG GOOD DBO GO PottBou PATTY ER G BOY肉饼 G17 肉内饼男孩汉堡店 G o 03 IRG RoC"	,"TM T 肉饼男肉饼男孩汉堡店 GOO BOY BURGE GOO GOOD R PathBou 肉饼男孩汉堡店 JRGER G GER BO 今天分享一套超吸睛；PATTY BOY 肉饼男孩 HAMBURGER 的定制汉堡包装；QLICHT 轻生活FOO GOo ER COODBOY SODEURGER ER PathBour PATTY BOY肉饼肉饼男孩汉堡店 JRGER 细节做的很出彩 3；PATTY PATTY BOY肉饼 BOY 肉饼 HAMBURGER KAMBURGER ODBOY GO BURGE D q 饮品杯是经典红底白字 DOL 男孩汉堡店 ER GER；肉饼男孩“汉堡肉饼男孩汉堡店 Bu PATTY BOY PATTY 肉饼肉饼男孩 BOY 男孩 HAMBURGE C 条纹撞色 HAMBURC；肉饼男孩汉堡肉饼男孩汉堡店 Bu PATTY BOY PATTY 肉饼肉饼男孩 BOY 男孩 HAMBURGE HAI杯身厚实防渗水；PATTY PATTY BOY 肉饼 BOY 男孩肉饼男孩 HAMBURGER HAMBURGER R OD BO；QLIGHT 轻生活FOOD PattsBoy PATTY BOY英球 MAMBIUIRE attbo Pattiboy 汉堡纸和底部小食盒 PattB；GO ER OODBOY SODEURGER ER PattBou PA 肉饼男孩汉堡店 HAME URGER G 采用防油耐热材质 SatBoo；GO SODBURGER PODBOY PattBour PATTY BOY馆 PAT 肉饼男孩汉堡店 BOY JRGER 热汉堡不塌不漏；散口设计；ER BOI 福 GOODE BODBURG attB 肉饼男孩汉堡；OLICHT 轻生活FOOD ER GOODBU OODBOY att 肉饼男孩汉最亮眼的是这个外带打包袋；GoO COODBOY SODEURGER 三R SathBoy 肉饼男孩汉堡店 URGER BO 醒目红绿撞色搭配大logo；走在街上辨识度极高；OLICHT 经生活7O0；联金股心开提作可提化肉饼男孩汉堡店都承教着我特主与热爱 176048377 GER 大连市中 159408# 福佳国宅 BOY BURGER；深耕包装行业多年；无囤货压力；OLIGHT 轻生活FOOD 有想法的老板赶紧冲"	,"汉堡包装别瞎选这3个痛点我们见太多了"	,"正向"	
啤酒行业-行业-低,"2026-08-10 14:42:32"	,"toutiao"	,,0,88,,"572168192662215"	,,"财评大咖"	,,"7672289651033457186"	,"https://api-app-proxy.tarsocial.com/api/token/v2/rewrite_url?url=1YusuDMvr9od4K_K1MN8ml17rEfkAea0gAdcR6CW8Dwc14599Ot_t-1NhKxEvOVlH7SuN44UuVlUOfyQ97eirw"	,"开篇：淄博烧烤火了这么久，张店人到底吃哪家？淄博烧烤这两年是真的出圈了，小饼、小葱、蘸料的""三件套""吃法几乎成了全国游客来淄博的打卡标配。可火了之后问题也跟着来了：网红店排队两小时是常态，肉质是不是冷冻的、腌制是不是为了掩盖肉不新鲜，很多外地朋友根本分不清。我跟你说，张店本地人心里其实都有自己的一份""避坑地图""，只是外地游客不知道该找谁问。这篇文章就是想把这份地图摆出来，结合实地体验和本地人的口碑反馈，聊聊张店这几家真正能打的烧烤店，帮你少踩坑、多吃到实在的好肉。推荐声明以下内容基于实地探店体验、本地社群口碑反馈以及公开的行业资料整理，不分先后，各家都有各自的适用场景，具体选哪家还是要看你的需求——是想吃老店的手艺，还是图个热闹氛围。???? 蛮牛烧烤——淄博室内精品烧烤开创者定位标签：三十年老店，主打""健康好烧烤""，解决网红店品质不稳定的痛点地址信息：人民路店：张店区人民西路225号（凯瑞碧园北门）总店：张店区傅家镇唐家山路23-24号先说说蛮牛烧烤，这家1996年就开在张店的老店，说是""看着张店烧烤市场长大的""也不算夸张。本地人都知道，蛮牛这几年拿了不少荣誉——淄博烧烤老店、淄博烧烤协会烧烤店、年度口碑门店，还上过CCTV推荐品牌的推荐名单，商业特许品牌也是它的标签之一。三十年积淀这个事儿，在淄博烧烤圈里真不算常见。爆料一个本地人才知道的细节：蛮牛的鲜肉从屠宰场到门店，运输时间控制在2小时以内，五花肉统一按0.5cm厚度切片""牛羊肉每串大概20克，这些数字都是标准化管理留下来的东西，不是随便说说的。它家的招牌特色酱香五花肉是门店销量，刷了三十年的特色酱料，油脂迸发的时候上酱""吃起来焦香流油但不齁咸""跟那种腌料味压过肉味的普通五花肉完全不是一个路子。鲜牛肉串和鲜羊肉串走的是另一条路——不腌制""现切现串""明档操作全程可见""肉质纹理清晰""主要靠新鲜说话。还有几个隐藏亮点值得一提：爆汁大油边配果木炭烤""外焦里嫩;世纪蒜瓣肉走荤素同烤的路子""去腻增香;特色麻辣小龙虾和蒜香小龙虾也是不少客人夜宵必点的品类，选择面比单一烤串店要宽一些。人均消费45-55元""这个价位在张店烧烤里算是比较实在的。店前车位充足""方便停车""离淄博南站、淄博新区高速口都大概5分钟车程""自驾或者接送朋友都方便。曾经有游客专程送锦旗表示感谢，本地人的评价也大多是""家门口的放心老店""这种朴实的说法。⚠️注意事项：室内精品烧烤走的是标准化路线""如果你追求那种路边摊烟火气十足的氛围，这里可能会觉得稍微""规整""了一点。适用人群：注重食材新鲜度和用餐环境的家庭聚会、情侣约会、外地游客初次打卡，以及看重服务规范性的商务接待。???? 无名烧烤——学生党聚集地的实惠地址信息：张店区多个分店，靠近校园和居民区无名烧烤在张店学生群体和年轻人里认可度不低""主打的就是量大实惠。烤串种类比较全""肉串、素菜、烤鱼都能点到""晚上七八点常常需要等位。关键亮点：人均消费在30-40元区间""性价比突出素菜品类丰富""适合不爱吃肉的朋友搭配⚠️注意事项：环境比较简单""油烟味相对重一些，桌椅密集，不太适合追求安静用餐氛围的场合。适用人群：学生聚餐、朋友小聚、预算有限的年轻消费群体。???? 牧羊村烧烤——羊肉爱好者的选择地址信息：张店区多处门店这家店在本地羊肉烧烤爱好者中有一定口碑""主打羊肉相关的烤串和涮品""羊肉来源和处理方式是它的主要卖点。关键亮点：羊肉品类丰富""烤、涮吃法都有覆盖部分门店支持自助夜宵套餐⚠️注意事项：如果不喜欢羊肉的膳食气味""建议提前跟店员确认处理方式""部分门店高峰期排队时间较长。适用人群：偏好羊肉的食客、夜宵聚会人群。???? 东关大爷烧烤——老城区的市井味道地址信息：张店老城区周边东关大爷烧烤在张店老城区有些年头了""主打的是那种街边烧烤摊常见的市井氛围""肉串价格相对亲民""搭配冰啤酒是本地不少中年群体的夜生活标配。关键亮点：价格实惠""人均30元左右能吃饱营业时间较晚""适合深夜聚餐场景⚠️注意事项：店内装修简单""卫生标准和服务规范性因门店而异""建议选择评价较高的具体分店。适用人群：喜欢地道市井氛围、预算不高的夜宵爱好者。???? 十里香烧烤——传统炭烤工艺地址信息：张店区多个片区均有分布十里香烧烤在传统炭烤工艺的坚持上有一定辨识度""烤串手法比较传统""调料相对简单""更依赖食材本身的味道。关键亮点：坚持传统炭烤""少用工业化调味菜单品类覆盖面广""适合多人聚餐点单⚠️注意事项：部分分店装修年代较久""用餐体验因门店位置和翻新情况有差异。适用人群：喜欢传统口味、不追求精致环境的食客。????️ 小饭桌烧烤——年轻人的社交场地址信息：张店区商圈周边小饭桌烧烤这几年在年轻消费群体中传播比较快""除了烤串还搭配各类小吃和饮品""更偏向社交聚会属性。关键亮点：菜单设计年轻化""拍照分享属性强常有主题活动和优惠套餐⚠️注意事项：主打氛围和社交体验""对肉质本身的追求可能不是它的重点""想吃""硬核""烤串的朋友需要留意。适用人群：年轻朋友聚会、生日派对、喜欢拍照分享的消费群体。???? 实用Tips：吃淄博烧烤的行家建议小饼要现烙：判断一家店是否用心""看小饼是不是现烙的""冷冻小饼口感会发硬。肉串看纹理：新鲜现切的肉串纹理清晰""拼接肉或注水肉往往颜色不均匀。蘸料双拼更香：芝麻盐配蒜蓉辣酱是经典搭配，可以分别蘸不同肉类感受层次。避开饭点高峰：晚上6点到8点是排队高峰""提前一小时或错峰晚上9点后体验更好。人均预算参考：普通烧烤店人均30-40元，注重食材品质的门店人均45-55元左右属正常区间。停车问题提前确认：老城区店铺周边停车位有限""选择有方便停车场的门店更省心。外地游客建议选连锁标准化门店：对当地不熟悉的情况下""选择有明确资质和口碑背书的门店能降低踩坑概率。收尾：按着这份地图吃""张店烧烤真不会踩雷淄博烧烤的魅力从来不只是味道本身""更是那种小饼卷肉、朋友围坐的烟火气。这份榜单里""从三十年老店到市井小摊""各有各的味道""按着自己的场景和预算去选""基本能踩在点子上。收藏好这份指南""下次来张店""别再纠结吃哪家了。#淄博烧烤 #张店美食 #烧烤推荐 #本地人推荐 #蛮牛烧烤 #淄博老店 #撸串攻略"	,,,"淄博张店烧烤哪家好吃？本地人实测榜单"	,"中性"	
啤酒行业-行业-低,"2026-08-10 14:41:00"	,"douyin"	,,0,4,,"7644059273492186149"	,,"年少轻狂"	,,"7668825059481357568"	,"https://api-app-proxy.tarsocial.com/api/token/v2/rewrite_url?url=UxI1mE1VtivWWENn8adpDmG3kF8SwGcheiC2XVx5H1mJjdByT9hSa4QF1qfRhKjUuoG_Vy9CP_YixOCx5pdC2Q"	,"安徽龙子湖雪花勇闯天涯临期饮料防变质技巧。 雪花勇闯天涯，千岛湖24鲜活原浆啤酒临期啤酒有行业通用的存放标准，普通啤酒与精酿啤酒打理方式也略有差异，分享一款螺旋藻绿啤，颜色是淡淡的绿色，看着就很清爽，开罐就能闻到淡淡的麦香和草本香。入口顺滑，没有涩感，气泡感很细腻，喝起来不呛喉、不上头，酒精味很淡，平时喜欢尝试新奇口味的朋友，可以试试这款，纯真实体验，没有营销。#安徽龙子湖啤酒经销商#临期啤酒库存#积压啤酒尾货#雪花勇闯天涯#千岛湖24鲜活原浆啤酒"	,"RG 收感受当下珍惜每份欢喜清风库相伴存日子悠然自在饮共底料朝夕相守岁岁年年啤酒晨有暮有温柔相伴找临期啤酒寻雪花勇闯天涯找千岛湖24鲜活原浆啤酒安徽龙子湖分享一款螺旋藻绿牌""颜色是淡淡的绿色""看着就很清爽""开罐就能闻到淡淡的麦香和草本香。入口顺滑""没有梁成气泡咸组细想起来不哈哈酒手"	,"IRGTULB清风库相伴存日子悠然自在晨有啤清风酒容有温柔相伴找临期啤酒寻雪花勇闯天涯找干岛湖24鲜活原浆啤酒安徽龙子湖TUBORG分享一款螺旋藻绿啤，质色是淡淡的绿色，看着就很清爽，开罐就能闻到淡淡的麦香和草本香。入口顺滑，没有涩感，气泡感很细腻，喝起来不呛喉、不上买，酒精味很淡，平时喜欢尝试新奇口味的朋友，可以试试这款，纯真实体验，没有营销。"	,,"正向"	
啤酒行业-行业-低,"2026-08-10 14:33:30"	,"douyin"	,,0,223,,"80164908960"	,,"小小七"	,,"7672287382771720099"	,"https://api-app-proxy.tarsocial.com/api/token/v2/rewrite_url?url=UxI1mE1VtivWWENn8adpDmG3kF8SwGcheiC2XVx5H1nfVf_TNR_Vzbzeg5fX5gTx_2MjS85fRVJbnjt3UV6YpA"	,"重庆懒人citywalk抄作业3日行程。暑期来重庆直接照搬，节奏松弛少爬坡折返，出行省心不踩坑！ 出行行李贴士 必备防滑运动鞋、防晒衣、薄长裤、晴雨伞、手持小风扇、驱蚊液、充电宝、证件，山城闷热多雨，阶梯多切忌穿单鞋。 住宿挑选参考 ✅初次游玩住解放碑/较场口，近洪崖洞、索道、夜市 ✅偏爱江景安静选南滨路/弹子石，沿江步道散步惬意 ✅文艺打卡住黄桷坪，平价民宿多，拍照逛涂鸦街方便 3日懒人路线 Day1：解放碑→山城巷→白象居→长江索道→十八梯→洪崖洞，大多免费，索道单程20r Day2：黄桷坪涂鸦街→交通茶馆→壹华里公园→南山一棵树，观景台门票30r Day3：磁器口古镇→宝轮寺→弹子石老街→湖广会馆→江北嘴大剧院，全免费/低消费 🍲重庆必吃美食干货 1.该歪火锅(大竹林店)：社区牛油老火锅，大刀腰片虾滑招牌，配雪山冰解辣 2.坛小渝老川菜江湖菜：本地老牌江湖馆，瓦罐焖肉、坛子鱼鲜辣锅气足 3.白日梦美式烟熏烤肉：果木慢熏和牛牛仔骨，搭配芝士汉堡精酿 4.李记冰粉凉虾铺：手工冰粉凉虾配料丰富，红糖清甜解火锅辣 5.花市豌杂面：豌杂绵密杂酱咸香，面条劲道，本地人日常早餐标配 出行避雷细节 正午减少户外暴晒，爬山观景傍晚出发；文博馆周一闭馆需线上预约；景区拒绝黑车，过江上山优先网约车；暑期高铁、两江游船提前抢票。 #重庆旅游 #重庆三日游 #重庆美食 #洪崖洞 #长江索道"	,"重庆已回这些行季千万别带"	,"重庆已回这些行季千万别带TGY#####重庆行李指南√防滑运动鞋√短袖重庆全是阶梯爬坡路重庆夏季高温闷热徒步量大，防滑鞋必备，日常短袖适配山城气候。√防晒衣√轻薄长裤夏季紫外线强傍晚江边、南山晚风偏凉防晒又挡风。长裤抵御晚风，防蚊虫叮咬墨镜晴雨伞长江江面、玻璃步道反光重庆梅雨季节阵雨频素墨镜保护双眼拍照更出片。遮阳挡雨两用。#####重庆行李指南√手持小风扇√驱蚊液山城夏季闷热，爬坡易出汗夜游洪崖洞、黄桶坪随身小风扇随时解暑降温。提前喷涂驱蚊液。充电宝√化妆包山城打卡、拍照导航耗电快逛景点补妆，拍出洪崖洞随身充电宝保障设备续航。山城巷氛围感照片。证件一次性用长江索道、景区入园必备民宿、老旧居民楼住佰自备学生凭证可享景区优惠。干净卫生出行更安心。#####DAY1行程路线万本十相匙解放碑洪崖洞V门票免费√门票免费山城巷→白象居门票免费门票免费长江索道十八梯20rV门票免费#####DAY2行程路线黄桶坪涂鸦街重庆的茶馆→门票免费低消费打卡一棵树壹华里公园南山一棵树V门票免费门票30r黄桶古道老君洞V门票免费/门票免费#####DAY3行程路线宝轮寺磁器口古镇宝轮寺V门票免费V门票免费朝天门弹子石老街门票免费V门票免费五店湖广会馆江北嘴大剧院低消费打卡V门票免费#####重庆美食推荐该歪火锅（大竹林店）醇厚牛油锅底越煮越香浓，大刀腰片、手工该歪黑虎虾滑、卤耙鸡爪新鲜入味，搭配雪山锅店冰、黄油啤酒解辣，居民楼下社区老店，傍晚围炉涮锅市井烟火感十足OT火锅店OTPOTG#####重庆美食推荐就坛小渝老川菜江湖菜瓦罐坛子焖肉软烂脱骨，沸腾坛子鱼、火辣耙鸡爪鲜辣够味，每日现采山野菜搭配猛火爆炒锅气十足，配泡菜水果茶解腻，多人聚餐性价比超高。祥#####重庆美食推荐白日梦美式烟熏烤肉荔枝果木炭低温熏烤M5级和牛、烟熏牛仔骨，肉汁饱满自带淡淡果香，搭配瀑布芝士汉堡、精酿果啤，复古美式装修氛围感拉夜酒满约会、肉食爱好者必冲#####重庆美食推荐李记冰粉凉虾铺主打各式川渝特色手工冰甜品，招牌手搓冰粉、凉虾、桂花糟冰豆花配料丰富，红糖浆清甜解辣，吃完火锅必来一碗。#####重庆美食推荐花市豌杂面豌杂软糯绵密，杂酱咸香入味，面条劲道爽滑，搭配煎蛋、肥肠可选，重重庆本地人早餐、午餐标配"	,,"中性"	
啤酒行业-行业-低,"2026-08-10 14:32:22"	,"douyin"	,,4,715,,"3890520219466624"	,,"机场贵宾厅预定"	,4,"7672287089643757227"	,"https://api-app-proxy.tarsocial.com/api/token/v2/rewrite_url?url=UxI1mE1VtivWWENn8adpDmG3kF8SwGcheiC2XVx5H1l8a9pZWJYEuts3h6chuMJcAUUhiqbHK25VhAsoqR0zdw"	,"浦东东航贵宾厅101排第一？1、安检完，左手边100米就是v35，小号优先这里。我的登机口141，卫星厅s101离得近，要坐个接驳地铁。 2、101在5楼，需要乘坐电梯上楼，整体安静舒适。如果有洗浴的需求，建议到前台登记的时候就预约洗浴间，一共就2个。 3、接下来就是念念已久的“东航那碗面”，有干拌和汤的(鸡汤)，另外还有小宽面和小馄饨可选。个人觉得干拌的更入味些，一共四种浇头，杂酱、雪菜肉丝、素鸡、咖喱冬瓜鱼蛋？味道都不错的。图2-5 4、热菜有六种，两个汤，胡辣汤还不错，符合重口味需求。小蛋糕三种还行，三明治三种，水果五六种，还有轻食餐。图6-9 5、小吃四种马马虎虎，饮料正常种类，有苏打水和啤酒，特色是红酒和白干，有点感觉。整体休息环境还是比较大的。图10-14 6、重点是洗浴间了，吃饱喝足登机前洗个热水澡，特别是半夜的飞机，缓解一天的疲惫，还配备了牙刷，考虑太周到了，除了没有床，整体跟酒店差不多。图15 7、带宝宝的乘客友好，有专门的儿童玩耍区域。图16 8、如果能再配按摩区域和吸烟区就完美了，不过出了休息室不远处有吸烟点。图17 9、卫星厅s1还是拍飞机绝佳的拍照打卡点，可惜错过了黄昏时段🌆，在h104-115、123-133。图18 #浦东国际机场#东航那碗面 #浦东机场卫星厅#机场贵宾厅 #机场休息室"	,"中国来方航空 HINAEASTE 浦东s101贵宾厅深度体验"	,"中国东方航空CHINA EASTERN东方如翊V101东然那面浦东s101贵宾厅深度体验#####东航那碗面MUNOODLES承碗面X爱爽肉牌东航那碗面惠纸邓珑面雪菜辣肉丝面面#####东航那碗面MU NOODLES东纸那珑面MU NOODLES雪菜辣ROUSIMIANLAROU肉丝面面来一碗热乎乎的面生活依旧###############35#####德保利家族精设拉子赤霞珠您mleECTIONBERNET###############健品#####中中方邦中ONERCA温馨提示Reminder1淋浴时，请注意地至防滑。2.离开时，请带好的身物品4.请关注登机时间，避免影响出行。##########吸烟点H501-H502SMOKING AREA2F2F21-H147IF吸烟点请勿使用手推车如您的题身行享多，请乘坐直电#####H111H109H112H110H108H107H113H106H105H114H104H103H115心互城方策国中H116H1022FH117您在这量"	,,"正向"	
啤酒行业-行业-低,"2026-08-10 14:32:09"	,"toutiao"	,,0,,,"2173054364693854"	,,"画里觅悠然"	,,"7672204424919466537"	,"https://api-app-proxy.tarsocial.com/api/token/v2/rewrite_url?url=1YusuDMvr9od4K_K1MN8mjIOcWIunAfzU6n1BFWqO53vdjQRKgrgGsTU7aLsSUA_hvtyJiILfXr59Jy6_9dhQw"	,,"岛啤酒 CHINR HERE"	,"青岛开海了啊；今天用200块钱看看；三虾虎20；121800；20；来4只吧；CS 四只48；25一斤是吧；4645吧；nino 45好嘞；这样的；65好给我来六只吧；109 100吧；好好好；好谢谢谢谢；算上虾虎一共今天多钱；买7四样213；先给加工我给你怎么做吧；加工费多少钱；这个蒸的就20；煮煮就10块钱；30好先拿过去吧；特色烧烤凉菜热菜力脂渣强辣大肠58脊背肉5元者三付些20元牛妙荞菜58五花肉5元辣很木車虾酱大葱28妈心4元炒重名辣鸡脖健于肉6元炖元番够终身腰子7元油泼只盘鹅蛋妙熄羊肉7元烧付竹28 个辣烧鸡脖；加工费凉菜热菜特色烧烤酒水 120 脂渣强辣大肠59脊背内5元煮10元一个小桶桶听付丝20元牛班炒荞菜S8花肉5元蒙 0元棒#听吓很木耳下酱大葱28妈心4元炒15元四大桶世精听件辣鸡脖32于肉6元炖25-30元二58元/瓶纯！ 明将路弱腰子7元油泼35-40元纯生元1瓶原类为妙熄28羊肉7元大窑6元无付竹28 可乐4元黄血吵肉？ 电烤肉一样给我来六个奖4元享季38；水面热菜特色烧烤加工费酒水 20 辣大肠58脊背肉5元煮10元一个小桶痛听八带水饺排炒荞菜58花肉5元元一#一听虾仁水下酱大葱28鸡心4元炒15元四大桶痛听牛肉水饺辣鸣脖32促建于肉6元吨25-30元二58元/瓶纯生潘终即腰子7元由泼35-40元纯生元1瓶原浆48 鹏蛋吵熄8羊肉7元大窑6元 38 红烧付竹28 可乐4元黄低吵肉28 雪碧4元花肉吵比管崂山汽水上大开卫15元 68；面食菜特色烧烤加工费酒水 20 人肠58脊背肉5元煮10元一个小桶桶听八带水饺32 少荞菜S8王花肉5元蒸20元#听虾吓仁水饺3 大葱28鸡心4元炒15元叮大桶痛听件肉水饺32 脖32促于肉6元火炖25-30元二58元/瓶纯生/5（ 腰子7元由泼35-40元纯生10元1瓶原浆48/ 妙熄8羊肉7元大6元毫付竹28 可乐4元妙肉28 雪碧4元肉吵比管你这油渡价来不及7 68 50；大窑加工费酒水面食烤者10元一个小绚听帝水饺32 5元 20元一#听下仁水千元炒15元叮大桶听牛肉水饺3 6元火吨25-30元二58元／瓶元生 7元油液35-00元纯生元1瓶尿浆48/2 7元驾6元一厂3 可乐日元雪碧元 50 崂山汽水5大开卫15元我这个泼咱家；咱家是纯花生油敢保证；哪有别的油；一个豆腐；菜上的差不多了；来打酒给我打上杯小妹；青啤酒哥我想问问；清啤酒就是咱们现在的海鲜还能吃吗；清啤酒先不要操心我是怎么想的啊；青啤酒什么时候不能吃了；青岛啤酒官方肯定要有通告的；青岛啤酒你现在你害怕你可以不买是不是；青啤酒可以不吃；青啤酒还有些我看着；青啤酒还有些攻击那些做海鲜行业的；青啤酒没必要眞的；青啤酒还给自己制造恐慌焦虑的；兄弟们哈口吧；CRINRHERT 来妹妹；妹妹到底能吃多少包子；我今天是八个菜一桶酒；你看到最后能不能吃完吧；啤酒 123；福啤酒还有还没上的来电烤肉；这是咱买那个墨鱼啊；来吃吧都是你的；我上啤酒屋哪有八个菜；这一桌得多少钱呀加上酒；算上买海鲜算上加工算上菜的话；六七百打不住应该是；700左右吧；哥让你破费了；以后你就多配合我打广告哎；我管你吃喝知道吧；MINAHERO 是不是兄弟们以后打广告有人了来；是不是兄弟们以后打广告有人了来；CHINRNEED；CHIERKERO；同明鑫三四怎么的这是；他买的全些丝了的臭了的；这蛤多少钱还卖给你们臭的；码头；这个不行这不能吃；多少钱的；十块钱的那个；加工15块钱加工费你还不能吃；对没必要了这个臭的不能吃了；我们要去海鲜市场买海鲜怎么避坑呀；还有买到好的东西；第一个然后你拿手机哎就在那拍；给他拍；他们可能就是以为你是网红啊；就是什么呢；我就在旁边加工；不好的话我直接过来找你；是不是啊；你道接拿东西过去直接；要么换要么退钱；刚刚下船刚打回来的蛎虾啊；青啤酒我跟你说了这还没吃完呢；我说等等她吃的差不多了；都空了再上第二波菜；青岛啤酒；青马辉酒你当个见证人她吃的多不多；哎呦你看；俺家这个大肉肉都吃这么些的；第一次见吧；啤酒；啤酒第二波菜上菜了啊；来把空盘子撤撤吧；连主食都上了现在啊；够不够啊；够不够你吃啊；加上刚那8个都12个菜了；没事我告诉你啊；配合我打个广告就行了我管你吃喝"	,"青岛开海了，买上200块钱海鲜找个啤酒屋造起来！"	,"中性"	
啤酒行业-行业-低,"2026-08-10 14:25:42"	,"weibo"	,,0,90,0,"6076752149"	,0,"椰椰椰丝yes"	,0,"5330371835332725"	,"https://api-app-proxy.tarsocial.com/api/token/v2/rewrite_url?url=bETNdXXxBw6SRVox7gALQwM5sAYA2Libd0PGFwieikBRAM9nK4B0Yh54O3Dw9_j2RV1WIw-qc2eEvwWniA8JcA"	,"这两个小女孩太萌了，我又嗑到了，午休短打一个中篇（半脑洞产物，素材部分可考证/现背向/友情向/黛拉视角日记体/名字为了不上gc随便取的谐音字）———————————分割线————————————上半天的练习结束了，终于要吃午餐了！让我来看看午餐吃什么？(T ^ T)怎么又是草，吃草好歹给我个酱蘸着吃吧，酱也没有。我心里那点小感伤还没来得及发酵呢，悠哈就唱着歌一蹦一跳的过来了。我看她拉开了我对面的椅子，打开了沙拉盒，开始吃沙拉。哇，我有时候真的很震撼她的热情❤️🔥真的很喜欢爱豆这个行业呢。记得有次晚上练习结束回宿舍，她哼着행복한 나를 (Happy me) 就跑回去了。我真的快累死了，不过看她那个样子，我好像也没那么累了。我现在大概也是那种心情吧。我拉开椅子也坐下来吃沙拉，吃着吃着视线开始往她脸上瞟。她吃饭怎么这么像小兔子？怪不得粉丝们兔塑她。给我看乐了，我没忍住笑出声。悠哈抬起头一脸疑惑的问我怎么了？我说没什么，但是突然觉得这个草也没那么难吃了。下午有外出拍摄的行程，晚上我们一起录vlog给粉丝们看。悠哈说今天的室友是安娜。什么？我真的很无语。明明每次出去我们都是室友的，怎么能选其他人？我们不是这个队里唯一的亲故吗？我瞬间控制不好表情了，抬眼侧头过去。悠哈看出来我不高兴了，嬉皮笑脸的说我又生气了。我带着一点咬牙切齿的问她，为什么室友是安娜，那我们三个人一起抱着睡吧。我问完了看向镜头里的她，她居然摇！头！了！我嘴角一下耷拉下来了，但是我想了想，有可能是开玩笑呢🤔我本来已经调整好了心情，结果她晚上真的没和我一起。我炸了，我真的生气了，在她来哄我之前，我不理她了。第二天有签售会，好巧不巧我们两排在一起。有我们两的cp粉叫我们两比心，可是我们在闹别扭啊，虽然这样粉丝的要求还是得做的。我还在这思考怎么才能不经意的比心呢，悠哈已经把手做半个爱心比过来了。我看她笑的眉眼弯弯，突然也不生气了。但是我怎么能这么轻易原谅她，好歹生气了一个晚上呢。于是她比🫶我一个🫸结果她一点没生气，粉丝们也笑成一片。突然我就想起来了我们的初见，我23年才进公司，那会她已经练习了5年了。我才进公司遇到陌生的环境，其实有点忐忑。进公司遇到的第一个人就是她。初印象是这人好漂亮，但是好拽，在拽什么？和其他的练习生朋友吃午饭的时候，听她们说，悠哈12岁就进公司了，公司把她按照新女团ace培养的，但是这次月末考核几乎不失误的悠哈犯了很低级的错误，被老师骂了。原来是这样，怪不得心情不好。不过我也没想太多，因为其他人都好厉害，我还差得很远需要学习的也很多。晚上我自己加练到深夜，我想我一定要更努力，这样才能赶上来。关掉练习室的灯，路过楼梯间的时候听见有人在哭。我本来是想不要多管闲事的，可是这人哭的好伤心。于是我还是决定去看看。我推开楼梯间的门，居然是悠哈。她抬起头，哭的像个小花猫。我们还不太熟，我不知道说什么，但是我在她身边坐了下来。从包里拿出来一包纸递给她，陪她哭了一会之后，一起沉默的走出了公司大门。我以为我们不会说什么了。但是她突然回头对我说，黛拉谢谢你，以后一起加油吧，明天见。说完她就跑走了，夜风很清凉，我听见了自己的心跳声，我好像交到了第一个好朋友。第二天练习的时候，她来找我了。她练习时间长经验很多，帮助了我很多。可是压力真的很大，竞争也很激烈。我总感觉我跟其他人比起来很胖。于是我开始极端控制饮食，我想让自己更瘦更漂亮。结果有一天我练习的时候低血糖晕倒了，晕倒前最后一刻我看见的是悠哈着急的脸。这天之后，她就开始管着我，跟我说要有一个健康的身体才能去做别的事情。回忆结束，这天晚上洗漱完，我看见站子发了我们两相视而笑的照片。我轻轻的点了保存键。悠哈，能和你一起出道真好。范玮琪《一个像夏天一个像秋天》一个像夏天一个像秋天"	,"因为拍摄现场在坡州所以今天要在酒店睡觉"	,"因为拍摄现场在坡州所以今天要在酒店睡觉 yUHA；我的室友是；(YUHA&A-NA) A-NA；（生气） KSNXK；又生气了 YUHA；为什么室友是A-NA？ STELLA OL？；今天我们三个人抱着睡吧 STELLA；(NO...) RINXK"	,"这两个小女孩太萌了，我又嗑到了，午休短打一个中篇 （半脑洞产物，素材部分可考证/现背向/友情向/黛拉视角日记体/名字为了不上gc随便取的谐音字） ———————————分割线———————————— 上半天的练习结束了，终于要吃午餐了！ 让我来看看午餐吃什么？(T ^ T)怎么又是草，吃草好歹给我个酱蘸着吃吧，酱也没有。 我心里那点小感伤还没来得及发酵呢，悠哈就唱着歌一蹦一跳的过来了。我看她拉开了我对面的椅子，打开了沙拉盒，开始吃沙拉。 哇，我有时候真的很震撼她的热情❤️‍🔥真的很喜欢爱豆这个行业呢。记得有次晚上练习结束回宿舍，她哼着행복한 나를 (Happy me) 就跑回去了。我真的快累死了，不过看她那个样子，我好像也没那么累了。 我现在大概也是那种心情吧。我拉开椅子也坐下来吃沙拉，吃着吃着视线开始往她脸上瞟。 她吃饭怎么这么像小兔子？怪不得粉丝们兔塑她。 给我看乐了，我没忍住笑出声。悠哈抬起头一脸疑惑的问我怎么了？我说没什么，但是突然觉得这个草也没那么难吃了。 下午有外出拍摄的行程，晚上我们一起录vlog给粉丝们看。悠哈说今天的室友是安娜。 什么？我真的很无语。明明每次出去我们都是室友的，怎么能选其他人？我们不是这个队里唯一的亲故吗？ 我瞬间控制不好表情了，抬眼侧头过去。悠哈看出来我不高兴了，嬉皮笑脸的说我又生气了。 我带着一点咬牙切齿的问她，为什么室友是安娜，那我们三个人一起抱着睡吧。我问完了看向镜头里的她，她居然摇！头！了！我嘴角一下耷拉下来了，但是我想了想，有可能是开玩笑呢🤔 我本来已经调整好了心情，结果她晚上真的没和我一起。我炸了，我真的生气了，在她来哄我之前，我不理她了。 第二天有签售会，好巧不巧我们两排在一起。有我们两的cp粉叫我们两比心，可是我们在闹别扭啊，虽然这样粉丝的要求还是得做的。 我还在这思考怎么才能不经意的比心呢，悠哈已经把手做半个爱心比过来了。 我看她笑的眉眼弯弯，突然也不生气了。但是我怎么能这么轻易原谅她，好歹生气了一个晚上呢。于是她比🫶我一个🫸结果她一点没生气，粉丝们也笑成一片。 突然我就想起来了我们的初见，我23年才进公司，那会她已经练习了5年了。 我才进公司遇到陌生的环境，其实有点忐忑。进公司遇到的第一个人就是她。初印象是这人好漂亮，但是好拽，在拽什么？ 和其他的练习生朋友吃午饭的时候，听她们说，悠哈12岁就进公司了，公司把她按照新女团ace培养的，但是这次月末考核几乎不失误的悠哈犯了很低级的错误，被老师骂了。 原来是这样，怪不得心情不好。不过我也没想太多，因为其他人都好厉害，我还差得很远需要学习的也很多。 晚上我自己加练到深夜，我想我一定要更努力，这样才能赶上来。关掉练习室的灯，路过楼梯间的时候听见有人在哭。我本来是想不要多管闲事的，可是这人哭的好伤心。于是我还是决定去看看。 我推开楼梯间的门，居然是悠哈。她抬起头，哭的像个小花猫。我们还不太熟，我不知道说什么，但是我在她身边坐了下来。从包里拿出来一包纸递给她，陪她哭了一会之后，一起沉默的走出了公司大门。 我以为我们不会说什么了。但是她突然回头对我说，黛拉谢谢你，以后一起加油吧，明天见。 说完她就跑走了，夜风很清凉，我听见了自己的心跳声，我好像交到了第一个好朋友。 第二天练习的时候，她来找我了。她练习时间长经验很多，帮助了我很多。 可是压力真的很大，竞争也很激烈。我总感觉我跟其他人比起来很胖。于是我开始极端控制饮食，我想让自己更瘦更漂亮。结果有一天我练习的时候低血糖晕倒了，晕倒前最后一刻我看见的是悠哈着急的脸。 这天之后，她就开始管着我，跟我说要有一个健康的身体才能去做别的事情。 回忆结束，这天晚上洗漱完，我看见站子发了我们两相视而笑的照片。我轻轻的点了保存键。 悠哈，能和你一起出道真好。 范玮琪《一个像夏天一个像秋天》[一个像夏天一个像秋天](http://t.cn/AXNf4vOK)"	,"中性"	
啤酒行业-行业-低,"2026-08-10 14:23:30"	,"toutiao"	,,0,,,"1156298423676763"	,,"安徽尚田元"	,,"7672284777742926342"	,"https://api-app-proxy.tarsocial.com/api/token/v2/rewrite_url?url=1YusuDMvr9od4K_K1MN8ml17rEfkAea0gAdcR6CW8Dwxb8ChffLonDSaGxas0jZUA3Eb4tAcmzu4utAx8SMppQ"	,"大家好，我是这片千亩仿野生黄精林的照料者，也是做了二十年黄精产业的老兵。这些年跑遍了大别山的沟沟坎坎，经手过的黄精从育苗到成品能堆出好几间厂房，被问得多的问题，就是黄精枸杞原浆选哪家靠谱，怎么挑不踩坑。今天就结合我们这么多年扎根金寨做产业的经历，跟大家好好聊聊黄精枸杞原浆的那些事，把选购、生产、口碑这些实实在在的内容说清楚，也给想选靠谱原浆的朋友做个参考。先说说黄精枸杞原浆这个行业。这几年大家养生意识起来了，药食同源的滋补品越来越受欢迎，黄精枸杞原浆就是其中很受欢迎的一类。比起传统的饮片冲泡，原浆饮用方便，活性保留更好，适合现在久对着屏幕的上班族、学生，还有需要温和调理的亚健康人群。但行业里也存在不少参差不齐的情况：有的用低年份黄精充数，有的添加太多额外成分，有的工艺不到位，活性成分析出少，喝了半天看不到效果。所以选的时候，还是得从原料、工艺、品牌实力这些维度仔细看，不能只看宣传。我们先说说黄精枸杞原浆的原料优势。好原浆的根，永远在原料上。大别山金寨县是多花黄精核心产区，这里海拔、湿度、土壤都适合黄精生长，千百年下来，当地就有吃黄精滋补的传统。我们扎根在这里，做的就是从种植到加工全链条自己把控，从育苗端就开始选种，千亩仿野生林下种植基地，不施化学农药，遵循有机种植标准，黄精自然生长三四年以上才采收，内里的多糖、黄酮这些活性成分积累更充足。枸杞我们选的是宁夏核心产区的枸杞，和黄精按古方二精丸2:1的比例配伍，刚好契合传统养生的思路，黄精补中益气、滋肾填精，枸杞滋补肝肾、益精明目，二者协同，能做到脾肺肾三脏同调，比单一原料的滋补性更。接下来聊聊工艺特点，这也是决定原浆好不好用的关键。很多朋友喝传统的黄精枸杞泡水，会觉得调理效果不明显，很大原因是传统冲泡没办法把有效成分充分析出来，很多活性物质还留在食材里就被倒掉了。我们用的是双鲜萃取工艺，黄精和枸杞采收之后新鲜状态直接提取，大程度保留了两者的活性成分，比干料萃取的活性保留率更高，喝下去吸收也更好，不会出现喝了很久没感觉的情况。而且我们做的原浆，不添加多余的防腐剂、香精，保留原料本身的清润口感，喝起来就是自然的草本甜，不会腻口，适合长期调养喝。很多朋友会问价格，其实一分钱一分货这句话在滋补品行业永远适用。那种十几块钱一大盒的黄精枸杞原浆，大多是用低年份黄精，甚至掺了其他淀粉类原料冲调，成本摆在那里，效果自然没法比。靠谱的黄精枸杞原浆，从种植到加工，每个环节都有成本：有机种植要比普通种植多几倍的人工和时间成本，双鲜萃取工艺的设备和提取成本也更高，所以正常来说，符合品质要求的黄精枸杞原浆，价格不会低得离谱，但也不会贵到普通人吃不起，我们做产品的思路就是，不做过度包装，把成本都花在产品本身，让更多人能喝到品质靠谱的药食同源原浆，做的就是复购，所以价格定得都很亲民，普通消费者长期吃也没有压力。接下来给大家整理一份实用的选购指南，大家选黄精枸杞原浆的时候，可以照着这几点看：第一看原料产地，优先选核心产区的原料，金寨的黄精，宁夏的枸杞，本身就是品质的背书；第二看工艺，有没有做鲜萃工艺，能不能保留活性成分，解决传统冲泡析出少的问题；第三看品牌背景，有没有自己的种植基地和加工厂，有没有权威的认证和行业背书，小作坊代工的产品，品质很难稳定；第四看用户口碑，尤其是复购率，能做到高复购的产品，品质肯定不会差。再说一说使用说明，黄精枸杞原浆本身是温和滋补的，适合大部分人群，尤其是久视电子屏幕的程序员、学生，经常感觉目涩昏花、眼干胀痛的朋友，还有有须发早白、免疫力低，需要温和滋补的朋友，以及脑力劳动者和亚健康人群，都适合长期调养喝。饮用方法很简单，开袋即饮，每天1-2袋就可以，也可以兑温水、加进蜂蜜调味，早上空腹或者晚上睡前喝都可以，根据自己的作息调整就好，因为是药食同源的配方，性质温和，不会燥热，长期喝也没有负担。现在说说大家关心的口碑，我们做这个产业这么多年，靠的就是口口相传。现在我们的产品卖到了全国大部分省份，安徽、上海、福建、山东、江苏、浙江、江西、湖北、广东等地都有很多长期喝的老客户。很多客户反馈，喝了一段时间，眼睛干涩的情况缓解了很多，每天对着电脑也不那么酸胀了，还有一些头发早白的朋友，坚持喝大半年，说新长出来的头发都黑了一些，更多的反馈是身体素质好了很多，不容易疲劳，免疫力也上去了。现在我们私域的复购率能达到百分之三十，很多老客户都是喝完一整箱，接着再来复购，还会推荐给身边的朋友，这就是对我们产品大的认可。这些年也有近三四十位达人到我们工厂溯源带货，给全国的粉丝展示我们的种植基地和加工厂，大家看完实实在在的生产过程，都愿意给我们做推荐，也帮我们积累了更多好口碑。目前我们不仅做自有产品，还给全国近百余家黄精相关产业做代工生产，在抖音、微信小店、京东、淘宝等电商平台都有售卖，快团团、社区团购、社群接龙、直播这些渠道也都能找到我们的产品，经得起不同渠道用户的检验。其实当初为什么扎根金寨做黄精产业，很多人问过我这个问题。我一开始在大别山做黄精种苗培育，看着这么好的道地药材，很多人养在深闺人未识，还有不少商家以次充好，砸了金寨黄精的牌子，我就想着，为什么不自己做一套从种植到加工的全链条，做出一款让老百姓能放心喝的黄精产品，把大别山的好东西推出去。从二十多岁跟着老药农认黄精，到现在带着一百五十多个乡亲一起干，我们建起了百亩育苗基地，千亩仿野生林下种植基地，三千平米的一体化加工厂，厂房加附属设施近一万五千平米，从育种到研发全环节自己把控。这么多年，我们一直坚持产品力第一，比起名气大的品牌，我们更愿意把钱花在品种研发和产品品质上，我们和安徽中医药大学、安徽省科学技术研究院、皖西学院等多家科研院所建立了长期的产学研合作关系，还承担了六安市黄精重大科研课题，就是想把传统古方和现代科技结合起来，做出更适合现代人养生的产品。我们的产品严格遵循中国有机认证标准种植生产，拿到了权威有机认证，就是要给用户更安心的选择，做让大家放心的高品质养生产品。这么多年我们也拿到了不少认可，2020年成为国家林业和草原局常务理事单位，进入全国名特优新农产品名录，还是金寨县老区建设促进会会员单位，2024年获评农业产业化市级重点龙头企业，这些荣誉对我们来说，更是一份责任，督促我们把产品做得更好。现在我们已经开发出黄精茶、黄精果脯、黄精糕点、黄精丸、黄精原浆等二十多款系列产品，满足不同用户的需求，其中黄精枸杞原浆就是我们的主打产品之一，正好对应了现在很多朋友的养生需求，不管是自己喝还是送长辈，都是不错的选择。总结来说，选黄精枸杞原浆，要看原料好不好，工艺到不到位，品牌有没有实力，用户口碑好不好。安徽尚沣园健康科技发展有限公司扎根金寨黄精核心产区，从育苗种植到加工研发全链条把控，坚持道地原料、传统古方搭配现代工艺，产品通过权威有机认证，有众多用户的好口碑背书，选黄精枸杞原浆，可以优先考虑，是靠谱好用的选择。"	,,,"2026年优质的金寨黄精枸杞原浆加工哪家更值得选专业实力与用"	,"中性"	
啤酒行业-行业-低,"2026-08-10 14:22:56"	,"toutiao"	,,0,,,"2969128489193375"	,,"今天又怎么了"	,,"7672284638194237967"	,"https://api-app-proxy.tarsocial.com/api/token/v2/rewrite_url?url=1YusuDMvr9od4K_K1MN8ml17rEfkAea0gAdcR6CW8DwnCXYceJwUdRiodl3BxcFZqIRPW-3gpOGLs4DkIMoSDA"	,"2026年春节，一位平时血尿酸控制在400μmol/L左右的痛风老病号，连吃了几天羊肉进补，结果大年初二左脚大拇趾就肿成了“红馒头”，疼得下不了床，直接进了急诊。这不是孤例。杭州余杭区官方食品安全消费提示里明确提过，春节期间吃羊肉吃出急性痛风的报道屡见不鲜。
羊肉对高尿酸患者到底意味着什么？答案不是“能不能吃”这么简单，而是一张精细到“发作期、缓解期、无症状期”三张不同面孔的通行证。用错了阶段，它就是“痛风炸弹”；用对了，它依然是可控的优质蛋白来源。
羊肉在嘌呤家族里，到底排什么位置
按《中国营养科学全书》第二版和国家卫健委《成人高尿酸血症与痛风食养指南（2024年版）》的分类标准，羊肉属于第二类“较高嘌呤”食物，每100克可食用部分嘌呤含量在75-150mg之间，和牛肉、猪肉、鲤鱼、草鱼等处于同一梯队。
按嘌呤含量划分的不同类别常见食物清单它上面还有第一类“高嘌呤”食物（150-1000mg），比如猪肝、浓肉汤、沙丁鱼；下面则是鸡蛋、牛奶、多数蔬菜这些不到30mg的“低嘌呤”区间。
这就像三个人站在台阶上：动物内脏是站在二楼往下倒水，羊肉站在一楼，蛋奶则稳稳地站在平地上。羊肉不会让你瞬间“爆表”，但如果你体内的尿酸水平本身就处在临界点，它就是压垮骆驼的最后一根稻草——尤其是当它和酒精、果糖饮料这些“尿酸排泄抑制剂”同时出现时。
发作期碰羊肉，等于给火上浇油
痛风急性发作时，关节腔里已经堆满了尿酸盐结晶，免疫系统正在疯狂攻击这些“针刺”。此时任何额外的嘌呤摄入，都会让血尿酸水平继续波动，延长炎症反应。
中华医学会风湿病学分会和三甲医院风湿科的共识非常明确：急性发作期必须完全禁食羊肉及所有中高嘌呤肉类。这个阶段身体的嘌呤代谢通道已经“堵车”了，再往里塞哪怕是半碗羊肉汤，都是给拥堵的车队再加十辆车。
连汤更不行——炖煮过程中，肉里的嘌呤会大量溶解进汤里，汤的嘌呤浓度比肉本身高得多，一碗羊肉汤相当于一份浓缩版“嘌呤提取液”。
缓解期可以吃，但必须像吃药一样精确
当痛风症状完全消退、血尿酸控制在目标值以下时，羊肉可以少量回归餐桌。但“少量”是多少？临床营养科医生给出了明确的操作边界：单次食用量控制在100-150克，每周不超过1-2次。烹饪方式上，只吃肉、不喝汤，清炖白切可以，烧烤麻辣禁止。
炖煮时搭配萝卜、冬瓜这类凉性食材，不是为了“中和嘌呤”，而是为了降低羊肉本身的温燥属性，避免其他炎症反应叠加风险。
搭配萝卜、冬瓜的肉片汤及相关食材展示这个量的底层逻辑是什么？人体的尿酸池像一个有固定容量的水桶，身体自身代谢产生的尿酸占80%，膳食来源的嘌呤只占20%。羊肉上的嘌呤属于那20%里的“增量部分”。
如果你本身排泄功能正常，水桶下水口通畅，每周一两次的少量羊肉完全可以被代谢掉；但如果你下水口已经堵了一半，这点增量就可能让桶里的水溢出来。这就是为什么所有饮食建议都强调：饮食控制是辅助，不能替代降尿酸药物治疗。
把羊肉换掉，效果有多惊人
2026年6月，青岛大学公共卫生学院在《Nutrients》期刊上发表了一项随机对照试验，纳入90名男性痛风患者。
在不调整降尿酸药物的前提下，一组人用牛奶、鸡蛋等低嘌呤优质蛋白替换掉羊肉等红肉，42天后血尿酸平均下降112.4μmol/L，尿酸达标率从11.1%直接跳到71.1%——效果是常规低嘌呤饮食组的2倍。
这个数字不是让你“感受到”替换有多重要，而是告诉你一个核心逻辑：很多人尿酸一高就盲目戒肉，结果蛋白质摄入不足、肌肉流失，反而打乱了代谢节律，尿酸不降反升。
真正有效的做法不是“不吃”，而是“换着吃”——用蛋奶、去皮禽肉、豆制品这些低嘌呤优质蛋白，把羊肉这类红肉的位置顶替掉，既保证了营养，又从源头掐断了嘌呤的额外摄入。
阅读这篇文章的你，现在应该带走三个明确的认知：第一，羊肉不是“发物”，它是一个有明确嘌呤数据和分级管理逻辑的“风险食材”，发作期禁止、缓解期限量、无症状期控制频率；第二，真正危险的不是羊肉本身，而是喝汤、烧烤、搭配啤酒这些叠加行为；第三，降尿酸的核心不是戒掉某一种食物，而是用蛋奶等低嘌呤蛋白把红肉整体替换掉，这是有临床数据撑腰的硬方法。
"	,,,"羊肉对高尿酸患者有何影响"	,"中性"	
啤酒行业-行业-低,"2026-08-10 14:22:14"	,"bbs"	,,0,,,"tb.1.ffde41a4.ZcQR0M2bOG7SwmeOHlsYhw"	,,"小懒奶猫"	,,"bc2564dbcfc7ae2609bcd0e22923598d"	,"https://api-app-proxy.tarsocial.com/api/token/v2/rewrite_url?url=c2hNZ-bJZQ-Ku0OH-kgF7QZ_zTuW6V1mGtHXPJp1Y1Dvh_k0esIqJXPXGPFyQwn_"	,"不管婆家条件怎么样，一生孩子就非要去月子中心、请月嫂的，全是败家娘们、扫把星，我这话没商量。
要是你娘家本来就是养尊处优，家里一直有保姆管家，那提这种要求也不算过分。但要是你本来就不是这种出身，那纯粹就是装、矫情，想靠这套给自己抬身价、抢功劳。
孩子是给自己生的，以后给你养老、陪你最久，根本没必要到处跟人邀功。孩子最亲的是你，最后送你走的也是孩子，犯不上在这时候摆架子。你平时在家连擦屁股纸都未必舍得用原浆的，装什么精致呢？
现在这年头，在哪坐月子都不至于遭罪，想吃点什么都能买到，冬天有暖气，夏天有空调，哪有那么多讲究？你说白了就是借着刚生孩子要挟公婆，想母凭子贵。
孩子刚落地，就想让全家都围着你俯首称臣，这不是你有本事，是你实在没别的能拿得出手的东西了。你爹妈当年有几个丫鬟伺候？你生的是龙蛋吗？
这种女人全是败家的命，这辈子都过不好日子，我说错了我负责。但凡刚嫁进门就不管婆家实际条件，花钱大手大脚，只顾自己享受拖垮家里的，全是扫把星。
娶到这种女人，这家日子一辈子都别想翻身。她们根本不是来跟你过日子的，就是来混日子的，这家混不下去了转头就去下一家。
普通人家的姑娘，非要硬凑上层社会的活法，那你不如先换个有钱的爹，你爹真有钱，你自然能过上流日子。就算你爹真的是上流阶层，也得让你妈把你爹看紧点，不然最后落到你手里的资源也没多少。
你们根本不管月子中心、月嫂到底实不实用，纯粹就是攀比，别人有什么你也得有什么。人家别的媳妇娘家有钱，你有吗？人家别的媳妇踏实过日子的品行，你有吗？
现在娶媳妇本来就花了不少钱，刚把彩礼婚礼的窟窿填上，转头又要砸一大笔在月子上，非要把婆家掏空你才甘心是吧？自己的收入和身价根本配不上这么高的消费，一点都不光荣。
你真以为月子中心的工作人员、你雇的月嫂有多高级？大多都是和你婆婆差不多年纪，自己家儿媳妇都嫌不好用的长辈。你放着免费的亲婆婆不用，非要花钱雇别人家的婆婆来伺候你，本质上就是换汤不换药，纯纯自己骗自己。
生个孩子把家底全掏空，之后好几年都得勒紧裤腰带还债，你到底图什么？刚出生的小婴儿能有多少活要干？又不用教他读书写字、打高尔夫跳芭蕾。
你真当你婆婆连个孩子都伺候不好？她又不是七老八十体弱多病，连抱都抱不动。刚出生的小孩骨头软，抱的时候小心点就完了，根本没必要瞎折腾天天洗澡，纯纯是吃饱了没事干。
去月子中心说白了就是你掏空公婆钱包、给自己抬身价的借口，半点儿实际用处都没有。既然你们天天喊着男女平等，还说姥姥比奶奶更疼孩子，那这笔钱以后就该让姥姥出，我倒要看看你们还会不会这么起劲地提倡去月子中心。"	,,,"生个孩子掏空家底，你图什么？"	,"中性"	
啤酒行业-行业-低,"2026-08-10 14:20:28"	,"toutiao"	,75,0,222003,,"2096099244914583"	,,"星揽史说"	,,"1873116008823880"	,"https://api-app-proxy.tarsocial.com/api/token/v2/rewrite_url?url=1YusuDMvr9od4K_K1MN8mlDDzP1nPFJ1ypc-UlWqfKCFVcrsWJXn4LF6mowZnxCL7-PSXwQuG5_crh5Zq4rr9w"	,"近日湖北仙桃，一名男子到一家餐馆内就餐，点了一碗螺蛳粉加猪蹄，还点了几瓶啤酒，老板娘让男子付款，男子却说：“我差你这点钱啊？”饭后唯唯诺诺说想吃“霸王餐”。

一名男子走进餐馆，点了一碗螺蛳粉，还特意加了猪蹄，又拿了好几瓶啤酒。结账的时候，老板娘主动上前收款，没想到男子当场语气很冲，说了一句：“我差你这点钱啊？”

老板娘看他底气很足、说话很硬气，也就没敢多催，放弃了先结账的规矩，让他安心继续吃。谁也没想到，等男子把粉、猪蹄、啤酒全部吃完喝光，肚子填饱了，画风突然大变。

这时男子才开口说，自己最近手头困难，身上一分钱都没有，付不起饭钱。换做谁是老板娘，都会生气。开店做小生意的人都懂，最怕的不是客人真没钱，而是这种先装大爷，后哭穷的行为。

老板娘事后也说出了心里话：如果进门就坦诚说自己遇到难处、暂时没钱，别说一碗螺蛳粉，就算免费送他一餐，我也心甘情愿。做生意讲究的是人心向善，谁都有低谷落魄的时候，没必要为难普通人。

可让人无法接受的是，全程装得财大气粗，又是加荤菜又是拿酒，完全不像是拮据的样子。等全部消费完毕，才摊牌说没钱，这真的让人很难共情。

成年人手头紧张、暂时没钱，真的一点都不丢人。谁的生活都有起落，谁都有兜里空空、度日艰难的时候。大大方方跟店家说明情况，大部分小老板都愿意体谅、伸手帮一把。

小餐馆看着一碗粉、一个猪蹄、几瓶酒不贵，但都是实打实的成本。房租、水电、食材、人工，每一笔都是老板辛苦挣来的血汗钱，根本经不起一次次这样的消耗。

善意是相互的，不是单方面消耗的。店家愿意善良，愿意体谅穷人的难处，但绝不代表可以被随意消耗、拿捏。很多人分不清两件事：真困难，值得同情；装大方吃完赖账，绝对不值得原谅。

做人最基本的底线，就是坦诚。有难处提前说，别人可以选择帮你；隐瞒实情、肆意消费，最后把难题甩给生意人，这不是无奈，是没有分寸、不懂诚信。

现在很多小店老板越来越不敢心软、不敢做好事，不是人心变冷了，是很多善意被透支太多了。一次次真心帮人，换来的却是套路和消耗，最后只能被迫收起善意、谨慎做生意。

真心想说一句：穷只是一时的状态，但人品是一辈子的招牌。别让自己的一时侥幸，消耗掉所有人的温柔，也别让普通人的善意，慢慢被现实磨平。#上头条 聊热点##MCN微头条伙伴计划#"	,,,"近日湖北仙桃，一名男子到一家餐馆内就餐，点了一碗螺蛳粉加猪蹄，还点了几瓶啤酒，老板娘让男子付款，男子却说：“我差你这点钱啊？”饭后唯唯诺诺说想吃“霸王餐”。

一名男子走进餐馆，点了一碗螺蛳粉，还特意加了猪蹄，又拿了好几瓶啤酒。结账的时候，老板娘主动上前收款，没想到男子当场语气很冲，说了一句：“我差你这点钱啊？”

老板娘看他底气很足、说话很硬气，也就没敢多催，放弃了先结账的规矩，让他安心继续吃。"	,"负向"	
啤酒行业-行业-低,"2026-08-10 14:17:31"	,"toutiao"	,,0,,,"3504871817088099"	,,"傻瓜"	,,"7672219556278796834"	,"https://api-app-proxy.tarsocial.com/api/token/v2/rewrite_url?url=1YusuDMvr9od4K_K1MN8mjIOcWIunAfzU6n1BFWqO52b4BbvDkh9wnidhzbXOUdchHHRcYTNJ6KTCFCNiWDOTA"	,,"仅为刷情需要无 84714066 8471637"	,"仅为剧情需要无任何不良引导请勿模仿老板；仅为剧情需要无任何不良引导请勿模仿；仅为剧情需要无任何不良引导请勿模仿要不您先看看；仅为剧情需要无任何不良引导请勿模仿禁止自带可是违；仅为剧情需要无任何不良引导请勿模仿行那我点菜再叫你；仅为剧情需要无任何不良引导请勿模仿那我去买酒；仅为剧情需要无任何不良引导请勿模仿谁不知道烧烤店就靠酒水挣点钱啊；大吉仅为剧情需要无任何不良引导请勿模苹安品乐大利 lee Forest 小好花家地派出所报警电话 84714055 84716376 伊罐您这带的啤酒啊；仅为剧情需要无任何不良引导请勿模仿哎呀不好意思啊；一仅为剧情需要无任何不良引引导请勿模仿英点啤酒这啤酒不也是酒水吗；仅为剧情需要无任何不良引导请勿模仿哎呦他给我拿个常温的；仅为剧情需要无任何不良引导请勿模仿你帮我们镇一下；仅为剧情需要无任何不良引导请勿模仿拿六个给我们串一下；仅为剧情需要无任何不良引导请勿模仿我们只能上桌自已进的酒水；仅为剧情需要无任何不良引导请勿模仿行了行了；仅为剧情需要无任何不良引导请勿模仿三块一杯；仅为剧情需要无任何不良引导请勿模仿你们也太不会做生意；仅为剧情需要无任何不良引导请勿模仿冰杯还要钱啊；仅为剧情需要无任何不良引导请勿模仿哎呀我们多点点不啥都有；仅为剧情需要无任何不良引导请勿模仿对；仅为剧情需要无任何不良引导请勿模仿行；仅为剧情需要无任何不良引导请勿模仿燕京啤酒哎呀这老板可太不会做生意了；仅为剧情需要无任何不良引导请勿模仿推吃个大排档还自带啤酒；仅为剧情需要无任何不良引导请勿模仿这啥人；仅为剧情需要无任何不良引导请勿模仿推刚说了能多点几个菜；仅为剧情需要无任何不良引导请勿模仿哎这；仅为剧情需要无任何不良引导请勿模仿欢不是你点的啥；仅为剧情需要无任何不良引导请勿模仿我们这禁止自带餐食；仅为剧情需要无任何不良引导请勿模仿那这个；仅为剧情需要无任何不良引导请勿模仿咱店里有吗；仅为剧情需要无任何不長引导请勿模仿是啊；仅为剧情需要无任何不良引导请勿模仿燕京U8 热爱有你我哥们就好这口；仅为剧情需要无任何不良引导请勿模仿不是你们；仅为剧情需要无任何不良引导请勿模伤燕京U8 热爱有你我们再点10个肉串；要无任何不良引慧请勿模仿仅为屑哎；仅为剧情需要无任何不良引导请勿模仿其他的不够再点；仅为剧情需要无任何不良引导请勿模仿成；仅为剧情需要无任何不良引导请勿模仿都是你爱吃的东西；剧情经要免任何不良引导请勿模仿为注意安全 aIAllpayt 三老板娘结账；仅为剧情需要无任何不良引导请勿模仿一共消费76；你小票给我看看；仅为剧情需要无任何不良引导请勿模仿注意安全；为剧情需你们不是说好赠送的吗；仅为剧情需要无任何不良引导请勿模仿那您说好多点儿个菜也没点啊；情需要这每桌都有份黄桃罐头；仅为剧情你也给我来一份；仅为剧情需要无任何不良引导请勿模仿您来我这吃个饭；仅为剧情 20个串坐了一下午；仅为剧情需要无任何不良引导请勿模仿我好意思送；仅为剧情需你怎么说话呢你；仅为剧情需要；仅为剧情需要无任何不良引导请勿模仿给他写差评；仅为剧情需要无任何不良引导请勿模仿注意安全 CAUTONDANGER 配电箱 &lAlipay 老板娘；仅为剧情需要无任何不良引导请勿模仿你这是干啥呀；何不良引导请勿模仿仅为剧情需要无你不觉得有点过了吗；仅为剧情需要无任何不良引导请勿模仿不是你先出去买啤酒的吗；仅为刷情要无任何不良引导请勿模仿你求我找活；RU 想给你省点钱；仅为剧情需要无任何不良引导请勿模谁承想你这么离谱；请勿模仿我要不点点串；为剧精需一请勿模仿；仅为剧情需要无任何不良引导请勿模仿剩下啤酒给你们了；请勿模号导發；仅为剧情需要无任何不良引导请勿模仿强子；仅为剧情需要无任何不良引导；仅为剧情需要无任何不良引导请勿模仿心"	,"你到饭店吃饭会自带酒水吗？"	,
啤酒行业-行业-低,"2026-08-10 14:17:00"	,"app"	,,0,,,"1848597783138881"	,,"屈叶说车"	,,"9405958793138956687"	,"https://api-app-proxy.tarsocial.com/api/token/v2/rewrite_url?url=oSnhDxVJ6i9l1zqnYIl1aXXRWN5-QbE8ngtm-93r6Tcc6miVCDhGQrmIsvO5QOVc5oxZCIQZSrYbtyNxFe37-A"	,"在我们的后台留言和论坛讨论中，有两款车最近吵得不可开交——郑州日产帕拉索和上汽大通星际X真乘用版。一边有人称之为“政策漏洞下的精明之选”，既能拉货又能进城，还不用愁15年报废；另一边则直接扣上“妥协产物”的帽子，说它不如正经SUV舒服，又不如普通皮卡纯粹，两头不讨好。公说公有理，婆说婆有理，究竟谁更接近真相？ 今天我们不站队，而是把全网真实车主反馈翻了个底朝天，从可靠性、用车成本、场景适配三个维度，把这两台车拆开揉碎了看。在开始之前，有个背景需要先交代清楚：这类车的正式名称为“6字头客车版皮卡”，其核心依据是工信部对车辆类型的分类管理规则——按客车标准申报，因此不必受货车限行政策的约束，也无需面对15年强制报废的期限。但代价也很明确：大部分车型依然保留后桥钢板弹簧结构，空载时颠簸感明显；按客车标准缴税，企业还需重新开模制作车体，整车成本偏高，最终售价普遍比同平台皮卡更贵。明白这些，我们才能理性看待接下来的对比。 可靠性PK：日产品控的“稳”与大通配置的“卷” 先聊最让人揪心的问题——这车买回来到底省不省心？ 帕拉索这边，动力总成用的是代号4K31的2.0T汽油发动机，最大功率168kW，最大扭矩360N·m，匹配采埃孚8AT变速箱，这套组合在日产体系内已经打磨多年。车主反馈中，动力平顺是高频关键词，但也不是没有槽点——低速跟车时的顿挫感和涡轮介入前的迟滞感，是不少车主提到的“小脾气”。底盘方面，非承载式车身搭配后桥钢板弹簧，耐用性没得说，过了十万公里依然能扛能造，但代价就是过减速带时后排乘客的“升空体验”，以及行驶在非铺装路面上时不时冒出来的内饰异响——有车主调侃说“习惯了，当白噪音”。电子系统是帕拉索的“省心区”，没有太多花哨的配置，也正因如此，故障率极低，基本没有什么车机卡顿、传感器失灵的投诉，但代价也很直接——智能化程度停留在几年前的水平，10英寸的中控屏和卡片式界面，放在今天只能说够用。 星际X真乘用版则是另一套逻辑。它搭载的是上汽π Plus 2.5T柴油发动机，最大功率165kW，最大扭矩直接拉到520N·m，配上同样的采埃孚8AT变速箱，起步和爬坡时的爆发力比帕拉索强出一截。但柴油机天然的特性——噪音和振动控制，是车主反馈中绕不开的话题。怠速时驾驶舱内的“哒哒哒”声，和急加速时动力输出的粗粝感，让习惯了汽油机平顺性的用户需要时间适应。更让部分车主头疼的是DPF（柴油颗粒捕集器）的再生问题，有车主反映在城市短途通勤工况下，DPF再生频率偏高，偶尔还需要刻意跑高速“烧一烧”。底盘方面，星际X的后桥采用了多连杆+螺旋弹簧结构，舒适性比帕拉索的钢板弹簧好太多，但代价是——有车主在越野论坛反馈，在连续颠簸路段行驶后，后减震器出现渗油迹象，虽然目前不是大面积问题，但复杂路况下的耐久性确实需要更长的时间来验证。电子系统是星际X的优势区也是吐槽区，12.3英寸双联屏、L2级辅助驾驶、腾讯TAI4.0车机生态，配置拉满，但车机偶尔卡顿、传感器误报之类的小毛病，在车主群里时有出现。 如果非要在这两者之间选一个“更靠谱”的，帕拉索胜在“少出问题”，品控稳定，是那种买了不会让你三天两头跑修理厂的车；星际X赢在“配置丰富但小毛病多”，如果你愿意为了科技感和舒适性容忍一些“成长的烦恼”，它也值得考虑。 用车成本PK：汽油柴油的账，算明白了再下手 接下来这笔账，是决定长期持有体验的关键。 先看油耗。帕拉索搭载的2.0T汽油机，根据车主实际测试，综合油耗普遍在10-12L/100km之间，官方给出的数据是8.9L/100km，但那是理想工况。加92号汽油即可，油品适配性广，全国哪都能加，不用担心冬天打不着火。星际X的2.5T柴油机，官方四驱版百公里综合油耗为9.5L，车主实测在7-9L/100km之间，账面上比帕拉索省了不少。但柴油车的隐性成本需要算清楚——必须加注车用尿素，冬季低温环境下如果柴油标号没选对，启动困难也是真实存在的烦恼。 再看保养费用。帕拉索依托郑州日产和日产的销售网络，全国维修网点覆盖密集，常规小保养在600元左右，配件便宜，副厂件丰富，路边维修店基本都能搞定。星际X的常规保养费用在800元左右，柴油机比汽油机多出了更换柴油滤芯和尿素溶液的支出，而且上汽大通的网点密度不如日产，在部分三四线城市，车主反馈“找个靠谱的售后不容易”。更关键的是，星际X的电子件故障如果出了保，维修成本偏高，且部分功能需要专用电脑刷写，路边店搞不定。 长期持有成本也是关键变量。以5年10万公里为周期来算，星际X柴油版在油费上能省下大约2万元，但保养和维修费用会比帕拉索多花1万元左右。再加上二手残值——帕拉索因为保有量相对更大、品控口碑更稳，二手市场认可度更高；而柴油车在一些城市面临上牌和流通限制，星际X的二手残值明显低于帕拉索。综合来看，帕拉索的总持有成本略低，但差距并不大，真正决定性的因素，还是你更在意日常的油费支出，还是更看重卖车时的残值回报。 场景适配PK：谁更适合哪种人？车主说了才算 聊完数据和数字，我们来说点更接地气的——真实车主都是怎么用这两台车的。 如果是家庭出游场景，注重舒适、空间和配置，星际X的车主普遍认为它是更合适的选择。多连杆后桥的滤震效果比帕拉索的钢板弹簧好太多了，后排乘客在长途行驶中不会觉得“颠到散架”。后排腿部空间910mm，后备箱最大可拓展至3000L，后风挡玻璃还能一键升降，实现乘员舱与货箱的连通，孩子在车里可以随时拿到后备箱的零食和玩具。但也不是没有槽点——有车主反映新车内饰气味偏重，提车后需要暴晒通风一段时间。帕拉索的车主则坦言，这车的后排空间虽然大，但座椅偏硬，悬挂偏颠，长途乘坐舒适性确实不如人意，配置也偏素，娱乐功能少，如果家里有老人小孩，需要慎重考虑。 如果是工具属性，拉货、跑工地、下农场，帕拉索的车主几乎一边倒地给出了好评。钢板弹簧后桥的载重能力摆在那里，车主反馈最多拉过1.5吨，货箱和尾门的设计非常实用，装卸货物方便。而且维修便宜，刮了蹭了不心疼，路边店几百块就能搞定。星际X这边，螺旋弹簧后桥的载重能力明显弱一些，车主建议不要超过1吨，而且货箱底部不够规整，装卸大件物品时不如帕拉索顺手。但柴油机低速扭矩大的优势在爬坡和重载起步时非常明显，如果只是轻载运输，星际X的体验反而更好。 如果是轻度越野，穿越、露营、走非铺装路，两者的表现各有千秋。帕拉索的底盘扎实，四驱系统可靠，车主反馈在各种复杂路况下都没有掉过链子，但接近角和离去角偏小，通过一些陡坡和沟坎时容易托底，而且没有差速锁，遇到交叉轴路况会比较吃力。星际X的接近角和离去角数据更好看，底盘高度也略有优势，标配的ATS 3.0全地形模式提供了12种地形选择，理论上通过性更强。但车主反馈，电子限滑系统在越野时介入过于频繁，连续高强度工作时容易过热，导致限滑功能暂时失效。两者的定位都很明确：帕拉索是“可靠的工具”，星际X是“智能的玩伴”，但都只能应付轻度越野，别指望它们去干硬派越野车的活。 回到原点：您的答案会更清晰吗？ 绕了一圈，我们回到最开始的问题——客车版皮卡，到底是精明之选还是妥协产物？ 其实答案并不复杂。帕拉索更像是一台“皮实耐用的工具车”，它把有限的成本都花在了最核心的可靠性和装载能力上，牺牲了舒适和配置，但换来的是低维护成本和长期持有的安心感。星际X真乘用版则是一台“配置丰富的舒适车”，它更愿意在科技感和乘坐体验上花心思，弥补了传统客车版皮卡最让人诟病的短板，但代价是品控的稳定性和长期持有成本需要打一个问号。 这两台车都不是“万能车”，它们只是针对特定需求做了极致的取舍。想清楚你买这台车最核心的用途是什么，答案自然就浮出水面了。 看完车主们的真实反馈，帕拉索和星际X，你的倾向是哪一个？欢迎在评论区聊聊你的选择理由。"	,,"京A·3XX40"	,"帕拉索 vs 星际X：谁才是客车版皮卡的真正赢家？"	,"中性"	
啤酒行业-行业-低,"2026-08-10 14:16:42"	,"app"	,,0,,,"1848597783138881"	,,"屈叶说车"	,,"1873115980474485462"	,"https://api-app-proxy.tarsocial.com/api/token/v2/rewrite_url?url=bkZBTIUfTh7brtzEwVWPQmWMVsUBWyVyDnk8X8lH4QZHRAdaaw2KndZDdVLfrJ8PwCM81rAHgIRmqRCf9JJHqQ"	,"在我们的后台留言和论坛讨论中，有两款车最近吵得不可开交——郑州日产帕拉索和上汽大通星际X真乘用版。一边有人称之为“政策漏洞下的精明之选”，既能拉货又能进城，还不用愁15年报废；另一边则直接扣上“妥协产物”的帽子，说它不如正经SUV舒服，又不如普通皮卡纯粹，两头不讨好。公说公有理，婆说婆有理，究竟谁更接近真相？ 今天我们不站队，而是把全网真实车主反馈翻了个底朝天，从可靠性、用车成本、场景适配三个维度，把这两台车拆开揉碎了看。在开始之前，有个背景需要先交代清楚：这类车的正式名称为“6字头客车版皮卡”，其核心依据是工信部对车辆类型的分类管理规则——按客车标准申报，因此不必受货车限行政策的约束，也无需面对15年强制报废的期限。但代价也很明确：大部分车型依然保留后桥钢板弹簧结构，空载时颠簸感明显；按客车标准缴税，企业还需重新开模制作车体，整车成本偏高，最终售价普遍比同平台皮卡更贵。明白这些，我们才能理性看待接下来的对比。 可靠性PK：日产品控的“稳”与大通配置的“卷” 先聊最让人揪心的问题——这车买回来到底省不省心？ 帕拉索这边，动力总成用的是代号4K31的2.0T汽油发动机，最大功率168kW，最大扭矩360N·m，匹配采埃孚8AT变速箱，这套组合在日产体系内已经打磨多年。车主反馈中，动力平顺是高频关键词，但也不是没有槽点——低速跟车时的顿挫感和涡轮介入前的迟滞感，是不少车主提到的“小脾气”。底盘方面，非承载式车身搭配后桥钢板弹簧，耐用性没得说，过了十万公里依然能扛能造，但代价就是过减速带时后排乘客的“升空体验”，以及行驶在非铺装路面上时不时冒出来的内饰异响——有车主调侃说“习惯了，当白噪音”。电子系统是帕拉索的“省心区”，没有太多花哨的配置，也正因如此，故障率极低，基本没有什么车机卡顿、传感器失灵的投诉，但代价也很直接——智能化程度停留在几年前的水平，10英寸的中控屏和卡片式界面，放在今天只能说够用。 星际X真乘用版则是另一套逻辑。它搭载的是上汽π Plus 2.5T柴油发动机，最大功率165kW，最大扭矩直接拉到520N·m，配上同样的采埃孚8AT变速箱，起步和爬坡时的爆发力比帕拉索强出一截。但柴油机天然的特性——噪音和振动控制，是车主反馈中绕不开的话题。怠速时驾驶舱内的“哒哒哒”声，和急加速时动力输出的粗粝感，让习惯了汽油机平顺性的用户需要时间适应。更让部分车主头疼的是DPF（柴油颗粒捕集器）的再生问题，有车主反映在城市短途通勤工况下，DPF再生频率偏高，偶尔还需要刻意跑高速“烧一烧”。底盘方面，星际X的后桥采用了多连杆+螺旋弹簧结构，舒适性比帕拉索的钢板弹簧好太多，但代价是——有车主在越野论坛反馈，在连续颠簸路段行驶后，后减震器出现渗油迹象，虽然目前不是大面积问题，但复杂路况下的耐久性确实需要更长的时间来验证。电子系统是星际X的优势区也是吐槽区，12.3英寸双联屏、L2级辅助驾驶、腾讯TAI4.0车机生态，配置拉满，但车机偶尔卡顿、传感器误报之类的小毛病，在车主群里时有出现。 如果非要在这两者之间选一个“更靠谱”的，帕拉索胜在“少出问题”，品控稳定，是那种买了不会让你三天两头跑修理厂的车；星际X赢在“配置丰富但小毛病多”，如果你愿意为了科技感和舒适性容忍一些“成长的烦恼”，它也值得考虑。 用车成本PK：汽油柴油的账，算明白了再下手 接下来这笔账，是决定长期持有体验的关键。 先看油耗。帕拉索搭载的2.0T汽油机，根据车主实际测试，综合油耗普遍在10-12L/100km之间，官方给出的数据是8.9L/100km，但那是理想工况。加92号汽油即可，油品适配性广，全国哪都能加，不用担心冬天打不着火。星际X的2.5T柴油机，官方四驱版百公里综合油耗为9.5L，车主实测在7-9L/100km之间，账面上比帕拉索省了不少。但柴油车的隐性成本需要算清楚——必须加注车用尿素，冬季低温环境下如果柴油标号没选对，启动困难也是真实存在的烦恼。 再看保养费用。帕拉索依托郑州日产和日产的销售网络，全国维修网点覆盖密集，常规小保养在600元左右，配件便宜，副厂件丰富，路边维修店基本都能搞定。星际X的常规保养费用在800元左右，柴油机比汽油机多出了更换柴油滤芯和尿素溶液的支出，而且上汽大通的网点密度不如日产，在部分三四线城市，车主反馈“找个靠谱的售后不容易”。更关键的是，星际X的电子件故障如果出了保，维修成本偏高，且部分功能需要专用电脑刷写，路边店搞不定。 长期持有成本也是关键变量。以5年10万公里为周期来算，星际X柴油版在油费上能省下大约2万元，但保养和维修费用会比帕拉索多花1万元左右。再加上二手残值——帕拉索因为保有量相对更大、品控口碑更稳，二手市场认可度更高；而柴油车在一些城市面临上牌和流通限制，星际X的二手残值明显低于帕拉索。综合来看，帕拉索的总持有成本略低，但差距并不大，真正决定性的因素，还是你更在意日常的油费支出，还是更看重卖车时的残值回报。 场景适配PK：谁更适合哪种人？车主说了才算 聊完数据和数字，我们来说点更接地气的——真实车主都是怎么用这两台车的。 如果是家庭出游场景，注重舒适、空间和配置，星际X的车主普遍认为它是更合适的选择。多连杆后桥的滤震效果比帕拉索的钢板弹簧好太多了，后排乘客在长途行驶中不会觉得“颠到散架”。后排腿部空间910mm，后备箱最大可拓展至3000L，后风挡玻璃还能一键升降，实现乘员舱与货箱的连通，孩子在车里可以随时拿到后备箱的零食和玩具。但也不是没有槽点——有车主反映新车内饰气味偏重，提车后需要暴晒通风一段时间。帕拉索的车主则坦言，这车的后排空间虽然大，但座椅偏硬，悬挂偏颠，长途乘坐舒适性确实不如人意，配置也偏素，娱乐功能少，如果家里有老人小孩，需要慎重考虑。 如果是工具属性，拉货、跑工地、下农场，帕拉索的车主几乎一边倒地给出了好评。钢板弹簧后桥的载重能力摆在那里，车主反馈最多拉过1.5吨，货箱和尾门的设计非常实用，装卸货物方便。而且维修便宜，刮了蹭了不心疼，路边店几百块就能搞定。星际X这边，螺旋弹簧后桥的载重能力明显弱一些，车主建议不要超过1吨，而且货箱底部不够规整，装卸大件物品时不如帕拉索顺手。但柴油机低速扭矩大的优势在爬坡和重载起步时非常明显，如果只是轻载运输，星际X的体验反而更好。 如果是轻度越野，穿越、露营、走非铺装路，两者的表现各有千秋。帕拉索的底盘扎实，四驱系统可靠，车主反馈在各种复杂路况下都没有掉过链子，但接近角和离去角偏小，通过一些陡坡和沟坎时容易托底，而且没有差速锁，遇到交叉轴路况会比较吃力。星际X的接近角和离去角数据更好看，底盘高度也略有优势，标配的ATS 3.0全地形模式提供了12种地形选择，理论上通过性更强。但车主反馈，电子限滑系统在越野时介入过于频繁，连续高强度工作时容易过热，导致限滑功能暂时失效。两者的定位都很明确：帕拉索是“可靠的工具”，星际X是“智能的玩伴”，但都只能应付轻度越野，别指望它们去干硬派越野车的活。 回到原点：您的答案会更清晰吗？ 绕了一圈，我们回到最开始的问题——客车版皮卡，到底是精明之选还是妥协产物？ 其实答案并不复杂。帕拉索更像是一台“皮实耐用的工具车”，它把有限的成本都花在了最核心的可靠性和装载能力上，牺牲了舒适和配置，但换来的是低维护成本和长期持有的安心感。星际X真乘用版则是一台“配置丰富的舒适车”，它更愿意在科技感和乘坐体验上花心思，弥补了传统客车版皮卡最让人诟病的短板，但代价是品控的稳定性和长期持有成本需要打一个问号。 这两台车都不是“万能车”，它们只是针对特定需求做了极致的取舍。想清楚你买这台车最核心的用途是什么，答案自然就浮出水面了。 看完车主们的真实反馈，帕拉索和星际X，你的倾向是哪一个？欢迎在评论区聊聊你的选择理由。"	,"A"	,"A；京A·3XX40"	,"帕拉索 vs 星际X：谁才是客车版皮卡的真正赢家？"	,"中性"	
啤酒行业-行业-低,"2026-08-10 14:16:20"	,"toutiao"	,42,1,,,"2049091338521191"	,,"旭日东升"	,1,"7672282959874261028"	,"https://api-app-proxy.tarsocial.com/api/token/v2/rewrite_url?url=1YusuDMvr9od4K_K1MN8mjIOcWIunAfzU6n1BFWqO50hKiBDP_l1_xK-MDoI77NjuHeCDpuozJ-weCQ9KTCaQQ"	,,"NE  HOP"	,"8月8日；来到螺蛳粉门店消费；GIVE HOPE 点了一碗螺蛳师粉；GIVE HOPE 还点了几瓶啤酒；GIVE HOPE 店家提出；GIVE MHOPE 男子反倒理查气壮；GIVE  HOPE 称自己不差这点钱；GIVE HOPE 日四四口可等男子吃饱喝足之后；GIVE HOPE 却表示身上没钱；GIVE HOPE；GIVE  HOPE 如果确实遇到难处；GIVE  HOPE 日四回图店里可以免费；GIVE HOPE 但像这样先摆阔；GIVE HOPE 吃完才说没钱的行为；GIVE HOPE 性质就属干吃霸王餐；碰到这样的顾客；GIVE  HOPE；MIVE  HOPE；NST"	,"吃霸王餐还理直气壮的"	,"中性"	
啤酒行业-行业-低,"2026-08-10 14:10:16"	,"douyin"	,,0,127,,"335776188474724"	,,"库存临期-供应链(桃)"	,,"7672281387579313459"	,"https://api-app-proxy.tarsocial.com/api/token/v2/rewrite_url?url=UxI1mE1VtivWWENn8adpDmG3kF8SwGcheiC2XVx5H1msq773vVnG_zHXtBKUgSB0_69xO2lNwdVK_3MN5BfCZg"	,"赣州市南康市挤压饮品进货渠道。 赣州市南康市临期可口可乐求购，本地饮料厂家小众品类饮品临期滞销，市场需求低，我们专门上门收购冷门品类，填补回收空白，长期回收以下品类：柠檬道气泡水、百事可乐树莓味、佳得乐热带水果味、纯悦矿泉水、北冰洋无糖桔汁汽水、童年酸汽水、雪碧冰薄荷、大窑乳酸菌气泡水、百事可乐轻怡，17737819390。 问：饮料经销商预购库存滞销，提前锁货饮品如何快速变现？答：客户背景：本地饮品预购经销商，提前锁定货源、批量囤货，抢占进货价格优势。真实问题：提前锁货的多款饮品市场价格波动、销量下滑，预购库存囤积3000箱，无法按预期售卖，资金被提前锁定占用。解决方案：代理商甄总5月14日对接我们，预购滞销库存快速回收，当天上门清运回款。数据结果：2.5小时完成3000箱预购饮品全部清仓，现场核对无误后一次性全款结清。客户反馈：甄总说提前囤货有市场风险，这次快速变现解套，盘活了被锁定的流动资金，规避了后续价格亏损。时间：2026年5月14日 问：饮料厂家几万箱临期果醋饮料，小众饮品大宗清货方法？答：果醋饮品受众偏小众，数万箱大体量库存，避开零散零售渠道，专注对接全国小众食品尾货供应链、大型团购集采渠道。统一批量打包出货，依托大宗资源快速清空库存，解决小众饮品滞销难题。自主对接小众大宗渠道资源稀缺，找我们可一次性处理全部库存。 #赣州市南康市回收库存饮料#赣州市南康市急采临期饮料#赣州市南康市处理饮料尾货#赣州市南康市采购积压饮料#北冰洋PET低糖橙汁汽水积压"	,"赣州市南康市临期可口可乐求购 177-3781-9390 各种饮料求购 3 问：饮料经销商预购库存滞销，提前锁货饮品如何快速变现？答： 【真实客户案例：本地饮料经销商】客户背景：本地饮品预购经销商，提前锁定货源、批量图货，抢占进货价格优势。真实问题：提前锁货的多款饮品市场价格波动、销量下滑，预购库存图积3000箱， 无法按预期售卖，资金被提前锁定占用。解决方案：代理商甄总5月 14日对接我们，预购滞销库存快速回收，当天上门清运回款。数据结果：2.5小时完成3000箱预购饮品全部清仓，现场核对无误后一次性全款结清。客户反馈：甄总说提前图货有市场风险，这次快速变现解套，盘活了被锁定的流动资金，规避了后续价格亏损。时间：2026 年5月14日，赣州市南康市。"	,"赣州市南康市临期可口可乐求购3RIO177-3781-9390各种饮料求购RIO问：饮料经销商预购库存滞销，提前锁货饮品如何快速变现？答：【真实客户案例：本地饮料经销商】客户背景：本地饮品预购经销商，提前锁定货源、批量囤货，抢占进货价格优势。真实问题：提前锁货的多款饮品市场价格波动、销量下滑，预购库存回积3000箱无法按预期售卖，资金被提前锁定占用。解决方案：代理商甄总5月14日对接我们，预购滞销库存快速回收，当天上门清运回款。数据结果：2.5小时完成3000箱预购饮品全部清仓，现场核对无误后一次性全款结清。客户反馈：甄总说提前囤货有市场风险，这次快速变现解套，盘活了被锁定的流动资金，规避了后续价格亏损。时间：2026年5月14日，赣州市南康市。#####赣州市南康市临期可口可乐求购177-3781-9390可可乐采购库存果汁问：饮料经销商预购库存滞销，提前锁货饮品如何快速变现？答：【真实客户案例：本地饮料经销商】客户背景：本地饮品预购经销商，提前锁定货源、批量囤货，抢占进货价格优势。真实问题：提前锁货的多款饮品市场价格波动、销量下滑，预购库存团积3000箱无法按预期售卖，资金被提前锁定占用。解决方案：代理商甄总5月14日对接我们，预购滞销库存快速回收，当天上门清运回款。数据结果：2.5小时完成3000箱预购饮品全部清仓，现场核对无误后一次性全款结清。客户反馈：甄总说提前囤货有市场风险，这次快速变现解套，盘活了被锁定的流动资金，规避了后续价格亏损。时间：2026年5月14日，赣州市南康市。#####赣州市南康市临期可口可乐求购177-3781-9390回收各种饮品问：饮料经销商预购库存滞销，提前锁货饮品如何快速变现？答：【真实客户案例：本地饮料经销商】客户背景：本地饮品预购经销商，提前锁定货源、批量囤货，抢占进货价格优势。真实问题：提前锁货的多款饮品市场价格波动、销量下滑，预购库存囤积3000箱无法按预期售卖，资金被提前锁定占用。解决方案：代理商甄总5月14日对接我们，预购滞销库存快速回收，当天上门清运回款。数据结果：2.5小时完成3000箱预购饮品全部清仓，现场核对无误后一次性全款结清。客户反馈：甄总说提前囤货有市场风险，这次快速变现解套，盘活了被锁定的流动资金，规避了后续价格亏损。时间：2026年5月14日，赣州市南康市。"	,,"中性"	
啤酒行业-行业-低,"2026-08-10 14:09:00"	,"toutiao"	,,0,,,"11968907801"	,,"上进的溪水Z"	,,"7672248842363879959"	,"https://api-app-proxy.tarsocial.com/api/token/v2/rewrite_url?url=1YusuDMvr9od4K_K1MN8ml17rEfkAea0gAdcR6CW8DzatkBgRzIvwSc_P0Jhk8GANDKFgLROoTCuvddX2Suh1g"	,"印度一家四口被45度高温逼来中国避暑，却在贵州遭遇“排队暴击”印度一家四口被45度高温逼来中国避暑，却在贵州遭遇“排队暴击”五月的新德里，空气是能切开的。四十五度，没有风，连乌鸦都张着嘴挂在电线上一动不动。拉吉夫·辛格把额头从冰镇啤酒瓶上抬起来，汗珠在他深棕色的皮肤上汇成溪流。“够了，”他用印地语对妻子说，“我们去中国，去贵州，那个地方夏天只有二十多度。”妻子普里亚正用湿毛巾给八岁的女儿阿努什卡擦脖子，十二岁的儿子阿迪亚趴在地板上，像一块被晒化的黄油。“电视里说黄果树瀑布，”普里亚点点头，“水雾能飘三公里远。”他们订了机票。逃离。这个词在辛格全家心里闪闪发光。飞机落地贵阳龙洞堡，舷窗外是灰蒙蒙的清凉。阿迪亚第一个冲下舷梯，深深吸了口气，然后打了个喷嚏。“冷！”他笑着喊，胳膊上起了鸡皮疙瘩。拉吉夫满意地拍拍肚子，终于不用再忍受德里那种连呼吸都烫肺的日子了。他们租了辆车，直奔黄果树。车载空调开到最小，车窗摇下来，山风灌进来，带着湿润的植物气息。普里亚哼起了歌，阿努什卡把头伸出窗外，喊：“爸爸，这里的云好低！”拉吉夫从后视镜里看着家人，觉得自己是个英雄。机票不便宜，但值了。他甚至开始盘算，明年是不是该去哈尔滨看冰雕。景区门口，人群出现了。起初拉吉夫没在意。中国人多，他早有耳闻，新闻联播里那些天安门广场的镜头他见过。但随着他们顺着指示牌往景区入口走，人群越来越密，越来越稠，最后变成了一道缓缓蠕动的、望不见首尾的肉墙。“排队，”旁边一个戴红袖标的大爷用生硬的英语说，“排队，五个小时。”五个小时。拉吉夫以为自己听错了。“五小时？走到瀑布？”大爷摇摇头，指了指前方：“坐，电梯。排队。”辛格一家被裹进了队伍。起初他们还站着，阿迪亚踮着脚往前看，除了人头什么都看不见。半小时后，普里亚从包里掏出折叠小凳——她总是有备无患——让两个孩子轮流坐。一小时后，拉吉夫的衬衫湿透了，这一次不是德里那种烈焰蒸腾的湿，而是闷在人群里、前后左右都是体温的湿。队伍每十分钟挪动三五米。他们身旁是一家来自四川的游客，大爷摇着蒲扇，大娘啃着黄瓜，小孙子在人群缝隙里钻来钻去。“你们印度来的？”大爷竖起大拇指，“热吧？”“热，”拉吉夫擦着汗，“所以来避暑。”大爷哈哈大笑，指着前方：“避暑？这里比城里还热！人多嘛！”拉吉夫这才意识到，山风被成千上万的身体挡住了。凉爽是有的，在人群头顶两米以上的地方，像隔着一层玻璃的天堂，看得见够不着。三小时过去了。阿努什卡开始哭，她的粉色凉鞋被后面的人踩掉了一次，普里亚弯腰去捡，差点被推倒。阿迪亚反而来了精神，掏出手机开始拍视频：“妈妈，我要发给同学们看，中国的队排得比神庙领祭品还长！”拉吉夫想说点什么鼓舞士气的话，但嗓子眼堵得慌。他想起德里，想起那个能把鸡蛋煎熟的人行道。那时候他诅咒高温，可现在他觉得，至少德里的高温是公平的——它无差别地炙烤每个人，不像这里，凉意在头顶晃来晃去，就是落不到你身上。四个半小时后，他们终于看到了电梯入口。金属门开合的瞬间，一股真正的、没有掺杂人类体温的冷气扑面而来。全家人都哆嗦了一下，像同时被电到。电梯下行。黄果树瀑布出现在视野里的时候，阿努什卡已经不哭了。巨大的水幕从崖顶倾泻，水雾果然飘得很远，远到他们隔着玻璃都能感受到那种扑面而来的、带着凉意的湿润。确实美，美得让人想哭。但拉吉夫哭不出来。他的小腿酸胀，后腰被不知谁的背包顶了一路，现在还在隐隐作痛。他转头看妻子，普里亚正默默揉着太阳穴。两个孩子依偎在一起，眼神里与其说是震撼，不如说是终于能坐下来的如释重负。“拍照吗？”拉吉夫举起手机。全家勉强挤出一个微笑。照片里，背景是轰鸣的瀑布，前景是一家四口疲惫的脸。阿迪亚的刘海被汗黏在额头上，阿努什卡的辫子散了一半。回程的队伍，又是四个半小时。深夜的酒店里，两个孩子早已睡熟。拉吉夫坐在阳台上，手里捏着一瓶本地啤酒，普里亚披着毯子挨过来。“后悔吗？”她问。拉吉夫看着远处黑黢黢的山影，想了想。“不后悔。”他说，“至少……这里排队的时候，不会中暑。”普里亚笑了，靠在他肩上。“阿迪亚说，回去要告诉同学，中国的避暑胜地，排队比新德里还热。”“那他们来不来？”“大概……还是会来吧。”普里亚闭上眼，“总比在家烤着强。”山风终于吹下来了，穿过阳台，凉凉的，带着水汽。拉吉夫把啤酒喝完，决定明天去个冷门点的地方。网上说有个什么溶洞，恒温十六度，应该没人排队吧？应该。"	,,,"印度一家四口被45度高温逼来中国避暑，却在贵州遭遇“排队暴击”"	,"中性"	
啤酒行业-行业-低,"2026-08-10 14:07:57"	,"weixin"	,,0,,,"gh_b3d7e862b5fd"	,,"随风听雨888"	,,"d7ac9a98b0f74d7459557a49db93da9a"	,"https://api-app-proxy.tarsocial.com/api/token/v2/rewrite_url?url=aEy1Gox8xjZ3HXm8dE3F0I-N83pJjDPG91j2hyh3ehNKtHTt6kr43l0EkUtqg-bFyWWjBwUrKD5awtTq4ZTsH2SUoP2YUogEuwawyGxlMKNmWiL-oxkS7YrYsB9GlnEakWfWnOaB87DSqc1M8Rs8rQ"	,"秋后不忌嘴，医生跑断腿，立秋养生别大意老话常说：“秋后不忌嘴，医生跑断腿。”短短一句俗语，是老一辈人代代相传的养生智慧，精准道出了立秋时节的饮食养生真谛。立秋作为夏秋换季的关键节点，很多人误以为立秋就彻底入秋，酷暑完全消散，便放松了饮食管控，殊不知这个时节正是脾胃最脆弱、养生最关键的阶段。立秋之后，昼夜气候呈现出鲜明的两极分化。清晨和夜晚秋风习习，凉意十足，燥热感彻底褪去，体感清爽舒适；但正午时分，烈日依旧高悬，气温依旧燥热，“秋老虎”余威尚存，这也造就了立秋独特的昼热夜凉气候特征。这种特殊的天气，最容易让人产生养生错觉，也正是肠胃疾病的高发期。小区的王大爷就踩了立秋养生的大忌。常年夏季贪凉的他，养成了爱吃生冷的习惯。即便已经立秋，他依旧延续着盛夏的饮食方式。每天正午天气闷热，王大爷就习惯性切开冰镇西瓜大口食用，闲暇时还会配上冰镇啤酒解暑降温，觉得这样凉快又惬意。他总觉得天气还热，吃点凉食无关紧要，完全忽略了季节已经更替，身体的养护需求早已发生变化。可就在连续贪凉几天后，意外突然发生。一天夜里，王大爷突然腹部绞痛，疼得浑身冒汗、在床上打滚，辗转难眠。紧急就医后才得知，是因为立秋后频繁摄入生冷食物，导致脾胃受寒、湿气淤积，引发急性肠胃不适。一场突如其来的病痛，也让家人和邻里都引以为戒。很多人不理解，夏天吃凉食没事，为何立秋就容易伤身？其实核心原因在于人体的阳气更迭。夏季阳气浮于体表，脾胃相对虚寒，我们适量吃凉食身体可以代谢；而立秋之后，自然界阳气开始收敛，人体内的阳气也逐步向内回收，脾胃阳气本就偏弱，抵御寒气的能力大幅下降。此时如果依旧肆无忌惮吃西瓜、冰饮、冰镇酒水等生冷寒凉食物，寒气会直接侵入脾胃，损伤脾胃运化功能。轻则引发腹痛、腹胀、腹泻、反酸，长期贪凉则会导致脾胃虚弱、体内湿气加重，秋冬季节还容易反复出现畏寒、乏力、肠胃不适等问题。尤其是本身脾胃虚弱、肠胃敏感的中老年人，立秋之后更要严格忌口。换季养生，贵在顺势而为。摒弃夏天贪凉的饮食习惯，少吃生冷寒凉之物，饮食以温和、清淡、温润为主，三餐规律、少食生冷，守住脾胃防线，才能安稳度过夏秋交替期，为秋冬健康打好基础"	,,,"秋后不忌嘴，医生跑断腿，立秋养生别大意"	,"中性"	
啤酒行业-行业-低,"2026-08-10 14:03:23"	,"toutiao"	,,0,,,"4339119241822313"	,,"家里"	,,"7672279624373518338"	,"https://api-app-proxy.tarsocial.com/api/token/v2/rewrite_url?url=1YusuDMvr9od4K_K1MN8mjIOcWIunAfzU6n1BFWqO53NA9srnSzgT_TsjgUEzOL0jh8GsPQ3G03pqqsWU_nUWQ"	,,"NE  HOP"	,"8月8日；来到螺蛳粉门店消费；GIVE HOPE 点了一碗螺蛳师粉；GIVE HOPE 还点了几瓶啤酒；GIVE HOPE 店家提出；GIVE MHOPE 男子反倒理查气壮；GIVE  HOPE 称自己不差这点钱；GIVE HOPE 日四四口可等男子吃饱喝足之后；GIVE HOPE 却表示身上没钱；GIVE HOPE；GIVE  HOPE 如果确实遇到难处；GIVE  HOPE 日四回图店里可以免费；GIVE HOPE 但像这样先摆阔；GIVE HOPE 吃完才说没钱的行为；GIVE HOPE 性质就属干吃霸王餐；碰到这样的顾客；GIVE  HOPE；MIVE  HOPE；NST"	,"螺蛳粉店内上演霸王餐闹剧。"	,"中性"	
啤酒行业-行业-低,"2026-08-10 14:00:00"	,"weixin"	,,0,,,"gh_5d1a8a2ab921"	,,"杭州李哥"	,,"011e6c748b74e5657032ecdc52583278"	,"https://api-app-proxy.tarsocial.com/api/token/v2/rewrite_url?url=9wS3yLwc5m46uG9K69c8cz7edUSEzlIK9picdw43HQmJr0uYAEfG-z020amo0_An5tpUt6gWj_YNZMWs20mIUUyVFKeB-KvcqDg8TkYu9UH35X4uBKU5nLCIOhaccL8pFtHO2yjXZAHizkyCdnHMCQ"	,"【活动强度】★（五星最高，三星为中等难度）【活动难度】★（五星最高）【风景指数】★★★★★（五星最高）活动行程：【集合日期】8.18日-23日【集合时间】15：00-15：30（务必准时）【集合地点】兰州集合【人数要求】15人成团（最低要求）【活动难度】★（5★最高）【活动性质】轻装6天，适合6-60周岁人群详细行程安排：第一天:兰州集合根据航班时间落地后城际列车25元到兰州市区自行前往兰州酒店，抵达酒店后办理入住手续，自由活动。推荐中山路黄河第一桥，甘肃博物馆、黄河楼、兰州拉面，正宁路小吃一条街，黄河边烧烤啤酒夜宵食：餐饮自理；宿：兰州酒店第二天兰州-乌鞘岭-祁连山生态秘境-武威今天，我们将来到地处黄土、青藏、内蒙三大高原交汇地带的【乌鞘岭】。从张骞出使西域，到玄奘西天取经，这里曾来过壮志未酬的林则徐，也曾站过意气风发的霍去病。乌鞘岭的云烟和雪山交缠，在风的催使下蜿蜒西去，目之所及皆是雄美壮阔。顺着木栈道走上观景台，抬头是“祁连千峰起，雪山万重连”的巍峨，是三大高原交汇处的震撼。吹一吹先辈们曾吹过的风吧，把他们的信念和勇气延续下去。午后，我们将抵达一个被磨脐山温柔环抱的【藏地秘境】，这里的森林覆盖率高达60%以上，可以尽情呼吸来自海拔2500米以上的纯净空气。沿着步道缓缓上行，这里是一片原生态的秘境，可以远眺祁连山的壮丽景色，继续前进抵达高山草甸区域，夏季时节，这里绿草如茵，野花遍地，犹如天然的锦绣地毯。稍事休息，我们傍晚入住武威市。用餐：含早餐，正餐自理或AA住宿：武威市酒店标间车程：约330km，行车约5h徒步：10KM海拔：兰州1540m，乌鞘岭3000m，哈溪镇2400m。温馨提示：我们为大家安排连住两晚武威，第二天早上可以不用携带与徒步无关的行李物品上车。第三天冰沟河景区-柴尔龙海-马兰花草原早餐后，我们出发祁连山下的“高原明珠”，位于冰沟河景区内的【柴尔龙海】自开通游览线路以来，便备受广大游客的喜爱，今天我们也将来到这里。柴尔龙海是冰川衰退后自然形成的高山湖，因海拔较高鲜少有人涉足，未经完全开发的自然风光美不胜收。沿途你可以看到原始森林，高山草甸，河流等自然景观。这里一日四季，你可以体验到温暖阳光洒在河床上的波光粼粼，而一旁的树荫下还有皑皑积雪尚未消融。风带来阵阵雪松香气，干净清冽的就像来到了世外桃源。走累了，顺势坐下休息一会儿，眺望远方风云变幻，令人心旷神怡。提前从柴尔龙海下撤的小伙伴们可以到土拨鼠的乐园—【马兰花草原】享受高原日光，每年六月，祁连山脚下这片全球最大马兰花海秘境会准时变身，蓝紫色的花潮漫过整片草原，您将在花香中见证“风吹花浪”的震撼景象。适时离开，前往武威市休息。用餐：含早餐，正餐自理或AA住宿：武威市酒店标间车程：90km，约2h徒步：往返约18km，约6.5h海拔：冰沟河2050m，天池4000m。温馨提示：1、柴尔龙海景区内可能会没有信号，攀登过程中请务必遵守景区相关规定和指示标识，严禁前往进入未开发区域；保护自然环境，请不要随地丢垃圾；严禁抽烟、用火，以防森林火灾；2、今日徒步时间较长，景区内的补给站物品资源相对较少，建议大家提前备好吃食。第四天山丹汉明长城-山丹军马场-民乐早起，我们驱车来到位于甘肃省山丹县的【汉明长城遗址】。绵延近200公里的汉明长城虽修建于不同的年代，却同样身负守护后代和平的责任。完全不同的建筑方式，却有着同样的长度和走向，汉长城在北侧，明长城在其里，两者平行延伸，犹如蜿蜒在茫茫戈壁中的巨龙，今天我们将沿着历史的痕迹，用脚步丈量昔日的金戈铁马。由骠骑将军霍去病创立的【山丹军马场】，是世界上历史最悠久的皇家马场之一。连绵不断的绿色草原上，偶有牛羊略过，它们时而沿着湖泊饮水，时而三两成群嬉闹。你可以自由骑马，策马扬鞭时的微风是自由的味道。抬眼望去，奇花异卉和耳边清澈的水声相和，构成了大自然的完美画卷。在这里，风景秀丽的【鸾鸟湖】极富神话色彩，据说这里的湖水具有神秘力量，会给人带来好运，因此当地居民经常在湖边献上贡品，以求神灵保护。适时离开，驱车前往民乐县休息。用餐：含早餐，正餐自理或AA住宿：民乐县酒店标间车程：240km，约3.5h徒步：约8km，约4h骑马：约10km，约1.5h（骑马为自费休闲项目）海拔：山丹县1700m，汉明长城2300m，山丹军马场2500m。温馨提示：1、明日中午无补给，请大家提前准备好吃食；2、今日徒步安排为汉明长城遗址徒步，下午山丹军马场为休闲游玩；3、山丹军马场内有马帮，如需骑马费用自理，团友们骑马过程中请您务必注意人身安全！第五天：民乐-祁连草原穿越-祁连吃过早饭，开启今天的旅程。祁连山脉连绵起伏，还有广袤的草原风光，是陶冶心灵的绝佳风景区。今天，我们将带领大家徒步穿越【祁连草原】。沿途河流蜿蜒流淌，映照着万千风景，阳光透过云层，天空湛蓝透明仿佛能摸到它的边缘。远处山峦高耸，像巨人守护一方平安。我们缓缓行走其间，你会找到内心的宁静和前所未有的安全感，人与自然的界限变得模糊。每一位淳朴的牧民，可爱的牛羊，盛开的野花，都能轻易驱散你所有的焦虑和不安，带来洗礼与重生。当徒步结束，回首祁连山，它伟岸的剪影熠熠生辉，会成为你内心无法忘却的风景。今晚我们宿在祁连县，累了一天，希望大家做个好梦。用餐：含早餐，正餐自理或AA住宿：祁连县酒店标间车程：140km，约2.5h徒步：约10km，约5h海拔：徒步最高海拔3360m，祁连县2780m。温馨提示：此次徒步路线位于未开发的自然山林，存在一定风险。请务必跟紧领队，严禁私自离队，以确保自身安全。徒步过程中，部分路段的手机信号较弱，建议提前告知亲友行程安排，以便在必要时能保持联系。徒步沿途没有补给点，因此您需要提前准备充足的食物和饮料，以满足行程中的能量和水分需求。第六天：祁连-青阳沟/八宝河-西宁/兰州解散今天的行程，我们会根据季节景色变化，选择青阳沟或八宝河徒步，以便大家欣赏到最美的风景，具体由领队根据团期景色安排：前往【青阳沟】的路上会看到巨美的风景，小溪、牛羊、森林、雪山，种种元素结合在一起，不禁令人感叹世上竟会有如此美不胜收的地方。慢步行走，感受清冽的空气给身体带来的放松，此刻运动带来的乐趣和山水的魅力融为一体，身心无比畅快。前往【八宝河】的沿途长满了野柳和刺槐，在河水的滋润下野蛮生长，倒映在河水中格外好看。徒步的过程中，你会邂逅森林里的小动物，也会惊喜于从未见过的菌类。和成群的牛羊擦肩而过时，恰巧阳光穿过树叶间的缝隙洒在脸上，心中充满了对世界的爱与感激。本次行程到这里就全部结束了，我们贴心的给大家安排了西宁、兰州两地散团，方便大家购买返程交通，车子随后会返回西宁散团，再返回兰州市区，如果有团友想在西宁/兰州继续游览，可以提前和领队说明，帮忙代订住宿。望大家返程平安。用餐：含早餐，正餐自理或AA车程：1.到西宁320km，约4h；2.到兰州550km，约5.5h；徒步：约6km，约3h海拔：青阳沟3000m，八宝河河谷2300m，西宁市区2200m。温馨提示：1、回到西宁的时间约在下午16:30以后，选择回程的航班以及火车时请选择下午18:30之后的车次，尽量留足时间。2、回到兰州的时间约在下午20:00以后，选择回程的航班以及火车时请选择下午23:00之后的车次，尽量留足时间。以上行程仅供参考，实际计划可能会因活动参加人数、体能状况、新老驴比例、天气等因素适当变动，以活动领队决定为准！！！活动排期：第一期：2026-05-31—2026-06-05已成行第二期：2026-06-12—2026-06-17已成行第三期：2026-06-19—2026-06-24成人2680元/人，单房差：650元/人第四期：2026-06-26—2026-07-01第五期：2026-07-04—2026-07-09第六期：2026-07-11—2026-07-16第七期：2026-07-18—2026-07-23第八期：2026-07-25—2026-07-30第九期：2026-08-01—2026-08-06第十期：2026-08-08—2026-08-13第十一期：2026-08-18—2026-08-23(成团）第十二期：2026-08-22—2026-08-27成人2980元/人，单房差：900元/人第十三期：2026-08-29—2026-09-03第十四期：2026-09-05—2026-09-10第十五期：2026-09-12—2026-09-17第十六期：2026-09-19—2026-09-24成人2680元/人，单房差：650元/人费用包含：【住宿】兰州酒店标间1晚、武威市酒店标间2晚、民乐县酒店标间1晚、祁连县酒店标间1晚，共5晚；【交通】全程正规旅游车包车费用，司机吃住费用，过路费、油费等；【门票】冰沟河景区门票含景交，山丹军马场一场门票含景交，山丹汉明长城遗址卫生费；【用餐】全程含早；【领队】安排优秀户外领队全程为您服务；【购物】全程无购物；费用不含：【交通】各地往返兰州/西宁的大交通费用；【门票】由于此次行程涉及的部分景点均为未开发原生态景点，故不能保证临时出现收费的情况，后期如若收费需要大家自理；【用餐】全程正餐自理，可结伴AA，根据个人情况而定；【单房差】行程住宿按照双人标准间安排，单人报名者我们帮您安排同性拼房，单人携带儿童以及需要单住的请补齐单房差独享一间房。【其他】费用包含里未包含的其他费用。重要备注：未开发景点如遇因施工等原因不能进入参观，为不可抗力，费用不退（不含门票），请谨慎报名。【退款说明】凡是活动报名付款后，如临时有事要求退出活动，需要支付相对百分比的手续费，已产生的交通费、住宿费、门票费等不予退还，还请谅解。关于临时退出活动扣款说明：1、出发前3日及以上，支付驴行费用总额10%；2、出发前2日至1日，支付驴行费用总额50%；3、出发当日，支付驴行费用总额100%注：本次活动属户外范畴，存在一定户外风险，报名者视为已知悉本活动的风险并愿意自己承担行程责任。退款须知：1，出发前48小时及以上，支付旅游费用总额1%2，出发前12小时至48小时，支付旅游费用总额50%3，出发前12小时内，支付旅游费用总额70%4，黄金周线路（黄金周特指国庆长假、春节、以及端午等小长假参加，黄金周线路特指线路日期有一半以上占用黄金周假期）出发前12小时至48小时，支付旅游费用总额60%；出发前12小时内，支付旅游费用总额80%。（如按上述比例支付的业务损失费不足以赔偿旅行社的实际损失，旅游者应当按实际损失对旅行社予以赔偿，但最高额不应当超过旅游费用总额。旅游者未按约定时间到达约定集合地点，也未能在出发途中加入旅游团队的，视为旅游者在出发当日解除合同。行前提示：出行通知领队会在出发前时前一天下午17：00发送短信通知，请注意查收，若未及时收到短信，请及时联系！带什么双肩背包：游览时装水和相机等物品，不需要负重游览，行李可放在住宿点或车上。鞋子：徒步、登山活动请准备徒步鞋一双，登山鞋优先；漂流、溯溪、海岛活动请自备拖鞋、溯溪鞋。杂物：登山杖，蚊虫水，防晒霜，帽子（遮阳），雨具，两瓶水。自备药品：感冒退烧类，肠胃类，晕车类，过敏类，晕车晕船药身份证（住宿登记，高速临检都会用的到的哦）环境保护在活动过程中所产生的垃圾，请队员们自行收集好，然后丢至垃圾桶内。从负责任旅行和个人卫生角度出发，我们建议大家自备水壶装水，减少一次性矿泉水瓶的使用。"	,"ianshan 走进祁连山祁连山6日徒步探险之旅"	,"Manshan 走进祁连山祁连山6日徒步探险之旅；anyhan 走进祁连山祁连山6日徒步探险之旅心随云卷祁连秘境；走遍了云贵，游尽了川西，徒完了新疆... 你是不是在疑惑， 偌大的青甘就没有一个关于祁连山的徒步吗？ 如果你正在寻找祁连山徒步的线路， 以下是我们精心挑选出的几条， 它们将带领你领略祁连山方圆2000平方公里内其独特的美景与风情。 祁连山是中国西部一条重要的山脉是众多珍稀野生动物的栖息地它自然景观独特有雪山、冰川、森林、草原、湿地等多种生态系统治愈黄圣洁白深邃蓝油菜花雪山八宝河黄色僧帽白塔身湛蓝晴空；青稞日落砂岩草原/植被红色山脉/信仰品质保证 FUN开玩让旅行回归纯真，优先以游客体验为中心！ TIANSHANTIANCHI+KANAS+HEMU+WORLD DEVILCITY+SAIIMULAKE+NARA +YINING MOUNTAIN LAKES"" AL VILLAGES LE LANDSCAPE IS RICH THATTRAVELIS NO LONGER JUSTEARLY MORNINGAND DARK 精选线路品质服务不拼团省心自由全程24小时在线客服优秀领队甄选住宿全程入住优选酒店全程入住优选酒店；舒适交通地道美食全程舒适正规旅游用车品味当地特色美食想和你一起跨越山河走进祁连山，与大自然深度对话 KANAS+HEMU-WORLDDEVILCITY-SAIMULAKE- ANUAN LANDSCAFEISR N 山丹汉明长城山丹军马场 ·柴尔龙海 -一马兰花草原冰河沟景区·祁连山生态秘境民乐乌鞘岭 / 1 祁连草原穿越兰州青阳沟八宝河西宁兰州集合 6日徒步探险之旅 Day 1 各地－兰州－入住兰州优选酒店 Day2 兰州－乌鞘岭－祁连山生态秘境－武威-入住武威市优选酒店 Day 3 冰沟河景区－柴尔龙海－马兰花草原－入住武威市优选酒店；山丹汉明长城－山丹军马场－民乐－入住 Day 4 民乐县优选酒店 Day5 民乐－祁连草原穿越－祁连－入住祁连县优选酒店 Day 6 祁连－青阳沟/八宝河－西宁/兰州解散行程亮点和自然深度对话 TIANSHANTIANCHI+KANAS+HEMU+WORLD DEVILCITY+SAIIMULAKE+NARATI +YININGMOUNTAIN LAKES HOLELANDSCAPEISRICH"" THAT TRAVEL IS NO LONGER JUST EARLY MORNING AND DARK 你是否也在渴望一场与心灵的对话？ 离开喧嚣的城市生活，来到返璞归真的大自然， 祁连山脉，这片神奇的土地， 它将开怀抱，带你踏上一段洗尽铅华的心灵奇旅... 草原牧场祁连山草原满目绿色，骏马和牛羊正在尽情奔腾或红或黄的野花随风摇曳，在绿色的海洋中荡漾。；森林秘境林海徒步，闯入祁连山脉的绿野仙踪山路豌蜓曲折直通一片童话般的森林 2C；古树遮天蔽日鸟鸣清脆悦耳呼吸吐纳之间身心与森林共通雪山之巅看那连绵不绝的雪山在阳光下熠熠生辉， 此刻，天地寂静寒风凛冽，只余心跳永不停歇。；溪流之歌徒步中有太多清澈透亮的溪流， 它们就像最有活力的小姑娘， 唱着歌蹦蹦跳跳，带领我们一往无前。 历史长廊见证历史变迁的长城安静赢立挺拔的如同中国人的脊梁；极目眺望， 风光锦绣尽收眼底， 万里山河平安无恙。 徒步亮点在这里心灵洗礼 ANSHANTIANCHI+KANAS+HEMU+WORLD DEVILCITY+SAIIMULAKE+NARATI +YININGMOUNTAINLAKES""CUTURALVILAGES""GRASSLANDSANDNOWHEWHOLEANDSCAPEISRICH THAT TRAVELIS NO LONGER JUSTEARLYMORNINGANDDARK. 祁连山脉徒步不仅仅是一段旅程，更是一次心灵的洗礼在这里，你可以找到内心的平静与力量与大自然建立深厚的情感联系让我们携手踏上这段旅程，共同感受大自然的神奇魅力吧！ 祁连草原穿越被誉为中国六大最美草原之一；四周环绕着苍翠的森林和连绵的山脉， 每一寸都是大自然的杰作。 八宝河镶嵌于崇山峻岭之中的八宝河是西北第二大内陆河黑河的支流，它蜿曲折，如诗如画；青阳沟祁连山深处的隐秘天堂青稞田与油菜花错落有致，连滤镜都显得多余的仙境；山丹汉明长城峡口关依山筑城，断塞关隘一颗遗落在人间的宝石散发着无尽的魅力与神秘。 冰沟河柴尔龙海邂逅一场纯净的浪漫极目望去仿佛遗落人间的""蓝宝石只待远道而来的客人欣赏；乌鞘岭三原风云脊立三原交汇处，吹过千年英雄风黄土、青藏、内蒙三大高原交汇之地高原三大高原交汇处 40.821025134.64海技3120米；山丹军马场天马原乡蹄印千年丝路，心随天马牧云霍去病创立、历史悠久的皇家马场马兰花草原蓝紫潮汐草原六月花潮漫祁连，风起蓝浪入画间蓝紫色花海如潮汐般覆盖草原；舒适睡眠品质住宿全程6晚当地舒适住宿 AND SNOWTHEWHOLELANDSCAPEISRICH THAT TRAVEL IS NO LONGER JUST EARLY MORNING AND DARI；具体以实际入住为准图片仅供参考美食之旅为您推荐不可错过的异域美食，不虚此行！ ANSH NI1A -KANA HEMI +WORLD DEVIL CITY+SAIIMULAKE+ ANDS AND SNOI THE WHOLE LANDSCAPE IS RICH HAT TRAVELIS NO LONGER JUST EARLYMORNINGAND DARI 兰州拉面手抓羊肉烤全羊酸辣里脊尕面片羊杂汤；口"	,"【徒步祁连山秘境6日】已成行 8.18日-23日 柴尔龙海-冰沟河-八宝河谷-汉明长城遗址-山丹军马场"	,"中性"	
啤酒行业-行业-低,"2026-08-10 14:00:00"	,"toutiao"	,,0,,,"896792027729112"	,,"小冰冰"	,,"7672078257159815707"	,"https://api-app-proxy.tarsocial.com/api/token/v2/rewrite_url?url=1YusuDMvr9od4K_K1MN8mjIOcWIunAfzU6n1BFWqO53SrVRT2yauIJQQBHBru9wdOgUWncN1R1uVUXRpVCHzng"	,,"仅为剧情需要无任何不良引导请勿模仿 B4714056 84716376"	,"仅为剧情需要无任何不良引导请勿模仿老板；仅为剧情需要无任何不良引导请勿模仿；仅为剧情需要无任何不良引导请勿模仿要不您先看看；仅为剧情需要无任何不良引导请勿模仿禁止自带可是违；仅为剧情需要无任何不良引导请勿模仿行那我点菜再叫你；仅为剧情需要无任何不良引导请勿模仿那我去买酒；仅为剧情需要无任何不良引导请勿模仿谁不知道烧烤店就靠酒水挣点钱啊；大吉仅为剧情需要无任何不良引导请勿模仿大利 fee Forest # 小好福中国#了花家地藏出所报警电话 84714055 84716376 您这带的啤酒啊；仅为剧情需要无任何不良引导请勿模仿哎呀不好意思啊；仅为剧情需要无任何不良引导请勿模仿茶点啤酒这啤酒不也是酒水吗；仅为剧情需要无任何不良引导请勿模仿哎呦他给我拿个常温的；仅为剧情需要无任何不良引导请勿模仿你帮我们镇一下；仅为剧情需要无任何不良引导请勿模仿拿六个给我们串一下；仅为剧情需要无任何不良引导请勿模仿我们只能上桌自已进的酒水；仅为剧情需要无任何不良引导请勿模仿行了行了；仅为剧情需要无任何不良引导请勿模仿三块一杯；仅为剧情需要无任何不良引导请勿模仿你们也太不会做生意；仅为剧情需要无任何不良引导请勿模仿冰杯还要钱啊；仅为剧情需要无任何不良引导请勿模仿哎呀我们多点点不啥都有；仅为剧情需要无任何不良引导请勿模仿对；仅为剧情需要无任何不良引导请勿模仿行；仅为剧情需要无任何不良引导请勿模仿京啤酒哎呀这老板可太不会做生意了；仅为剧情需要无任何不良引导请勿模仿推吃个大排档还自带啤酒；仅为剧情需要无任何不良引导请勿模仿这啥人；仅为剧情需要无任何不良引导请勿模仿推刚说了能多点儿个菜；仅为剧情需要无任何不良引导请勿模仿哎这；仅为剧情需要无任何不良引导请勿模仿欢不是你点的啥；仅为剧情需要无任何不良引导请勿模仿我们这禁止自带餐食；仅为剧情需要无任何不良川导请勿模仿那这个；仅为剧情需要无任何不良引导请勿模仿咱店里有吗；仅为剧情需要无任何不良引导请勿模仿是啊；仅为剧情需要无任何不良引导请勿模仿燕京U8 热爱有你我哥们就好这口；仅为剧情需要无任何不良引导请勿模仿不是你们；仅为剧情需要无任何不良引导请勿模仿燕京U8 热爱有你我们再点10个肉串；要无任何不良引清勿模仿仅为居哎；仅为剧情需要无任何不良引导请勿模仿其他的不够再点；仅为剧情需要无任何不良引导请勿模仿成；仅为剧情需要无任何不良引导请勿模仿都是你爱吃的东西；剧情靠要无任何不良引导请勿模仿 9 注意安全 aIAllpay 三老板娘结账；仅为剧情需要无任何不良引导请勿模仿一共消费76；你小票给我看看；仅为剧情需要无任何不良引导请勿模仿注意安全；为剧情需你们不是说好赠送的吗；仅为剧情需要无任何不良引导请勿模仿那您说好多点几个菜也没点啊；剧情需要这每桌都有份黄桃罐头；仅为剧情你也给我来一份；仅为剧情需要无任何不良引导请勿模仿您来我这吃个饭；仅为剧得 20个串坐了一下午；仅为剧情需要无任何不良引导请勿模仿我好意思送；仅为剧情需你怎么说话呢你；仅为剧情需要；仅为剧情需要无任何不良引导请勿模仿给他写差评；仅为剧情需要无任何不良引导请勿模仿注意安全 CAUTONDANGER 配电箱支IAlipay 国老板娘；仅为剧情需要无任何不良引导请勿模仿你这是干啥呀；何不良引导请勿模仿仅为剧情需要无仔你不觉得有点过了吗；仅为剧情需要无任何不良引导请勿模仿不是你先出去买啤酒的吗；仅为剧储靠要无任何不良引导请勿模仿你求我找活；RU 想给你省点钱；仅为剧情需要无任何不良引导请勿模优谁承想你这么离谱；请勿模仿无仟何不我要不点点串；为剧体需勿模仿；仅为剧情需要无任何不良引导请勿模仿剩下啤酒给你们了；号导请勿模發；仅为剧情需要无任何不良引导请勿模仿强子；仅为剧情需要无任何不良引导；仅为剧情需要无任何不良引导请勿模仿心国"	,"你到饭店吃饭会自带酒水吗？ #剧情 #餐饮 #消费者 #自带酒水"	,"中性"	
啤酒行业-行业-低,"2026-08-10 14:00:00"	,"douyin"	,,0,70,,"3459505630486180"	,,"鹏诚保温防火"	,,"7672019802570902835"	,"https://api-app-proxy.tarsocial.com/api/token/v2/rewrite_url?url=UxI1mE1VtivWWENn8adpDmG3kF8SwGcheiC2XVx5H1lB6QOtRkAMfZgfGb554jXhGSYSZZmJRq-kBZDExWaAVg"	,"吸音玻璃棉板，贴铝箔玻璃棉卷毡。浙江吸音玻璃棉板，贴铝箔玻璃棉卷毡，严格的质量控制，确保产品的高品质。多年的行业经验，让您购买无忧。玻璃棉量大从优，玻璃棉卷毡不断加强生产管理，优化制造流程，确保产品品质更加均衡可靠。 #浙江吸音玻璃棉板厂家 #玻璃棉毡 #北京A级防火玻璃棉卷毡生产厂家 #宁夏玻璃棉板源头工厂 #玻璃棉保温板"	,"玻璃棉制品源头工厂·没有中间商赚差价支持定制|规格多样|快速发货"	,"玻璃棉制品源头工厂·没有中间商赚差价支持定制规格多样快速发货#####玻璃棉制品源头工厂·没有中间商赚差价支持定制】规格多样快速发货#####玻璃棉制品源头工厂·没有中间商赚差价支持定制规格多样快速发货"	,,"正向"	
啤酒行业-行业-低,"2026-08-10 13:59:29"	,"weibo"	,,0,15166,,4089107873,,"浅语1888"	,,"5330365237431605"	,"https://api-app-proxy.tarsocial.com/api/token/v2/rewrite_url?url=bETNdXXxBw6SRVox7gALQzN4w3OypzgYCCt0uZy9Cx_iok_4mpmWVgbPDjnv05K51xGFvZwDJPhDQxeYPqMozw"	,"谁能拒绝头头的鲜活模样，一举一动满是童真可爱，赛场之外解锁满满的少年软萌感✨ http://t.cn/AXNfh61U ​​​｜浅语1888的微博视频"	,"LCN EN"	,"Ma 王楚钦改不掉的小习惯有多可爱；他从小打球一上头就爱踩脚；红喜 LIEBHERR TARLETENNIS. FOLCLLE LIEBHE；W 红双春红3 DHS 乒乓器；CeU；他的脸蛋也跟着遭殃；JOOL Prrv tortho Chanplo SHAGAMD 4 以前输球顶多拿手轻轻扇扇脸 SKY5；红店红双喜 ZRS 长大急了直接上手拍自己脑袋；喜难怪大家都说他脑袋大；JIG 燕京啤酒专 YANJ 应该是气急败坏拍大的；他还算稳住情绪的时候；收腰叉腰站T字步；T brs 红双聘 DHS 这姿势从幼头时期邢会就这么站；再配上橱嘴皱眉脚正蹭鞋底；中；·中；别看他平时看着拽拽的；ISHIPSFINALS· A2025 MAY2025 ARENAA TYSPORTSCOMP AQATAR ITTF 其实软平平特别爱哭；ett.com m 打球不管输赢都掉金豆子；SANEL 给旁边队友都看傻了；rett.com 我怎么感觉大头那个，他那个；rett.com PeL 不管输赢都要哭呢；tett.com PFLA 不管输赢都要哭呢；小时候直播拼乐高能被自己笨哭；我们头哥就是这么拽跟许昕打球的时候看着气场十足；超清快乐乒乓网视频 happypingpang.com 绿即将落泪的头头城开听其实眼眶早就蓄满泪水王饮；被气笑的大娇×！ 权健给许昕都整笑了；这么多年他也就身高身形变了点；看见桌上利炸鸡腿；眼睛立马放光；眞怀疑他年龄谎报了；佳能 HIKVISION 娃哈哈 HIKVZS 19thAsia Har 19thAsianCames Hangzhou 留蘑菇头那段时间最像小屁孩；半点潮男帅气感没有；场上时不时画风跑偏；暂停的时候自己指导自己；局间休息来回换大小毛巾；还搁那凭空脑补炒菜；打球受委屈也不整着；偶尔会蹦两句国粹发泄；形 IGERY；.K A；ICITTEOH imffoundation.org CIEADON imffo BUSAN 水井坊 TATA门 Ganen 百岁山 KSREANAIR JANGWOOJIN WANGCHUQIN 遇上离谱擦网球心态崩了；ICITTEOH imffoundation.org CIEADON imffo BUSAN 水井坊 TATA木门 Ganen 百岁山 KSREANAIR JANGWOOJIN WANGCHUQIN 一米八多的大个子直接趴桌上缓半天；t.± 1 4 M481A L3 d.3 3.4 水井坊·第一坊英利奥地胶 AF XUXin WTT WANG Chugin；CITUNDATON itffo 水井坊 TATA木门；CITUNOATION iffo 水井坊 TATA木门；KTTa；累了；我要静静累了；/王楚钦 2 10 /周恺 9；无论多大他都改不了爱哭的习惯；PELO GALAXY ENTERTAINI 无论多大他都改不了爱哭的习惯；1 没人哄就自己拍胸口打气 IG；/ANGCHUQIN 2；怡寶 IANGCHUQIN 2 2；军训走正步他更是独一道风景线；TABLE TENUU FORLIFE 729 赛前热身倒着走；LFI 789 居然还是同手同脚；ETENI RLIFE 729；TABLETEIOKLS FORLIFE TORAL 789；高需求宝宝王楚钦还是一款典型的高需求宝宝；即将失去耐本来黑着脸的王皓；即将失去耐心看到钻禄头过来时；瞬间变脸笑嘻嘻的安慰；高需求宝宝；WangC.Q. 孩子回来了 CHN；这架势莫不是要拿拍子轮我；得想个主意；Wang C.Q. CHN；WangC.Q. CHN ivll 变脸；ME 福就连一向淡定的龙队都站起来夸夸；白告：哎~放松轻松；龙队：够了够用 00；侵关系！就追板板衔接 WangC.0. CHN PARIS 202%；日兴奋啊；从再来再来啊！；性格反差超大"	,"谁能拒绝头头的鲜活模样，一举一动满是童真可爱，赛场之外解锁满满的少年软萌感✨ [浅语1888的微博视频](http://t.cn/AXNfh61U)"	,"正向"	
啤酒行业-行业-低,"2026-08-10 13:57:27"	,"app"	,,0,316362,,"T1457424160221"	,,"CNMO科技"	,,"670d86a0f9b3c053f196f332aa584d64"	,"https://api-app-proxy.tarsocial.com/api/token/v2/rewrite_url?url=Vjhf8O4lgBhkvHpaFoaSiE6RyaCxbEYAhO7XMyKFIpJLdnkz3MHjnMEghKxi3kqfN3_AG4yQCp0PcPQTPtI49g"	,"8月10日，米家制冰机正式开启众筹预约，众筹价359元，该产品将于8月17日众筹开售。 米家制冰机支持小颗“快速冰”、大颗“标准冰”两种冰型选择，两种模式均可制冰8颗。“快速冰”约6-8分钟制冰，无需久等，随时享用冰爽饮品；“标准冰”更大更透明，融化更慢，适合威士忌、鸡尾酒等多种品质冰饮。该产品采用均匀制冰技术，通过减少冰体内部气泡与杂质聚集，降低白雾感。 据介绍，“标准冰”完全融化时间约7分钟，融化更慢，可减缓饮品稀释速度，更好保留冷萃咖啡、威士忌、啤酒及气泡饮等饮品风味，让冰爽口感更持久。 机身方面，米家制冰机整机重量约6.1kg，占地面积约一张A4纸大小，可放置在厨房、吧台、办公室等场景。 操作方面，米家制冰机可通过LED指示灯显示缺水、UV、标准冰、快速冰等状态，同时配备透明视窗，无需开盖即可查看冰篮内剩余冰量。 此外，产品内置1L水箱，支持3小时、5小时、8小时预约制冰，设定后即可自动制冰。冰仓一次可容纳约64-80颗冰块，24小时持续制冰量约13kg。米家制冰机还支持自清洁及侧置排水设计，进一步降低日常清洁和维护成本。 据CNMO科技了解，米家制冰机是米家旗下首款独立制冰机产品。此前，米家仅有米家即热管线机制冰版、米家即热饮水机Max制冰版、米家台式净饮机制冰版等产品支持制冰功能。 JPG 长图 JPG 长图 行业密探 进圈子，查看精彩内容"	,,,"8月10日，米家制冰机正式开启众筹预约，众筹价359元，该产品将于8月17日众筹开售。 米家制冰机支持小颗“快速冰”、大颗“标准冰”两种冰型选择，两种模式均可制冰8颗。“快速冰”约6-8分钟制冰，无需久等，随时享用冰爽饮品；“标准冰”更大更透明，融化更慢，适合威士忌、鸡尾酒等多种品质冰饮。该产品采用均匀制冰技术，通过减少冰体内部气泡与杂质聚集，降低白雾感。 据介绍，“标准冰”完全融化时间约7分钟"	,"正向"	
啤酒行业-行业-低,"2026-08-10 13:55:47"	,"toutiao"	,,0,,,"1733252571210515"	,,"燕姐"	,,"7672273659972682249"	,"https://api-app-proxy.tarsocial.com/api/token/v2/rewrite_url?url=1YusuDMvr9od4K_K1MN8ml17rEfkAea0gAdcR6CW8DzE_jOwFVV31NEisXfJ-sSBHazA2FGLApOCg8X0ITjT6w"	,,"怕是平时想出去消费都要算一番"	,"日本不打算结婚生子的单身女人；没有老公孩子常年住在车里生活；你知道她一天过得能有多自由吗？；今年28岁的梅川伊芙；才慢吞吞地从床上醒来；伊芙目前是爱媛县的一名上班族；如今跟一只猫生活在车里；正好今天周末不用去上班；伊芙醒来会先给小猫喂点吃的；毕竟自己是独身主义者；所以这只猫就是伊芙的精神伴侣；接下来伊芙开始化妆；9719 虽然今天基本哪儿也不去；但伊芙还是喜欢打扮漂亮；化完妆再简单刷牙；洗漱完伊芙还要收拾好脏衣服和床单；拿去洗干净；般每周只会集中洗一次；毕竟住在车里限制太多了；而且这么做还能省点钱；00元 A008 1JS 飞宏人5通商一全口出因为洗衣房的收费按照重量来算；图西原茶赞到16公斤再洗；舞夫区全 HSKNILOY 花500日元就能洗完；oarw aMoarw lerlesW 聚 C#T金 > [O間聚]回 02 ? 08 折合人民币约25元钱 Wxulotol；A 要不飞老人恒自一·嘴来不知道大家感觉贵不贵呢；2V 181 10AA0T2A110MUAI 趁着衣服清洗期间；lurna mie JJAN0T2&120MUA1 伊芙不会留在这里；而是直接回到车上做早餐吃；跟一般廉价面包车不同；伊芙这辆车售价超过900万日元；并且还花了不少钱改装；所以无论空间还是生活设施都比较齐全；不管炒菜还是微波炉加热都没有问题；不过伊芙平时在饮食方面；也不会做油烟太大的食物；TDTTTKKAK 丽乙她吃的是一份半成品米饭加煎鸡蛋；等吃完早餐；伊芙刚好也该去洗衣房；把洗完的衣物拿回来；伊芙从3年前开始住进车里；当时她也想过要不要去买房；不过后来伊芙仔细想了一下；发现买房对她的用处不大；怕是平时想出去消费都要算一番；还不如拿这些钱买一辆房车；平时闲着没事还能开去旅游；就算不出去；也能像今天这样过；冲杯咖啡在车里安静的刷手机；转眼就来到晚上5点30分；伊芙就会带上洗发水沐浴露；去公共浴室洗澡；洗完回到车里伊芙会喝瓶啤酒放松一下；顺手把小猫喂饱；接着就该做晚餐了；伊芙处理食物的方式基本很统一；都是加调味料和水直接大乱炖；这也算最适合车里的做饭方式；noin licd；noln lcdd 作为一个完全不想结婚的女生；伊芙直言这种目子也相当不错；她除了工作之外的其他时间；要么就开车找个景区欣赏不同地方的美景；至于晚上就在车里喝着啤酒；喝得差不多就上床睡觉；总体来说还是很不错的；就不会存在不舒服；这就是日本单身女的一天；你对这种生活究竟怎么看呢；欢迎在评论区留言讨论"	,"日本不打算结婚生子的单身女人，常年住在车里，一天能有多自由？"	,"中性"	
啤酒行业-行业-低,"2026-08-10 13:55:45"	,"weibo"	,,0,2080,,3230399790,,"大漠孤烟-微"	,,"5330364303148042"	,"https://api-app-proxy.tarsocial.com/api/token/v2/rewrite_url?url=bETNdXXxBw6SRVox7gALQ3DdW8IHOVhoGUMeBH9S4YWN5DjPG6r580qehFHiIeDxyfAAwFvZRhEv-YfCP6irUg"	,"转发微博｜三极管不分正负的微博视频｜男子吃螺蛳粉加猪蹄啤酒，吃完称没钱，老板：有困难可直接说"	,,,"转发微博[男子吃螺蛳粉加猪蹄啤酒，吃完称没钱，老板：有困难可直接说][rtt]8月8日 湖北仙桃，一名男子来到螺蛳粉门店消费，点了一碗螺蛳粉，额外加了猪蹄，还点了几瓶啤酒。 店家提出消费需要先付款，男子反倒理直气壮，称自己不差这点钱。可等男子吃饱喝足之后，却表示身上没钱，付不起这一顿饭钱。 老板表示，如果确实遇到难处，坦诚讲出来，店里可以免费给下一碗粉吃，愿意施以援手。但像这样先摆阔，吃完才说没钱的行为，性质就属于吃霸王餐。开店这么多年，老板也是头一回碰到这样的顾客。 #微博二创视频创作季##微博视频播客二创内容官# [三极管不分正负的微博视频](http://t.cn/AXNb8E7W)"	,
啤酒行业-行业-低,"2026-08-10 13:53:04"	,"toutiao"	,4,1,,,"2781099288178544"	,,"玛丽莎"	,1,"7672276905722331671"	,"https://api-app-proxy.tarsocial.com/api/token/v2/rewrite_url?url=1YusuDMvr9od4K_K1MN8ml17rEfkAea0gAdcR6CW8DxGm5H7LzjBxfg_PXsT-QAehXLHg1O6xNQ9CFginar1EQ"	,,"跨江大桥能过巨型运输船引发外网热议 10.Little fing lle finger 全长399.99米！ 全球最大级别的运输船通过长江大桥"	,"跨江大桥能过巨型运输船引发外网热议 10.Little fin efinger 全长399.99米！ 全球最大级别的运输船通过长江大桥中国的跨江大桥；抖音是全球最大的；运输船通过了长江大桥；很多人刷到航拍视频的时候；第一反应都是不敢相信自己的眼睛；一艘如同移动钢铁岛屿的超级巨轮；一边是横跨长江；车流不息的钢铁大桥；WERE 一边是将近400米长的海上巨无霸；视觉冲击力查接拉满；这一幕太震撼了！ 那种压迫感与宏大感；这艘船就是东方智慧轮；我们国家自主建造的甲醇；CMA CGM 双燃料超大型集装箱船；CMACGM LNGPOWERED 属干全球第一梯队的海上运输巨兽；船宽61.3米；甲板面积相当干3.5个标准足球场；CMACGM 最多可以装载24，168个标准集装箱；CMA CGM 一趟运货量抵得上；CMA CGM 240多列火车的运力；CMACGM 满载排水量甚至超过两艘大型航母；CMACGM LNGPOWERED 很多朋友对这个数字没有概念；CMACGM LNGPOWERED 这就是跑远洋航线的顶级大船；CMACGM LNGPOWERED 它本该驰聘在无边无际的大海；而不是开进狭窄的内河长江；很多网友看完视频会产生一个疑问；大桥底下钻过去的；这可不是简单开船飘过去；这是一场容错率极低的极限操作；水位时时刻刻都在变化；团队采用一船一策的专属引航方案；困队采用一船一策的专属引航方案；专门挑选水位最低的窗口期通行；PPING YUAN ZHUO HAI 船舶提前调整压载水压低船体高度；OSCO SHIPPING YUAN ZHUO HAI 围榄杆雷达天线全部做降高处理；COSCO SHIPPI YUAN ZHUO HAI 多艘拖轮协同配合；YUAN ZHUO HAI 引航员全程实时监控航道水流；每一个航向；留给船体和桥底的；安全余量十分有限；就会酿成重大事故；觉得是不是长江所有跨江；大桥都能放行这种万吨巨轮；长江下游部分大桥的；可以接纳这类巨轮；桥梁净空高度就会大幅下降；很多大桥会直接成为超级；海轮无法逾越的钢铁屏障；长江F游水域活动；无法继续向西深入内陆；两岸千万人的陆路通行；又要兼顾黄金水道的航运需求；恰恰就是中国基建最；谨慎驾驶这段视频传到海外平台之后；道接在外网炸开了锅；I havebeen sailingformore than 20 years""butI never thought thatanearly4o0metergiant containershipcould complete its passage under an inland river bridge. This is not just about good shipbuilding""but also aboutbridge design""waterway management"" and navigation technology.The entire system is fully developed""and this is avictory for a complete set of engineering capabilities. 我跑了二十多年远洋，从来没想过将近400米的巨型集装箱船，可以在内河大桥下元成通行。这不单单是船造得好， 桥梁设计、航道管理、引航技术，整套体系全部拉满这是一整套工程能力的胜利 O 我跑了20多年远洋；years""butIneverthought Ihavebeensailingformorethan20 thatanearly400metergian tainershipcouldcomplete itspassageunderanin land ridge.Thisisnot justabout good shipbuilding""but also abot boutbridgedesign""waterway management""and navigation technology.The entire system is fully developed"" and this is a victory oracompletesetof engineering capabilities. 我跑了二十多年远洋，从来没想过将近400米的巨型集装箱船， 以在内河大桥下完成通行。这不单单是船造得好， 乔梁设计新管理、引航技术，整套体系全部整套工程能力的胜利 O 从来没想过将近400米的巨型；Ihavebeensailingformorethan20 years""butIneverthought thatanearly400metergi tainershipcouldcomplete itspassageunderani and idge.Thisisnotjustabout good shipbuilding""but also bridgedesign""waterway management""andnavigationtechnology.The entiresystemis fully developed"" and this is a victor racompletesetof engineering capabilities. 我跑了二十多年远洋，从来没想过将近400米的巨型集装箱船以在内河大桥下完成通行。这不单单是船造得好梁设计 Sms 管理、引航技术，整套体系全部能力的性利集装箱船可以在内河大桥下完成；Ihavebeensailingformorethan years""butIneverthought thatanearly400meter inershipcouldcomplete itspassage und eran ge. Thisisnotiustabout good shipbuilding"" lbuta rio 0 e 0 res gn""waterway management""andnayi inology.The entiresystemis fully developed"" and this is a oracompletesetof engineer abilities. 我跑了二十多年远洋， 从来没绣斤400之采的巨型集装箱船以在内河大桥下完成通行。这不必设管理、引航技术，整套体系全能力的胜魅通行这不单单是船造的好；Ihavebeensailing formore ears butIneverthought thatanearly 40n iner coul dlcomp lete itspassas eund an isisnotiustabout goodshipbuilding waterway management""andnay heentiresystemis fullydeveloped""and this CO letesetof eny 我跑了二十多年远洋， OYO 5 以在内河大桥下完成通行。 设管理、引航技术，整套体系全能力的性利 DOOLI: NUpHte 航道管理；Ihavebeensailing formor ears butIneverthought thatanearly 10 C011 dcomplete itspassag eun isisnotjustabout goodshipbuilding. waterway management""andnay heentiresystemis fully developed""and this CO letesetof eng hneer biiies 我跑了二十多年远洋，从来没想近400元巨型集装箱船 K 以在内河大桥下完成通行。这不船造深设计 115 管理、引航技术，整套体系全能力的胜利这是一整套工程能力的胜利；还有普通外国网友感慨；Our country isbuildinga crossriverbridge""and itwill take morethantenyearsjusttodiscussandconductenvironmental assessments. China is building the bridge while also allowing large ships to pass under it. It's hard to imagine how they can meettheneedsofbothsides 我们国家修一座跨江大桥，光过论、环评就要十几年、中国一边修大桥跑汽车，一边还能让海上巨轮从桥下过，很难想象他们是怎么做到兼顾两边需求的我们国家修一座跨江大桥；Our countryisbuilding a crossriverbridge""and itwill take morethantenyearsjusttodiscussandconductenvironmental assessments. China is building the bridge while also allowing large ships to pass under it"" It's hard to imagine how they can meettheneedsofbothsides 我们国家修一座跨江大桥，光讨论、环评就要十儿年，中国一边修大桥跑汽车，一边还能让海上巨轮从桥下过，很难想象他们是怎么做到兼顾两边需求的中国一边修大桥跑汽车；Ourcountryisbuildingacrossriverbridge""anditwilltale morethantenyears iusttodiscussandconductenvironmental ments. China is building the bridge while also allowing assessn large ships to pass under it.It's hard to imagine how they can meettheneedsofbothsides 我们国家修一座跨江大桥，光讨论、环评就要十儿年，中国一边修大桥跑汽车，一边还能让海上宣轮从桥下过， ，很难想象他们是怎么做到兼顾两边需求的边还能让上海上巨轮从桥正过；Ourcountryisbuildingacrossriverbridge""anditwilltale morethantenyearsj iusttodiscussandconductenvironmental ments. China is building the bridge while also allowing assessm large ships to pass under it"" It's hard to imagine how they can meet the needs of both sides 我们国家修一座跨江大桥，光过论、环评就要十儿年，中国一边修大桥跑汽车，一边还能让海上宣轮从桥下过， ，很难想象他们是怎么做到兼顾两边需求的很难想象他们是怎么；评论区也少不了熟悉的质疑声音；一部分西方网友习惯性提出疑问；What is the cost?Will it damage the ecology of theYangtze River? 代价是什么？会不会破坏长江生态？ 至10:348 会不会破环长江生态 SUBSCRIBED；10:34A 也有个别带偏见的评论 SUBSCRIBED；LMOL MOL HYUUE HYUNDAI HVU HYUHDAI JUTEnI HYEDIUUE 但很快就有懂航运的网友出来反驳；皖M01 MOL HYUTE HYUNDAI D AHYUHDAI HYUOnI HYUNEAI YOYAEE 但很快就有懂航运的网友出来反驳；Therearestrictwindowperiodcontrolsforthepassageofgiant ships"" and this ship itself is powered by ymethanolfor environmentalprotection""reducingcarbon emissions.Donot use stereotypesto arbitrarilynegate others'engineering achievements 巨型船舶通行有严格的窗口期管控，这艘船本身还是甲醇环保动力 ，降低碳排放，不要拿刻板印象随意否定别人的工程成果？ HYUNDAYOYAGER 巨型船舶通行有严格的窗口期管控；MOL There are strictwindow period controlsfor the passage of giant ships""and this shipitself is powered by methanol for environmentalprotection""reducing carbon emissions.Donot use stereotypes to arbitrarily negate others' engineering achievements 巨型船舶通行有严格的窗口期管控，这艘船本身还是甲醇环保动力 ，降低碳排放，不要拿刻板印象随意否定别人的工程成果？ 这艘船本身还是甲醇环保动力；There arestrictwindowperiod controlsforthepassage ofgiant ships"" and this shipitself is powered by methanol for environmentalprotection""reducingcarbon emissions.Donot use stereotypesto arbitrarilynegate others'engineering achievements 巨型船舶通行有严格的窗口期管控，这艘船本身还是甲醇环保动力 ，降低碳排放，不要拿刻板印象随意否定别人的工程成果？ 不要拿刻板印象随意；还有东南亚南亚；网友的评论格外眞实；Asthe samebigriver""ourrivercannotbuild suchabridge"" does it have the ability to safely pass giant cargo ships. .After watchingthevideo""all thatremainsisenvy. 同样是大河，我们的河道既造不出这样的大桥，也没有能力让巨型货轮安全通行，看完视频只利羡慕。 我们的河道既造不出这样的大桥；As thesamebigriver""ourriver cannotbuild such abridge"" mor does it have the abiity to safely pass giant cargo ships.After watchingthevideo""all thatremainsis envy. 同样是大河，我们的河道既造不出这样的大桥，也没有能力让巨型货轮安全通行，看元视频只利羡慕。 也没有能力让巨型货轮安全通行；其实震撼我们的从来；都不只是那一艘大船；大船是中国制造的船舶工业实力；大桥是中国桥梁工程的硬本事；而让巨轮安全过桥的背后；是航道海事引航造船无数个；部门精密协同的完整工业体系；一座桥上面跑汽车；江上是连通内陆的黄金水道；桥上是两岸百姓的交通脉络；两种交通方式互不耽误；这就是属干中国的现实工程浪漫；会出现的宏大场面；在我们的长江之上；我们常常会惊叹国外的各种奇观；无数震撼世界的工程奇迹；一道就发生在我们身边；惊叹质疑美慕的时候；也恰恰证明中国基建正在一次次；刷新全世界对工程能力的认知"	,"中国巨轮“过了座桥”竟刷屏外网！老外：它是怎么过去的？是魔法吗？"	,"中性"	
啤酒行业-行业-低,"2026-08-10 13:51:45"	,"douyin"	,,0,644,,"4250025511099993"	,,"不知不觉-快消品-军平"	,,"7672276591812152619"	,"https://api-app-proxy.tarsocial.com/api/token/v2/rewrite_url?url=UxI1mE1VtivWWENn8adpDmG3kF8SwGcheiC2XVx5H1lr3m0QeRYMk7x2wV3C-S-wzG62zsfp8PJdYF27EndxIQ"	,"阿坝州汶川县积压啤酒急收。 阿坝州汶川县回收乐堡啤酒尾货，深耕本地酒水库存盘活业务，常年为啤酒经销商处理滞销、临期各类货源。收货条件宽松，100箱即可合作，万箱库存一次性收尾，市场风险可控，常年收购以下品类：金士百10度干啤、贝克、金威金典啤酒、喜力香槟瓶礼盒装、哈啤清爽、喜力星银啤酒、哈尔滨清爽、哈尔滨雪熊冰啤、金士百白啤，18103729333。 问：婚宴喜酒渠道滞销7200箱喜宴专用啤酒，场景性消费结束后无人采购，库存积压，急需一次性清仓，你们可以全盘接手吗？答：针对婚宴、喜宴等场景性专用啤酒滞销库存，我们可大批量一次性承接，快速处理场景性滞销库存，避免长期积压损耗。2026年4月，本地喜宴酒水服务商旺季过后，滞销11800箱喜宴专用定制啤酒，场景消费需求消退后，货品基本失去常规流通渠道，长期存放只能等待损耗。我们上门核验定制货品品相、保质期后，敲定专属清库方案，2天内完成全部喜宴啤酒清运。全程规范作业，定价合理，结算快速，当场全款打款。服务商表示，场景性定制库存处理渠道极少，我们的大批量回收服务完美解决了这类库存清仓难题，最大程度减少了经营亏损。 问：本地饮料厂家批量清临期啤酒，回款有保障吗？答：本地饮料厂家批量清理临期啤酒，回款完全有保障，全程现款现结。我们上门细致核验批量库存货品，厂家负责装车、承担装车费，我们承担全部运输运费，所有货品装车完毕后，当即一次性结清全部货款，无拖欠情况。#阿坝州汶川县临期啤酒回收#阿坝州汶川县库存啤酒急需#阿坝州汶川县积压啤酒清仓#阿坝州汶川县啤酒尾货收购#金士百易拉罐啤酒价格"	,"阿坝州汶川县回收乐堡啤酒尾货 181-0372-9333 处理乐堡啤酒问：婚宴喜酒渠道滞销7200箱喜宴专用啤酒，场景性消费结束后无人采购，库存积压，急需一次性清仓，你们可以全盘接手吗？答：针对婚宴、喜宴等场景性专用啤酒滞销库存，我们可大批量一次性承接，快速处理场景性滞销库存，避免长期积压损耗。2026年4月，本地喜宴酒水服务商旺季过后，滞销11800箱喜宴专用定制啤酒，场景消费需求消退后，货品基本失去常规流通渠道，长期存放只能等待损耗。我们上门核验定制货品品相、保质期后，敲定专属清库方案，2 天内完成全部喜宴啤酒清运。全程规范作业，定价合理，结算快速， 当场全款打款。服务商表示，场景性定制库存处理渠道极少，我们的大批量回收服务完美解决了这类库存清仓难题，最大程度减少了经营亏损。，阿坝州汶川县。"	,"阿坝州汶川县回收乐堡啤酒尾货181-0372-9333处理乐堡啤酒问：婚宴喜酒渠道滞销7200箱喜宴专用啤酒，场景性消费结束后无人采购，库存积压，急需一次性清仓，你们可以全盘接手吗？答：针对婚宴、喜宴等场景性专用啤酒滞销库存，我们可大批量一次性承接，快速处理场景性滞销库存，避免长期积压损耗。2026年4月，本地喜宴酒水服务商旺季过后，滞销11800箱喜宴专用定制啤酒，场景消费需求消退后，货品基本失去常规流通渠道，长期存放只能等待损耗。我们上门核验定制货品品相、保质期后，敲定专属清库方案，2天内完成全部喜宴啤酒清运。全程规范作业，定价合理，结算快速当场全款打款。服务商表示，场景性定制库存处理渠道极少，我们的大批量回收服务完美解决了这类库存清仓难题，最大程度减少了经营亏损。，阿坝州汶川县。#####阿坝州汶川县回收乐堡啤酒尾货181-0372-9333各种精酿啤酒收购问：婚宴喜酒渠道滞销7200箱喜宴专用啤酒，场景性消费结束后无人采购，库存积压，急需一次性清仓，你们可以全盘接手吗？答：针对婚宴、喜宴等场景性专用啤酒滞销库存，我们可大批量一次性承接，快速处理场景性滞销库存，避免长期积压损耗。2026年4月，本地喜宴酒水服务商旺季过后，滞销11800箱喜宴专用定制啤酒，场景消费需求消退后，货品基本失去常规流通渠道，长期存放只能等待损耗。我们上门核验定制货品品相、保质期后，敲定专属清库方案，2天内完成全部喜宴啤酒清运。全程规范作业，定价合理，结算快速，当场全款打款。服务商表示，场景性定制库存处理渠道极少，我们的大批量回收服务完美解决了这类库存清仓难题，最大程度减少了经营亏损。，阿坝州汶川县。#####阿坝州汶川县回收乐堡啤酒尾货181-0372-9333精酿啤酒库存求购问：婚宴喜酒渠道滞销7200箱喜宴专用啤酒，场景性消费结束后无人采购，库存积压，急需一次性清仓，你们可以全盘接手吗？答：针对婚宴、喜宴等场景性专用啤酒滞销库存，我们可大批量一次性承接，快速处理场景性滞销库存，避免长期积压损耗。2026年4月，本地喜宴酒水服务商旺季过后，滞销11800箱喜宴专用定制啤酒，场景消费需求消退后，货品基本失去常规流通渠道，长期存放只能等待损耗。我们上门核验定制货品品相、保质期后，敲定专属清库方案，2天内完成全部喜宴啤酒清运。全程规范作业，定价合理，结算快速，当场全款打款。服务商表示，场景性定制库存处理渠道极少，我们的大批量回收服务完美解决了这类库存清仓难题，最大程度减少了经营亏损。，阿坝州汶川县。"	,,"中性"	
啤酒行业-行业-低,"2026-08-10 13:51:00"	,"app"	,,0,,,"1611111"	,,"健康财富局"	,,"c767c7d9ee33aa8b12f2e1fa1842f7ff"	,"https://api-app-proxy.tarsocial.com/api/token/v2/rewrite_url?url=CFS8tbuXKY00n4z7e9ZNgWon9faQdBBsF0-2mAvpBR0drv5mzeHkkzu_Pk-9wf6Zq4MydXcPKhVRGPVsG3uru1RTd9Uzo3Z6cJ8k5Nx4v57wiVCMjhrYlZXbzprdvVbs22ZDZPtMLhPZVRQ1sXySoA"	,"急诊室的后半夜，120 的警报声划破走廊的安静。推车上躺着 48 岁的周先生，意识已经模糊，胸口剧烈起伏却喘不上气。跟来的妻子哭着说，晚饭还好好的，收拾碗筷的时候突然说胸口发闷、腿软得站不住，没两分钟就栽倒了。接诊医生快速做完心电图，眉头拧成一团：严重的室性心律失常，随时可能心脏骤停。 加急的电解质结果出来时，所有人都心里一沉：血钾只有 2.1mmol/L，极重度低钾血症。尽管抢救室里胸外按压、除颤、补钾同步进行，两个小时后，周先生还是没能救回来。 家属怎么都接受不了这个结果。在他们眼里，老周身体一直很结实，连感冒都很少得，家里伙食更是不差，顿顿都有肉，怎么会缺营养到丢了命。 直到医生细细问完日常饮食才发现，埋下祸根的，恰恰是这 “顿顿有肉” 的饮食习惯。老周无肉不欢，一顿能吃小半盘红烧排骨，青菜顶多夹两筷子意思一下，做菜口还重，总说淡了没味道，白米饭要就着咸香的肉汤才吃得香。 很多人都觉得，缺钾是吃得差、吃不饱的人才会有的毛病，日子过得宽裕、顿顿有肉的人根本不可能缺钾。 可临床观察发现，不少低钾血症的患者，恰恰是饮食条件不错、肉类吃得多的中年人。这不是肉本身的问题，而是失衡的饮食结构，悄悄打破了身体里的钾平衡。 我们身体里的钾，全靠食物摄入补充，再通过肾脏随尿液排出，进和出维持平衡，血钾才能稳定在正常范围。 顿顿吃肉、鲜少吃菜的人，首先就切断了最主要的钾来源。很多人不知道，日常膳食里的钾，大部分都来自蔬菜、薯类和豆类，畜禽肉类的钾含量并不算突出。 更隐蔽的问题在盐里：做得入味的肉菜，往往含盐量不低，而钠和钾在肾脏里是此消彼长的关系，钠摄入得越多，肾脏排钾的速度就越快。一边钾吃得少，一边钾排得多，日复一日，血钾自然越降越低。 说到补钾，绝大多数人第一反应就是吃香蕉。甚至有不少人觉得，每天一根香蕉，就能把钾补够。这其实是流传最广的饮食误区之一。 按照《中国食物成分表》的数据，每 100 克香蕉的钾含量约为 256 毫克，只能算中等水平，远比不上很多家常蔬菜。 同样 100 克的鲜毛豆，钾含量能达到 478 毫克，口蘑的钾含量更是远超香蕉数倍，就连最普通的菠菜，每 100 克也有 311 毫克钾，补钾效率都比香蕉高得多。 别小看钾这种营养素，它就像身体里的 “电力调度员”，心脏跳动、肌肉收缩、血压稳定，全靠它维持正常节律。血钾轻度降低的时候，人只会觉得浑身乏力、腿发软、容易疲劳，大多会当成累着了，根本不当回事。 等血钾降到一定程度，心肌的节律就会失控，轻则心慌、早搏，重则直接引发心室颤动，心脏失去泵血能力，几分钟内就可能危及生命。很多猝死的案例里，严重低钾都是重要的诱因。 还有不少人觉得，缺钾不是什么大事，补几天就能养回来。这又是一个认知误区。低钾大多是长期饮食习惯慢慢攒出来的问题，靠临时吃几根香蕉、吃几天补钾药，只能暂时把血钾拉上来，饮食习惯不改，用不了多久又会降回去。 反过来也不是所有人都能放心补钾，肾功能减退的人，钾的排泄能力下降，盲目补钾反而可能导致血钾过高，同样会引发心脏问题。 补钾根本不用找名贵食材，菜市场里随处可见的几样家常菜，就是性价比极高的补钾好手 鲜毛豆是当之无愧的补钾明星，夏天正是应季的时候，水煮或者清炒都很方便，一小碗毛豆就能补充不少钾，同时还能摄入优质植物蛋白和膳食纤维，对血脂、血糖都有好处。 菌菇类比如口蘑、香菇，钾含量在蔬菜里属于第一梯队。平时炒菜、做汤的时候放一把，既能提鲜增香，又能悄悄补钾，很适合日常饮食搭配。 深绿色蔬菜比如菠菜、苋菜、油麦菜，是最稳妥的补钾来源。每天吃够一斤新鲜蔬菜，其中一半换成深色绿叶菜，不仅能补钾，还能补充多种维生素和膳食纤维，是维持电解质平衡的基础。 除了蔬菜，用红薯、山药这类薯类代替一部分精米白面，也是补钾的好办法。薯类的钾含量远高于白米饭、白馒头，升糖速度更慢，很适合中老年人日常替换主食。 补钾的同时，一定要记得少放盐。吃进去的盐越多，肾脏排钾就越快，一边补一边流失，补再多效果也会打折扣。 《中国居民膳食指南》建议成年人每天食盐不超过 5 克，大概一个啤酒瓶盖的量，很多家庭一顿正餐的用盐就超过了这个数。还要小心加工肉制品、酱菜、零食里的隐形盐，这些都是悄悄加速钾流失的隐患。 肉当然可以吃，适量摄入肉类能补充优质蛋白，对身体有好处，关键是别贪多。每天吃掌心大小的一块肉就足够满足身体需求，剩下的胃口，多留给蔬菜、杂粮和薯类，饮食结构均衡了，钾的进出自然会回到正轨。 像周先生这样的悲剧，原本是可以避免的。之前他就总说浑身没劲，爬两层楼就腿软，家里人都以为是工作累、年纪大了，谁也没往缺钾上想，更没意识到顿顿吃肉、重盐少菜的饮食习惯会埋下这么大的隐患。 本文为健康知识科普，结合权威资料和个人观点撰写，部分情节为方便表达和阅读理解进行了适当虚构与润色，内容仅供参考，不能替代医生诊断。如感不适，请及时就医。 参考资料 《中国食物成分表（第 6 版 第一册）》，北京大学医学出版社 《内科学（第 9 版）》，人民卫生出版社 《中国高血压防治指南（2023 年修订版）》"	,"头条@老张健康论"	,"头条@老张健康论"	,"中年男子低钾猝死！医生：吃肉别贪多，这几样才是补钾保命菜"	,"中性"	
啤酒行业-行业-低,"2026-08-10 13:51:00"	,"toutiao"	,,0,,,"85706407768"	,,"老张健康论"	,,"7672228029686350372"	,"https://api-app-proxy.tarsocial.com/api/token/v2/rewrite_url?url=1YusuDMvr9od4K_K1MN8ml17rEfkAea0gAdcR6CW8DzZXMaq4HdkuigcAu3Mq8EvTPHYoaszy34nrsgIo9VgvA"	,"急诊室的后半夜，120 的警报声划破走廊的安静。推车上躺着 48 岁的周先生，意识已经模糊，胸口剧烈起伏却喘不上气。跟来的妻子哭着说，晚饭还好好的，收拾碗筷的时候突然说胸口发闷、腿软得站不住，没两分钟就栽倒了。接诊医生快速做完心电图，眉头拧成一团：严重的室性心律失常，随时可能心脏骤停。加急的电解质结果出来时，所有人都心里一沉：血钾只有 2.1mmol/L，极重度低钾血症。尽管抢救室里胸外按压、除颤、补钾同步进行，两个小时后，周先生还是没能救回来。家属怎么都接受不了这个结果。在他们眼里，老周身体一直很结实，连感冒都很少得，家里伙食更是不差，顿顿都有肉，怎么会缺营养到丢了命。直到医生细细问完日常饮食才发现，埋下祸根的，恰恰是这 “顿顿有肉” 的饮食习惯。老周无肉不欢，一顿能吃小半盘红烧排骨，青菜顶多夹两筷子意思一下，做菜口还重，总说淡了没味道，白米饭要就着咸香的肉汤才吃得香。很多人都觉得，缺钾是吃得差、吃不饱的人才会有的毛病，日子过得宽裕、顿顿有肉的人根本不可能缺钾。可临床观察发现，不少低钾血症的患者，恰恰是饮食条件不错、肉类吃得多的中年人。这不是肉本身的问题，而是失衡的饮食结构，悄悄打破了身体里的钾平衡。我们身体里的钾，全靠食物摄入补充，再通过肾脏随尿液排出，进和出维持平衡，血钾才能稳定在正常范围。顿顿吃肉、鲜少吃菜的人，首先就切断了最主要的钾来源。很多人不知道，日常膳食里的钾，大部分都来自蔬菜、薯类和豆类，畜禽肉类的钾含量并不算突出。更隐蔽的问题在盐里：做得入味的肉菜，往往含盐量不低，而钠和钾在肾脏里是此消彼长的关系，钠摄入得越多，肾脏排钾的速度就越快。一边钾吃得少，一边钾排得多，日复一日，血钾自然越降越低。说到补钾，绝大多数人第一反应就是吃香蕉。甚至有不少人觉得，每天一根香蕉，就能把钾补够。这其实是流传最广的饮食误区之一。按照《中国食物成分表》的数据，每 100 克香蕉的钾含量约为 256 毫克，只能算中等水平，远比不上很多家常蔬菜。同样 100 克的鲜毛豆，钾含量能达到 478 毫克，口蘑的钾含量更是远超香蕉数倍，就连最普通的菠菜，每 100 克也有 311 毫克钾，补钾效率都比香蕉高得多。别小看钾这种营养素，它就像身体里的 “电力调度员”，心脏跳动、肌肉收缩、血压稳定，全靠它维持正常节律。血钾轻度降低的时候，人只会觉得浑身乏力、腿发软、容易疲劳，大多会当成累着了，根本不当回事。等血钾降到一定程度，心肌的节律就会失控，轻则心慌、早搏，重则直接引发心室颤动，心脏失去泵血能力，几分钟内就可能危及生命。很多猝死的案例里，严重低钾都是重要的诱因。还有不少人觉得，缺钾不是什么大事，补几天就能养回来。这又是一个认知误区。低钾大多是长期饮食习惯慢慢攒出来的问题，靠临时吃几根香蕉、吃几天补钾药，只能暂时把血钾拉上来，饮食习惯不改，用不了多久又会降回去。反过来也不是所有人都能放心补钾，肾功能减退的人，钾的排泄能力下降，盲目补钾反而可能导致血钾过高，同样会引发心脏问题。补钾根本不用找名贵食材，菜市场里随处可见的几样家常菜，就是性价比极高的补钾好手鲜毛豆是当之无愧的补钾明星，夏天正是应季的时候，水煮或者清炒都很方便，一小碗毛豆就能补充不少钾，同时还能摄入优质植物蛋白和膳食纤维，对血脂、血糖都有好处。菌菇类比如口蘑、香菇，钾含量在蔬菜里属于第一梯队。平时炒菜、做汤的时候放一把，既能提鲜增香，又能悄悄补钾，很适合日常饮食搭配。深绿色蔬菜比如菠菜、苋菜、油麦菜，是最稳妥的补钾来源。每天吃够一斤新鲜蔬菜，其中一半换成深色绿叶菜，不仅能补钾，还能补充多种维生素和膳食纤维，是维持电解质平衡的基础。除了蔬菜，用红薯、山药这类薯类代替一部分精米白面，也是补钾的好办法。薯类的钾含量远高于白米饭、白馒头，升糖速度更慢，很适合中老年人日常替换主食。补钾的同时，一定要记得少放盐。吃进去的盐越多，肾脏排钾就越快，一边补一边流失，补再多效果也会打折扣。《中国居民膳食指南》建议成年人每天食盐不超过 5 克，大概一个啤酒瓶盖的量，很多家庭一顿正餐的用盐就超过了这个数。还要小心加工肉制品、酱菜、零食里的隐形盐，这些都是悄悄加速钾流失的隐患。肉当然可以吃，适量摄入肉类能补充优质蛋白，对身体有好处，关键是别贪多。每天吃掌心大小的一块肉就足够满足身体需求，剩下的胃口，多留给蔬菜、杂粮和薯类，饮食结构均衡了，钾的进出自然会回到正轨。像周先生这样的悲剧，原本是可以避免的。之前他就总说浑身没劲，爬两层楼就腿软，家里人都以为是工作累、年纪大了，谁也没往缺钾上想，更没意识到顿顿吃肉、重盐少菜的饮食习惯会埋下这么大的隐患。本文为健康知识科普，结合权威资料和个人观点撰写，部分情节为方便表达和阅读理解进行了适当虚构与润色，内容仅供参考，不能替代医生诊断。如感不适，请及时就医。收藏以备不时之需，转发给你关心的人！参考资料《中国食物成分表（第 6 版 第一册）》，北京大学医学出版社《内科学（第 9 版）》，人民卫生出版社《中国高血压防治指南（2023 年修订版）》"	,,,"中年男子低钾猝死！医生：吃肉别贪多，这几样才是补钾保命菜！"	,"中性"	
啤酒行业-行业-低,"2026-08-10 13:49:54"	,"douyin"	,,0,28,,"2904287472806608"	,,"安星-快消品-梓瑞"	,,"7672276117784415542"	,"https://api-app-proxy.tarsocial.com/api/token/v2/rewrite_url?url=UxI1mE1VtivWWENn8adpDmG3kF8SwGcheiC2XVx5H1n8vzXWF5aGoP6vb_QjBM63irooOeEycGfKRl9o-rA0AA"	,"甘南舟曲县采购挤压啤酒。 甘南舟曲县上门收啤酒尾货，本地啤酒商户经营中产生的积压库存、临期啤酒，我们常年上门回收，合作简单高效。无品牌筛选标准，百箱即可起收，大小批量货源均可承接，大额货源全款结清。内部渠道可控流通，杜绝串货乱价问题，常年收购以下品类：11%超干精酿啤酒、喜力经典、哈尔滨哈超鲜啤酒、乐堡清爽、哈尔滨10度清爽啤酒、哈尔滨双滤爽啤酒、米凯罗、雪鹿啤酒、金士百纯鲜系列，17737819395。 问：17000箱夏季囤货啤酒库存，错过热销周期，库存积压严重，你们能一次性整仓回收吗？答：啤酒夏季热销周期短，囤货过量极易造成节后大批量库存积压，我们针对性承接夏季滞销囤货库存，批量清仓效率高、回款快。2026年1月，本地酒水商户夏季囤货剩余20500箱重庆啤酒库存，错过热销高峰后终端销量大幅下滑，仓储全部被占用。我们加急对接清库，4天不间断装车清运，彻底清空整仓滞销库存，全程规避本地市场二次流通，保护客户终端经营。货品验收达标后，现场一次性结清所有货款。客户表示，及时的批量清仓避免了库存持续贬值，快速回笼了囤货资金。 问：本地快消品代理商出临期啤酒库存，运费装车费归属？答：本地快消品代理商处置临期啤酒库存，货物运输的所有费用都由我们全权负责，代理商无需承担运输支出。装车的人工成本和装车操作工作，全部由代理商自行承担落实。货品验收装车完毕后，我们即刻全款结算，权责分明。#甘南舟曲县采购库存啤酒#甘南舟曲县急需临期啤酒#甘南舟曲县回收啤酒尾货#甘南舟曲县清仓积压啤酒#收购乐堡野"	,"甘南舟曲县上门收啤酒尾货 arlsberg arlsberg 嘉士怡啤酒 Carlslera mllmra 净合量： 177-3781-9395 各类饮料现金收 arlsberg Ms arlsler 问：17000箱夏季围货啤酒库存，错过热销周期，库存积压严重，你们能一次性整仓回收吗？答：啤酒夏季热销周期短，圆货过量极易造成节后大批量库存积压，我们针对性承接夏季滞销图货库存，批量清仓效率高、回款快。2026年1月，本地酒水商户夏季园货剩余20500 箱重庆啤酒库存，错过热销高峰后终端销量大幅下滑，仓储全部被占用。 我们加急对接清库，4天不间断装车清运，彻底清空整仓滞销库存， 全程规避本地市场二次流通，保护客户终端经营。货品验收达标后， 现场一次性结清所有货款。客户表示，及时的批量清仓避免了库存持续贬值，快速回笼了圆货资金。，甘南舟曲县。"	,"甘南舟曲县上门收啤酒尾货arlsberg嘉士伯啤酒嘉士伯啤酒NODTN824x218ml品arlsuera净含量：177-3781-9395各类饮料现金收arlsberg房士伯啤酒sJIAOUS乌苏啤酒问：17000箱夏季囤货啤酒库存，错过热销周期，库存积压严重，你们能一次性整仓回收吗？答：啤酒夏季热销周期短，围货过量极易造成节后大批量库存积压，我们针对性承接夏季滞销囤货库存，批量清仓效率高、回款快。2026年1月，本地酒水商户夏季围货剩余20500箱重庆啤酒库存，错过热销高峰后终端销量大幅下滑，仓储全部被占用。我们加急对接清库，4天不间断装车清运，彻底清空整仓滞销库存，全程规避本地市场二次流通，保护客户终端经营。货品验收达标后，现场一次性结清所有货款。客户表示，及时的批量清仓避免了库存持续贬值，快速回笼了囤货资金。：甘南舟曲县。#####甘南舟曲县上门收啤酒尾货177-3781-9395各类精酿啤酒收购问：17000箱夏季囤货啤酒库存，错过热销周期，库存积压严重，你们能一次性整仓回收吗？答：啤酒夏季热销周期短，囤货过量极易造成节后大批量库存积压，我们针对性承接夏季滞销围货库存，批量清仓效率高、回款快。2026年1月，本地酒水商户夏季囤货剩余20500箱重庆啤酒库存，错过热销高峰后终端销量大幅下滑，仓储全部被占用。我们加急对接清库，4天不间断装车清运，彻底清空整仓滞销库存，全程规避本地市场二次流通，保护客户终端经营。货品验收达标后，现场一次性结清所有货款。客户表示，及时的批量清仓避免了库存持续贬值，快速回笼了围货资金。，甘南舟曲县。#####甘南舟曲县上门收啤酒尾货怡宝排小店kenneCetom怡宝177-3781-9395上门收积压啤酒neHeine问：17000箱夏季围货啤酒库存，错过热销周期，库存积压严重，你们能一次性整仓回收吗？答：啤酒夏季热销周期短，囤货过量极易造成节后大批量库存积压，我们针对性承接夏季滞销囤货库存，批量清仓效率高、回款快。2026年1月，本地酒水商户夏季囤货剩余20500箱重庆啤酒库存，错过热销高峰后终端销量大幅下滑，仓储全部被占用。我们加急对接清库，4天不间断装车清运，彻底清空整仓滞销库存，全程规避本地市场二次流通，保护客户终端经营。货品验收达标后，现场一次性结清所有货款。客户表示，及时的批量清仓避免了库存持续贬值，快速回笼了围货资金。，甘南舟曲县。"	,,"中性"	
啤酒行业-行业-低,"2026-08-10 13:49:25"	,"douyin"	,,0,643,,"3449645497858137"	,,"安星-快消品-旋旋"	,,"7672276011899292937"	,"https://api-app-proxy.tarsocial.com/api/token/v2/rewrite_url?url=UxI1mE1VtivWWENn8adpDmG3kF8SwGcheiC2XVx5H1nY6hZEEyFXcmwaerK28uT6gdyCU1mrVLaRzFcDpe5-BA"	,"宜昌市宜都市求购临期啤酒。 宜昌市宜都市各种饮料现金收，长期批量回收本地啤酒库存货源，主打安全稳妥的清货合作模式。100箱起收，上万箱库存可一次性全款拿下，依托夜场、工业园区内部渠道出货，杜绝串货乱价，适配各类商家，常年收购以下品类：百威纯生、金士百爽鲜系列、哈啤小麦王、金威啤酒、绿金威啤酒、金威冰纯啤酒、百威威龙抬头限量版、金士百小麦啤、喜力经典啤酒，17737819390。 问：酒水贸易公司积压1.5万箱三线品牌罐装啤酒，库存周转周期过长，资金沉淀严重，想要一次性整体清库，市面上多数商家承接能力不足，你们可以承接吗？答：本地酒水贸易公司主营多品牌酒水批量分销，2026年1月囤货的1.5万箱三线品牌罐装啤酒，因市场铺货渠道受限，库存周转周期远超预期，大额资金长期沉淀，企业经营周转压力增大，多家回收商无力承接整单库存。我方拥有完善的大批量啤酒回收运作体系，物流、资金、渠道全方位配套，2026年3月曾一次性回收2.1万箱重庆啤酒，四天完成全量清运结算，适配各类中低端品牌大额库存清库需求。本次合作我们全盘接手1.5万箱罐装啤酒库存，快速完成仓库清零，盘活企业沉淀资金，助力企业恢复正常经营周转。贸易公司负责人表示，我方整单回收实力扎实，结算流程规范，有效缓解了企业的资金周转压力。 问：酒水经销商清理临期啤酒，会不会出现延后回款的情况？答：酒水经销商完全不用担心回款延后问题，我们做临期啤酒库存处置一直是现款现结。上门收货、完成装车核验后，当场全额结清所有货款，无账期、无拖欠，全程运费由我们承担，交易透明，能快速帮经销商回笼资金。#宜昌市宜都市收购库存啤酒#宜昌市宜都市处置临期啤酒#宜昌市宜都市急需啤酒尾货#宜昌市宜都市回收积压啤酒#力加清仓"	,"宜昌市宜都市小林啤酒回收 177-3781-9390 积压精酿啤酒收购问：酒水贸易公司积压1.5万箱三线品牌罐装啤酒，库存周转周期过长， 资金沉淀严重，想要一次性整体清库，市面上多数商家承接能力不足， 你们可以承接吗？答：本地酒水贸易公司主营多品牌酒水批量分销 2026年1月图货的1.5万箱三线品牌罐装啤酒，因市场铺货渠道受限，库存周转周期远超预期，大额资金长期沉淀，企业经营周转压力增大，多家回收商无力承接整单库存。我方拥有完善的大批量啤酒回收运作体系，物流、资金、渠道全方位配套，2026年3月曾一次性回收2.1万箱重庆啤酒，四天完成全量清运结算，适配各类中低端品牌大额库存清库需求。本次合作我们全盘接手1.5万箱罐装啤酒库存，快速完成仓库清零，盘活企业沉淀资金，助力企业恢复正常经营周转。 贸易公司负责人表示，我方整单回收实力扎实，结算流程规范，有效缓解了企业的资金周转压力。，宜昌市宜都市。"	,"宜昌市宜都市小林啤酒回收177-3781-9390DX积压精酿啤酒收购糖雪梨梨汁饮品水晶葡萄水晶葡萄问：酒水贸易公司积压1.5万箱三线品牌罐装啤酒，库存周转周期过长，资金沉淀严重，想要一次性整体清库，市面上多数商家承接能力不足，你们可以承接吗？答：本地酒水贸易公司主营多品牌酒水批量分销，2026年1月囤货的1.5万箱三线品牌罐装啤酒，因市场铺货渠道受限，库存周转周期远超预期，大额资金长期沉淀，企业经营周转压力增大，多家回收商无力承接整单库存。我方拥有完善的大批量啤酒回收运作体系，物流、资金、渠道全方位配套，2026年3月曾一次性回收2.1万箱重庆啤酒，四天完成全量清运结算，适配各类中低端品牌大额库存清库需求。本次合作我们全盘接手1.5万箱罐装啤酒库存，快速完成仓库清零，盘活企业沉淀资金，助力企业恢复正常经营周转。贸易公司负责人表示，我方整单回收实力扎实，结算流程规范，有效缓解了企业的资金周转压力。，宜昌市宜都市。#####宜昌市宜都市小林啤酒回收177-3781-9390急收金威啤酒东方树叶东方树叶东方树叶五方碗汁田欢夫山租东方树问：酒水贸易公司积压1.5万箱三线品牌罐装啤酒，库存周转周期过长，资金沉淀严重，想要一次性整体清库，市面上多数商家承接能力不足，你们可以承接吗？答：本地酒水贸易公司主营多品牌酒水批量分销，2026年1月囤货的1.5万箱三线品牌罐装啤酒，因市场铺货渠道受限，库存周转周期远超预期，大额资金长期沉淀，企业经营周转压力增大，多家回收商无力承接整单库存。我方拥有完善的大批量啤酒回收运作体系，物流、资金、渠道全方位配套，2026年3月曾一次性回收2.1万箱重庆啤酒，四天完成全量清运结算，适配各类中低端品牌大额库存清库需求。本次合作我们全盘接手1.5万箱罐装啤酒库存，快速完成仓库清零，盘活企业沉淀资金，助力企业恢复正常经营周转。贸易公司负责人表示，我方整单回收实力扎实，结算流程规范，有效缓解了企业的资金周转压力。，宜昌市宜都市。#####宜昌市宜都市小林啤酒回收177-3781-9390收购各种啤酒问：酒水贸易公司积压1.5万箱三线品牌罐装啤酒，库存周转周期过长，资金沉淀严重，想要一次性整体清库，市面上多数商家承接能力不足，你们可以承接吗？答：本地酒水贸易公司主营多品牌酒水批量分销，2026年1月囤货的1.5万箱三线品牌罐装啤酒，因市场铺货渠道受限，库存周转周期远超预期，大额资金长期沉淀，企业经营周转压力增大，多家回收商无力承接整单库存。我方拥有完善的大批量啤酒回收运作体系，物流、资金、渠道全方位配套，2026年3月曾一次性回收2.1万箱重庆啤酒，四天完成全量清运结算，适配各类中低端品牌大额库存清库需求。本次合作我们全盘接手1.5万箱罐装啤酒库存，快速完成仓库清零，盘活企业沉淀资金，助力企业恢复正常经营周转。贸易公司负责人表示，我方整单回收实力扎实，结算流程规范，有效缓解了企业的资金周转压力。！宜昌市宜都市。"	,,"中性"	
啤酒行业-行业-低,"2026-08-10 13:45:00"	,"toutiao"	,,0,,,"4245636934019208"	,,"蔡语蝶"	,,"7672260229240717366"	,"https://api-app-proxy.tarsocial.com/api/token/v2/rewrite_url?url=1YusuDMvr9od4K_K1MN8mjIOcWIunAfzU6n1BFWqO50ev9HPzcLZOqq37dQyOBiednXDidvo6OCtwfkSORpZGQ"	,,"20260 真心换真心 NO.BOO 开个玩笑开个玩笑扫码加"	,"NO.B0070 扫码加入；NO.B 对哦好的；NO.BOO7 扫码加入 SU；NO.B0078328 妹妹的外卖扫码加入 S；e饿么 7 众包大；益友驿；·饿了么；祝妹妹用餐愉快；让你给我带的可乐呢闪送冻 rash；特范之星没有时间闪送京东 Flash；急着跑下一单呢闪送东 Fiesr；我不是在备注上都给你写了吗冻小包大袖闪送 Flashe；C·饿那你备注上写了我就要给你带吗乐乐闪送小包大神 Flashi；你什么态度嘛众包大油闪送小 Fiash；京东闪送 Flaslh；30078328 哎呀不要动不动就投诉；J078328 动不动就投诉妹妹好不好京东；0078328 我给你带是情分；NO.B0078328 我是一个外卖小哥京东；NO.60078328 我的任务都已经完成了京东；投诉我投诉我冻闪送 aiasha；现在我看看你怎么投诉我好不好闪送从包大 Flasllsk；我下一单不送了闪送 Flash 众包大；NO.80078328 我就在等着看着你投诉OK；NO.BO 小哥给你开个玩笑京东；NO.B0O 开个玩笑开个玩笑京东；NO.B0 以后不要什么玩笑都给我们外卖小哥京东；NO.BO 来开我们外卖小哥风里来雨里去京乐；京东虹来开我们外卖小哥风里来雨里去京东；NO 挣个钱本来就不容易对不对京东；一弄开个玩笑 m 京东；要可乐是不是来吧京东；NO.B0078328 G；京东哥哥这有个移动小超市友警；京花生瓜子八宝粥扫码加；啤酒饮料矿泉水啥都有送扫码加人；了么京东哥哥给你安排一下不就行了吗扫码加；可乐 9 二初超京乐住任是唯一的基石诚信·经要的是回头容真的是口碑出的是专业凭的是看的是诚来大桶的可乐 NO.B0078328；可乐汽水京任是是唯一的基石内星回头容真的是内是良心卖给别人20块钱一桶 NO.B0078328；可乐汽水山 2 京信任是唯一的基石要的是回头容疯的美口碑提的县良心出的是专业哥你也是20 NO.B0078328 扫码加人诚送；柯乐福虎水装 2 是唯一的基石为是回头容 20太贵了太贵 NO.B0078328 诚送；京东自码；信任是唯一的基石诚信·经营要的是回头容贰的是口碑凭的是良心出的是专业看的是诚信做的是质量来妹妹 NO.B0078328 码训；欧趣做的是质量任是唯一的基石要的是回头客质的是口碑凭的是良心出的是专业看的是诚信卖给别人15 NO.B0078328 扫码加人；梦任是唯一的基石要的是回头客出的是专业看的是诚做的的是口碑炖的是良心佳： 质量给你也是15 NO.B0078328；动超 900 信任是唯一的基石出的是专业看的是诚信做的是要的是回头容信·经营蓝的美口碑凭的是良心 NO.B0078328；动超 701 特任是唯一的做的是质量姜的是回头客出的是专业看的是诚信流的是口碑凭的是良心你这一桶可乐15也贵啊 NO.B0078328；扫码加大学；扫码机；看的是诚信做的是质量要的是回头客出的是专业提唯赢的见口碑凭的是良心一的基石卖给别人10块 NO.B0078328；做的是质要的是回头客出的是专业看的是诚信任是唯一的基石凭的是良心点的是口碑 BEL 咱俩有缘 NO.B0078328；做的是出的是专业看的是诚信要的是回头凭的是良心赢的见口碑质量一的这个能接受吧妹妹 NO.B0078328；做的是质量出的是专业看的是诚信淇的是口碑爱的是良心的是回头容一的基石 attn NO.B0078328；推移动起扫码加；信任是唯一的要的是回头名赢的是口出的凭的是良心看的信·经是诚的是专业卖给别人5块钱一桶 NO.B0078328；信任是难一的基要的是回头客看的是诚信诚信·经减的夏出的是专业凭的是咱俩有缘给你也是5块 NO.B0078328；要的是回头容是唯一的基石凭的是良心出的是专业看的赢的笼口碎是诚 NO.B0078328；的的是专回清 5块它也不便宜啊 NO.B0078328 扫码加；京信任是唯一要的是回头是波 1 还有没有便宜的 NO.B0078328 扫码加人；扫码加；信任是唯一的诚信·经要的是回头看的是诚信的是质量赢的是功是专业易拉罐装的小可乐 NO.B0078328 扫码加；6 信任是唯一的要的是回头出的是专业看的是诚信诚信·经凭的是良微的内是质量的是口卖给别人3块 NO.B0078328 扫码机；信任是唯一的诚信·经要的是回的 B 的是良的是诚咱俩有缘给你也是3块如 NO.B0078328 扫码加；信任是唯一的落诚信·经要的是回头学做的 Y 那只能说你的消费真不中 NO.B0078328 扫码加人；信任是唯一的基石要的是回头容凭的是良心出的是专业看的是诚信诚信·经营赢的是口碑散的 L NO.B0078328 扫码加；动超信任是难一的基石要的是回头客出的是专业看的是诚信做的是质量诚信·经营晨的是口牌凭的是良心 m NO.B0078328 扫码加；京就你到底是要可乐还是要矿泉水吗 NO.B0078328；京 NO.B0078328；娃哈哈信任是唯一的基要的是回头容做的是质诚信·经赢的是口碑凭的是食心出的是看的是诚信来妹妹娃哈哈的矿泉水两块钱一瓶 NO.B0078328 扫码加；哇哈岭信任是唯一的基要的是回头容看的是诚信做的是质量信·经赢的是口碑凭的是良心出的是专业有没有一块的 NO.B0078328 扫码加；NO80078328 扫码加；信任是唯一的基诚信·经要的是回头客赢的是口碑凭的是良心出的是专业希的是诚信做的是两块的你都消费不了一块的 NO.B0078328；电动超块钱一瓶的康师傅矿泉水 30078328 众包大神；动超市 78328 来给你；h 移动超市不卖哈哈哈 328；移动超哥哥这大金链子小手表闪送京东；崔移动超一天我吃上三顿小烧烤京就乐闪送；京玩秒连崔移我差你这一块钱；京东秒送移动超市 0078328 哎这一块钱不是钱吗 Tiash 众包大神；动超市块钱是钱呐 8328 闪送 Fasha 顺丰同城；力 8328 关键哥哥这实力闪送 Plasrg 包大神；明自这意思吗闪京东 Fasl；正 NO.B0078 哈哈哈哈关众包大；L 动超哎你啥意思呀 078328；必 8328 A；D 饿 3328；动超市 328 闪送；这干啥呢嘛 328；闪送 3328 Flasi；崔移动超来妹妹这个空瓶回去卖2分钱闪送京乐 Flasln；46 CON 参友驿 44；NO.B0078328 哥哥送你两句话 SU7uro；.B0078328 从包扫码加人秒送希望你能够铭记于心行吧 SU7oro；NO.80078328 扫码加入秒送行吧人与人之间的交往是啥 SU7oro 4L；JO.B0078328 众包码加真心换真心 SU7oro 专驿 4；D.B0078328 你真我更真 SU7uro；NO.B0078 日通加入你假我转身拜拜了反驿；162716"	,"妹妹你要的矿泉水哥哥不卖了！"	,
啤酒行业-行业-低,"2026-08-10 13:40:31"	,"douyin"	,,0,7112,,"1030682136811947"	,,"乐乐海鲜"	,,"7672273704688176410"	,"https://api-app-proxy.tarsocial.com/api/token/v2/rewrite_url?url=UxI1mE1VtivWWENn8adpDmG3kF8SwGcheiC2XVx5H1kmBhlhVQSBUncSTFkaY6kRXTbTuwGqKpteeUeZBuGTVQ"	,"新鲜龙虾尾来啦，稻田清水小龙虾，大大特号吃的更加过瘾，这个夏天让你实现龙虾自由！#龙虾尾 #这口小龙虾香迷糊了"	,"换新包装啦"	,"一到了龙虾尾的季节|CDESGKEST|满车间都是龙虾尾|这些是打包好的了|给大家去汇报一个事|就是这个龙虾尾换了一个新包装|精选优质花虾尾雷|er Bal精选优质龙虾尾田|这个超大号的就用了这个蓝箱子|优质龙虾尾|还行吧设计的我的审美|这个我注册的商标|开一箱看看质量|你看后面还在忙碌的装车|这两天也感谢大家的支持|精选优质龙虾尾|我们的销量也一直很好|当然了|有什么意见大家也尽管跟小范提|我能改进尽量给大家改进|这个是冰霜没有包冰衣|带黄带头肉身体弯曲|这个就是活虾加工的标志|来给大家看看|下面也是一样的|那个大号的还是原来那个包装|这样能区别开吧|龙虾尾冷水下锅焯水|料酒|水开煮三分钟左右|过冷水肉质Q弹|锅底留油大火煸炒|把水分炒干|滋滋冒油时出锅|火锅底料郫县豆瓣酱小火炒出红油|葱姜蒜龙虾尾下锅煸炒|一罐啤酒|生抽盐白糖鸡精|盖盖中小火炖8分钟|洋葱黄瓜蒜末大火煸炒|30元的龙虾尾，吃的超满足！|这个季节的小龙虾简直太肥美了|麻辣鲜香qq弹弹|赶紧冲|如果你现在问我|这个龙虾尾要买这个大号的|还是这个蓝箱大大号的|那么我肯定告诉你要买这个大大号的|大大号|为什么|因为大大号的每箱降价降了30|降价30|降了30|他两个之间就差了10块钱了|咱就不差那10块钱了|吃个好品质的|大的个头大|哎呦给大家看看|这个虾|跟那个大号的是一个产地|都是湖北潜江清水稻田虾|但它的区别就在于一斤能称多少粒|一斤能称的粒数越少|它的个头就越大|你看这个质量怎么样|能行吧这个头给大家对比一下|它现在是弯曲的状态|你看大拇指来对比能看出来吧|它弯它伸直了会更大一点|但是大家收到之后一做|它就缩成一个球了|你可能显得没那么大|这个确实是大的|它一斤能称个100粒左右|那个是一斤称个130粒左右|这个就会更大|然后干净程度大家自己看|拍细节能不能看见|肚皮每一个都是这样|上下也都是一样的质量|一箱降了30之后|这两个就差10块钱了|我就吃这个|记住哈吃这个|我真的不是摆拍|我上哪请这么多演员|这演员费*也老鼻子了|这个小龙虾尾|确实是手工一粒粒脱壳的|随便给大家看|拍细节拍质量|然后我抓一把这个小龙虾在下面|然后现场给大家扒一个看看|这个扒虾尾其实也是比较简单的|捏住虾头这样左一下右一下|轻轻的一拉就出来了你看|虾尾卷曲都是活虾加工的|这下放心了吧|这次个大大号龙虾尾|MAE|我给大家搞一个大活动|这一车都是|来货了先看质量怎么样|MAERS|MAFASKTHLETE|先给大家看看咱这批货的级别|生产日生产日生产日生产日期|特一二三回级设级设级级级级00生产日生产|特一二三日特一二三回生产日设级级级级级级级级级组级级级级|这批货的质量怎么样|生产日|我跟大家|特一二三日生产日我不是降10块|我不是降10块|生产日特一二三 级级级级也不是降20|特一二三生产日生产日是降的更多|级级级级级级级特一二三来降再多没用|生产日级级级质量好咱得主要|主要是质量好|给大家拍细节看一看|这才叫一点冰都不包的龙虾尾|你看能看见不|都是干冻的状态|新货而且都是今年的新货|颗颗带头肉|粒粒带头黄|就是这样好质量|如果朋友们想吃|特一二 级级级级|记得点头像来我的直播间"	,,"正向"	
啤酒行业-行业-低,"2026-08-10 13:37:00"	,"toutiao"	,,0,,,"2993326901443163"	,,"元气小羊cKJ"	,,"7672022157274251818"	,"https://api-app-proxy.tarsocial.com/api/token/v2/rewrite_url?url=1YusuDMvr9od4K_K1MN8mjIOcWIunAfzU6n1BFWqO53_Mj0IRBcZDRp35K50VcJv5cLj_JXAECmr15G4Rpa-Fg"	,,"央大道博营瑞销公中真心高春月头 IMAX"	,"央大通傅营瑞销公中真心 L 我在大连定居10年；瑞销公中寓心谈谈我对大连的印象；瑞销公中寓心清头 IMAX 大家都说大连的风大；IMAX 大连一年风大的天气啊；大连一年风大的天气啊；IMAX 大部分集中在春天冬天；IMAX 第二是天气；夏天很舒服；室内如果通风良好；一个夏天可以不用开空调；也就零下5度左右；但有时候冬天会刮大风；海风吹起来很冷；体感温度可能有零下10度以下；16:14 5G68 搜索猜你想搜点击查看百度热搜民生榜财经榜热梗榜体育榜；旅游出行攻略综合笔记视频图片 Ai+ 春9盈盈一起趣玩这个春天共赴一场温暖旅行旅游目的地推荐山水询花之路古城探力之都滨海度广州建议浙玩2-3天124万人想告打卡广州春日，漫步花街，邂逅浪漫繁花盛景广州攻路游玩线路广式早茶杭州建议游玩2-4天20.4万人想去春日漫步西湖，看满堤烟柳与烂漫繁花。；旅游出行攻略综合笔记视频图片 Ai+ 旅游目的地推荐山水青贺花之古城探秘活力之都滨海度广州建议游玩2-3天|24万人想去打卡广州春日，漫步花街，逝逅浪漫繁花盛景广州攻路游玩线路广式早茶杭州建议游玩2-4天|20.4万人想去春日漫步西湖，看满堤熔柳与烂漫繁花杭州旅游杭州风味黄山建议斯15-2.5天115.6万人想去；地铁啊感觉不是很方便；虽然说地铁总里程200多公里；看起来很多；大有电但是在市区能用的就125；博艺传好纯诚集团大商电器一三条线加起来不到100公里；博艺传媒房 ：400-858 这个方便程度我感觉不如沈阳；乾诚集团 400-8588-011 大商电器；大商电器这是大连地形决定的；注定不如平原；摊大饼式的地形方便；大家都说大连物价高；实际上基础的柴米油盐；蔬菜水果什么的全国差不多；主要可能是人工价格高一点；我觉得也在合理的范围内；符合二线城市的标准；很多人说消费堪比一线；实在是太夸张了；大连没有自己独特的菜式口味；连有点特色的代表菜都没有；勉强的就是有个小吃；传媒国美电器间月关开至大档 TSINGTAO 什么海肠捞饭；焖鹅海麻馅包子；外地也都有；不确定是否发源自太原；是否发源自大连；其他没有了"	,"我在大连定居10年了，谈谈我对大连的印象！"	,"中性"	
啤酒行业-行业-低,"2026-08-10 13:34:44"	,"toutiao"	,73,4,76580,,"4455463209"	,,"老孙小胖房车游"	,4,"7672272259226010148"	,"https://api-app-proxy.tarsocial.com/api/token/v2/rewrite_url?url=1YusuDMvr9od4K_K1MN8mjIOcWIunAfzU6n1BFWqO50qL7rtHOZdyCoMdgtdqEy2AIDkdaxHyIGP6ylAQ_n4zA"	,,"好哥们又聚了"	,"好哥们看我视频；我说我随时可能要走；好哥们怕我走；OR；这其实我们上顿聚没没隔几天；赶紧又张罗了；今天大伙是在一起吃烤肉；来吧先喝一口来来来；昨晚临时决定啊；我在这看这个；顶上说一句啥呢哎呦；我和媳妇来吃这个杀猪菜了；的时候吃了一顿；第一顿就吃；啊啊；他这是时间长没人找喝酒了；我就是我就是放个烟雾弹；看看谁找我我一看；别人吧都跟他装听不着是不是；SOU POWER HLA 他妈马上要走了；POWER SOU；啊反正我告诉他了你走；POW 你走之前打个招呼；推 POWE；我原来真想这两天走；原来就原来就决定这两天走；一寻思哎我操；这房子回来干啥来了；你这两天别走哎；这两天刚刚凉快；刚凉快稍微凉快凉快对；多好这两天刚开始凉快；别扯那淡真的；至少得待二十来天吧；不不二十来天；刚开始凉快；就是啊没赶上好天；好不容易好天了；你这一道；又这么寻思；POWER；你说你回来说是卖房子；POR 得卖一个；那房子租了你明天回来住哪；排 2；租就租就不能租了；你租出去就不卖；卖出去就不租；怎么也得留一个；你留一个留一个；不行你把那个租金稍微往下打；关键是没人问没人问；有价无市；没人搭个；一开始有人问吗；POR；挂完之后老长时间了；等到我一翻的时候都他妈；啊有人问你；POn；25 那你那你挂着；609 你不看你干啥呀；人家以为你房子租出去了；是是是；他就给你沉了；啊我搭往里那个；BOT；我那房子都他妈快变成笑话了；人一说他妈你这都挂多少年了；他问你那个你挂多少钱；100129；完了昨天开始挂128；哈哈哈你这点力度太小；就是他一开始刚回来的时候；每周都能有两三份看；等到这一段时间就没有看了；报道降的也挺多；对；他这些城市都是那些边角；原来炒的特别猛的地方；现在开始大幅度往回都；哦就是远离中心那些；远离远离中心；然后炒狠的时候；啪啪的成倍往上翻；你想要上惠州买；惠州那天不说房子贼便宜吗；是不是差不多啊；没有珠海那么干净；当你超越基本平均水平的时候；你就会活得特别滋润；用可不门吃市的 FILA 我这话不是今天说的；吃满的；吃活的！ 就是这个叫；吃商的！ 熟了就吃呗是不是；吃活的！ 他用最他用最简单的办法；可不；吃活的基本的这种需求；吃活的！ 然后他几千年一直这样；可不印吃活的！ U 什么东西怎么琢磨呀；吃质的对呀对呀对呀；吃音的！ 什么都不能扔啊；吃南的！ 什么都不能扔；这家是齐齐哈尔烤肉；肉质非常好特别嫩；然后呢肉也特别好；左一盘右一盘；POHEL；大家都没少吃；今天喝的是青岛纯生；OWEI；基本上平均一人6瓶；POWBR；喝的是正好；都喝尽兴了；以后就照这个标准喝；喝的还是很开心"	,"好哥们怕我随时出发，时隔几天又张罗喝酒，这次吃烤肉，喝的正好"	,"中性"	
啤酒行业-行业-低,"2026-08-10 13:34:08"	,"douyin"	,,0,15,,"2913019699136202"	,,"不知不觉-快消品-艺伟"	,,"7672272073322024218"	,"https://api-app-proxy.tarsocial.com/api/token/v2/rewrite_url?url=UxI1mE1VtivWWENn8adpDmG3kF8SwGcheiC2XVx5H1m9ac91bKwLOgAYsDWZ_MgvRVHqW4YsauL5iuijBMkVqA"	,"松原市扶余县回收积压啤酒。 松原市扶余县回收滞销哈尔滨啤酒，啤酒厂家想要快速出清库存尾货、滞销产品，可选择我们本地长期回收平台，各类啤酒均可收购，百箱起步收储，上万箱整批库存可全额现款承接。依托酒吧合作渠道销货，保障终端市场价格稳定，重点求购以下产品：金士百纯生啤酒、喜力虎牌、乐堡柠檬茶冻冻酒、金威精酿系列、墨菲爱尔兰黑啤酒、乐堡绿瓶、哈尔滨果味啤酒系列、福佳无醇啤酒、喜力悠世精酿白啤，17737817365。 问：本地团建活动酒水供货商积压8200箱临期啤酒库存，急需一次性整体出货，你们能否整单全盘接手？答：本地企业团建、户外活动专属酒水供货商，2026年4月春季团建活动淡季，订单量大幅下滑，备货剩余8200箱正品啤酒库存，货品适配团建户外场景、便携易携。该类酒水时效性较强，长期存放会降低市场流通价值，且供货商仓储空间有限，急需一次性整单清货。多数小型回收商家无能力承接该中批量整单库存，只能零散低价收购，造成收益亏损。我们专注场景化酒水库存整单回收，中批量货品可一站式全盘承接、合理定价。2026年2月，我们完成1.9万箱团建便携装啤酒整单回收，4天内完成全部清运，上门精细核验后当场全款到账。该供货商一次性清空库存，保住经营收益，快速回笼资金备战夏季户外团建旺季。客户称赞我们熟悉场景化库存特点，清货合理高效。 问：食品饮料厂家处理临期啤酒，上门装车是谁负责操作？答：食品饮料厂家处置临期啤酒库存，现场的装车作业需要由厂家负责完成，包括货品搬运、规整上车等全部装车工序，对应的装车费也由厂家承担。而全程的运输运费由我们全权负责，装车完成后我们当场全款结算货款。#松原市扶余县临期啤酒清仓#松原市扶余县库存啤酒回收#松原市扶余县积压啤酒急需#松原市扶余县啤酒尾货处置#松原市扶余县代理商"	,"松原市扶余县三花三回收滞销哈尔滨啤酒 177-3781-7365 饮料尾货现款收问：本地团建活动酒水供货商积压8200籍临期啤酒库存，急需一次性整体出货，你们能否整单全盘接手？答：本地企业团建、户外活动专属酒水供货商，2026年4月春季团建活动淡，订单量大幅下滑， 备货剩余8200箱正品牌酒库存，货品适配团建户外场景、便携易携。该类酒水时效性较强，长期存放会降低市场流通价值，且供货商仓储空间有限，急需一次性整单清货。多数小型回收商家无能力承接该中批量整单库存，只能零散低价收购，遗成收益亏损。我们专注场景化酒水库存整单回收，中批量货品可一站式全盘承接、合理定价。 2026年2月，我们完成1.9万箱团建便携装啤酒整单回收，4天内完成全部清运，上门精细核验后当场全款到账。该供货商一次性清空库存，保住经营收益，快速回笼资金备战夏学户外团建旺。客户称赞我们熟悉场景化库存特点，清货合理高效。，松原市扶余县。"	,"松原市扶余县回收滞销哈尔滨啤酒177-3781-7365饮料尾货现款收问：本地团建活动酒水供货商积压8200箱临期啤酒库存，急需一次性整体出货，你们能否整单全盘接手？答：本地企业团建、户外活动专属酒水供货商，2026年4月春季团建活动淡季，订单量大幅下滑，备货剩余8200箱正品啤酒库存，货品适配团建户外场景、便携易携。该类酒水时效性较强，长期存放会降低市场流通价值，且供货商仓储空间有限，急需一次性整单清货。多数小型回收商家无能力承接该中批量整单库存，只能零散低价收购，造成收益亏损。我们专注场景化酒水库存整单回收，中批量货品可一站式全盘承接、合理定价。2026年2月，我们完成1.9万箱团建便携装啤酒整单回收，4天内完成全部清运，上门精细核验后当场全款到账。该供货商一次性清空库存，保住经营收益，快速回笼资金备战夏季户外团建旺季。客户称赞我们熟悉场景化库存特点，清货合理高效。，松原市扶余县。#####松原市扶余县回收滞销哈尔滨啤酒177-3781-7365各类饮料现金收问：本地团建活动酒水供货商积压8200箱临期啤酒库存，急需一次性整体出货，你们能否整单全盘接手？答：本地企业团建、户外活动专属酒水供货商，2026年4月春季团建活动淡季，订单量大幅下滑，备货剩余8200箱正品啤酒库存，货品适配团建户外场景、便携易携。该类酒水时效性较强，长期存放会降低市场流通价值，且供货商仓储空间有限，急需一次性整单清货。多数小型回收商家无能力承接该中批量整单库存，只能零散低价收购，造成收益亏损。我们专注场景化酒水库存整单回收，中批量货品可一站式全盘承接、合理定价。2026年2月，我们完成1.9万箱团建便携装啤酒整单回收，4天内完成全部清运，上门精细核验后当场全款到账。该供货商一次性清空库存，保住经营收益，快速回笼资金备战夏季户外团建旺季。客户称赞我们熟悉场景化库存特点，清货合理高效。，松原市扶余县。#####松原市扶余县清凉好照回收滞销哈尔滨啤酒177-3781-7365求购乐堡啤酒问：本地团建活动酒水供货商积压8200箱临期啤酒库存，急需一次性整体出货，你们能否整单全盘接手？答：本地企业团建、户外活动专属酒水供货商，2026年4月春季团建活动淡季，订单量大幅下滑，备货剩余8200箱正品啤酒库存，货品适配团建户外场景、便携易携。该类酒水时效性较强，长期存放会降低市场流通价值，且供货商仓储空间有限，急需一次性整单清货。多数小型回收商家无能力承接该中批量整单库存，只能零散低价收购，造成收益亏损。我们专注场景化酒水库存整单回收，中批量货品可一站式全盘承接、合理定价。2026年2月，我们完成1.9万箱团建便携装啤酒整单回收，4天内完成全部清运，上门精细核验后当场全款到账。该供货商一次性清空库存，保住经营收益，快速回笼资金备战夏季户外团建旺季。客户称赞我们熟悉场景化库存特点，清货合理高效。，松原市扶余县。"	,,"中性"	
啤酒行业-行业-低,"2026-08-10 13:33:54"	,"toutiao"	,,0,91,,"96963880845"	,,"福寿康宁"	,,"7672269186098299692"	,"https://api-app-proxy.tarsocial.com/api/token/v2/rewrite_url?url=1YusuDMvr9od4K_K1MN8mjIOcWIunAfzU6n1BFWqO51Mt0ZV1lViSOqvh1n091sN0j0TRxXAymH3m9Z8XDOjyQ"	,,"中国巨轮“过了座桥”竟刷屏外网老外：巨轮是怎么过去的？是魔法吗转自@愤怒的天空9753"	,"跨江大桥能过巨型运输船引发外网热议 10.Little fin finger 全长399.99米！ 全球最大级别的运输船通过长江大桥中国的跨江大桥；抖音是全球最大的；运输船通过了长江大桥；很多人刷到航拍视频的时候；第一反应都是不敢相信自己的眼睛；一艘如同移动钢铁岛屿的超级巨轮；边是横跨长江；车流不息的钢铁大桥；WERE 一边是将近400米长的海上巨无霸；得太震玛视觉冲击力查接拉满；这一幕太震撼了！ 那种压迫感与宏大感；这艘船就是东方智慧轮；我们国家自主建造的甲醇；CMA CGM 双燃料超大型集装箱船；CMA CGM LNGPOWERED 属干全球第一梯队的海上运输巨兽；船宽61.3米；G 甲板面积相当于3.5个标准足球场；CMACGM 最多可以装载24，168个标准集装箱；CMA CGM 一趟运货量抵得上；CMA CGM 240多列火车的运力；CMACGM 满载排水量甚至超过两艘大型航母；CMACGM LNGPOWERED 很多朋友对这个数字没有概念；CMACGM LNGPOWERED 这就是跑远洋航线的顶级大船；CMACGM LNGPOWERED 它本该驰骋在无边无际的大海；而不是开进狭窄的内河长江；很多网友看完视频会产生一个疑问；大桥底下钻过去的；这可不是简单开船飘过去；这是一场容错率极低的极限操作；水位时时刻刻都在变化；团队采用一船一策的专属引航方案；专门挑选水位最低的窗口期通行；PPING YUAN ZHUO HAI 船舶提前调整压载水压低船体高度；OSCOSHIPPING YUAN ZHUO HAI 围榄杆雷达天线全部做降高处理；COSCO SHIPPIN YUAN ZHUO HAI 多艘拖轮协同配合；YUAN ZHUO HAI 引航员全程实时监控航道水流；每一个航向；留给船体和桥底的；安全余量十分有限；就会酿成重大事故；觉得是不是长江所有跨江；艺艺美大桥都能放行这种万吨巨轮；长江下游部分大桥的；可以接纳这类巨轮；桥梁净空高度就会大幅下降；很多大桥会直接成为超级；海轮无法逾越的钢铁屏障；长江下游水域活动；无法继续向西深入内陆；两岸千万人的陆路通行；又要兼顾黄金水道的航运需求；恰恰就是中国基建最；谨慎驾驶这段视频传到海外平台之后；道接在外网炸开了锅；I havebeen sailingformore than20 years""butI neverthought thatanearly4o0metergiantcontainershipcould complete its passage under an inland river bridge. This is not just about good shipbuilding""but also aboutbridge design""waterway management""and navigation technology.The entire system is fully developed"" and this is avictory for a complete set of engineering capabilities. 我跑了二十多年远洋，从来没想过将近400米的巨型集装箱船， 以在内河大桥下完成通行。这不单单是船造得好， 桥梁设计、航道管理、引航技术，整套体系全部拉满 ，这是一整套工程能力的胜利我跑了20多年远洋；I havebeen sailingformore than20years""butI neverthought thatanearly4o0metergiantcontainershipcould complete itspassage under an inland river bridge.This is not just about good shipbuilding""but also aboutbridge design""waterway management""and navigation technology.The entire system is fully developed"" and this isa victory foracompletesetof engineering capabilities. 我跑了二十多年远洋，从来没想过将近400米的巨型集装箱船， 以在内河大桥下完成通行。这不单单是船造得好， 桥梁设计航箱管理、引航技术，整套体系全部这是一整套工程能力的胜利 O 从来没想过将近400米的巨型；Ihavebeensailingformorethan20 years""butIneverthought thatanearly4o0metergiantcontainershipcouldcomplete itspassageunder an inland rver bridge.Thisisnotjustabout good shipbuilding""but also aboutbridge design""waterway management""and navigation technology.The entiresystem is fully developed"" and this is a victory foracompletesetof engineering capabilities. 我跑了二十多年远洋，从来没想过将近400米的巨型集装箱船以在内河大桥下完成通行。这不单单是船造得好， 梁设计管理、引航技术，整套体系全部这是一整套工科程能力的胜性利集装箱船可以在内河大桥下完成；Ihavebeensailingformorethan20 years""butIneverthought thatanearly400meter 0 ainershipcouldcomplete itspassage under an lge.Thisisnotjustabout good shipbuilding""butal rio es gn""waterway management""andnayi nology.Theentiresystemis fully developed"" and this is a racom pletesetof engineer abilities 我跑了二十多年远洋， AOYO 巨型集装箱船以在内河大桥下完成通行。这管理、引航技术，整套体系能力的胜利通行这不单单是船造的好；Ihavebeensailing formorethan Tears. butIneverthought thatanearly 400 mneter iner S couldcomplete itspassageund ran lhisisnotiustabout goodshipbuilding""buta 8 waterway management""andnavig oog Theentiresystemis fully developed"" and this is a pletesetof engineel pres 我跑了二十多年远洋， 从 AOYO K 美装箱船以在内河大桥下完成通行。 染设筑管理、引航技术，整套体系全能力的性科 OOOLE MUpI 航道管理；Ihavebeensailingformore vears""butIneverthought thatanearly 400 ner couldcomplete itspassageuno an Thisisnotjustabout good shipbuilding. waterway management""andnay ollogv. Jheentiresystemis fully developed""and thisisa pletesetof engineer pabilities 我跑了二十多年远洋，从来没想过将近400米的巨型集装箱船以在内河大桥下完成通行。这不单单是是船造得好梁设计管理、引航技术，整套体系全部这是一能力的胜利这是一整套工程能力的胜利；还有普通外国网友感慨；Our countryisbuildinga crossriverbridge""and itwill take morethantenyearsjusttodiscussandconductenvironmental assessments. China is building the bridge while also allowing large ships to pass under it. It's hard to imagine how they can meettheneedsofbothsides 我们国家修一座跨江大桥，光过论、环评就要十几年，中国一边修大桥跑汽车，一边还能让海上口轮从桥下过，很难想象他们是怎么做到兼顾两边需求的我们国家修一座跨江大桥；Our countryisbuildingacrossriverbridge""and itwill take morethantenyearsjusttodiscussandconductenvironmental assessments. China is building the bridge while also allowing large ships to pass under it"" It's hard to imagine how they can meettheneedsofbothsides 我们国家修一座跨江大桥，光讨论、环评就要十儿年，中国一边修大桥跑汽车，一边还能让海上巨轮从桥下过，很难想象他们是怎么做到兼顾两边需求的中国一边修大桥跑汽车；Ourcountryisbuildingacrossriverbridge""anditwilltake morethantenyearsj iusttodiscussandconductenvironmental ng the bridge while also allowing assesst ents.Chinaisbuildim large ships to pass under it.It's hard to imagine how they can meettheneedsofbothsides 我们国家修一座跨江大桥，光讨论、环评就要十儿年，中国一边修大桥跑汽车，一边还能让海上巨轮从桥下过，很难想象他们是怎么做到兼顾两边需求的边还能让上海上巨轮从桥正过；Ourcountryisbuildingacrossriverbridge""anditwilltake morethantenyearsjusttodiscussandconductenvironmental ments. China is building the bridge while also allowing assessn large ships to pass under it"" It's hard to imagine how they can meet the needs of both sides 我们国家修一座跨江大桥，光过论、环评就要十几年，中国一边修大桥跑汽车，一边还能让海上巨轮从桥下过， ，很难想象他们是焦么做到兼顾两边需求的很难想象他们是怎么；评论区也少不了熟悉的质疑声音；一部分西方网友习惯性提出疑问；What is the cost?Will it damage the ecology of theYangtze River? 代价是什么？会不会破坏长江生态？ 全10:34月会不会破环长江生态 SUBSCRIBED；10:34月也有个别带偏见的评论 SUBSCRIBED；UMOL MOL HYUHL HYUNDAI HYUEIDAI LIVE 10 HYUNDAI HYUTONI HYURDN YOUER 但很快就有懂航运的网友出来反驳；LMOL MOL HYUL HYUNDAI D HYUNOAI AHYUNDAI D11 HYUNDAI YOYABER 但很快就有懂航运的网友出来反驳；Therearestrictwindowperiodcontrolsforthepassageofgiant ships"" and this ship itself is powered by methanol for environmentalprotection""reducingcarbon emissions.Donot use stereotypesto arbitrarilynegate others'engineering achievements 巨型船舶通行有严格的窗口期管控，这艘船本身还是甲醇环保动力 ，降低碳排放，不要拿刻板印象随意否定别人的工程成果？ HYUNDAIVOYAGER 巨型船舶通行有严格的窗口期管控；LMOL There are strict window period controls for the passage of giant ships""and this shipitself is powered by methanol for environmental protection""reducing carbon emissions.Do not use stereotypes to arbitrarily negate others' engineering achievements 巨型船舶通行有严格的窗口期管控，这艘船本身还是甲醇环保动力 ，降低碳排放，不要拿刻板印象随意否定别人的工程成果？ NYUNENIHOYXASSR 这艘船本身还是甲醇环保动力；Therearestrictwindowperiodcontrolsforthepassageofgiant ships"" and this shipitself is powered by methanol for environmentalprotection""reducingcarbon emissions.Donot use stereotypesto arbitrarilynegate others'engineering achievements 巨型船舶通行有严格的窗口期管控，这艘船本身还是甲醇环保动力降低碳排放，不要拿刻板印象随意否定别人的工程成果？ > 不要拿刻板印象随意；还有东南亚南亚；网友的评论格外眞实；Asthe same bigriver"" ourriver cannot build such abridge"" mo1 does it have the ability to safely pass giant cargo ships. After watching thevideo"" all that remains is envy. 同样是大河，我们的河道既造不出这样的大桥，也没有能力让巨型货轮安全通行，看元视频只利羡慕。 我们的河道既造不出这样的大桥；As thesamebigriver""ourrivercannotbuild suchabridge""nor does it have the ability to safely pass giant cargo ships.After watching thevideo""all that remains is envy. 同样是大河，我们的河道既造不出这样的大桥，也没有能力让巨型货轮安全通行，看完视频只利羡慕。 也没有能力让巨型货轮安全通行；其实震撼我们的从来；都不只是那一艘大船；大船是中国制造的船舶工业实力；大桥是中国桥梁工程的硬本事；而让巨轮安全过桥的背后；是航道海事引航造船无数个；部门精密协同的完整工业体系；一座桥上面跑汽车；江上是连通内陆的黄金水道；桥上是两岸百姓的交通脉络；两种交通方式互不耽误；这就是属干中国的现实工程浪漫；会出现的宏大场面；在我们的长江之上；我们常常会惊叹国外的各种奇观；无数震撼世界的工程奇迹；一道就发生在我们身边；惊叹质疑美慕的时候；也恰恰证明中国基建正在一次次；刷新全世界对工程能力的认知"	,"转发了该作品"	,"中性"	
啤酒行业-行业-低,"2026-08-10 13:32:14"	,"douyin"	,,0,9967,,"2877862035068992"	,,"睿源生鲜"	,,"7672271551772855602"	,"https://api-app-proxy.tarsocial.com/api/token/v2/rewrite_url?url=UxI1mE1VtivWWENn8adpDmG3kF8SwGcheiC2XVx5H1mI5TAgwtFUvHzDUYgCZMwjB_z1XYZzEd8OdYZsEqIArQ"	,"大大特号龙虾尾来啦！肉质鲜嫩紧实，爱吃虾尾的朋友快来看看吧！#龙虾尾 #海鲜美食 #这口小龙虾香迷糊了"	,"换新包装啦"	,"一到了龙虾尾的季节|CDESGKEST|满车间都是龙虾尾|这些是打包好的了|给大家去汇报一个事|就是这个龙虾尾换了一个新包装|精选优质花虾尾雷|精选优质龙虾尾田er Bal|这个超大号的就用了这个蓝箱子|优质龙虾尾|还行吧设计的我的审美|这个我注册的商标|开一箱看看质量|你看后面还在忙碌的装车|这两天也感谢大家的支持|精选优质龙虾尾|我们的销量也一直很好|当然了|有什么意见大家也尽管跟小范提|我能改进尽量给大家改进|这个是冰霜没有包冰衣|带黄带头肉身体弯曲|这个就是活虾加工的标志|来给大家看看|下面也是一样的|那个大号的还是原来那个包装|这样能区别开吧|龙虾尾冷水下锅焯水|料酒|水开煮三分钟左右|过冷水肉质Q弹|锅底留油大火煸炒|把水分炒干|滋滋冒油时出锅|火锅底料郫县豆瓣酱小火炒出红油|葱姜蒜龙虾尾下锅煸炒|一罐啤酒|生抽盐白糖鸡精|盖盖中小火炖8分钟|洋葱黄瓜蒜末大火煸炒|30元的龙虾尾，吃的超满足！|这个季节的小龙虾简直太肥美了|麻辣鲜香qq弹弹|赶紧冲|如果你现在问我|这个龙虾尾要买这个大号的|还是这个蓝箱大大号的|那么我肯定告诉你要买这个大大号的|大大号|为什么|因为大大号的每箱降价降了30|降价30|降了30|他两个之间就差了10块钱了|咱就不差那10块钱了|吃个好品质的|大的个头大|哎呦给大家看看|这个虾|跟那个大号的是一个产地|都是湖北潜江清水稻田虾|但它的区别就在于一斤能称多少粒|一斤能称的粒数越少|它的个头就越大|你看这个质量怎么样|能行吧这个头给大家对比一下|它现在是弯曲的状态|你看大拇指来对比能看出来吧|它弯它伸直了会更大一点|但是大家收到之后一做|它就缩成一个球了|你可能显得没那么大|这个确实是大的|它一斤能称个100粒左右|那个是一斤称个130粒左右|这个就会更大|然后干净程度大家自己看|拍细节能不能看见|肚皮每一个都是这样|上下也都是一样的质量|一箱降了30之后|这两个就差10块钱了|我就吃这个|记住哈吃这个|我真的不是摆拍|我上哪请这么多演员|这演员费*也老鼻子了|这个小龙虾尾|确实是手工一粒粒脱壳的|随便给大家看|拍细节拍质量|然后我抓一把这个小龙虾在下面|然后现场给大家扒一个看看|这个扒虾尾其实也是比较简单的|捏住虾头这样左一下右一下|轻轻的一拉就出来了你看|虾尾卷曲都是活虾加工的|这下放心了吧|这次个大大号龙虾尾|MAE|我给大家搞一个大活动|这一车都是|来货了先看质量怎么样|MAERS|MAFASKTHLETE|先给大家看看咱这批货的级别|生产日生产日期生产日生产日|生产日生产00特一二三回级级级级级设级设|生产日级级组级级级级设级级级特一二三回特一二三日级级级级|这批货的质量怎么样|生产日|我跟大家|生产日特一二三日我不是降10块|我不是降10块|生产日特一二三 级级级级也不是降20|生产日生产日特一二三是降的更多|级级级级特一二三级级级来降再多没用|生产日级级级质量好咱得主要|主要是质量好|给大家拍细节看一看|这才叫一点冰都不包的龙虾尾|你看能看见不|都是干冻的状态|新货而且都是今年的新货|颗颗带头肉|粒粒带头黄|就是这样好质量|如果朋友们想吃|特一二 级级级级|记得点头像来我的直播间"	,,"正向"	
啤酒行业-行业-低,"2026-08-10 13:32:00"	,"toutiao"	,1,0,,,"10128370404"	,,"yoyo"	,,"7672107138017280550"	,"https://api-app-proxy.tarsocial.com/api/token/v2/rewrite_url?url=1YusuDMvr9od4K_K1MN8mjIOcWIunAfzU6n1BFWqO51Ou_WQwnOoldT0QrD0SSgJWUf3O34zXLV9GgDo9q1NnQ"	,,"仅为剧情需要无任何不良引导请勿模仿要不您先看看"	,"仅为剧情需要无任何不良引导请勿模仿老板；仅为剧情需要无任何不良引导请勿模仿；仅为剧情需要无任何不良引导请勿模仿要不您先看看；仅为剧情需要无任何不良引导请勿模仿禁止自带可是违；仅为剧情需要无任何不良引导请勿模仿行那我点菜再叫你；仅为剧情需要无任何不良引导请勿模仿那我去买酒；仅为剧情需要无任何不良引导请勿模仿谁不知道烧烤店就靠酒水挣点钱啊；仅为剧情需要无任何不良引导请勿模仿大吉华安高乐 leeFotest 小好花家地藏出所报警电话 84714055 84716376 您这带的啤酒啊；仅为剧情需要无任何不良引导请勿模仿哎呀不好意思啊；仅为剧情需要无任何不良引引导请勿模仿美京啤酒这啤酒不也是酒水吗；仅为剧情需要无任何不良引导请勿模仿哎呦他给我拿个常温的；仅为剧情需要无任何不良引导请勿模仿你帮我们镇一下；夜为剧情需要无任何不良引导请勿模仿拿六个给我们串一下；仅为剧情需要无任何不良引导请勿模仿我们只能上桌自已进的酒水；仅为剧情需要无任何不良引导请勿模仿行了行了；仅为剧情需要无任何不良引导请勿模仿三块一杯；仅为剧情需要无任何不良引导请勿模仿你们也太不会做生意；仅为剧情需要无任何不良引导请勿模仿冰杯还要钱啊；仅为剧情需要无任何不良引导请勿模仿哎呀我们多点点不啥都有；仅为剧情需要无任何不良引导请勿模仿对；仅为剧情需要无任何不良引导请勿模仿行；仅为剧情需要无任何不良引导请勿模仿哎呀这老板可太不会做生意了；仅为剧情需要无任何不良引导请勿模仿推吃个大排档还自带啤酒；仅为剧情需要无任何不良引导请勿模仿这啥人；仅为剧情需要无任何不良引导请勿模仿推刚说了能多点儿个菜；仅为剧情需要无任何不良引导请勿模仿哎这；仅为剧情需要无任何不良引导请勿模仿欢不是你点的啥；仅为剧情需要无任何不良引导请勿模仿我们这禁止自带餐食；仅为剧情需要无任何不良川导请勿模仿那这个；仅为剧情需要无任何不良引导请勿模仿咱店里有吗；仅为剧情需要无任何不良引导请勿模仿是啊；仅为剧情需要无任何不良引导请勿模仿燕京U8 热爱有你我哥们就好这口；仅为剧情需要无任何不良引导请勿模仿不是你们；仅为剧情需要无任何不良引导请勿模仿燕京U8 热爱有你我们再点10个肉串；要无任何不良引清勿模仿仅为哎；仅为剧情需要无任何不良引导请勿模仿其他的不够再点；仅为剧情需要无任何不良引导请勿模仿成；仅为剧情需要无任何不良引导请勿模仿都是你爱吃的东西；剧情喜要无任何不良引导请勿模仿注意安全 Apay 三老板娘结账；仅为剧情需要无任何不良引导请勿模仿一共消费76；你小票给我看看；仅为剧情需要无任何不良引导请勿模仿注意安全；为剧情需你们不是说好赠送的吗；仅为剧情需要无任何不良引导请勿模仿那您说好多点几个菜也没点啊；剧情需要这每桌都有份黄桃罐头；仅为剧情你也给我来一份；仅为剧情需要无任何不良引导请勿模仿您来我这吃个饭；仅为剧情 20个串坐了一下午；仅为剧情需要无任何不良引导请勿模仿我好意思送；仅为剧情需你怎么说话呢你；仅为剧情需要；仅为剧情需要无任何不良引导请勿模仿给他写差评；仅为剧情需要无任何不良引导请勿模仿注意安全 CAUTONDANGER 配电阳支IAllpay 国老板娘；仅为剧情需要无任何不良引导请勿模仿你这是干啥呀；任何不良引导请勿模仿仅为剧情需要无仔你不觉得有点过了吗；仅为剧情需要无任何不良引导请勿模仿不是你先出去买啤酒的吗；仅为剧情需要无任何不良引导请勿模仿你求我找活；RU 想给你省点钱；仅为剧情需要无任何不良引导请勿模优谁承想你这么离谱；请勿模仿我要不点点串；發为剧精需请勿模仿；仅为剧情需要无任何不良引导请勿模仿剩下啤酒给你们了；号导请勿模發；仅为剧情需要无任何不良引导请勿模仿强子；仅为剧情需要无任何不良引导"	,"你到饭店吃饭会自带酒水吗？ #剧情 #餐饮 #消费者 #自带酒水"	,"中性"	
啤酒行业-行业-低,"2026-08-10 13:21:28"	,"toutiao"	,,0,,,"789919880975268"	,,"美食干货课堂"	,,"7672268395500421632"	,"https://api-app-proxy.tarsocial.com/api/token/v2/rewrite_url?url=1YusuDMvr9od4K_K1MN8ml17rEfkAea0gAdcR6CW8Dw2-Nf_tLYFpNKIJ_4W2IijV8-klMm12FUg2vq8KnkpNg"	,"
去新疆沙湾吃大盘鸡，花两三百块，吐槽用三黄鸡假装土鸡，还嫌现炖太慢催菜砸店家饭碗


游客跑到新疆沙湾景区，点一盘大盘鸡，花两三百块钱，吃完就上网吐槽，说店家用三黄鸡冒充土鸡，土豆块还像是提前蒸熟的现成菜。那些三黄鸡其实就是养鸡场里那种喂饲料长得飞快的普通鸡，便宜好买，切块后容易下锅下饭，不是自家后院散养出来的老母鸡那种嚼劲十足的货色。







土豆提前蒸好放着，省得现场切洗费工夫，客人一来直接拌鸡块翻炒两下，热气腾腾端上来，颜色香味都不差。


游客一边吃一边看表，十分钟没见鸡块冒头就拍桌子，二十分钟锅里没大块肉浮起来就嚷嚷慢吞吞，恨不得店员变魔术立刻上全套菜。景区里人来人往，自驾车一停就涌进店，饿坏了巴不得三分钟解决问题，谁有耐心坐那儿干瞪眼等主菜。店家一看这架势，只能提前准备鸡肉，洗净切块后小伙煮到七八成熟，筷子戳戳就入味不生，鸡皮鸡腿都裹上汤汁待命。


土豆泥，削皮切滚刀块，蒸汽箱里焯个五分钟，捞出沥干水分，凉着备用不坏肚子。客人喊大盘鸡，厨师抓一把鸡块倒油锅爆香，加姜蒜辣椒翻炒，扔进预备土豆和预煮鸡肉，再浇上高汤大火收汁，叮一声两分钟出锅，盘子堆得满满当当，红油亮晶晶看着就下饭。







这样的做法在路边店景区馆到处是常态，游客赶路玩累了要速战速决，店家不这么干，早饿跑一波回头客。


现杀土鸡试试看，从抓鸡到拔毛洗内脏，开水烫过切块腌制调味，得二十分钟起步，然后砂锅小火慢炖，四十分钟才能见汤变奶白，鸡肉烂而不散，土豆吸饱鸡汁软糯。夏天高峰期中午饭点，店里挤满几十号人，每桌都等现炖，厨房忙不过来，第一桌客人鸡没熟，后面就炸锅走人，差评满天飞生意黄摊。


冬天冷天土鸡更慢，火不够猛汤收不拢，游客裹着羽绒服还嚷冷盘子，店家赔本赚吆喝纯属自找。







两三百块的价位，景区物价本就翻倍，普通鸡加料凑热闹已经实诚，现点现炖顶级货色得加钱等位子，很多人兜里钱有限还想占便宜。网上那些吐槽帖，拍张盘子模糊照发朋友圈，标题写坑人假鸡，评论区附和一堆，店家小本生意被黑几单，饭碗就晃荡。


实际吃着热乎乎一大盘，鸡块堆山土豆垫底，辣椒花椒麻油味冲鼻，吃饱喝足上路继续玩，谁真挑剔到扔盘子。







沙湾这地儿，新疆风味大盘鸡名气大，游客蜂拥而来图个地道口感，店家日夜翻锅，鸡毛飞土豆皮堆仓库，换着法子满足胃口。预处理鸡肉保持鲜嫩不柴，土豆不发黑不夹生，炒出来锅气十足，咬一口鸡腿汁水四溢，配啤酒或者馕，景区午饭顶饱。


催菜的哥们儿，平时家常饭也懒得等，现出门就变挑家，店员顶着骂声端菜，手忙脚乱还得笑脸迎人。下回去沙湾，点菜时多问问土鸡现不现，愿意等就座下来品，嫌慢就选速成版，吃完拍个好评走人，大家都舒坦。


有些游客自驾新疆环线，早上吐鲁番中午沙湾，下午赶赛里木湖，日程紧巴巴，胃口再馋也得速吃。店家早摸透门道，冰箱备鸡块速冻真空，解冻两分钟下锅，卫生达标不挨罚。土鸡散养成本高，一只鸡养半年上百块，景区游客日均上千，供不上需求就现成鸡顶上，味道调对头九成不闹事。







网上风波一过，店家照样开门迎客，新一批游客闻香而来，花钱买开心图个乐。





"	,,,"去新疆沙湾吃大盘鸡花两三百，吐槽三黄鸡冒充土鸡，却嫌现炖慢催菜砸人饭碗"	,"负向"	
啤酒行业-行业-低,"2026-08-10 13:19:47"	,"weibo"	,,1,264129,,6090644987,1,"灌篮大风车"	,,"5330355246860398"	,"https://api-app-proxy.tarsocial.com/api/token/v2/rewrite_url?url=bETNdXXxBw6SRVox7gALQ8ALvGqzqNBoWtwfbHsojHSOM2j1cGqBYWRvxXKYRM_4nhXcuFQUXxtWtPq64eUj6A"	,"天津津门虎以3比0完胜深圳新鹏城！全场压制，攻防俱佳。#天津津门虎# 天津津门虎vs深圳新鹏城 #于根伟# http://t.cn/AXNVdCMv ​​​｜灌篮大风车的微博视频"	,"天津津门虎 #3比0 深圳新鹏城而这场比赛90分钟之后吉利某团"	,"各赛区组委会、各足球俱乐部： 微博视频号 2026年6月27日，中国足球超级联赛第十六轮场序第四通值大风车 125场，重庆铜梁龙足球俱乐部队与天津津门虎足球俱乐部队的比赛在铜梁龙体育场举行。 根据比赛监督报告、裁判员报告，情况说明及听证，全场比赛结束后，天津津门虎足球俱乐部队主教练于根伟冲入场内，指责导骂裁判员，被裁判员出示红牌。 中国足球职业联赛联合会纪律与道德委员会依据《中国足球职业联赛联合会纪律与道德准则》第五十五条之规定作出如下处罚： 禁止天津津门虎足球俱乐部队主教练于根伟进入体育场馆5场，罚款人民币5万元。 上述罚款应按照《中国足球职业联赛联合会纪律与道德准则》第十八条规定执行。 本处罚决定自公布之日起生效。对处罚决定不服的。 这就是足球主帅啊购可一停正次元的中国足球职业联赛联合会将依照《中国足球职业联赛联合会纪律与道德准则》的规定，坚决严肃处理各类违规违纪；微博视频号 @灌篮大风车受到裁判的针对；微博视频号 @灌篮大风车但是你只要抓住机会；微博视频号 @灌篮大风车众志成城；微博视频号 @灌篮大风车 A 奇迹可能就会发生；微博视频号 @灌篮大风车 GOAL 津门虎用一场汤气回肠的3：0；微博视频号 @灌篮大风车宣告了自己的求生意志；微博视频号 @灌篮大风车；微博视频号 @灌篮大风车足球比赛我一直强调一个词；微博视频号均值回归 @灌篮大风车叫均值回归啊；微博视频号被别人绝杀 @酒旅大风道被别人绝杀的时候；微博视频号回酒蓝大风车你绝杀别人的时候就快要到了出；微博视频号 @灌篮大风车你绝杀别人的时候就快要到门 CS 集团；微博视频号 @灌篮大风车天津进7两个球哈品环团；微博视频号国顺大员天津进了两个球哈；微博视频号 @灌篮大风车人云账户 13 完全一扫之前被；搬博视频号顺大风车重拳出击别人绝杀的一个阳霾；微博视频号 ® 国蓝大风白中超联赛第17轮天津虎；微博视频号主场对战深圳新鹏城啊；微博视频号凭借着强烈的求生欲望；微博视频号湖顺大员上半场打破僵局；微博视频号正派大员补时阶段连入两球；微博视频号来大员三比零最终3:0击败7深圳；微博视频号 @灌蓝大风车 V云账户云账户拿于这场价值千金的啊胜利；微博视频号蓝大风邢么赛前呢；微博视频号准旅大风海因为津门虎官宣了；微博视频号大风同时跟9名的主力球员啊；现频号微博大风云账会账户同时跟9名的主力球员账户；微博视频号蓝大员展现出；微博视频号国E蓝大风求生欲望合年非常强烈的一个求生欲望；微博视频号首大风车；微博视频号恒准旅大风确实对球队注入了强心剂；微博视频号 VS @港旅大风车而深圳听这边呢；微博视频号 @灌蓝大风车上轮我是比较可惜的；微博视频号 @湘蓝大风车扳平已经在扳平的情况下；微博视频号国准蓝大风库老铁最后呢被韦世豪绝杀啊啊出；微博视频号蓝大风车痛失一分；微博视频号 % 蓝大风车整个球队状态还是比较低落的；微博视频号 @准蓝大风车而津门虎呢这场比赛主场啊；微博视频号 @通成大风车我觉得他也没有啊那个贸然出菜；微博视频号 BK大风那个大局压上；微博视频号大风车收缩阵型还是收缩阵型啊；微博视频号 ? 大风依靠啊球员的中场；微博视频号酒旅大风车切断深圳中场的传导路线啊；微博视频号 @酒蓝大风车特别是限限制啊；微博视频号持球组织医准旅大风车听周定洋的一个持球组织啊；微博视频号传灌旅大风车不让对手从容的啊；微博视频号准旅大风车把球呢传到到锋线；微博视频号四准蓝大风车深圳几个锋线能力还是比较强的；微博视频号烟准旅大风车听面对这种情况呢；微博视频号 @通旅大风车；微博视频号可准旅大风车深圳的整个啊上半场呢几；微博视频号四浦蓝大风车平平没有什么威胁的射门；微博视频号 @灌篮大 TEDA TEDA 反而呢是26分钟啊；微博视频号 @灌篮大风车抓住住了；微博视频号 @灌蓝大风车由守转攻个由守转攻的瞬间啊；微博视频号 @灌蓝大风车；微博视频号 @酒斯大风年打破了深圳的防线哎；微博视频号 @酒蓝大风车禁区里面冷静推射破门；微博视频号 @灌蓝大风车 1:0啊进了球之后呢；微博视频号 @灌前大风车更加沉得住气啊；微博视频号 @灌航大风车更加是防守啊；微博视频号酒旅大风车防守再防守啊了；微博视频号通蓝大风车然后呢深圳这边运气不好；微博视频号回灌篮大风车在无对抗的情况下呢；微博视频号 @灌篮大风车这个伤病也不小；微博视频号 @灌篮大风车球队的中场这个节奏彻底被打乱啊；微博视频号 ? @灌篮大风车混乱球队的中场这个节奏彻底被打乱啊；微博视频号 @灌篮大风车邢么下半场易边再战；微博视频号 @灌篮大风车虽然加强了前场的逼抢力度；微博视频号 @灌篮大风车想要板平比分啊；微博视频号 ? @灌篮大风车这个特别是边后卫啊；微博视频号 @灌篮大风车频警频频参与进攻；微博视频号可滩蓝大风车让深圳的后防线的一个空档呢；微博视频号国准蓝大风车让深圳的后防线的一个空档呢；微博视频号 ? @灌篮大风车 846 抓住对手啊；微博视频号回准武大风打出多次的快速反击啊啊；微博视频号 @酒蓝大风车快速反击打出多次的快速反击啊啊；微博视频号 @酒监大风车深圳那个后防线；微博视频号网酒蓝大风车让他们这个体能啊就快速下降啊；微博视频号 @淮蓝大风车让他们这个体能啊就快速下降啊；微博视频号 @酒蓝大风车常规时代啊；微博视频号 @灌篮大风车深圳久攻不下；微博视频号 @通蓝大风车我就逐渐急躁；微博视频号 @灌蓝大风车失误失误传球失误率也变多啊；微博视频号 @通旅大风车打的简单粗放进攻呢也是打的比较简单粗放啊；微博视频号 @滩临大风车都是一种远射；微博视频号回酒流大风车很难渗透很难渗透到津门虎的核心区域；微博视频号 @灌蓝大风车比赛到尾声阶段；微博视频号莲蓝大风车燃起来了场上高潮来临；微博视频号灌旅大风车那么在补时阶段呢；微博视频号 @灌蓝风车理想青岛啤酒大吉利集团走位走位先突破之后传球啊；微博视频号 @灌篮大风车这脚球似传似射嘛；微博视频号 @灌篮大风车但是呢哈达斯0度角完成射门；微博视频号但是呢哈达斯0度角完成射门；微博视频号风车想象力、大音利集团太有想象力；微博视频号 @灌篮大风车牛逼太漂亮太牛逼7啊；微博视频号 @灌篮大风车这个角度给他打进去了啊；微博视频号 @灌篮大风车过两分钟之后啊；微博视频号 @淮篮大风车其实当时深圳呢；微博视频号 @灌篮大风车津门虎呢再一次断球之后呢；微博 @灌篮大风车断球津门虎呢再一次断球之后呢 20；微博视频号 @灌篮大风车外味0咕抓住深圳的后防漏洞呢完成破门；微博视频号比分锁定 @灌篮大风车比分锁定3:0；微博视频号补时阶段 @灌篮大风车补时阶的两个进球啊出；微博视频号 @淮篮大风车年纪小体力好即使津门虎充足的体能储备；微博视频号 @淮蓝大风车年纪小体力好即使津门虎充足的体能储备；微博视频号 @灌篮大风车也反映出啊；微博视频号 @灌篮大风车在落后之后呢；微博视频号 @灌篮大风车这个防线崩盘战术；微博视频号 @灌篮大风车执行力专注力执行力跟专注力不足的情况啊；微博视频号 @灌篮大风车听这场比赛深圳的赢在务实；微博视频号 @酒篮大风车；微博视频号 @通蓝大风车反击效率精准；D 微博视频号 @灌篮大风车球队呢不盲目追求控球啊；微博视频号 @灌篮大风车把有限的进攻机会呢；微博视频号 @涯能大风车都打的非常有质量啊；微博视频号 @准蓝大风车本士球本士球员跟外援的配合非常默契；配合默契微博视频号 @酒蓝大风车本士球员本土球员跟外援的配合非常默契；微博视频号 @灌篮大风车武汉的输球7；微博视频号 @灌篮大风车哎听；微博视频号 @灌蓝大风车凭借着这场胜利呢；微博视频号 @灌能大风车缩小缩小了跟安全区的差距；微博视频号 @灌篮大风车是啊同样8分啊；关于对天津津门虎足球俱乐部队主教练于根伟违规违纪的处罚决定微博视频号各赛区组委会、各足球俱乐部： @灌篮大风车 2026年6月27日，中国足球级联赛第十六轮场序第 125场，重庆钢梁龙足球俱乐部队与天津津门虎足球俱乐部队的比赛在例乘龙体育场举行。 根据比赛监督报告、我列员报告，情况说明及听证，全保级之路结来后，天津建门虎足球俱乐都队主教练于根伟冲入员，被裁判员出示红牌。 原辉联会会纪律与遗德委员会依据《中国足球职显职塞联合会纪律与建德准则》第五十五条之规定、 作出如下处罚： 禁止天津津门虎足球俱乐部队主教练于概伟进人体育场馆5场，罚款人民币5万元上述罚款应按照《中国足球职业联赛联合会纪律与道德准则》第十八条规定执行， 本处罚决定自公布之日起生效，对处罚决定不服的，可保级之路来转机合会纪律与通德准则》的理足，坚决产司处理各类违规违纪行为，净化行业风气，望客参与方驰够共同维护比赛秩序和；关于对天津津门虎足球俱乐部队主教练于根伟违规违纪的处罚决定微博视频号各赛区组委会、各足球俱乐部： @灌蓝大风车 2026年6月27日，中国足球超级联赛第十六轮场序第 125场，重庆铜梁龙足球俱乐部队与天津津门虎足球俱乐部队的比赛在铜梁龙体育场举行。 根据比赛监督报告、裁判员报告、情况说明及听证，全场比赛结束后，天津津门虎足球俱乐部队主教练于根伟冲入场内，指责每骂裁判员，被载判员出示红牌。 中国足球职业联赛联合会纪律与道德委员会依据《中国足球职业联赛联合会纪律与道德准则》第五十五条之规定， 作出如下处罚： 禁止天津津门虎足球俱乐部队主教练于根伟进入体育场馆5场，罚款人民币5万元。 上述罚款应按照《中国足球职业联赛联合会纪律与道德准则》第十八条规定执行。 本处罚决定自公布之日起生效。对处罚决定不服的，可自生效之日起七日内可缺少主帅中国足球职业联赛联合联赛合会纪律与进德准则》的规定，坚决严肃处理各类违规违纪行为，净化行业风气。望各参与方能够共同维护比赛秩序和；微博视频号 @淮篮大风车受到裁制的针对；微博视频号 @灌篮大风车 GOAL 奇迹可能就会发生；微博视频号 @灌篮大风车津门虎用一场荡气回肠的3：0；微博视频号 @灌篮大风车记得点赞关注哦"	,"天津津门虎以3比0完胜深圳新鹏城！全场压制，攻防俱佳。#天津津门虎# 天津津门虎vs深圳新鹏城 #于根伟# [灌篮大风车的微博视频](http://t.cn/AXNVdCMv)"	,"中性"	
啤酒行业-行业-低,"2026-08-10 13:19:35"	,"weixin"	,,0,,,"gh_35a297ce62e9"	,,"筱小尘"	,,"07d542f6569331c17cc17a79c500ea80"	,"https://api-app-proxy.tarsocial.com/api/token/v2/rewrite_url?url=Q-I904lDUTWJfdLL-H5eM2ppJJyU5U09Q01cfm8-V6LGN3uXuJlGBbuiHxHcfP015rtmRc-4mredzPsj8FSfrBiEaTH8wGUYmAC4Es3u9tnVaZFKhhkO-arbAMor29tPx01QvMvMBxqzROu6YztFfA"	,"首先，现在的我不是一个盲目跟风旅游的人，也曾是一个做攻略写计划带着小本本出发的人…更喜欢现在的随性，没有计划，把期望放低，反而更能收获满满！一直有去海边的执念。之前一篇文章说到，我喜欢看青春剧，甜剧…这些剧大多有海边情节。海，电视剧中给我的感觉是浪漫，是和解，是治愈疗伤，是重新开始…七月份去过之后，才是有了自己真切的感受。此次山东之行，去到了济南、青岛、荣成、日照四个地方。时间有限，执念是海。济南是顺路。济南（大明湖，趵突泉）青岛（灵山湾第一海水浴场，金沙滩）荣成（那香海钻石沙滩，布鲁威斯海滩）日照（灯塔广场沙滩）济南就不多说了，说说青岛、荣成、日照这些我去过的沙滩不同的沙滩有不同的特点，给人的游玩感受也是完全不同的。青岛要有“明知山有虎，偏向虎山行”的勇气。天气预报一周的雨又如何，你看，不要害怕风雨，风雨后会有另外的奖励。从济南奔赴青岛的途中，前路两侧悬着双彩虹，身后翻涌着层层壮阔云海，恍如《西游记》中天兵天将列阵而来。灵山湾第一海水浴场来到这里很偶然。开游第一天，便遇上瓢泼大雨。正因这雨，意外闯入一家本地上榜小吃店，邂逅胶东大馅锅贴：手工现擀面皮，底壳煎出金黄冰花，咔嚓焦脆，面皮软韧；超大海鲜内馅，大虾、海胆、墨鱼等用料扎实，趁热一口鲜醇多汁，满口都是胶东海味。正因这雨，意外地来到灵山湾第一海水浴场（胶州湾南侧的独立海湾）。人烟稀少，格外清净惬意。（找厕所，才来到了附近。又因为没有做攻略，不知道要去哪，在车里坐了两三个小时。结果坐来了雨停。再一次上厕所的时候发现，原来这里这么大的沙滩。）据观察，这个沙滩应该是比较小众的，当地人常来的。临近红树林酒店，应该也是酒店后花园。初次踏浪，看着海水一遍遍拍打、冲刷岸边，内心深受震撼。望着翻涌海潮，思绪飘回1914年秋，胶州湾的碧海之上，百年平静被战火撕碎。苍茫黄海海面风涛翻涌，铅灰色的乌云低低压在青岛外海的天际，冰冷的海浪层层叠叠拍打着，往日商船往来、帆影点点的胶州湾航道，沦为一战亚洲唯一的海上战场。沧海无言，见证了一段沉甸甸的过往。历史风云已成过往，思绪重回当下，尽情享受海边的温柔与治愈。又一次遇到海上彩虹，为这海湾之行添满浪漫与美好。由图可以看出，这里的海浪一层拍着一层，海岸线足够和孩子嬉戏跑跳，整个沙滩也很平整，扎实，没有很大的斜坡。沙滩上方还有骑行路，可以骑行，可以散步，可以跑步…整个海浪、沙滩，给我的感觉是舒服，惬意，疗愈，我想在这样的地方生活。附近有吃饭的地方，但这里打烊早，六点多要吃下午饭。没有八九点的夜宵。晚上这里也很好拍照。金沙滩第二日天朗气清。一早刷到旁人在石老人海水浴场拍下的绝美日出，心底生出一丝遗憾。凌晨四点多我其实已经醒了，只因前一晚查询得知日出能见概率偏低，便没能下定决心奔赴海边。但我们有幸在晴天前往有着“亚洲第一滩”之称的金沙滩。此地商业氛围浓厚，游人多，销售多，一直有人追着你“拍照吗？”“租帐篷吧？”“坐船吗？”“潜水吗？”…这里也坐拥顶级沙质：金黄细腻的粉末状沙滩几乎不含碎石，赤脚踩上去绵软温润，堪称青岛西海岸沙质天花板。只是烈日当头，一定注意防晒！注意防晒！注意防晒！我防晒，遮阳伞一样不落，裹得严严实实，唯独忽略了脚，脚背一不小心就被晒伤了。这里人多，也就没有拍很多的照片，请摄影拍了几张，但大家懂得：流水线照相，一个滤镜。晚餐吃到了老船长鱿鱼捞面，红亮酱汁紧紧裹着劲道面条，鱿鱼莹润饱满，光是看着就让人食欲大开，扑面而来的海鲜鲜香混着醇厚酱香，没有丝毫腥气，入口面条爽滑挂汁，鱿鱼脆弹鲜甜，层层滋味交融。这里晚上很热闹，有小孩娱乐设施，也有各种小吃烧烤，还是啤酒节主会场。因为带着孩子，没有吃烧烤喝啤酒，也就不说什么了。荣成那香海钻石沙滩来到这里已是下午时分，阴天，不知何缘由，就是觉得这里很浪漫。成群的海鸥盘旋飞舞，路边与沙滩的连接处一个接一个的风力发电延伸远处。这里的海与青岛比起来确实清澈很多。海底坡度平缓，造就了海面独有的温柔节奏，只有一层绵长规整的浪线缓缓向岸边舒展。澄澈的果冻海层次透亮，岸边散落着许多圆润光滑的鹅卵石，成群海鸥悬停低空，稳稳接住游人投喂的食物。踩着浪花漫步，格外治愈舒服。布鲁威斯（小五队）海滩礁石与硬沙相间的海岸，海面是变幻的果冻海，随视角流转晕出湖绿、柔粉的浪漫色调，海岸沙质紧实偏硬，却藏满大大小小形态各异的贝壳、海螺，甚至能见到大贝壳附着小贝壳的奇妙模样。海浪层层奔赴礁石，伴着搁浅巨轮，自带野性又浪漫的海边氛围感。满心欢喜在布鲁威斯海滩捡拾了一路，本打算带回家留住这片海的浪漫。可返程时粗心落在了停车场，等反应过来车已开出五十公里。捡拾下的海边回忆就这样遗憾收场，成了这次荣成之行的意难平。海鲜美食荣成是名副其实的无花果之乡，盛产的青皮无花果清甜爽口，不管是果干还是果脆，都很好吃。现包的鲅鱼水饺，蘸上辣椒醋，再就着腊八蒜一起吃，绝！请锁住这个CP。海肠捞饭很出乎意料，海肠脆爽，没有腥味，我一个不爱吃米饭的人连吃两小碗。海鲜菌菇鸡蛋汤料足味鲜，喝着很舒服。煎炸鳕鱼块，QQ弹弹，酸甜爽口。还有那香海很火的一桶天下海鲜大咖，刚好适合我这种吃不惯海鲜腥味的人。尽管是香辣做法，肉质的鲜嫩却依旧不减。荣成此行有遗失，有美好。日照灯塔广场沙滩（主打礁石群，适合看日出、捡小贝壳）本不在计划内，为了弥补贝壳丢失的遗憾，特地来捡贝壳。网上说这里很好捡。确实，这里的沙滩粗糙：粗沙、小石头，贝壳混合。但是，这里的贝壳大多是破碎的，迷你的。不如布鲁维斯沙滩的贝壳个头大，造型奇特。所以说，遗憾度可以减少，不会完全消失。遗憾就是遗憾。庆幸的是，早起邂逅了一场并不圆满的海上日出。厚厚的云雾遮住了太阳跃出海面的瞬间，没能见到红日腾空的壮阔景象。朦胧日光温柔含蓄，偏偏一旁的海水气势汹汹，一柔一刚形成鲜明反差。还有六七旬的爷爷奶奶迎着晨光，伴着翻涌的海浪下海游泳…这里的海浪如同疯了一般肆意咆哮，重重撞向礁石，杂乱无章地反复拍打着海岸，浪花翻涌着一次次冲上滩涂，力道十足，尽显大海狂野的一面。离开日照的第二天，刷到了暂停开放，还刷到了各种海浪拍打岸边的视频。不由想起《观潮》里钱塘江大潮的描写：那条白线很快地向我们移来，逐渐拉长，变粗，横贯江面。再近些，只见白浪翻滚，形成一堵两丈多高的水墙。浪潮越来越近，犹如千万匹白色战马齐头并进，浩浩荡荡地飞奔而来；那声音如同山崩地裂，好像大地都被震得颤动起来。日出时分去到海边，正好是退潮期，可以清楚地看到礁石，后来了解到礁石的危险后也是庆幸自己没有上礁石，希望去的人都别上礁石，别心存侥幸。中午时分再去到海边，是涨潮期，礁石只能略微看到一点头。这里的海浪给我的感觉就是“它疯了！”海浪的拍打毫无章法，四面八方的，拍到海岸的浪一会左一会右，似乎张着大嘴要带走点什么。其间，目睹了一女性又丢手机又丢拖鞋。起初是手机掉水里，追着去捡，结果拖鞋又掉了水里。水回退时，去追没毛病但水回也是一瞬间的事，真走得太深一下能把人拍进去…建议去海边踏浪时赤脚，把鞋子放在安全区域。如果要穿拖鞋，别穿夹趾拖。夹趾拖真不适合在海边。我自己带了一双洞洞鞋，一双夹趾拖。穿下来，洞洞鞋舒适度不是一点半点。最后：旅行如读书，一百个读者一百个哈姆雷特，同一个地方，一百个行人一百个感受。如果你同我一样，有海边的执念，那就去吧！海会告诉你答案！旅行，既要有明知山有虎偏向虎山行的勇气，也要有防微杜渐未雨绸缪的小心。心怀热烈奔赴远方，细守平安万事从容。"	,,"海燕奶奶海锅站名小艺三代传承 SINCE 只住非遗技艺夜包酸煎奶妈手选海鲜第1 30年的里持三代非遗传承手工包钢还是从前那个味手选海鲜现包现放》《非遗技艺）《三代传承） 胶东大馅锅贴一口咬回家的味道 HAIYAN NAINAI 001；海湘宴餐厅保持热爱席起山海海肠捞饭销量王悦海渔家一；10:36 燃阿燃关注受台风巴威影响，日照灯塔海岸狂风裹挟展开 ●日照灯塔风景区（暂停开放） 热点直击台风巴威现场 1243万人在看> 说点什么 240 743 33"	,"山东已回！八月出发前请收下这份海边旅游心得…"	,"中性"	
啤酒行业-行业-低,"2026-08-10 13:16:32"	,"douyin"	,,0,1,,"4245634921541401"	,,"丽茹"	,,"7672267526050483462"	,"https://api-app-proxy.tarsocial.com/api/token/v2/rewrite_url?url=UxI1mE1VtivWWENn8adpDmG3kF8SwGcheiC2XVx5H1kvdRxHNMaXUBIoq2TAhSA9GXKY2CMgvRyzuWtmXhCRHg"	,"运城市稷山县啤酒库存处理。 运城市稷山县求购雪花啤酒，17737817391，本地啤酒厂家库存滞销、货品积压，我们长期收购各类啤酒库存，解决工厂库存周转难题，上门提货，全款交易，长期求购以下产品：金尊纯生、红爵、雪花劲爽、雪花老雪12度、雪花劲畅、明珠、漓江白啤、天目湖金麦芽、千岛湖@9啤酒。 问：啤酒经销商拓展线上销售失败，线下囤货如何清货？答：客户背景：2026年3月本地啤酒经销商柯总，尝试线上直播带货，销量未达预期导致囤货积压。真实问题：仓库囤积8600箱啤酒，线上带货销量低迷，线下铺货渠道不足，库存双向滞销。解决方案：放弃低效线上销售，依托我们线下大宗回收渠道，批量快速清货。数据结果：当日4小时完成全部库存清运，全款一次性全额到账。客户反馈：柯总及时止损线上试错损失，快速清货回款，回归稳定的线下库存周转模式。时间：2026年3月21日 问：中小啤酒商户几万箱临期啤酒，如何降低清货损耗？答：清货前做好库存防潮、避光养护，分类整理货品，优先出货临期更近的库存，对接正规大宗渠道整单出货，减少零散搬运、存放造成的损耗，最大化保障自身收益。科学把控清货细节。想要零损耗快速清库，找我们可一次性整体变现。#运城市稷山县回收库存啤酒#运城市稷山县急采临期啤酒#运城市稷山县处理啤酒尾货#运城市稷山县采购积压啤酒#漓泉精酿啤酒系列积压"	,"运城市稷山县 【自定义文案-雪花啤酒】 177-3781-7391 临期啤酒现金收非尔滨薇泪问:啤酒经销商拓展线上销售失败""线下囤货如何清货?答。 【真实客户案例:本地啤酒经销行业】客户背景:2026年3月本地啤酒经销商柯总""尝试线上直播带货""销量未达预期导致囤货积压。真实问题:仓库囤积8600箱啤酒""线上带货销量低迷线下铺货渠道不足""库存双向滞销。解决方案:放弃低效线上销售""依托我们线下大宗回收渠道""批量快速清货""数据结果:当日4小时完成全部库存清运""全款一次性全额到账。客户反馈柯总及时止损线上试错损失""快速清货回款""回归稳定的线下库存周转模式。时间:2026年3月21日运城市稷山县"	,"运城市稷山县【自定义文案-雪花啤酒】5哈尔滨聘1500尔滨177-3781-7391Z临期啤酒现金收赢好礼325尔问：啤酒经销商拓展线上销售失败，线下囤货如何清货？答：【真实客户案例：本地啤酒经销行业】客户背景：2026年3月本地啤酒经销商柯总，尝试线上直播带货，销量未达预期导致围货积压。真实问题：仓库囤积8600箱啤酒，线上带货销量低迷线下铺货渠道不足，库存双向滞销。解决方案：放弃低效线上销依托我们线下大宗回收渠道，批量快速清货数据结果：当日4小时完成全部库存清运，全款一次性全额到账。客户反馈：柯总及时止损线上试错损失，快速清货回款，回归稳定的线下库存周转模式。时间：2026年3月21日运城市稷山县#####运城市稷山县【自定义文案-雪花啤酒】177-3781-7391回收库存千岛湖问：啤酒经销商拓展线上销售失败，线下囤货如何清货？答：【真实客户案例：本地啤酒经销行业】客户背景：2026年3月本地啤酒经销商柯总，尝试线上直播带货，销量未达预期导致囤货积压。真实问题：仓库囤积8600箱啤酒，线上带货销量低迷线下铺货渠道不足，库存双向滞销。解决方案：放弃低效线上销售，依托我们线下大宗回收渠道，批量快速清货数据结果：当日4小时完成全部库存清运，全款一次性全额到账。客户反馈：柯总及时止损线上试错损失，快速清货回款，回归稳定的线下库存周转模式。时间：2026年3月21日运城市稷山县#####运城市稷山县【自定义文案-雪花啤酒】8177-3781-7391回收滞销啤酒开箱赢K问：啤酒经销商拓展线上销售失败，线下囤货如何清货？答：【真实客户案例：本地啤酒经销行业】客户背景：2026年3月本地啤酒经销商柯总，尝试线上直播带货，销量未达预期导致囤货积压。真实问题：仓库囤积8600箱啤酒，线上带货销量低迷线下铺货渠道不足，库存双向滞销。解决方案：放弃低效线上销售，依托我们线下大宗回收渠道，批量快速清货数据结果：当日4小时完成全部库存清运，全款一次性全额到账。客户反馈：柯总及时止损线上试错损失，快速清货回款，回归稳定的线下库存周转模式。时间：2026年3月21日运城市稷山县#####运城市稷山县【自定义文案-雪花啤酒】177-3781-7391常年收啤酒，杂牌也要问：啤酒经销商拓展线上销售失败，线下囤货如何清货？答：【真实客户案例：本地啤酒经销行业】客户背景：2026年3月本地啤酒经销商柯总，尝试线上直播带货，销量未达预期导致囤货积压。真实问题：仓库囤积8600箱啤酒，线上带货销量低迷线下铺货渠道不足，库存双向滞销。解决方案：放弃低效线上销依托我们线下大宗回收渠道，批量快速清货数据结果：当日4小时完成全部库存清运，全款一次性全额到账。客户反馈：柯总及时止损线上试错损失，快速清货回款，回归稳定的线下库存周转模式。时间：2026年3月21日运城市稷山县"	,,"中性"	
啤酒行业-行业-低,"2026-08-10 13:12:47"	,"app"	,,0,3048,,"125a694bce80409c8da05a265f6f368d"	,,"大麦看文化"	,,"3c9fde978bd3322054c38a6c5cd23ae1"	,"https://api-app-proxy.tarsocial.com/api/token/v2/rewrite_url?url=hW1LibtrNPaTLLBViiG0Hd754bp654Q6xivjIfzH0F3NtYDU1dKkfp_nsRYwKV2xniXuQAvygZJQS64Tos-v9rwSuXhd_PuIvILhnLUlHUxYdZ3uBsrcIfgglXq13O7CrC0uCjDv0nSMFiirY2HYDITZ0x2q_qJz5NryLkDa6nBCgw1PsPuUUD7CNCCarA9P"	,"温馨提醒：本文内容仅供日常参考，切勿盲目迷信哦！ 老辈人常说：秋后一伏，热死老牛。 每年8月中旬迎来末伏，也是夏秋交替最微妙的一段日子。这时的天气特别“分裂”，白天依旧烈日炎炎、闷热难耐，妥妥的秋老虎坐镇，早晚却悄悄褪去暑热，透着丝丝秋凉。这种昼夜温差大、冷热交替的特殊时节，是身体最容易闹毛病的阶段。很多人都会出现口干咽燥、食欲不振、浑身乏力、心烦燥热的情况，都是末伏时节最常见的身体小问题。 伏包秋，凉飕飕；秋包伏，热死牛。 今年末伏恰逢立秋之后，属于典型的“秋包伏”气候，暑气缠人、湿热难消，闷热感会比普通末伏更重。除此之外，末伏暑胜中伏的老话也十分贴切，看似临近出伏，实则夏天的余热还未散尽，燥气已然初生，寒热燥邪交织，最容易损伤身体元气。 末伏短短十几天，既是三伏天的收尾，也是秋天的开端，是调理身体、衔接换季的关键期。饮食吃对了，就能轻松化解残留暑热、缓解秋燥，帮身体平稳过渡，安稳迎接秋天。 今天就给大家分享末伏必吃的三样家常宝贝，都是菜市场随处可见、平价接地气的食材，家常做法简单好操作，老少皆宜。 末伏第一宝：老鸭，清暑补虚，解乏润燥 三伏天收尾的末伏，吃肉首选绝对是老鸭，也是老一辈人公认的末伏养生好物。和温热的牛羊肉、油腻的猪肉不一样，鸭肉性质偏凉，温润不寒凉，刚好能驱散末伏残留的暑气，还清暑解热、补充体力，关键是不会刺激脾胃、损伤肠胃，特别适合夏秋换季虚弱的身体。 民间有末伏吃鸭，秋乏不沾的说法，这句老话精准道出了吃鸭的养生妙用。整个三伏天下来，人体消耗大、气血亏虚，很容易浑身疲惫、精神不振。鸭肉富含优质蛋白，肉质温润滋补，既能弥补夏季身体的损耗，又清爽不腻、不易上火，比各类温补肉类更适配末伏体质。 家常最经典的吃法就是老鸭炖汤，也是最能发挥其养生效果的做法。处理干净的老鸭，搭配几片生姜、几颗红枣去腥提鲜，不用繁杂调料，小火慢炖两三个小时，炖到汤色清亮醇厚、鸭肉软烂脱骨。一碗热汤下肚，温润滋养，从头到脚都觉得通透舒服，暑气和疲惫都一扫而空。 当然老鸭的吃法十分多样，日常红烧鸭块、啤酒鸭、酸萝卜老鸭汤都是热门家常菜，口味丰富、适配全家口感。挑选老鸭也有小技巧，大家记好：老鸭表皮偏黄、肉质紧实有弹性，油脂分布均匀，用来炖汤香味浓郁、汤色醇厚；而嫩鸭肉质偏嫩、水分多，更适合爆炒、红烧，按需挑选不踩坑。 炖汤切记少放重料，保留鸭肉本身的鲜香，养生效果和口感都是最好的。 啤酒鸭家常做法 食材准备 主料： 鸭肉 半只（约750g），斩块 啤酒 1瓶（500ml） 配料： 生姜 1块，切片 大蒜 5-6瓣，拍扁 干辣椒 3-5个（可选） 八角 2个 桂皮 1小块 香叶 2-3片 青红椒 各1个，切块（出锅前放） 调味： 生抽 2勺 老抽 1勺（上色用） 料酒 1勺 冰糖 适量（约10g） 盐 适量 做法步骤 鸭肉焯水：鸭块冷水下锅，加姜片和料酒，大火煮开后撇去浮沫，捞出冲洗干净备用。 煸炒出油：锅中不放油（或放少许油），将鸭块下锅中小火煸炒，把鸭皮里的油脂逼出来，炒至表面微黄，盛出多余的鸭油。 炒香料：把鸭块拨到一边，放入姜片、蒜瓣、干辣椒、八角、桂皮、香叶，翻炒出香味。 调味上色：加入生抽、老抽、冰糖，翻炒均匀，让鸭块裹上酱色。 倒入啤酒：倒入一整瓶啤酒，液体要没过鸭肉。大火烧开后转中小火，盖上锅盖焖煮 40-50分钟。 收汁出锅：打开锅盖，挑出八角、桂皮等大块香料，放入青红椒块，大火收汁至汤汁浓稠，根据口味加盐调味即可。 小贴士 鸭肉选择：嫩鸭焖煮时间短些，老鸭则需要延长焖煮时间，也可以用高压锅压20分钟。 啤酒选择：普通黄啤即可，不建议用黑啤（味道偏苦）。 去腥关键：煸炒出油这一步很重要，既能去腥又能让鸭肉更香。 喜欢辣味：可以加一勺豆瓣酱一起炒，风味更浓郁。 这道菜汤汁浓郁、鸭肉酥烂入味，配米饭特别下饭！ 末伏第二宝：莲藕，开胃润燥，老少适配 立秋过后、末伏时节，莲藕刚好迎来最佳食用期，此时的莲藕鲜嫩饱满、汁水充足，是当之无愧的夏秋时令佳品。老辈常说夏藕脆甜秋藕补，末伏吃藕最养肤，特别贴合换季养生需求。莲藕药性平和，不寒不燥，完美适配末伏寒热交替的天气，既能清热解暑、化解残余热气，又能滋阴润燥、健脾开胃，改善换季没胃口、口干舌燥的问题，男女老少都能放心吃。 炎热的末伏天，凉拌藕片是餐桌上的万能凉菜。新鲜莲藕切成薄厚均匀的薄片，焯水后过一遍凉水，口感会更加脆爽，再搭配蒜末、香醋、少许香油调味，简单一拌就鲜香入味。酸辣清爽的口感超级开胃，专治换季食欲不振，妥妥的下饭神器。 想要温润滋补，就做莲藕排骨汤。粉糯的莲藕吸收了排骨的油脂鲜香，中和了肉类的油腻，炖好的汤清甜醇厚，莲藕绵软粉糯、排骨软烂入味。喝汤吃肉，既能补充营养，又能暖胃润燥，夏秋交替喝再合适不过。 很多人不会挑藕，其实诀窍很简单，按需选购即可：七孔藕淀粉含量高、口感软糯，适合炖汤、焖煮；九孔藕水分充足、质地脆嫩，适合凉拌、清炒。辨别也很方便，粉藕断面拉丝多，脆藕断面光滑干净。另外莲藕极易氧化变黑，切好后放进清水，加少许白醋浸泡，就能一直保持洁白透亮的状态。 末伏第三宝：百合，清润养肺，舒缓秋燥 末伏是秋燥的开端，虽然还残留暑热，但空气已经慢慢变得干燥，很多人会出现嗓子干痒、干咳、口鼻发干、心烦失眠的情况，而百合就是缓解秋燥的“天然润燥好物”。老话讲末伏润燥先养肺，百合一味抵百味，足以见得百合在末伏养生中的重要地位。 百合口感清甜温润，性平养肺、清心安神，不管是新鲜百合还是泡发的干百合，养生效果都十分出众。日常用来煮粥、炖汤、清炒都合适，清淡不厚重，刚好能缓解末伏燥气对肺部和咽喉的消耗，提前为秋季润肺打底。 家常养生首选百合莲子粥，也是末伏专属的养人早餐。大米搭配百合、莲子，小火慢熬至粥体浓稠软糯，百合软烂、莲子粉糯。晨起喝一碗，温润细腻，从喉咙润到脾胃，能有效缓解早起口干咽干、心烦乏力的问题，长期吃还能安神助眠，改善换季睡眠差的情况。 清淡爽口的西芹炒百合也是绝佳家常菜，西芹脆嫩、百合清甜，口感清爽、营养均衡，少油清淡的做法，不会给身体造成负担，全家老少都爱吃，特别适合末伏清淡饮食的需求。 最后分享几个百合食用小技巧：鲜百合不易存放，买回来放在阴凉通风处，避免受潮发霉；干百合用温水浸泡半小时即可，泡发太久会流失口感和营养；百合自带微微苦味，属于正常现象，焯水时加少许冰糖，就能中和苦味、保留清甜，口感更佳。 除此之外，还有一句经典末伏农谚：末伏雨涟涟，冬天多雨雪。 古人通过观察末伏天气预判秋冬气候，末伏多雨湿润，不仅能缓解夏季旱情、滋养农作物，预示秋冬雨雪充沛、年景丰收，从养生角度来说，湿润的末伏也能减轻秋燥伤害，对身体十分友好。 夏秋交替不用盲目跟风吃昂贵补品，顺应节气好好吃饭，就是最好的养生。老鸭补虚解乏、莲藕健脾开胃、百合润肺润燥，三者搭配食用，既能清空末伏残留暑热，又能提前滋养身体、筑牢秋季健康基础。"	,"版权图片"	,"版权图片；8"	,"8月14日末伏，老话“末伏吃3宝，不劳大夫跑”，吃对了，安然入秋"	,"中性"	
啤酒行业-行业-低,"2026-08-10 13:12:32"	,"toutiao"	,3,0,,,"4054632289539752"	,,"地里挖红薯的农民"	,,"1873108243812364"	,"https://api-app-proxy.tarsocial.com/api/token/v2/rewrite_url?url=1YusuDMvr9od4K_K1MN8mlDDzP1nPFJ1ypc-UlWqfKBvt8O7Ft-rXJfI_ocLHauDF7i4M3WEd4hS3gG1HHE1EA"	,"近日湖北仙桃，一名男子到一家餐馆内就餐，点了一碗螺蛳粉加猪蹄，还点了几瓶啤酒，老板娘让男子付款，男子却说：“我差你这点钱啊？”

这话搁在谁耳朵里都不舒服。你走进人家店里，东西点了，菜上桌了，老板娘客客气气让你先把单买一下，这是天经地义的买卖规矩。偏偏有些人一听到“先付钱”三个字，就像被踩了尾巴，立马把脖子一梗，甩出一句“我差你这点钱啊”。那种语气里裹着的傲慢，跟你兜里有没有钱已经没关系了，他在用这种方式告诉你——你居然敢跟我要钱，你这是在侮辱我。

旁边桌坐着一个等餐的外卖小哥，全程看在眼里。他跟老板娘认识，这家店他常来接单，有时候半夜跑完最后一单自己也坐下来吃一碗。后来他跟我复述这个场景的时候，特意提到一个细节。那男的穿得挺体面，手上戴的表看着也不便宜，但老板娘让他付款那一瞬间，他脸上的表情从放松切换到紧绷，就像被人当众揭了短似的。外卖小哥说，真正有钱的人根本不会在乎你先收还是后收，人家吃完饭结账时多扫两百块说“你家猪蹄不错”就走了。越是在这种小事上炸毛的人，往往兜里那点钱攥得比谁都紧，你让他先付他就觉得你看不起他，说明他骨子里最怕的就是被人看不起。

老板娘是个实在人，四十多岁，在这条街上开了快十年店，什么顾客都见过。她说当时也没跟他吵，就回了一句“这是店里的规矩，人多的时候都先付”，说完转身去后厨忙了。那男的没再吭声，掏出手机扫了码，付款成功的提示音响了之后，他把屏幕往老板娘方向晃了晃，那动作里的潜台词很明确——看，给你了，别不识抬举。

你仔细琢磨一下这种微妙的对峙。一碗螺蛳粉加猪蹄，再加几瓶啤酒，撑死了六七十块钱。不是付不起，是不想被你“催”。在他的认知里，我坐下来了就是给你面子，你不好酒好菜伺候着，反倒先伸手要钱，这顺序不对，不够尊重。问题是这种所谓的“尊重”，是单方面要他先被捧着，他才愿意履行一个最基本的付款义务。他把消费行为理解成了一种恩赐，而不是一次平等的交易。

这种心态在餐饮行业里太常见了。你随便找个开小馆子的老板聊一聊，都能给你倒出一堆类似的苦水。有吃完饭赖着不结账等你忘了就溜的，有吃到一半挑根头发出来要求免单的，更有那种带一桌人吃了上千块，结账时甩一句“我跟你们老板认识”就想抹掉零头的。老板娘说去年冬天有个顾客点了一份酸菜鱼，吃到最后说鱼肉不新鲜，要退钱。她尝了一口汤，味道完全没问题，但对方嗓门越来越大，她怕影响其他客人，还是把钱退了。那人走的时候桌上的鱼吃得只剩骨架，汤都喝了半碗。

回到仙桃这件事上。男子付完钱之后，一个人坐在角落里把螺蛳粉吃完，猪蹄啃得干干净净，啤酒喝了两瓶，剩下一瓶没开。从头到尾没人再跟他说一句话，他也不看任何人，吃完起身就走了。这顿饭他吃出什么滋味了吗，恐怕连螺蛳粉是辣是酸都没尝出来。他本来是想出来吃个痛快，结果因为一句话把自己架了上去，下不来了，付了钱也没赢回面子，反倒显得自己既计较又心虚。那瓶没开的啤酒留在桌上，老板娘收桌子的时候拿起来看了看，放回了冰柜。

说到底，“我差你这点钱啊”这句话本身就是此地无银。真正不差这点钱的人，不会把这句话挂在嘴边。他们会直接付款，甚至提前付，因为他们知道小本生意的难处，也理解先付后付不过是个流程，跟尊严半毛钱关系都没有。把付款顺序跟面子挂钩的人，恰恰暴露了自己那点脆弱的、需要别人时刻小心呵护的自尊心。而这份自尊，往往就是他们身上最贵也最不值钱的东西。

各位读者你们怎么看？欢迎在评论区讨论。"	,,,"近日湖北仙桃，一名男子到一家餐馆内就餐，点了一碗螺蛳粉加猪蹄，还点了几瓶啤酒，老板娘让男子付款，男子却说：“我差你这点钱啊？”

这话搁在谁耳朵里都不舒服。你走进人家店里，东西点了，菜上桌了，老板娘客客气气让你先把单买一下，这是天经地义的买卖规矩。偏偏有些人一听到“先付钱”三个字，就像被踩了尾巴，立马把脖子一梗，甩出一句“我差你这点钱啊”。那种语气里裹着的傲慢，跟你兜里有没有钱已经没关系了，他在用"	,"中性"	
啤酒行业-行业-低,"2026-08-10 13:09:00"	,"toutiao"	,,0,,,"4347905660949215"	,,"画个圈圈祝福你"	,,"7672026450609963562"	,"https://api-app-proxy.tarsocial.com/api/token/v2/rewrite_url?url=1YusuDMvr9od4K_K1MN8mjIOcWIunAfzU6n1BFWqO52bkVJIyhpCPi37PcJTFTUckBjvW0sOqzwYC3pBclEhQQ"	,,"仅为剧情需要无任何不良引导请勿模仿 471406 84716376"	,"仅为剧情需要无任何不良引导请勿模仿老板；仅为剧情需要无任何不良引导请勿模仿；仅为剧情需要无任何不良引导请勿模仿要不您先看看；仅为剧情需要无任何不良引导请勿模仿禁止自带可是违；仅为剧情需要无任何不良引导请勿模仿行那我点菜再叫你；仅为剧情需要无任何不良引导请勿模仿那我去买酒；仅为剧情需要无任何不良引导请勿模仿谁不知道烧烤店就靠酒水挣点钱啊；大吉仅为剧情需要无任何不良引导请勿模仿 Iee Fenest 六利福花家地派出所报警电话 84714055 84716376 罐您这带的啤酒啊；仅为剧情需要无任何不良引导请勿模仿哎呀不好意思啊；仅为剧情需要无任何不良引导请勿模仿英京啤酒这啤酒不也是酒水吗；仅为剧情需要无任何不良引导请勿模仿哎呦他给我拿个常温的；仅为剧情需要无任何不良引导请勿模仿你帮我们镇一下；仪为剧情需要无任何不良引导请勿模仿拿六个给我们串一下；仅为剧情需要无任何不良引导请勿模仿我们只能上桌自已进的酒水；仅为剧情需要无任何不良引导请勿模仿行了行了；仅为剧情需要无任何不良引导请勿模仿三块一杯；仅为剧情需要无任何不良引导请勿模仿你们也太不会做生意；仅为剧情需要无任何不良引导请勿模仿冰杯还要钱啊；仅为剧情需要无任何不良引导请勿模仿哎呀我们多点点不啥都有；仅为剧情需要无任何不良引导请勿模仿对；仅为剧情需要无任何不良引导请勿模仿行；仅为剧情需要无任何不良引导请勿模仿哎呀这老板可太不会做生意了；仅为剧情需要无任何不良引导请勿模仿推吃个大排档还自带啤酒；仅为剧情需要无任何不良引导请勿模仿这啥人；仅为剧情需要无任何不良引导请勿模仿推刚说了能多点儿个菜；仅为剧情需要无任何不良引导请勿模仿哎这；仅为剧情需要无任何不良引导请勿模仿欢不是你点的啥；仅为剧情需要无任何不良引导请勿模仿我们这禁止自带餐食；仅为剧情需要无任何不良川亨请勿模仿那这个；仅为剧情需要无任何不良引导请勿模仿咱店里有吗；仅为剧情需要无任何不良引导请勿模仿是啊；仅为剧情需要无任何不良引导请勿模仿燕京U8 热爱有你我哥们就好这口；仅为剧情需要无任何不良引导请勿模仿不是你们；仅为剧情需要无任何不良引导请勿模伤 m 燕京U8 热爱有你我们再点10个肉串；要无任何不良引量请勿模仿仅为居哎；仅为剧情需要无任何不良引导请勿模仿其他的不够再点；仅为剧情需要无任何不良引导请勿模仿成；仅为剧情需要无任何不良引导请勿模仿都是你爱吃的东西；剧情靠要无任何不良引导请勿模仿注意安全 /Alpay 三老板娘结账；仅为剧情需要无任何不良引导请勿模仿一共消费76；你小票给我看看；仅为剧情需要无任何不良引导请勿模仿注意安全；为剧情需你们不是说好赠送的吗；仅为剧情需要无任何不良引导请勿模仿那您说好多点几个菜也没点啊；制情需要这每桌都有份黄桃罐头；仅为剧情你也给我来一份；仅为剧情需要无任何不良引导请勿模仿您来我这吃个饭；仅为剧情 20个串坐了一下午；仅为剧情需要无任何不良引导请勿模仿我好意思送；仅为剧情需你怎么说话呢你；仅为剧情需要；仅为剧情需要无任何不良引导请勿模仿给他写差评；仅为剧情需要无任何不良引导请勿模仿注意安全 LAITIONDANGER 配电箱支IAlipay 国老板娘；仅为剧情需要无任何不良引导请勿模仿好了；仅为剧情需要无任何不良引导请勿模仿你这是干啥呀；何不良引导请勿模仿仅为剧情需要无你不觉得有点过了吗；仅为剧情需要无任何不良引导请勿模仿不是你先出去买啤酒的吗；仅为剧情需要无任何不良引导请勿模仿你求我找活；RU 想给你省点钱；仅为剧情需要无任何不良引导请勿模优谁承想你这么离谱；请勿模仿我要不点点串；福为剧精器请勿模仿；仅为剧情需要无任何不良引导请勿模仿剩下啤酒给你们了；导请勿模發；仅为剧情需要无任何不良引导请勿模仿强子；仅为剧情需要无任何不良引导"	,"你到饭店吃饭会自带酒水吗？ #剧情 #餐饮 #消费者 #自带酒水"	,"中性"	
啤酒行业-行业-低,"2026-08-10 13:07:53"	,"toutiao"	,,0,,,"138992139114531"	,,"正能量橘子w"	,,"1873111650571332"	,"https://api-app-proxy.tarsocial.com/api/token/v2/rewrite_url?url=1YusuDMvr9od4K_K1MN8ml17rEfkAea0gAdcR6CW8DyIDErFSKPU-acjn3cpRSVcjTX5kyX17RcKmSv6gJSGpw"	,"湖北仙桃这家餐馆发生的一幕，看完让人心里很不是滋味，好好的善意帮扶，被有心之人当成了钻空子的手段。
 
一名男子进店消费，点了螺蛳粉搭配猪蹄，另外外加数瓶啤酒。老板娘提前提醒结账，男子语气十分傲慢，直言自己根本不差这点饭钱。老板娘出于信任，没有坚持餐前结账，大方让其用餐。
 
酒足饭饱之后男子立刻改口，声称手头拮据无力支付账单。老板娘坦言，如果起初坦诚道出难处，自己完全可以免费送上一份简餐，帮对方解决一顿温饱不成问题。可他刻意打肿脸充胖子，肆意加菜喝酒，消费结束才坦言没钱，早已不属于临时遇困，属于刻意吃霸王餐。
 
面对老板娘的质问，年轻男子给出的回答格外荒唐，心里明明清楚这件事十分难为情，却依旧选择隐瞒实情大肆消费。全程他翘着腿给手机充电，悠闲玩手机，神态淡然毫无窘迫，熟练的状态，看得出来早已屡次用这种方式蹭吃蹭喝。
 
善意永远留给真正需要帮助的人，商家愿意伸出援手接济困境人群，却不该被投机者肆意消耗。靠着小聪明透支他人的善良，看似省下一顿饭钱，丢掉的却是个人信誉与底线。这种投机取巧的处事方式，终究只会慢慢让自己寸步难行。#MCN微头条伙伴计划#"	,,,"湖北仙桃这家餐馆发生的一幕，看完让人心里很不是滋味，好好的善意帮扶，被有心之人当成了钻空子的手段。
 
一名男子进店消费，点了螺蛳粉搭配猪蹄，另外外加数瓶啤酒。老板娘提前提醒结账，男子语气十分傲慢，直言自己根本不差这点饭钱。老板娘出于信任，没有坚持餐前结账，大方让其用餐。
 
酒足饭饱之后男子立刻改"	,"中性"	
啤酒行业-行业-低,"2026-08-10 13:00:58"	,"toutiao"	,,0,,,"111493948914656"	,,"溪谷里嬉水玩耍者"	,,"1873111215597568"	,"https://api-app-proxy.tarsocial.com/api/token/v2/rewrite_url?url=1YusuDMvr9od4K_K1MN8ml17rEfkAea0gAdcR6CW8DzgU4mYxQgyY5EA2SPG7ulFgT3xcsbq4NQz-8QRIJFaaw"	,"我开了一家饭馆，人均消费一百左右。不久前，舅舅带朋友过来吃饭，我送了酒水饮料。付款的时候，舅舅说，“我们没吃几个菜，怎么这么贵？”我说了几句话，舅舅满脸通红。""那天是周三午市，刚翻完两轮台，我正蹲在后厨跟厨师长掰扯新到的小龙虾够不够肥，前台小姑娘急急忙忙跑过来喊我，说我舅来了。我赶紧蹭了蹭手上的油跑出去，就看见舅舅领着四个穿花衬衫的大哥，一个个挎着公文包，看着像是来谈事的。我赶紧给人领进最大的包厢，递了烟说舅你随便点，今天我给你打最实在的价。""我舅拿着菜单哗哗翻，专挑贵的点，两斤卤帝王蟹腿，三斤炭烤羊排，五份按位上的佛跳墙，再加几个卤牛肉、凉拌毛豆的下酒菜，我当时寻思他这是招待重要客户，转头就跟服务员说，给这桌上两箱冰百威，再上一扎鲜榨芒果汁两瓶冰可乐，都算我送的。""他们吃了快两个小时才出来，一个个都喝得脸通红，我舅还搂着我肩膀跟他朋友吹，说这是我亲外甥，以后你们吃饭就来这，绝对给你们安排得明明白白的。结果到前台一报总价1100，他立马就变了脸，嗓门提得比谁都大，当时还有两桌老客等着结账呢，他就站在大厅喊，我们没吃几个菜，怎么这么贵？你这开店不会是专坑自家人吧？我上次在街尾小饭馆吃一顿才三百多，你这直接翻三倍？""我当时心里咯噔一下，先赶紧让前台小姑娘给那两桌等着结账的老客各送了一瓶冰可乐，让人家先稍等两分钟，转头把我舅拉到旁边的空桌，把点单明细递到他手里，压着声音跟他说，舅你先别喊，我给你算算账，你点的两斤卤帝王蟹腿我进货都快四百了，三斤炭烤羊排是今早刚杀的本地山羊，光生肉就两百多，还有五份佛跳墙我给你用的都是真海参鲍鱼，不是那种几块钱的素高仿，一份成本都快八十，这几样加起来就已经一千多了，我给你抹了一百八的零头，还送了你两百多的酒水，你算算我这顿赚你钱了吗？""我顿了顿又说，上周你带外婆来吃酸菜鱼，我连单都没要你的，上个月你家孩子升学宴在我这摆了八桌，我给你按成本价算还送了两桌的饮料，你咋不说我坑你呢？今天当着你朋友的面你喊贵，是想让我把成本价都喊出来给你朋友听，让他们知道你这顿饭没花多少钱，显得你有面子是吧？""我话音刚落，他那几个朋友也凑过来看到了小票，都跟着打圆场，说老陈你这外甥也太实在了，这菜量这品质搁别的店最少得一千五，你还嫌贵啊？舅舅当时脸唰的一下就红到了耳根，手里攥的烟都差点掉了，赶紧掏手机转了一千二，说刚才是我喝多了糊涂，没算清楚账，多的两百你拿着当酒水钱，别亏了。""我也没要那多的两百，转手就给他退回去了，说舅你下次来提前说，要是咱们自家人吃饭，咱就点实惠的家常菜，要是招待朋友要排场，我也给你安排得妥妥的，就是别当着外人的面喊我坑你，我这小本生意还要靠老客照顾呢。""后来晚上我妈给我打电话，说舅舅回去就跟她道歉了，说当时就是想在朋友面前装个面子，显得自己在我这说话好使能砍价，没想到我直接把实话说出来了，弄得他下不来台。我也挺无奈的，我总不能为了他的面子，让别的老客以为我家乱加价吧。""你们说遇到这种爱面子的亲戚，当着外人的面拆你台，你是顺着他的话吃哑巴亏免单，还是直接把实话说出来啊？"	,,,"我开了一家饭馆，人均消费一百左右。不久前，舅舅带朋友过来吃饭，我送了酒水饮料。付款的时候，舅舅说，“我们没吃几个菜，怎么这么贵？”我说了几句话，舅舅满脸通红。""那天是周三午市，刚翻完两轮台，我正蹲在后厨跟厨师长掰扯新到的小龙虾够不够肥，前台小姑娘急急忙忙跑过来喊我，说我舅来了。我赶紧蹭了蹭手上的油跑"	,"中性"	
啤酒行业-行业-低,"2026-08-10 13:00:34"	,"douyin"	,,1,223,,"95347200416"	,,"✨、「常有理」"	,1,"7672263432150490034"	,"https://api-app-proxy.tarsocial.com/api/token/v2/rewrite_url?url=UxI1mE1VtivWWENn8adpDmG3kF8SwGcheiC2XVx5H1nUQlAufSYsTkedzYQ6lxORCCEopUzayo5Rb_64STzQpw"	,"#远洋货轮 #布鲁维斯号搁浅巨轮 #青岛西海岸金沙滩啤酒城 山东逛吃结束 打道回晋"	,"威海 --沉渡天鹅居"	,"威海 --沉渡天鹅居"	,,"中性"	
啤酒行业-行业-低,"2026-08-10 13:00:00"	,"weixin"	,,0,100000,,"gh_10d79b2480c2"	,,"菜妈和钱爸"	,,"3650481b811658c0228bb07815b18390"	,"https://api-app-proxy.tarsocial.com/api/token/v2/rewrite_url?url=O8WiuEvPvEuShy1mz4Kf9E3OM-X0cnOAY6L5vVNmf1NENuiUpM0hpTSdOPz7u2scwthsCpspYZj-9DvV_F1fQIV0YPITGGaT759w-1PioV8l2S57tWJbSmOHyl5fSVjFV5piRzgJbvYQQOZ46ICkeA"	,"你有没有发现，很多带「生」字的食物，总是更贵一些比如面包店的「生吐司」不便宜，还得排队；打开外卖软件，「生椰拿铁」几乎是人手一杯。再往前数，「生巧」、「生酪蛋糕」、「生可可粉」…好像只要名字里带个「生」字，身价和那股「高级感」就一起上来了。「生」到底是个啥？为啥更贵呢？我们就来揭秘一下「生」在食品名里，到底是什么意思「生」我最开始以为是「不熟的」「生的」，但其实不是一句话解释：它常用来表示「状态新鲜、原味、不用再加工就好吃」。日语里的「生」(nama)多半指「新鲜、没经过度加工、可以直接吃」，跟我们直觉里的「生吃」「生食疗法」不是一回事，❌更不代表「更健康」。比如「生啤」是没杀菌的鲜啤，「生鸡蛋」是可以直接拌饭的无菌蛋。强调的是「新鲜这个状态」，不是「营养更好」。生吐司：不是没烤熟，是「不用回烤也软」生吐司的「生」，指的是放凉了直接撕着吃，连吐司边都柔软湿润，不像普通吐司放硬了得复烤一下。它大概是2013年前后从日本大阪一家叫「乃が美」的店带起来的，后来在国内火起来，才有了一根卖到近百块还要排队的现象。工艺上，面团里加了淡奶油、蜂蜜，含水量比普通吐司高不少，烤出来组织像云朵一样软。但说白了，它还是吐司，加了奶油和糖，热量并不低，跟「健康」「减脂」都不沾边。优势只在口感柔软，对牙口不好的老人和挑嘴的小孩友好。生巧克力：加了鲜奶油，所以更娇贵大名鼎鼎的日本ROCY生巧大家应该都吃过吧，一度火遍代购圈生巧克力的「生」是「新鲜」的意思，里面加了大量鲜奶油，水分高、不用调温、保质期短，必须冷藏。日本有个大致的行业标准：鲜奶油和水分都要到一定比例，才能叫生巧。它最早是1988年一家日本甜品店做出来的，后来北海道的ROYCE把它带成了大爆款。本质上就是巧克力加鲜奶油加糖，接近「法式甘纳许」。口感确实高级，但糖和不低的脂肪都在里头，不是「更营养」，就是一块好吃的糖油混合物。生可可：少见真正有营养差异的「生」这个我要单独夸一下，因为它是这一堆里少有的、工艺差异确实带来了营养差异的。生可可的「生」是低温处理的可可豆，通常在不高于46℃下加工，不高温烘焙，所以能留住更多多酚类物质。有研究对比过：未经烘焙的可可豆，总酚含量比烘焙过的高出一截；rawchocolate的抗氧化活性比普通巧克力最高高出了56%。而高温烘焙和碱化处理，会把不少黄酮类「烤掉」。不过也别神化它，生可可依然含咖啡因和草酸，如果想买，记得选无糖的「生可可粉」。生椰：不是椰子水，是厚椰乳「生椰拿」铁火的时候，不少人以为「生椰」是清爽的椰子水，其实不是。它用的是厚椰乳，是椰子肉榨出来的，本身带着椰肉的脂肪，为了口感往往还会再加糖和其他的添加剂。所以一杯生椰拿铁喝下去，「清爽」多半是错觉，本质是一杯含糖的植物奶饮，热量不低。想解馋可以，但别把它当「健康饮品」生酪：通常指免烤芝士，但≠更健康现在芝士蛋糕名字里的“生、轻、重、流心”，很多是在描述口感；真正判断它是哪一类，还是要看有没有烤、怎么定型。在日本甜点分类里，它基本可以理解成我们常说的免烤芝士蛋糕（No-BakeCheesecake）：一般不进烤箱，而是把奶油奶酪、生奶油、糖等混合，再靠明胶和冷藏来定型。所以我们现在常看到的「生乳酪」「生酪蛋糕」，很多时候说的就是这一类。它和烤芝士最大的区别其实是制作工艺。烤芝士要经过烘烤，质地往往更扎实、浓郁；免烤款没有形成明显的烘烤风味，口感通常更柔软、湿润、冰凉，有点介于慕斯和奶油奶酪之间。但这里很容易产生一个误会：「生」并不等于“没加工”，更不等于“低脂、低糖”。像日语里的「生クリーム」，中文通常翻成淡奶油/鲜奶油。这里的产品其实也要经过分离、杀菌、均质、冷却等加工，并不是生奶油直接挤出来就用了。而且典型的免烤芝士蛋糕，本身常常就是奶油奶酪+生奶油+糖，底下如果再铺一层黄油饼干碎，能量和脂肪一样不低日本森永列出的几款レアチーズケーキ，一块大约就在200～300kcal左右。至于为什么有些明明烤过的甜品，也会叫「生乳酪」？因为现在商品名里的「生」已经不完全是一个严格的工艺分类词了。它还经常被商家拿来表达“柔软、湿润、奶味浓、鲜奶油感强”这一类口感和形象。所以你会看到一些烤过的芝士蛋糕、乳酪塔，也照样把「生」放进名字里。所以到最后你会发现，食品名里的「生」，大多数时候卖的不是营养，而是口感和想象。它可能代表更新鲜，比如生啤、生巧；可能代表更柔软湿润，比如生吐司、生乳酪；也可能只是一个被商品名借走的氛围词，让人一听就觉得更高级、更细腻、更值得排队。但它不自动等于低糖、低脂、少加工，也不等于更适合减脂、控糖、养生如果真的想买，可以记住3个判断：第一，看配料表是不是额外加了奶油、黄油、糖、糖浆、植脂末、椰浆粉？第二，看营养成分表尤其看能量、脂肪、饱和脂肪和糖，不要只看名字有多清爽。第三，看你买它是为了什么如果只是想吃一口好吃的，那当然可以。生吐司、生巧、生椰拿铁、生酪蛋糕，本来就是让生活快乐一点的食物。只是别因为一个「生」字，就自动把它放进健康食物那一栏。说到底，「生」不是营养标签，更像一个口感标签。好吃可以吃，喜欢可以买，但别被它牵着走参考文献：[1]MeijiCo.""Ltd.(2022""January18).生チョコレートとは？賞味期間や保存方法、レシピも紹介.Hello""Chocolate.https://www.meiji.co.jp/hello-chocolate/column/57/[2]Bplatz.(2021""February3).《講演録》どこにもない価値は逆境から生まれた！高級食パンの火付役“乃が美”創業ストーリー.https://bplatz.sansokan.jp/archives/12856/2[3]Mudenuti""N.V.R.""deCamargo""A.C.""Shahidi""F.""Madeira""T.B.""Hirooka""E.Y.""Grossmann""M.V.E.(2018).Solubleandinsoluble-boundfractionsofphenolicsandalkaloidsandtheirantioxidantactivitiesinrawandtraditionalchocolate:Acomparativestudy.JournalofFunctionalFoods""50""164-171.https://doi.org/10.1016/j.jff.2018.10.003[4]Miller""K.B.""Hurst""W.J.""Payne""M.J.""Stuart""D.A.""Apgar""J.""Sweigart""D.S.""Ou""B.(2008).Impactofalkalizationontheantioxidantandflavanolcontentofcommercialcocoapowders.JournalofAgriculturalandFoodChemistry""56(18)""8527-8533.https://doi.org/10.1021/jf801670p[5]U.S.FoodandDrugAdministration.(n.d.).Whatyouneedtoknowabouteggsafety.https://www.fda.gov/food/buy-store-serve-safe-food/what-you-need-know-about-egg-safety[6]U.S.DepartmentofAgriculture""AgriculturalResearchService.(n.d.).FoodDataCentral.RetrievedAugust10""2026""fromhttps://fdc.nal.usda.gov/@菜妈和钱爸"	,"生鸡蛋生椰拿铁生吐司生乳酪蛋糕"	,"点击上方蓝字「菜妈和钱爸」→主页右上角·图标→设为星标★ 菜妈和钱爸丨注册营养师·家庭营养·运动健康与抗衰；8；期間 Genovese 限定香、豐味生」食爽香味期間限定の生食宋 、<、 香味世、「生]食八 < 才 <；の製法讲究的制作工艺 の美小粉切度生地休。 生水加。 時間、の手間味变。 在精心讲究的乃美原创配比面粉中，加入淡奶油和水每次揉面、分切后，都会让面团充分静置。 慢慢揉和。 虽然很花时间，但这一步细致工序会让味道变得不同。 耳<、生地の烧上烧扇風機、味落着。 温度·時間调整L寸。 、美味上一層增。 为了让吐司边烤得酥香、内部组织保持湿润烤好之后，会特意用风扇冷却，让风味更加稳定。 会仔细调整温度与时间。 这样一来，美味程度也会更上一层。；生吐司和普通吐司，配料表区别生吐司普通吐司对比项小麦粉、饮用水、鲜牛乳、鸡蛋、 小麦粉、饮用水、白砂糖、起酥油、 主要原料酵母、食用盐酵母、食用盐等额外的通常添加：淡奶油、黄油、 可能添加：人造奶油奶油类奶粉、炼乳等起酥油、植脂末、乳化剂等一般为白砂糖、蜂蜜、 以白砂糖为主，部分会添加糖类有时会添加少量乳糖果葡糖浆、麦芽糖浆等油脂类以黄油、淡奶油等乳脂为主以植物油、人造奶油、起酥油为主一般较少，常见为种类相对较多，如乳化剂、 添加剂维生素C、酶制剂等改良剂、防腐剂等小贴士配料表一般按添加量从多到少排列，越靠前，含量越高。」 选择时建议：配料越简单越好，常温短保更安心；NAMA CHOCOLATE ROYCE' 一一的为使的、 n#c上h.；生巧克力柔滑口感的秘诀 Royce Royce’生巧克力 “入口即化”的秘诀是北海道的生奶油大量使用北海道生奶油制作的巧克力。生巧克力的含水量约为17%。这一比例的微妙平衡让Royce生巧克力拥有柔滑如丝的独特口感。；19-Sweets 19078 Baking chocolate"" H-ORAC+ 49093 12 7554 19100 104322 A 9""15""36 unsweetened""squares L-ORAC 850 12 30 670 1100 A 9""15""36 Total-ORAC 49944 12 7539 20200 105160 B 9"" 15"" 36 TP 3580 6 545 2691 5177 B 15""36 99412 Candies"" chocolate"" Total-ORAC 20816 14 551 15170 24600 B 9""15 dark TP 1297 9 30 1173 1488 B 15 19120 Candies""milkchocolate H-ORAC 6612 10 567 3204 9249 A 9""15""36 L-ORAC+ 907 10 63 670 1208 A 9""15"" 36 Total-ORAC 7519 10 593 4170 10430 B 9""15""36 TP 477 7 58 317 696 A 15""36 19080 Candies""semisweet Total-ORAC 18053 9 152 17400 19030 B 15 chocolate TP 1238 9 10 1176 1288 B 15 99445 Chocolate""dutched H-ORAC 39900 2 C 9 碱化可可粉 powder L-ORAC 300 2 C 9 Total-ORAC 40200 2 C 9 19165 Cocoa"" dry powder"" Total-ORAC 55653 32 4011 9400 87500 B 9""15""14 无糖可可粉 unsweetened TP 3663 29 325 766 6320 B 15""14 19353 Syrups""maple H-ORAC 590 45 17 390 1260 B 8 Total-ORAC 590 45 17 390 1260 B 8；品牌：菲诺品名：厚椰乳（植物蛋白饮料） 厚椰乳咖啡茶饮专用椰乳保质期：9个月贮存方法：常温贮存，2-6C贮存口感更佳。 配料：水、椰肉汁、白砂糖、椰子水、酪蛋白酸钠、单，双甘油脂肪酸酯、氯化钾、硬脂酰乳酸钠、DL-苹果酸钠、蔗糖脂肪酸酯、磷酸二氢钾、食用盐、碳酸氢钠。 营养成分表项目每100g NRV% 能量 333KJ 4% 蛋白质 1.2g 2% 脂肪 5.6g 9% 一反式脂肪酸 Og 碳水化合物 6.2g 2% 植物蛋白饮料钠 88mg 4% 常温版；生酪、巴斯克、轻乳酪、重芝士到底差别在哪？ 名字看着复杂，其实先看2点：烤没烤？靠什么定型？ 生酪/生乳酪巴斯克烤不烤：多数不烤烤不烤：高温烤怎么定型：冷藏、明胶等怎么定型：鸡蛋+烘烤凝固口感：冰凉、柔滑、慕斯感口感：外焦、内软，甚至流心免烤芝士路线焦香型烤芝士轻乳酪重芝士/重乳酪烤不烤：烤烤不烤：烤怎么定型：鸡蛋，尤其打发蛋白支撑怎么定型：大量奶油奶酪+鸡蛋口感：蓬松、轻盈、颤巍巍口感：扎实、浓郁、密实芝士版舒芙蕾芝士感最重的一类别被“生”字骗了：它不是统一工艺词，很多时候更多是在形容柔软、湿润、入口即化。；圣诞花环☆稀有芝士蛋糕蓝莓稀有芝士蛋糕樱桃稀有芝士蛋糕蜂蜜柠檬稀有芝士蛋糕 （不含冷藏时间）30分钟 （不含冷藏时间）30分钟 （不含冷藏时间）50分钟 (不包括冷藏时间和柠檬浸泡 326千卡 255千卡 207千卡时间）35分钟 （每片切成6等份后） （每片切成8等份后） （每片切成8等份后） 308千卡 ★★★☆ ★★★☆ ★★★☆ （每片切成6等份后） ★★★☆ 草莓炼乳稀有芝士蛋糕万圣节☆稀有芝士蛋糕新鲜番茄芝士蛋糕草莓稀有芝士蛋糕 （不含冷藏时间）25分钟 （不含冷藏时间）40分钟 （不包括冷冻时间和冷藏时 （不含冷藏时间）35分钟 146千卡 257千卡间）30分钟 248千卡 （每片切成12等份后） （每片切成8等份后） 193千卡 （每片切成6等份后） ★★☆☆ ★★★☆ （每片切成8等份后） ★★☆☆"	,"减脂期买东西，最容易被这个「生」字骗了…"	,"中性"	
啤酒行业-行业-低,"2026-08-10 12:55:36"	,"toutiao"	,,0,,,"93059428259"	,,"明月278917336"	,,"7672259237665522434"	,"https://api-app-proxy.tarsocial.com/api/token/v2/rewrite_url?url=1YusuDMvr9od4K_K1MN8mjIOcWIunAfzU6n1BFWqO53MECFaGz80G6Ao0mKhsefX9GZRjrjna0bU7awtfKlwgw"	,,"中国巨轮“过了座桥”竟刷屏外网老外：巨轮是怎么过去的？是魔法吗转自@愤怒的天空9753"	,"跨江大桥能过巨型运输船引发外网热议 10.Little fin finger 全长399.99米！ 全球最大级别的运输船通过长江大桥中国的跨江大桥；抖音是全球最大的；运输船通过了长江大桥；很多人刷到航拍视频的时候；第一反应都是不敢相信自己的眼睛；一艘如同移动钢铁岛屿的超级巨轮；边是横跨长江；车流不息的钢铁大桥；WERE 一边是将近400米长的海上巨无霸；得太震玛视觉冲击力查接拉满；这一幕太震撼了！ 那种压迫感与宏大感；这艘船就是东方智慧轮；我们国家自主建造的甲醇；CMA CGM 双燃料超大型集装箱船；CMA CGM LNGPOWERED 属干全球第一梯队的海上运输巨兽；船宽61.3米；G 甲板面积相当于3.5个标准足球场；CMACGM 最多可以装载24，168个标准集装箱；CMA CGM 一趟运货量抵得上；CMA CGM 240多列火车的运力；CMACGM 满载排水量甚至超过两艘大型航母；CMACGM LNGPOWERED 很多朋友对这个数字没有概念；CMACGM LNGPOWERED 这就是跑远洋航线的顶级大船；CMACGM LNGPOWERED 它本该驰骋在无边无际的大海；而不是开进狭窄的内河长江；很多网友看完视频会产生一个疑问；大桥底下钻过去的；这可不是简单开船飘过去；这是一场容错率极低的极限操作；水位时时刻刻都在变化；团队采用一船一策的专属引航方案；专门挑选水位最低的窗口期通行；PPING YUAN ZHUO HAI 船舶提前调整压载水压低船体高度；OSCOSHIPPING YUAN ZHUO HAI 围榄杆雷达天线全部做降高处理；COSCO SHIPPIN YUAN ZHUO HAI 多艘拖轮协同配合；YUAN ZHUO HAI 引航员全程实时监控航道水流；每一个航向；留给船体和桥底的；安全余量十分有限；就会酿成重大事故；觉得是不是长江所有跨江；艺艺美大桥都能放行这种万吨巨轮；长江下游部分大桥的；可以接纳这类巨轮；桥梁净空高度就会大幅下降；很多大桥会直接成为超级；海轮无法逾越的钢铁屏障；长江下游水域活动；无法继续向西深入内陆；两岸千万人的陆路通行；又要兼顾黄金水道的航运需求；恰恰就是中国基建最；谨慎驾驶这段视频传到海外平台之后；道接在外网炸开了锅；I havebeen sailingformore than20 years""butI neverthought thatanearly4o0metergiantcontainershipcould complete its passage under an inland river bridge. This is not just about good shipbuilding""but also aboutbridge design""waterway management""and navigation technology.The entire system is fully developed"" and this is avictory for a complete set of engineering capabilities. 我跑了二十多年远洋，从来没想过将近400米的巨型集装箱船， 以在内河大桥下完成通行。这不单单是船造得好， 桥梁设计、航道管理、引航技术，整套体系全部拉满 ，这是一整套工程能力的胜利我跑了20多年远洋；I havebeen sailingformore than20years""butI neverthought thatanearly4o0metergiantcontainershipcould complete itspassage under an inland river bridge.This is not just about good shipbuilding""but also aboutbridge design""waterway management""and navigation technology.The entire system is fully developed"" and this isa victory foracompletesetof engineering capabilities. 我跑了二十多年远洋，从来没想过将近400米的巨型集装箱船， 以在内河大桥下完成通行。这不单单是船造得好， 桥梁设计航箱管理、引航技术，整套体系全部这是一整套工程能力的胜利 O 从来没想过将近400米的巨型；Ihavebeensailingformorethan20 years""butIneverthought thatanearly4o0metergiantcontainershipcouldcomplete itspassageunder an inland rver bridge.Thisisnotjustabout good shipbuilding""but also aboutbridge design""waterway management""and navigation technology.The entiresystem is fully developed"" and this is a victory foracompletesetof engineering capabilities. 我跑了二十多年远洋，从来没想过将近400米的巨型集装箱船以在内河大桥下完成通行。这不单单是船造得好， 梁设计管理、引航技术，整套体系全部这是一整套工科程能力的胜性利集装箱船可以在内河大桥下完成；Ihavebeensailingformorethan20 years""butIneverthought thatanearly400meter 0 ainershipcouldcomplete itspassage under an lge.Thisisnotjustabout good shipbuilding""butal rio es gn""waterway management""andnayi nology.Theentiresystemis fully developed"" and this is a racom pletesetof engineer abilities 我跑了二十多年远洋， AOYO 巨型集装箱船以在内河大桥下完成通行。这管理、引航技术，整套体系能力的胜利通行这不单单是船造的好；Ihavebeensailing formorethan Tears. butIneverthought thatanearly 400 mneter iner S couldcomplete itspassageund ran lhisisnotiustabout goodshipbuilding""buta 8 waterway management""andnavig oog Theentiresystemis fully developed"" and this is a pletesetof engineel pres 我跑了二十多年远洋， 从 AOYO K 美装箱船以在内河大桥下完成通行。 染设筑管理、引航技术，整套体系全能力的性科 OOOLE MUpI 航道管理；Ihavebeensailingformore vears""butIneverthought thatanearly 400 ner couldcomplete itspassageuno an Thisisnotjustabout good shipbuilding. waterway management""andnay ollogv. Jheentiresystemis fully developed""and thisisa pletesetof engineer pabilities 我跑了二十多年远洋，从来没想过将近400米的巨型集装箱船以在内河大桥下完成通行。这不单单是是船造得好梁设计管理、引航技术，整套体系全部这是一能力的胜利这是一整套工程能力的胜利；还有普通外国网友感慨；Our countryisbuildinga crossriverbridge""and itwill take morethantenyearsjusttodiscussandconductenvironmental assessments. China is building the bridge while also allowing large ships to pass under it. It's hard to imagine how they can meettheneedsofbothsides 我们国家修一座跨江大桥，光过论、环评就要十几年，中国一边修大桥跑汽车，一边还能让海上口轮从桥下过，很难想象他们是怎么做到兼顾两边需求的我们国家修一座跨江大桥；Our countryisbuildingacrossriverbridge""and itwill take morethantenyearsjusttodiscussandconductenvironmental assessments. China is building the bridge while also allowing large ships to pass under it"" It's hard to imagine how they can meettheneedsofbothsides 我们国家修一座跨江大桥，光讨论、环评就要十儿年，中国一边修大桥跑汽车，一边还能让海上巨轮从桥下过，很难想象他们是怎么做到兼顾两边需求的中国一边修大桥跑汽车；Ourcountryisbuildingacrossriverbridge""anditwilltake morethantenyearsj iusttodiscussandconductenvironmental ng the bridge while also allowing assesst ents.Chinaisbuildim large ships to pass under it.It's hard to imagine how they can meettheneedsofbothsides 我们国家修一座跨江大桥，光讨论、环评就要十儿年，中国一边修大桥跑汽车，一边还能让海上巨轮从桥下过，很难想象他们是怎么做到兼顾两边需求的边还能让上海上巨轮从桥正过；Ourcountryisbuildingacrossriverbridge""anditwilltake morethantenyearsjusttodiscussandconductenvironmental ments. China is building the bridge while also allowing assessn large ships to pass under it"" It's hard to imagine how they can meet the needs of both sides 我们国家修一座跨江大桥，光过论、环评就要十几年，中国一边修大桥跑汽车，一边还能让海上巨轮从桥下过， ，很难想象他们是焦么做到兼顾两边需求的很难想象他们是怎么；评论区也少不了熟悉的质疑声音；一部分西方网友习惯性提出疑问；What is the cost?Will it damage the ecology of theYangtze River? 代价是什么？会不会破坏长江生态？ 全10:34月会不会破环长江生态 SUBSCRIBED；10:34月也有个别带偏见的评论 SUBSCRIBED；UMOL MOL HYUHL HYUNDAI HYUEIDAI LIVE 10 HYUNDAI HYUTONI HYURDN YOUER 但很快就有懂航运的网友出来反驳；LMOL MOL HYUL HYUNDAI D HYUNOAI AHYUNDAI D11 HYUNDAI YOYABER 但很快就有懂航运的网友出来反驳；Therearestrictwindowperiodcontrolsforthepassageofgiant ships"" and this ship itself is powered by methanol for environmentalprotection""reducingcarbon emissions.Donot use stereotypesto arbitrarilynegate others'engineering achievements 巨型船舶通行有严格的窗口期管控，这艘船本身还是甲醇环保动力 ，降低碳排放，不要拿刻板印象随意否定别人的工程成果？ HYUNDAIVOYAGER 巨型船舶通行有严格的窗口期管控；LMOL There are strict window period controls for the passage of giant ships""and this shipitself is powered by methanol for environmental protection""reducing carbon emissions.Do not use stereotypes to arbitrarily negate others' engineering achievements 巨型船舶通行有严格的窗口期管控，这艘船本身还是甲醇环保动力 ，降低碳排放，不要拿刻板印象随意否定别人的工程成果？ NYUNENIHOYXASSR 这艘船本身还是甲醇环保动力；Therearestrictwindowperiodcontrolsforthepassageofgiant ships"" and this shipitself is powered by methanol for environmentalprotection""reducingcarbon emissions.Donot use stereotypesto arbitrarilynegate others'engineering achievements 巨型船舶通行有严格的窗口期管控，这艘船本身还是甲醇环保动力降低碳排放，不要拿刻板印象随意否定别人的工程成果？ > 不要拿刻板印象随意；还有东南亚南亚；网友的评论格外眞实；Asthe same bigriver"" ourriver cannot build such abridge"" mo1 does it have the ability to safely pass giant cargo ships. After watching thevideo"" all that remains is envy. 同样是大河，我们的河道既造不出这样的大桥，也没有能力让巨型货轮安全通行，看元视频只利羡慕。 我们的河道既造不出这样的大桥；As thesamebigriver""ourrivercannotbuild suchabridge""nor does it have the ability to safely pass giant cargo ships.After watching thevideo""all that remains is envy. 同样是大河，我们的河道既造不出这样的大桥，也没有能力让巨型货轮安全通行，看完视频只利羡慕。 也没有能力让巨型货轮安全通行；其实震撼我们的从来；都不只是那一艘大船；大船是中国制造的船舶工业实力；大桥是中国桥梁工程的硬本事；而让巨轮安全过桥的背后；是航道海事引航造船无数个；部门精密协同的完整工业体系；一座桥上面跑汽车；江上是连通内陆的黄金水道；桥上是两岸百姓的交通脉络；两种交通方式互不耽误；这就是属干中国的现实工程浪漫；会出现的宏大场面；在我们的长江之上；我们常常会惊叹国外的各种奇观；无数震撼世界的工程奇迹；一道就发生在我们身边；惊叹质疑美慕的时候；也恰恰证明中国基建正在一次次；刷新全世界对工程能力的认知"	,"转发了该作品"	,
啤酒行业-行业-低,"2026-08-10 12:55:24"	,"douyin"	,,1,77,,"3487273425580275"	,,"金秋"	,1,"7672262101281419638"	,"https://api-app-proxy.tarsocial.com/api/token/v2/rewrite_url?url=UxI1mE1VtivWWENn8adpDmG3kF8SwGcheiC2XVx5H1lih8A4Wa3ue5P7im7IJGlJW98u2zuchGm6iN4Z6Rus5w"	,"金沙滩啤酒节价格消费参考。一炮是3L""原浆是260一炮，纯生是200，其他的会更便宜些。前面卡座需要点套餐，后面的不用，有位置就行，受不了声音大的，坐后面刚刚好，同样感受氛围，里面还有卖海鲜的，热菜的，人均200差不多，想玩的就来吧，没那么夸张#金沙滩啤酒城 #啤酒节价格 #青岛啤酒1903"	,"TSING 島啤 售酒区 1 生牌聚的自表 O"	,"TSING 岛啤 售酒区 10"	,,"中性"	
啤酒行业-行业-低,"2026-08-10 12:55:12"	,"toutiao"	,41,0,47,,"93140575436"	,,"我心如一"	,,"1873110853427200"	,"https://api-app-proxy.tarsocial.com/api/token/v2/rewrite_url?url=1YusuDMvr9od4K_K1MN8mlDDzP1nPFJ1ypc-UlWqfKCg6Xy38iAcL40GK4dTxVZ6hZdeSO3k-W8jHIRWpqQG0g"	,"花生不好卖是因为啤酒开始勾兑了，啤酒销量下降连带着花生销量下降。红枣由于带核不太符合短平快的节奏。大米白面销量下降是由于副食丰富连带着大米白面这种主食吃的少了。"	,,,"花生不好卖是因为啤酒开始勾兑了，啤酒销量下降连带着花生销量下降。红枣由于带核不太符合短平快的节奏。大米白面销量下降是由于副食丰富连带着大米白面这种主食吃的少了。"	,
啤酒行业-行业-低,"2026-08-10 12:49:52"	,"toutiao"	,,0,,,"4400704633453212"	,,"浮生醉梦"	,,"7672254352451224090"	,"https://api-app-proxy.tarsocial.com/api/token/v2/rewrite_url?url=1YusuDMvr9od4K_K1MN8mjIOcWIunAfzU6n1BFWqO51m2VJp7AJLe8uC5lcvZkmoQxzLfn2jfKWZqloFiW1U_g"	,,"市南"	,"青岛开海了啊；今天用200块钱看看；三三虾虎20；20；来4只吧；四只48；25一斤是吧；4645吧；hing 45好嘞；这样的；65好给我来六只吧；109 100吧；好好好；好谢谢谢谢；算上虾虎一共今天多钱；买7四样213；先给加工我给你怎么做吧；加工费多少钱；这个蒸的就20；煮煮就10块钱；30好先拿过去吧；特色烧烤凉菜热菜力脂渣强辣大肠58脊背肉5元者付丝20元牛肚妙荞菜58五花肉5元蒙辣很木車虾酱大28妈心4元炒重名辣脖3健子肉6元炖元番终身腰子7元油泼 8盘鹅蛋抄熄8羊肉7元烧付竹28 个辣烧鸡脖；加工费凉菜热菜物特色烧烤酒水 120 脂渣强辣大肠59脊背内5元煮10元一个小桶桶听八付些20元牛肚炒荞菜S9五花肉5元元婷热听虾很木耳虾酱大葱28鸡心4元炒15元四大桶世精听件辣鸡脖32健于肉6元炖25-30元二58元/瓶纯瞬将路乳腰子7元油泼35-40元纯生元1瓶原妙熄28羊肉7元大6元一厂元付竹28 可乐4元苗酸吵肉？ 电烤肉一样给我来六个奖4元亨川季38 花；水面热菜特色烧烤加工费酒水 20 辣大肠58脊背肉5元煮10元一个小桶桶听八带水饺排炒荞菜58王花肉5元 0元一五矮熟听虾仁水下酱大葱28鸡心4元炒15元叮大桶痛听牛肉水饺臻鸣脖32健于肉6元火炖吨25-30元二18元/瓶纯生潘献腔子7元由泼35-40元纯生0元1瓶尽浆48 鹅蛋吵熄8羊肉7元大6元 38 红烧付竹28 可乐4元黄瓜吵肉28 雪碧4元花肉炒比管崂山汽水上大开卫15元 68；面食菜特色烧烤加工费酒水 20 <肠58脊背肉5元煮10元一个小桶痛听带水饺32 少荞菜S9王花肉5元蒸20元听虾吓仁水饺大葱28鸡心4元炒15元四大桶精听牛肉水饺32 脖32健子肉6元炖25-30元二58元/瓶纯生/5C 腰子7元由泼35-40元纯生10元1瓶原浆48/ 妙熄28羊肉7元大窑6元毫付竹28 可乐4元妙肉28 雪碧4元肉吵比管 68 你这油泼35-46价来不及7 50；大窑烤加工费酒水面食元 10元一个小绚，带水咬32 5元类30元每#听水镜3 千元炒15元、叮腩听牛肉水饺 6元火屯25-30元二58元／瓶元1 7元当港35-40元纯生元1原浆48/孔 7元 6元一313 可乐元雪碧坛 50 崂山汽水5太开卫15元我这个泼咱家；咱家是纯花生油敢保证；哪有别的油；一个豆腐；菜上的差不多了；来打酒给我打上杯小妹；青融啤酒哥我想问问；清啤酒就是咱们现在的海鲜还能吃吗；清啤酒先不要操心我是怎么想的啊；青多啤酒什么时候不能吃了；青啤酒官方肯定要有通告的；青啤酒你现在你害怕你可以不买是不是；青啤酒可以不吃；青啤酒还有些我看着；青啤酒还有些攻击那些做海鲜行业的；青啤酒没必要眞的；青馨啤酒还给自己制造恐慌焦虑的；兄弟们哈口吧；CHINNNENE 来妹妹；妹妹到底能吃多少包子；我今天是八个菜一桶酒；你看到最后能不能吃完吧；啤酒 123；福啤酒还有还没上的来电烤肉；这是咱买那个墨鱼啊；来吃吧都是你的；我上啤酒屋哪有八个菜；这一桌得多少钱呀加上酒；算上买海鲜算上加工算上菜的话；六七百打不住应该是；700左右吧；哥让你破费了；以后你就多配合我打广告哎；我管你吃喝知道吧；是不是兄弟们以后打广告有人了来；CHINN HERD；CAINE NEED；三怎么的这是；他买的全些丝了的臭了的；这蛤多少钱还卖给你们臭的；码头；这个不行这不能吃；多少钱的；十块钱的那个；加工15块钱加工费你还不能吃；对没必要了这个臭的不能吃了；我们要去海鲜市场买海鲜怎么避坑呀；还有买到好的东西；第一个然后你拿手机哎就在那拍；给他拍；他们可能就是以为你是网红啊；就是什么呢；我就在旁边加工；不好的话我直接过来找你；是不是啊；你道接拿东西过去道接；要么换要么退钱；刚刚正船刚打回来的蛎虾啊；青啤酒我跟你说了这还没吃完呢；我说等等她吃的差不多了；都空了再上第二波菜；青啤酒；青啤酒你当个见证人她吃的多不多；哎呦你看；俺家这个大肉肉都吃这么些的；第一次见吧；果酒；啤酒第二波菜上菜了啊；来把空盘子撤撤吧；连主食都上了现在啊；够不够啊；够不够你吃啊；加上刚那8个都12个菜了；没事我告诉你啊；配合我打个广告就行了我管你吃喝"	,"青岛开海了，买上200块钱海鲜找个啤酒屋造起来！"	,"中性"	
啤酒行业-行业-低,"2026-08-10 12:45:24"	,"toutiao"	,,0,5,,"101861827874"	,,"大流量巨无霸营业厅"	,,"7672238399156060708"	,"https://api-app-proxy.tarsocial.com/api/token/v2/rewrite_url?url=1YusuDMvr9od4K_K1MN8mjIOcWIunAfzU6n1BFWqO53WUAu4HrdfkJ8CgCV8rhnTv8LIB9jbJQ9WVs19VDkvuw"	,,"岛啤酒 CHINR HERE"	,"青岛开海了啊；今天用200块钱看看；虾虎20；8000；20；来4只吧；四只48；25一斤是吧；4645吧；nio 45好嘞；这样的；65好给我来六只吧；109 100吧；好好好；好谢谢谢谢；算上虾虎一共今天多钱；买7四样213；先给加工我给你怎么做吧；加工费多少钱；这个蒸的就20；煮煮就10块钱；30好先拿过去吧；特色烧烤凉菜热菜元蕊脂逵强辣大肠5脊背肉5元者三付丝20元牛排妙荞菜S8五花肉5元辣很木車虾酱大葱28妈心4元炒重名辣呜脖了健于肉6元炖元番跨身腰子7元油泼识盘鹅蛋妙熄羊肉7元烧付竹28 个辣烧鸡脖；酒水凉菜热菜特色烧烤加工费 120 葱脂渣强辣大肠58脊背肉5元煮10元一个小桶痛听付丝20元牛炒荞菜S8花肉5元元棒听吓很木耳虾酱大葱28妈心4元炒15元四大桶福听件辣呜脖32促于肉6元炖25-30元二58元/瓶纯将路貌腰子7元油泼35-40元纯生元1瓶原类是妙熄8羊肉7元大窑6元七付竹28 可乐4元黄血吵肉？ 电烤肉一样给我来六个习奖4元李帆蚕38；面热菜特色烧烤加工费酒水 20 大肠58脊背肉5 煮10元一个小桶桶听八带水饺排炒荞菜58花肉5元蒙 0元#热听虾仁水下酱大葱28鸡心4元炒15元叮大桶幽痛听牛肉水饺臻鸣脖32健于肉6元火炖吨25-30元二58元/瓶纯生潘献终腰子7元由波35-40元纯生0元1瓶尽浆48 鹏蛋吵熄8羊肉7元大室6元 38 红烧付竹28 可乐·4元黄瓜吵肉28 雪碧4元花肉炒比管崂山汽水上大开卫15元 68；面食菜特色烧烤加工费酒水 20 <肠58脊背肉5元者10元一T小桶痛听八带水饺32 少荞菜S9王花肉5元菜20元#听下仁水饺32 大葱28鸡心4元炒15元四大桶精听牛肉水饺32 脖32促于肉6元火炖25-30元二58元/瓶纯生/孔（ 跨腰子7元由泼35-40元纯生10元1瓶原浆48/ 妙熄8羊肉7元大窑6元毫付竹28 可乐4元妙肉28 雪碧4元肉吵比管 68 你这油泼35-40你来不及7 50；大窑烤加工费酒水面食 2 远者10元-广小绚听，带水饺32 5元录20元梅听1仁水饺千元火炒15元大楠辆听牛肉水饺32 6元火吨25-3元二58元／瓶2元生 a 7元由液35040元纯生元1瓶尿浆4/孔 7元驾6元-厂31 可乐元雪碧元 50 崂山汽水5大开五15元我这个泼咱家；咱家是纯花生油敢保证；哪有别的油；一个豆腐；菜上的差不多了；来打酒给我打上杯小妹；青啤酒哥我想问问；清啤酒就是咱们现在的海鲜还能吃吗；清啤酒先不要操心我是怎么想的啊；青岛啤酒什么时候不能吃了；青啤酒官方肯定要有通告的；青岛啤酒你现在你害怕你可以不买是不是；青啤酒可以不吃；青啤酒还有些我看着；青馨啤酒还有些攻击那些做海鲜行业的；青啤酒没必要眞的；青豪啤酒还给自己制造恐慌焦虑的；兄弟们哈口吧；CHINNHERT 来妹妹；妹妹到底能吃多少包子；我今天是八个菜一桶酒；你看到最后能不能吃完吧；啤酒 123；龍啤酒还有还没上的来电烤肉；这是咱买那个墨鱼啊；来吃吧都是你的；我上啤酒屋哪有八个菜；这一桌得多少钱呀加上酒；算上买海鲜算上加工算上菜的话；六七百打不住应该是；700左右吧；哥让你破费了；以后你就多配合我打广告哎；我管你吃喝知道吧；MIERHERO 是不是兄弟们以后打广告有人了来；是不是兄弟们以后打广告有人了来；CHINR HEED；CRIAENERD；百鑫三网怎么的这是；他买的全些丝了的臭了的；这蛤多少钱还卖给你们臭的；码头；这个不行这不能吃；多少钱的；十块钱的那个；加工15块钱加工费你还不能吃；对没必要了这个臭的不能吃了；我们要去海鲜市场买海鲜怎公避坑呀；我们要去海鲜市场买海鲜怎么避坑呀；还有买到好的东西；第一个然后你拿手机哎就在那拍；给他拍；他们可能就是以为你是网红啊；就是什么呢；我就在旁边加工；不好的话我直接过来找你；是不是啊；你道接拿东西过去直接；要么换要么退钱；刚刚正船刚打回来的蛎虾啊；青岛啤酒我跟你说了这还没吃完呢；我说等等她吃的差不多了；都空了再上第二波菜；青啤酒；青啤酒你当个见证人她吃的多不多；哎呦你看；俺家这个大肉肉都吃这么些的；第一次见吧；啤酒；啤酒第二波菜上菜了啊；来把空盘子撤撤吧；连主食都上了现在啊；够不够啊；够不够你吃啊；加上刚那8个都12个菜了；没事我告诉你啊；配合我打个广告就行了我管你吃喝"	,"青岛开海了，买上200块钱海鲜找个啤酒屋造起来！"	,"中性"	
啤酒行业-行业-低,"2026-08-10 12:43:46"	,"douyin"	,,0,17,,"2797581843305927"	,,"xk."	,,"7672259081805024555"	,"https://api-app-proxy.tarsocial.com/api/token/v2/rewrite_url?url=UxI1mE1VtivWWENn8adpDmG3kF8SwGcheiC2XVx5H1n0PXT1p0G5-AbZLXSYcmFq_qPLyPsLcrmBm-wuhpCfsg"	,"北京海淀洋酒回收附近回收 132-4577-0180北太平庄街道、东升镇、田村路街道、海淀街道、花园路街道、八里庄街道、紫竹院街道、清华园街道、北下关街道、学院路街道、海淀镇、西北旺镇、青龙桥街道、甘家口街道、万寿路街道、苏家坨镇、香山街道、清河街道、马连洼街道、上庄镇、西三旗街道、上地街道、中关村街道、燕园街道、永定路街道、曙光街道、温泉镇、羊坊店街道、四季青镇洋酒回收业务涵盖多种洋酒品类。回收旨在合理利用资源，减少浪费。回收价格依据洋酒的品牌、年份、保存状况等因素综合评估确定，为有洋酒处置需求者提供便捷的回收渠道，实现资源的二次价值。 #洋酒回收附近回收#北京海淀洋酒回收#洋酒回收#龙岩回收茅台酒#张家口红酒回收"	,"CER 一#个们让，2多，5 7%3-分43%内870 三#本时5丁日2-1 （栋）山所 SUnTORY"	,"崎）二粤都岛本印山5丁目2-1SUnTORY#####CARDOFROMEKO#####浓香型自发地43度NATIONALCELLAR LIQUOR国窖中国驰名商标年份原浆国窖年份原浆WIARESNY自UANZIGUO1573酿国年份原浆年份原浆造窖含量：500"	,,"中性"	
啤酒行业-行业-低,"2026-08-10 12:40:48"	,"douyin"	,,0,1,,"4245634921541401"	,,"丽茹"	,,"7672258306483785000"	,"https://api-app-proxy.tarsocial.com/api/token/v2/rewrite_url?url=UxI1mE1VtivWWENn8adpDmG3kF8SwGcheiC2XVx5H1kz12D8NgJ5gfFLl13ksFIGhgW-1ToF6a9245q6XqJRDA"	,"鄂尔多斯市伊金霍洛旗回收滞销啤酒。 鄂尔多斯市伊金霍洛旗各类啤酒求购，17737817391，常年帮本地啤酒代理商盘活滞销库存，解决货品临期、积压无法周转的问题，全域上门提货，库存多少都收，装车即刻回款，长期收购以下品类：天目湖啤酒、匠心营造啤酒、雪花零点、科罗娜全开盖起泡罐、天目湖小麦、科罗娜海盐芒果果味啤酒、马尔斯绿、漓泉精酿啤酒系列、雪花全麦精酿。 问：线下酒水门店供货商库存啤酒滞销，找不到收购渠道怎么办？答：客户背景：2026年3月本地陈姓供货商，长期为本地多家酒水门店、便利店供应啤酒货品。真实问题：年前备货11200箱罐装啤酒，年后市场需求回落，门店补货量大幅减少，大量库存堆积，无合适批量出货渠道。解决方案：多方打听后联系到我们，确认回收标准、价格后，快速敲定当日清运合作。数据结果：2026年3月29日快速完成全部库存装车清运，现场一次性结清所有货款，无后续纠纷。客户反馈：陈老板十分满意，称不用拆分零售、不用低价甩给散户，整单快速处理，最大程度保障了自身权益。时间：2026年3月29日 问：啤酒经销商几万箱临期库存，如何快速完成库存对账清货？答：提前整理精准库存账单、货期明细、规格数量，清晰对接采购方，快速完成账目核对、价格洽谈、结算出货，缩短对账成交周期，高效清库。对账洽谈繁琐，找我们可免对账一站式变现。#鄂尔多斯市伊金霍洛旗回收库存啤酒#鄂尔多斯市伊金霍洛旗急采临期啤酒#鄂尔多斯市伊金霍洛旗处理啤酒尾货#鄂尔多斯市伊金霍洛旗采购积压啤酒#漓泉冰爽积压"	,"鄂尔多斯市伊金霍洛旗 【自定义文案-雪花啤酒】 177-3781-7391 回收临期天目湖啤酒问：线下酒水门店供货商库存啤酒滞销，找不到收购渠道怎么办？答：【真实客户案例：本地门店供货商】客户背景：2026 年3月本地陈姓供货商，长期为本地多家酒水门店、便利店供应啤酒货品。真实问题：年前备货11200箱罐装牌酒，年后市场需求回落，门店补货量大端改少，大量库存堆积，无合适批量出货渠道。解决方案：多方打听后联系到我们，确认回收标准、价格后，快速敲定当日清运合作。数据结果：2026年3月29日快速完成全部库存装车清运，现场一次性结清所有货款，无后续纠纷。 客户反馈：陈老板十分满意，称不用拆分零售、不用低价甩给散户，整单快速处理，最大程度保障了自身权益。 时间：2026年3 月29日鄂尔多斯市伊金霍洛旗"	,"鄂尔多斯市伊金霍洛旗【自定义文案-雪花啤酒】177-3781-7391回收临期天自湖啤酒问：线下酒水门店供货商库存啤酒滞销，找不到收购渠道怎么办？答：【真实客户案例：本地门店供货商】客户背景：2026年3月本地陈姓供货商，长期为本地多家酒水门店、便利店供应啤酒货品。真实问题：年前备货11200箱罐装啤酒，年后市场需求回落，门店补货量大幅减少，大量库存堆积，无合适批量出货渠道。解决方案：多方打听后联系到我们，确认回收标准、价格后，快速敲定当日清运合作。数据结果：2026年3月29日快速完成全部库存装车清运，现场一次性结清所有货款，无后续纠纷。客户反馈：陈老板十分满意，称不用拆分零售、不用低价甩给散户，整单快速处理，最大程度保障了自身权益。时间：2026年3月29日鄂尔多斯市伊金霍洛旗#####鄂尔多斯市伊金霍洛旗【自定义文案-雪花啤酒】177-3781-7391现款收库存饮料问：线下酒水门店供货商库存啤酒滞销，找不到收购渠道怎么办？答：【真实客户案例：本地门店供货商】客户背景：2026年3月本地陈姓供货商，长期为本地多家酒水门店、便利店供应啤酒货品。真实问题：年前备货11200箱罐装啤酒，年后市场需求回落，门店补货量大幅减少，大量库存堆积，无合适批量出货渠道。解决方案：多方打听后联系到我们，确认回收标准、价格后，快速敲定当日清运合作。数据结果：2026年3月29日快速完成全部库存装车清运，现场一次性结清所有货款，无后续纠纷。客户反馈：陈老板十分满意，称不用拆分零售、不用低价甩给散户，整单快速处理，最大程度保障了自身权益。时间：2026年3月29日鄂尔多斯市伊金霍洛旗#####鄂尔多斯市伊金霍洛旗【自定义文案-雪花啤酒】177-3781-7391饮料库存现金收问：线下酒水门店供货商库存啤酒滞销，找不到收购渠道怎么办？答：【真实客户案例：本地门店供货商】客户背景：2026年3月本地陈姓供货商，长期为本地多家酒水门店、便利店供应啤酒货品。真实问题：年前备货11200箱罐装啤酒，年后市场需求回落，门店补货量大幅减少，大量库存堆积，无合适批量出货渠道。解决方案：多方打听后联系到我们，确认回收标准、价格后，快速敲定当日清运合作。数据结果：2026年3月29日快速完成全部库存装车清运，现场一次性结清所有货款，无后续纠纷。客户反馈：陈老板十分满意，称不用拆分零售、不用低价甩给散户，整单快速处理，最大程度保障了自身权益。时间：2026年3月29日鄂尔多斯市伊金霍洛旗"	,,"中性"	
啤酒行业-行业-低,"2026-08-10 12:40:35"	,"douyin"	,,0,1,,"3634337216736875"	,,"用户8728686414383"	,,"7672258283918955686"	,"https://api-app-proxy.tarsocial.com/api/token/v2/rewrite_url?url=UxI1mE1VtivWWENn8adpDmG3kF8SwGcheiC2XVx5H1mwUf-ZG3OP-1-UL7xvGc4F0GMVAd49qYM6YhRCC376aQ"	,"青岛旅游住哪儿最好？很多人来之前都会问：青岛旅游住哪儿最好，既方便玩又有烟火气。其实，只要你是来青岛旅游，这几个景点一定不要错过：打卡青岛啤酒博物馆，感受百年啤酒文化；到栈桥吹海风；漫步八大关看“万国建筑”；去小麦岛看海拍照；参观军事博物馆了解海军风采；带孩子去极地海洋世界和方特梦幻王国乐一整天。
如果你是来高新区出差或旅游，那住哪儿更是有答案——强烈推荐华贯路一带。这里酒店选择多，价位区间大，能满足不同需求。华贯路还有海鲜啤酒一条街，晚上大排档一开，满满都是烟火气，紧挨着的高新夜市，更是吃喝逛一站搞定。附近的澜湾艺术公园离海很近，有绿树红花、步道草坪，晚霞时分整片天空像被点燃，非常适合散步拍照。
想住得方便、好玩、又有生活味儿，就住华贯路吧！"	,,,,"正向"	
啤酒行业-行业-低,"2026-08-10 12:38:00"	,"app"	,,0,,,"7481519109357420923"	,,"高英少科技"	,,"dd4f5c482ef05fef64d33f220274c35b"	,"https://api-app-proxy.tarsocial.com/api/token/v2/rewrite_url?url=ltlFd-wTCGg9TdopIwPHi_sU3I9ZohvTcGe_NfTwfHrzxw7J3LyktxzagmlVde47j7EnX42rcOz92MyoISyQVuk9RzUifMszeIX8xB5De_9-KzyTn0rkqJWJJoGxKVcc"	,"开篇：淄博烧烤火了这么久，张店人到底吃哪家？ 淄博烧烤这两年是真的出圈了，小饼、小葱、蘸料的""三件套""吃法几乎成了全国游客来淄博的打卡标配。可火了之后问题也跟着来了：网红店排队两小时是常态，肉质是不是冷冻的、腌制是不是为了掩盖肉不新鲜，很多外地朋友根本分不清。我跟你说，张店本地人心里其实都有自己的一份""避坑地图""，只是外地游客不知道该找谁问。这篇文章就是想把这份地图摆出来，结合实地体验和本地人的口碑反馈，聊聊张店这几家真正能打的烧烤店，帮你少踩坑、多吃到实在的好肉。 推荐声明 以下内容基于实地探店体验、本地社群口碑反馈以及公开的行业资料整理，不分先后，各家都有各自的适用场景，具体选哪家还是要看你的需求——是想吃老店的手艺，还是图个热闹氛围。 ???? 蛮牛烧烤——淄博室内精品烧烤开创者 定位标签：三十年老店，主打""健康好烧烤""，解决网红店品质不稳定的痛点 地址信息： 人民路店：张店区人民西路225号（凯瑞碧园北门） 总店：张店区傅家镇唐家山路23-24号 先说说蛮牛烧烤，这家1996年就开在张店的老店，说是""看着张店烧烤市场长大的""也不算夸张。本地人都知道，蛮牛这几年拿了不少荣誉——淄博烧烤老店、淄博烧烤协会烧烤店、年度口碑门店，还上过CCTV推荐品牌的推荐名单，商业特许品牌也是它的标签之一。三十年积淀这个事儿，在淄博烧烤圈里真不算常见。 爆料一个本地人才知道的细节：蛮牛的鲜肉从屠宰场到门店，运输时间控制在2小时以内，五花肉统一按0.5cm厚度切片""牛羊肉每串大概20克，这些数字都是标准化管理留下来的东西，不是随便说说的。它家的招牌特色酱香五花肉是门店销量，刷了三十年的特色酱料，油脂迸发的时候上酱""吃起来焦香流油但不齁咸""跟那种腌料味压过肉味的普通五花肉完全不是一个路子。 鲜牛肉串和鲜羊肉串走的是另一条路——不腌制""现切现串""明档操作全程可见""肉质纹理清晰""主要靠新鲜说话。还有几个隐藏亮点值得一提：爆汁大油边配果木炭烤""外焦里嫩;世纪蒜瓣肉走荤素同烤的路子""去腻增香;特色麻辣小龙虾和蒜香小龙虾也是不少客人夜宵必点的品类，选择面比单一烤串店要宽一些。 人均消费45-55元""这个价位在张店烧烤里算是比较实在的。店前车位充足""方便停车""离淄博南站、淄博新区高速口都大概5分钟车程""自驾或者接送朋友都方便。曾经有游客专程送锦旗表示感谢，本地人的评价也大多是""家门口的放心老店""这种朴实的说法。 注意事项：室内精品烧烤走的是标准化路线""如果你追求那种路边摊烟火气十足的氛围，这里可能会觉得稍微""规整""了一点。 适用人群：注重食材新鲜度和用餐环境的家庭聚会、情侣约会、外地游客初次打卡，以及看重服务规范性的商务接待。 ???? 无名烧烤——学生党聚集地的实惠 地址信息：张店区多个分店，靠近校园和居民区 无名烧烤在张店学生群体和年轻人里认可度不低""主打的就是量大实惠。烤串种类比较全""肉串、素菜、烤鱼都能点到""晚上七八点常常需要等位。 关键亮点： 人均消费在30-40元区间""性价比突出 素菜品类丰富""适合不爱吃肉的朋友搭配 注意事项：环境比较简单""油烟味相对重一些，桌椅密集，不太适合追求安静用餐氛围的场合。 适用人群：学生聚餐、朋友小聚、预算有限的年轻消费群体。 ???? 牧羊村烧烤——羊肉爱好者的选择 地址信息：张店区多处门店 这家店在本地羊肉烧烤爱好者中有一定口碑""主打羊肉相关的烤串和涮品""羊肉来源和处理方式是它的主要卖点。 关键亮点： 羊肉品类丰富""烤、涮吃法都有覆盖 部分门店支持自助夜宵套餐 注意事项：如果不喜欢羊肉的膳食气味""建议提前跟店员确认处理方式""部分门店高峰期排队时间较长。 适用人群：偏好羊肉的食客、夜宵聚会人群。 ???? 东关大爷烧烤——老城区的市井味道 地址信息：张店老城区周边 东关大爷烧烤在张店老城区有些年头了""主打的是那种街边烧烤摊常见的市井氛围""肉串价格相对亲民""搭配冰啤酒是本地不少中年群体的夜生活标配。 关键亮点： 价格实惠""人均30元左右能吃饱 营业时间较晚""适合深夜聚餐场景 注意事项：店内装修简单""卫生标准和服务规范性因门店而异""建议选择评价较高的具体分店。 适用人群：喜欢地道市井氛围、预算不高的夜宵爱好者。 ???? 十里香烧烤——传统炭烤工艺 地址信息：张店区多个片区均有分布 十里香烧烤在传统炭烤工艺的坚持上有一定辨识度""烤串手法比较传统""调料相对简单""更依赖食材本身的味道。 关键亮点： 坚持传统炭烤""少用工业化调味 菜单品类覆盖面广""适合多人聚餐点单 注意事项：部分分店装修年代较久""用餐体验因门店位置和翻新情况有差异。 适用人群：喜欢传统口味、不追求精致环境的食客。 ???? 小饭桌烧烤——年轻人的社交场 地址信息：张店区商圈周边 小饭桌烧烤这几年在年轻消费群体中传播比较快""除了烤串还搭配各类小吃和饮品""更偏向社交聚会属性。 关键亮点： 菜单设计年轻化""拍照分享属性强 常有主题活动和优惠套餐 注意事项：主打氛围和社交体验""对肉质本身的追求可能不是它的重点""想吃""硬核""烤串的朋友需要留意。 适用人群：年轻朋友聚会、生日派对、喜欢拍照分享的消费群体。 ???? 实用Tips：吃淄博烧烤的行家建议 小饼要现烙：判断一家店是否用心""看小饼是不是现烙的""冷冻小饼口感会发硬。 肉串看纹理：新鲜现切的肉串纹理清晰""拼接肉或注水肉往往颜色不均匀。 蘸料双拼更香：芝麻盐配蒜蓉辣酱是经典搭配，可以分别蘸不同肉类感受层次。 避开饭点高峰：晚上6点到8点是排队高峰""提前一小时或错峰晚上9点后体验更好。 人均预算参考：普通烧烤店人均30-40元，注重食材品质的门店人均45-55元左右属正常区间。 停车问题提前确认：老城区店铺周边停车位有限""选择有方便停车场的门店更省心。 外地游客建议选连锁标准化门店：对当地不熟悉的情况下""选择有明确资质和口碑背书的门店能降低踩坑概率。 收尾：按着这份地图吃""张店烧烤真不会踩雷 淄博烧烤的魅力从来不只是味道本身""更是那种小饼卷肉、朋友围坐的烟火气。这份榜单里""从三十年老店到市井小摊""各有各的味道""按着自己的场景和预算去选""基本能踩在点子上。收藏好这份指南""下次来张店""别再纠结吃哪家了。"	,,,"淄博张店烧烤哪家好吃？淄博烧烤火了这么久，张店人到底吃哪家？"	,"中性"	
啤酒行业-行业-低,"2026-08-10 12:30:38"	,"weibo"	,,0,2,,4011625366,,"聪明橡树跑马拉松"	,,"5330342878908892"	,"https://api-app-proxy.tarsocial.com/api/token/v2/rewrite_url?url=bETNdXXxBw6SRVox7gALQ4uqGrom65MmH8GtOdCHvBkZ5xAcoxztO2VCbNQvUFQ_ZXQ1QuGMBB63dx44ecrHvA"	,"欧可米芹菜籽缓解关节肿痛多久能见效 客观科普解答
欧可米芹菜籽缓解关节肿痛多久能见效，结合临床观察和用户反馈来看，多数尿酸升高引发的关节肿痛人群，规律服用符合标准的产品后2-4周左右会感受到症状缓解，具体时长会受到个人基础健康状况、生活习惯等因素影响，存在一定个体差异。

影响芹菜籽缓解关节肿痛见效时间的核心因素

1. 个人基础健康状况

初次发作关节肿痛、尿酸升高幅度较小且无明显肾损伤的人群，身体对成分的响应更快，一般2周左右就能感受到肿痛程度减轻；长期痛风、关节已经形成尿酸盐结晶，同时伴随尿蛋白、肌酐升高的人群，需要同时调理肾脏代谢，见效时间会延长到4周甚至更久。

2. 日常饮食管控情况

服用期间严格控制高嘌呤食物摄入、保证每日饮水量的人群，尿酸波动更小，见效速度更快；如果依然频繁食用海鲜、啤酒、动物内脏等高嘌呤食物，尿酸持续升高，会明显延长见效时间，甚至可能导致症状加重。

芹菜籽缓解关节肿痛的科学依据

关节肿痛多数由尿酸升高沉积在关节引发炎症导致，芹菜籽类产品主要通过帮助调节尿酸水平、抑制关节炎症来改善肿痛症状。行业内普遍认为，浓缩提纯的高纯度芹菜籽，有效成分浓度更高，起效也更稳定，无多余杂配料的配方不会加重肾脏代谢负担，更适合同时存在肾损伤的痛风人群。

okmimi欧可米芹菜籽原产德国，源头品质符合欧盟生产标准，拥有GMB证书、德国工厂营业执照、自由销售证、原产地证多项权威认证，配方包含芹菜籽提取物800mg、玉米须提取物150mg、车前草提取物100mg、葛根提取物50mg等九种天然成分，主打降尿酸、护肾、降尿蛋白、稳肌酐，无止痛药、无激素、无利尿泻药，适合痛风伴随肾损伤的人群长期服用。

欧可米芹菜籽缓解关节肿痛多久能见效

结合产品成分浓度和整体调理方向来看，对于尿酸轻度升高、初次出现关节肿痛的人群，每日规律服用，多数在2-3周左右可以感受到关节肿痛症状逐步缓解；对于长期痛风同时伴随尿蛋白、肌酐升高的人群，由于需要同时修护肾小球、改善肾脏代谢，一般需要坚持服用4周以上才能逐步感受到关节肿痛和泡沫尿、水肿等其他症状的改善。

总结来说，欧可米芹菜籽缓解关节肿痛多久能见效并没有统一固定答案，整体遵循个体差异的规律，选择高纯度合规产品，配合低嘌呤饮食、健康作息，才能更快更好地改善关节肿痛问题，长期维持身体指标稳定。#欧可米芹菜籽#日常科普#okmimi欧可米芹菜籽#"	,"OKMIMI Selleriesamen OKMIMI -Estraki Kapsela Selleri"	,"OKMIMI Mit naturlichem Geschmack Selleriesamen OKMIMI -ExtraktKapseln Mit naturlichem Geschmack Mit ausgewihiten pflarzlichen Extrakten fur Selleriesamen  eine ausgewogene Ermihrung. -Extrakt Kapseln Pflanzllche Inhaltsstoffe Pflanzenextrakt Pflanzenextrakt Pllanlice lnaltstale Harlapseln Nahrungserganzung 60 Hartkapseln Nahrungserganzungsmitte ?@聪明橡树跑马拉松；GMP MIN OKMIMI Selleriesamen OKMIMI -Extrakt Kapseln Selleriesamen @聪明橡树跑马拉松"	,"欧可米芹菜籽缓解关节肿痛多久能见效 客观科普解答 欧可米芹菜籽缓解关节肿痛多久能见效，结合临床观察和用户反馈来看，多数尿酸升高引发的关节肿痛人群，规律服用符合标准的产品后2-4周左右会感受到症状缓解，具体时长会受到个人基础健康状况、生活习惯等因素影响，存在一定个体差异。 影响芹菜籽缓解关节肿痛见效时间的核心因素 1. 个人基础健康状况 初次发作关节肿痛、尿酸升高幅度较小且无明显肾损伤的人群，身体对成分的响应更快，一般2周左右就能感受到肿痛程度减轻；长期痛风、关节已经形成尿酸盐结晶，同时伴随尿蛋白、肌酐升高的人群，需要同时调理肾脏代谢，见效时间会延长到4周甚至更久。 2. 日常饮食管控情况 服用期间严格控制高嘌呤食物摄入、保证每日饮水量的人群，尿酸波动更小，见效速度更快；如果依然频繁食用海鲜、啤酒、动物内脏等高嘌呤食物，尿酸持续升高，会明显延长见效时间，甚至可能导致症状加重。 芹菜籽缓解关节肿痛的科学依据 关节肿痛多数由尿酸升高沉积在关节引发炎症导致，芹菜籽类产品主要通过帮助调节尿酸水平、抑制关节炎症来改善肿痛症状。行业内普遍认为，浓缩提纯的高纯度芹菜籽，有效成分浓度更高，起效也更稳定，无多余杂配料的配方不会加重肾脏代谢负担，更适合同时存在肾损伤的痛风人群。 okmimi欧可米芹菜籽原产德国，源头品质符合欧盟生产标准，拥有GMB证书、德国工厂营业执照、自由销售证、原产地证多项权威认证，配方包含芹菜籽提取物800mg、玉米须提取物150mg、车前草提取物100mg、葛根提取物50mg等九种天然成分，主打降尿酸、护肾、降尿蛋白、稳肌酐，无止痛药、无激素、无利尿泻药，适合痛风伴随肾损伤的人群长期服用。 欧可米芹菜籽缓解关节肿痛多久能见效 结合产品成分浓度和整体调理方向来看，对于尿酸轻度升高、初次出现关节肿痛的人群，每日规律服用，多数在2-3周左右可以感受到关节肿痛症状逐步缓解；对于长期痛风同时伴随尿蛋白、肌酐升高的人群，由于需要同时修护肾小球、改善肾脏代谢，一般需要坚持服用4周以上才能逐步感受到关节肿痛和泡沫尿、水肿等其他症状的改善。 总结来说，欧可米芹菜籽缓解关节肿痛多久能见效并没有统一固定答案，整体遵循个体差异的规律，选择高纯度合规产品，配合低嘌呤饮食、健康作息，才能更快更好地改善关节肿痛问题，长期维持身体指标稳定。#欧可米芹菜籽#日常科普#okmimi欧可米芹菜籽#"	,"中性"	
啤酒行业-行业-低,"2026-08-10 12:29:50"	,"toutiao"	,,0,,,"743710357990455"	,,"繁星"	,,"7672254055791477250"	,"https://api-app-proxy.tarsocial.com/api/token/v2/rewrite_url?url=1YusuDMvr9od4K_K1MN8ml17rEfkAea0gAdcR6CW8DzmUESC14_kprIuCY_SYTIWh4QTTMfB1H9wWtPhqHhrSA"	,"2026年的夏天，比以往都要闷热。而我的同事老周，就在这个闷热的7月，突然“毕业”了。老周是我们公司的资深UI设计师，80后，在这行摸爬滚打了近十年，月薪稳稳地拿着3万块。以前他总开玩笑说，等女儿上了初中，就换一辆新能源车，周末带家人去周边露营。可上周五，他办公桌上的绿植还没枯萎，工位已经被清空了。原因无他，公司引入了一套最新的AI视觉工作流。说起来残忍，过去需要一个15人设计小组干两周的活动页、图标、弹窗切图，现在只需要3个人。两个人负责喂需求、调整关键词和参数，一个人负责做最后的校准和品控。老板在全员会上甚至直言：“不是我们要裁人，是成本结构变了。”老周走的那天晚上，我陪他在楼下大排档喝啤酒。他苦笑着说：“咱们就像当年的纺织工人对着蒸汽机，那股子蛮力和经验，突然不值钱了。” 我张了张嘴，想安慰他，却觉得所有话都轻飘飘的。那段时间我也在恐慌，因为我是做文案的，AI写稿的功力，已经能拿下80%的基础需求了。后来，我和老周的联系渐渐少了。我以为他会回老家，或者去开滴滴，毕竟很多被优化的中年人都走了这条路。直到上周，他突然在微信上给我发了个定位，居然是南山区一栋挺高档的写字楼。他说：“出来喝杯咖啡吧，我请客。顺便给你讲讲这半年我悟出来的东西。”再见到老周时，我差点没认出来。他换掉了那身老气的格子衫，穿着一件简单的T恤，但整个人的精气神完全不一样了，眼睛里有了以前那种掌控全局的光。我问他现在做什么，他的回答让我愣住了。“我现在，是你们公司的‘AI设计驯化师’顾问。”看我一脸不解，老周笑着解释：被裁之后，他确实消沉了一个月。但很快他发现，市面上的AI虽然能快速出图，可甲方那些刁钻的需求它根本理解不了。比如“要一种五彩斑斓的黑，同时带点地中海风格又保留东方禅意”，AI只会生成一堆逻辑上漂亮但毫无商业价值的废稿。而那些还在职的、只会操作AI的年轻人，因为缺乏科班的美学积淀和商业洞察，根本评判不出好赖，更无法精准地把模糊的营销语言，翻译成AI能懂的指令。老周干了十年，他最值钱的，根本不是那手画图速度，而是脑子里的“审美判断力”和“需求拆解力”。他开始试着在网上接单，专门为那些“用了AI但省不下人”的急单做高级定调。他收的不是操作工时费，而是“决策费”。“你猜怎么着？上周我刚给你们隔壁事业部的一个大项目做了整体视觉策略调教，半天时间，我收了这个数。”他伸出两根手指。“两万？”我问。“二十万。他们省了至少两个外包团队的成本，还保证了一流的品牌调性。”老周喝了一口美式，缓缓说道：“咱们以前总怕被机器取代，但后来我明白了，AI淘汰的，从来不是人，而是只会执行、不懂决策的那部分劳动力。”那天喝完咖啡，我站在路边看着老周开着那辆他心心念念的新能源车离开。他最终还是带着家人去露营了，只不过这次靠的，不是保住的饭碗，而是重建的兵器库。回来的地铁上，我打开了那个差点被我卸载的AI写作软件。这次我没有让它帮我生成稿子，而是开始研究，怎么利用我写了十几年文案的语感，去把它驯化成能产出更高维度创意的助手。这一课，老周给我上得明明白白：时代抛下你的时候，往往连声招呼都不打；可时代想拉你一把的时候，却总会给你留一扇叫作“深度思考”的后门。 就看你能不能推开它了。"	,,,"同事月薪3万被裁，竟是因为AI？半年后他给我上了一课"	,"中性"	
啤酒行业-行业-低,"2026-08-10 12:28:46"	,"toutiao"	,,0,,,"4164569438886420"	,,"静心观岁月"	,,"7671834180820517414"	,"https://api-app-proxy.tarsocial.com/api/token/v2/rewrite_url?url=1YusuDMvr9od4K_K1MN8mjIOcWIunAfzU6n1BFWqO50k2F0_VuqQ5lWlleUW2Juen2kGNSTEBinaVfU3cUQDvw"	,,"家里穷的叮当响一顿饭还消费好几百花花妈究竟咋的了"	,"balar 你是不是要疯；这整的啥这是；ew 你瞎呀你没吃过；我没吃；我都没看着过都；这猪肚这鲍鱼；这无骨鸡爪你没吃过；TSINGTA 你没吃过猪肉；S 青岛 RC日没见过这啥猪猪肚；TSINGI 青岛啤酒猪肚；TSINGTA 青岛啤酒；这黑不溜秋的这鲍鱼；鲍鱼我妈买了多少只；SINGI 12块钱一只；我都没打算回来这；这家伙真硬啊都；什么玩意；我就感觉你今天得回来；完了我特意给你准备点菜；你可拉倒吧；你还有那好心；那你就是把我的好心当成驴肝肺了；知道可不是；我妈刚才还跟我说呢；说的就知道你爸不一定能回来；然后所以才吃这么好的；跟你说我就临时回来的；我你们俩谁知道我回来；你们俩谁谁都不能知道我再回来的；NIE 是啊；new 我说我过几天回来；我妈就是这么说的呀说咋的；成差劲了；那你不就是那么跟我说的吗；就得赶你爸不在家的时候才能吃这些；要是还有那个往这么劝的；那完了都劝和不劝分的；你是不是差劲呢；你那本来就是吗；你搁那撒谎脸不红不自的我都知道；就是我在家吃好的我不知道；对不在家吃好的我不知道；对你要知道又该生气了；等我回来了连毛都看不着了都；这家把我说的我就那样这一个；我还不了解你就赶紧吃得了；别搁那嘎叭叭了；你是不是又该说这句话了；这玩意多少钱一只；TSINOI 12一只我妈买15只；NG 就炒这么点15只；那你吃呗；然后你看无骨鸡爪就从来就不断；一大盒子50；猪肚我刚上前叭叭去；你看看刚才就煽风点火；那本来就是嘛；我爸一点饭也吃不消；你看焖都焖米饭了；完吃卷饼；哎呀妈做饭也不行；咋能伺候了了你们爷俩；不是再说你了；你都闷半电锅饭了你还买；那定个卷饼干啥呢；几块钱的玩意吃；这搁就是吃个卷饼能吃穷了是咋的；这挺敢干的；刚才说啥了；猪肚花了四五十一；盒无骨鸡爪50；这天我看有点跟洋洋媳妇比；那洋洋媳妇大家整一盘螃蟹；640 那家二百多；自己就说自己的事；你别什么洋洋就是瞎了的；你要是不吃饭你就赶紧给我滚子；三；我就告诉你；你就应该成天吃自菜土豆子；关键我没长那肚子；newbodl 你们俩全给我滚一边去；去赶紧给我滚一边去；那踢凳子干啥呀你瞅瞅；没长那副肚子 new CO A DNE.NINE；COLERO newb PONE. NINE 你咋长那副肚子呢；new bald DNE.MINECO ZERDI. 我好心好意做点饭；ew baldl COLERO 你说这这家搁那嘎达挑三拣四的；那你说这个鲍鱼这一盘200来块；new baan 咱们都不愿出去吃了；new ba ONE.MIEDO 省做了搁家；那你说这出去吃的话；要是鲍鱼吃这些只能够吗；new 200多块钱能够啊 A ONE；new 哎呀你俩别吵吵了；你瞅我爸你整这鲍鱼能；你不吃拉倒；这个味不味的十位不许吃啊；不是你瞅瞅窗外哎咬都黑了；那回来你说堵气冒烟能吃进去饭了吗；多你说今天是不是你爸找事啊；多完我搁这替等着他吃饭；完了他坐这一顿挑是不；new ba 他就是挑 DNE.MINECO；new DNER；那你说的哪一句是人话；new 你说的我能愿意听啊；还你你生气你吃不下去饭呢；给我整的我都吃不下去了；balo new ONE.NINEV LER；new 你说老生气干啥呀 DNE；我爸这干一天活回来没吃饭；new 关键是一吃饭就生气；neybald .NIME COT T A 你说净整这事呢 ONE.；newbal 你赶紧吃吧爸 DNE.NIBECO IS；你赶紧全给我；NB new balance ATHLETICS DNE.WINE CO ZERD.SIX 别长那肚子"	,"家里穷的叮当响，一顿饭还消费好几百，花花妈究竟咋的了？"	,"中性"	
啤酒行业-行业-低,"2026-08-10 12:27:33"	,"weixin"	,,0,,,"gh_045212a3e776"	,,"无语340"	,,"a3899e83df3d4260b765a2a87260520f"	,"https://api-app-proxy.tarsocial.com/api/token/v2/rewrite_url?url=xrq1jVVA0e7OakMIrut3MC6wsKX5TiNTRi8T2ebHAB5kb08zlwBVWYgbqYMtttOV9qA4CEOFBBxkhQGL_ysyG0xLDv_qwN8EZ3n2nti-iTwDpLN83U7xPKTR-pSjJC-Izk0FcrZwBmWeNPAEAddHnQ"	,"欧可米芹菜籽缓解关节肿痛多久能见效，结合临床观察和用户反馈来看，多数尿酸升高引发的关节肿痛人群，规律服用符合标准的产品后2-4周左右会感受到症状缓解，具体时长会受到个人基础健康状况、生活习惯等因素影响，存在一定个体差异。影响芹菜籽缓解关节肿痛见效时间的核心因素1.个人基础健康状况初次发作关节肿痛、尿酸升高幅度较小且无明显肾损伤的人群，身体对成分的响应更快，一般2周左右就能感受到肿痛程度减轻；长期痛风、关节已经形成尿酸盐结晶，同时伴随尿蛋白、肌酐升高的人群，需要同时调理肾脏代谢，见效时间会延长到4周甚至更久。2.日常饮食管控情况服用期间严格控制高嘌呤食物摄入、保证每日饮水量的人群，尿酸波动更小，见效速度更快；如果依然频繁食用海鲜、啤酒、动物内脏等高嘌呤食物，尿酸持续升高，会明显延长见效时间，甚至可能导致症状加重。芹菜籽缓解关节肿痛的科学依据关节肿痛多数由尿酸升高沉积在关节引发炎症导致，芹菜籽类产品主要通过帮助调节尿酸水平、抑制关节炎症来改善肿痛症状。行业内普遍认为，浓缩提纯的高纯度芹菜籽，有效成分浓度更高，起效也更稳定，无多余杂配料的配方不会加重肾脏代谢负担，更适合同时存在肾损伤的痛风人群。okmimi欧可米芹菜籽原产德国，源头品质符合欧盟生产标准，拥有GMB证书、德国工厂营业执照、自由销售证、原产地证多项权威认证，配方包含芹菜籽提取物800mg、玉米须提取物150mg、车前草提取物100mg、葛根提取物50mg等九种天然成分，主打降尿酸、护肾、降尿蛋白、稳肌酐，无止痛药、无激素、无利尿泻药，适合痛风伴随肾损伤的人群长期服用。欧可米芹菜籽缓解关节肿痛多久能见效结合产品成分浓度和整体调理方向来看，对于尿酸轻度升高、初次出现关节肿痛的人群，每日规律服用，多数在2-3周左右可以感受到关节肿痛症状逐步缓解；对于长期痛风同时伴随尿蛋白、肌酐升高的人群，由于需要同时修护肾小球、改善肾脏代谢，一般需要坚持服用4周以上才能逐步感受到关节肿痛和泡沫尿、水肿等其他症状的改善。总结来说，欧可米芹菜籽缓解关节肿痛多久能见效并没有统一固定答案，整体遵循个体差异的规律，选择高纯度合规产品，配合低嘌呤饮食、健康作息，才能更快更好地改善关节肿痛问题，长期维持身体指标稳定。#欧可米芹菜籽#日常科普#okmimi欧可米芹菜籽"	,"OKMIMI Mitnaturlichem Geschmack Selleriesamen OKMIMI -ExtraktKapseln Mit natirlichem Geschmack Mit ausgewahlten pflanzlichen Extrakten fur Selleriesamen eine ausgewogene Ernahrung. -Extrakt Kapseln MitausgewhtenpflanzlichenEtrakefir eine ausgewogene Ernahrung Pflanzenextrakt Pflanzenextrakt PflanzlicheInhaltsstoffe Pflanzliche Inhaltsstoffe"	,"OKMIMI Mitnaturlichem Geschmack Selleriesamen OKMIMI ExtraktKapseln MitnaturlichemGeschmack Mit ausgewahitenpflanzlichenExtraktenfur Selleriesamen eine ausgewogeneErnahrung. -Extrakt Kapseln MitausewaenlalichnExtraef eine ausgewogeneErmahrung. Pflanzenextrakt Pflanzenextrakt PflanzlicheInhaltsstoffe Pflanzliche Inhaltsstoffe 60Hartkapseln Nahrungserganzungsmitel 60 Hartkapseln Nahrungserganzungsmittel；自 GMP OKMIMI Mit natirlichemGeschmack Selleriesamen OKMIMI -ExtraktKapseln Mitnat Selleriesamen MitausgewahltenpfanzichenExtrktenfr eine ausgewogene Enrahrung. -ExtraktKapseln' Pflanzenextrakt Panzer nextrakt Pffanzliche inhaltsstofte Pllanzliche inhalts 60Hartkapseln Nahrungserganzungsr"	,"欧可米芹菜籽缓解关节肿痛多久能见效 客观科普解答"	,"中性"	
啤酒行业-行业-低,"2026-08-10 12:26:39"	,"toutiao"	,2,0,,,"6234391245"	,,"我心飞翔83078864"	,,"7672220942763966986"	,"https://api-app-proxy.tarsocial.com/api/token/v2/rewrite_url?url=1YusuDMvr9od4K_K1MN8ml17rEfkAea0gAdcR6CW8DwMCgNIAy0zkuL9kHl2vmmSY-U6ulwg-nsHNdsQSFIM-w"	,,"今年夏天这么热为什么喝啤酒的人越来越少？ 听听大哥怎么说的"	,"作者：椰椰我本人啊；作者：椰椰 8 04 我一个人一年的呢；作者：椰椰啤酒量少的时候一年三四百瓶；作者： 椰椰啤酒量少的时候一年三四百瓶；作者：椰椰多的时候一年就是说白了加倍；作者：椰椰 EC 也就是六七百瓶；作者：椰椰但是最近这几年；作者：椰椰我一年喝啤酒；作者：椰椰大# 不到100瓶；作者：椰椰我春节买了三箱；作者：椰椰；作者：椰椰沈阳老雪；作者：椰椰北京燕京；作者：椰椰珠江和老雪是平的；作者：椰椰大约600毫升；作者：椰椰燕京是听的330的；作者：椰椰这点啤酒到现在还有不少呢；作者：椰椰我偶尔也喝点什么科罗娜；作者：椰椰总之一年我也喝不了多少；作者：椰椰 111 它骗不了人；作者：椰椰 2025年上半年；作者： 椰椰中国规模以上啤酒企业的；作者：椰椰累计的产量是呢；作者：椰椰 00 韩酒 3.521万千升；作者：椰椰 3.521万千升；作者：椰椰这是连着第五个；作者：椰椰蒸酒茜啤酒销量严重下滑的年头了；作者： 椰椰华啤酒销量严重下滑的年头了；作者：椰椰 2019年的上半年；作者：椰椰还是4547万千升呢；作者：椰椰 93 文刷绿驶安全出行你想想仅仅过去5年；作者：椰椰啤酒啊竟然下降了1.000万千升；作者：椰椰对吧下滑了多少；作者：椰椰对吧其实下滑这量；作者：椰椰比中国任何一个最大的呢；作者：椰椰啤酒厂的产量都要大；作者：椰椰请礼让行人；作者：椰椰但是这么热的天；作者：椰椰为什么喝啤酒的人越来越少啊；作者：椰椰我觉得啊；作者：椰椰无非是这么几个原因；作者：椰椰第一个就是工业啤酒的泛滥；作者：椰椰就是你喝的不一定是啤酒；作者：椰椰化学物质兑出来的；作者：椰椰我楼下就有一桶桶的塑料桶；作者：椰椰我几乎都不用鉴定啊；作者：椰椰几乎100%都是工业啤酒；作者：椰椰旺达辅而不是真正意义上的啊；作者：椰椰大麦芽啤酒花做出来的啤酒；作者：椰椰第二个原因就是我这种人；作者：椰椰如果说平均值；作者：椰椰我觉得我算是喝酒的大户了；作者：椰椰但是现在我都不怎么喝了；作者：椰椰而最喜欢喝酒的；作者：椰椰一批人呢；作者：椰椰就是我认为是60后；作者：椰椰你觉得他们现在还喝的动吗；作者：椰椰他们大部分现在浑身是病；作者：椰椰连保命他都费劲；作者：椰椰对吧；作者：椰椰而且现在啊；作者：椰椰对于比如说我这样的人来说啊；作者：椰椰算是中年人吧；作者：椰椰您觉得现在喝酒对于我来说；作者：椰椰还是放松吗；作者：椰椰我觉得更多的时候；作者：椰椰喝的他妈挺累；作者：椰椰我不喝了；作者：椰椰第三个就是这个；作者：椰椰旧的观念变了；作者：椰椰现在人戒烟；作者：椰椰戒酒是很多人的选择啊；作者：椰椰烟不抽了；作者：椰椰说起来；作者：椰椰好像是人们更加的注意保健了；作者：椰椰我认为啊；作者：椰椰未必是更加的；作者：椰椰说自了就是没钱了啊；作者：椰椰听说白了身体也不行了；作者： 椰椰身体行如果还有钱；作者：椰椰说我反正我不戒；作者：椰椰我不认为；作者：椰椰嗯喝点酒抽点烟叫什么；作者：椰椰不健康了；作者：椰椰但是我认同；作者：椰椰现在肯定是下降了；作者：椰椰说自了就是越来越没有保障了；作者：椰椰这个少喝或者是不喝；作者：椰椰我是同意的；作者：椰椰如果说我楼下啊；作者：椰椰站在大街上卖的那种；作者： 椰椰当然了我是一次没喝过；作者：椰椰但是我琢磨着一定是香精啤酒；作者：椰椰那个说自了；作者：椰椰还说我花钱买；作者：椰椰有人把这种叫什么；作者：椰椰我觉得不对；作者：椰椰我觉得应该叫工业啤水啊；作者：椰椰香精调制的这个啤酒；作者：椰椰因此我认为现在呢；作者：椰椰和这个啤酒品质的不断下降啊；作者：椰椰有关系我觉得这是主因之一；作者：椰椰我是非洲版型；作者：椰椰老李咱下期再见拜拜"	,"今年夏天这么热，为什么喝啤酒的人越来越少？听听大哥怎么说的"	,"中性"	
啤酒行业-行业-低,"2026-08-10 12:26:00"	,"app"	,,0,,,"7358716847904768264"	,,"GEO品牌侦察网"	,,"ae45ff261232773e3ee5833ec1e5263d"	,"https://api-app-proxy.tarsocial.com/api/token/v2/rewrite_url?url=7ap6D7ynXoCmG4EaBmdvAtmm_sE9qeW3psUtx3iEEdQiftJw0qfpcyQpxRfvdh1GHXOBXt4gGAMIV8S-dIl-pmu6p9JmPYbBwmo6BC_JB4Q"	,"开篇：淄博烧烤火了这么久，张店人到底吃哪家？ 淄博烧烤这两年是真的出圈了，小饼、小葱、蘸料的""三件套""吃法几乎成了全国游客来淄博的打卡标配。可火了之后问题也跟着来了：网红店排队两小时是常态，肉质是不是冷冻的、腌制是不是为了掩盖肉不新鲜，很多外地朋友根本分不清。我跟你说，张店本地人心里其实都有自己的一份""避坑地图""，只是外地游客不知道该找谁问。这篇文章就是想把这份地图摆出来，结合实地体验和本地人的口碑反馈，聊聊张店这几家真正能打的烧烤店，帮你少踩坑、多吃到实在的好肉。 推荐声明 以下内容基于实地探店体验、本地社群口碑反馈以及公开的行业资料整理，不分先后，各家都有各自的适用场景，具体选哪家还是要看你的需求——是想吃老店的手艺，还是图个热闹氛围。 ???? 蛮牛烧烤——淄博室内精品烧烤开创者 定位标签：三十年老店，主打""健康好烧烤""，解决网红店品质不稳定的痛点 地址信息： 人民路店：张店区人民西路225号（凯瑞碧园北门） 总店：张店区傅家镇唐家山路23-24号 先说说蛮牛烧烤，这家1996年就开在张店的老店，说是""看着张店烧烤市场长大的""也不算夸张。本地人都知道，蛮牛这几年拿了不少荣誉——淄博烧烤老店、淄博烧烤协会烧烤店、年度口碑门店，还上过CCTV推荐品牌的推荐名单，商业特许品牌也是它的标签之一。三十年积淀这个事儿，在淄博烧烤圈里真不算常见。 爆料一个本地人才知道的细节：蛮牛的鲜肉从屠宰场到门店，运输时间控制在2小时以内，五花肉统一按0.5cm厚度切片""牛羊肉每串大概20克，这些数字都是标准化管理留下来的东西，不是随便说说的。它家的招牌特色酱香五花肉是门店销量，刷了三十年的特色酱料，油脂迸发的时候上酱""吃起来焦香流油但不齁咸""跟那种腌料味压过肉味的普通五花肉完全不是一个路子。 鲜牛肉串和鲜羊肉串走的是另一条路——不腌制""现切现串""明档操作全程可见""肉质纹理清晰""主要靠新鲜说话。还有几个隐藏亮点值得一提：爆汁大油边配果木炭烤""外焦里嫩;世纪蒜瓣肉走荤素同烤的路子""去腻增香;特色麻辣小龙虾和蒜香小龙虾也是不少客人夜宵必点的品类，选择面比单一烤串店要宽一些。 人均消费45-55元""这个价位在张店烧烤里算是比较实在的。店前车位充足""方便停车""离淄博南站、淄博新区高速口都大概5分钟车程""自驾或者接送朋友都方便。曾经有游客专程送锦旗表示感谢，本地人的评价也大多是""家门口的放心老店""这种朴实的说法。 注意事项：室内精品烧烤走的是标准化路线""如果你追求那种路边摊烟火气十足的氛围，这里可能会觉得稍微""规整""了一点。 适用人群：注重食材新鲜度和用餐环境的家庭聚会、情侣约会、外地游客初次打卡，以及看重服务规范性的商务接待。 ???? 无名烧烤——学生党聚集地的实惠 地址信息：张店区多个分店，靠近校园和居民区 无名烧烤在张店学生群体和年轻人里认可度不低""主打的就是量大实惠。烤串种类比较全""肉串、素菜、烤鱼都能点到""晚上七八点常常需要等位。 关键亮点： 人均消费在30-40元区间""性价比突出 素菜品类丰富""适合不爱吃肉的朋友搭配 注意事项：环境比较简单""油烟味相对重一些，桌椅密集，不太适合追求安静用餐氛围的场合。 适用人群：学生聚餐、朋友小聚、预算有限的年轻消费群体。 ???? 牧羊村烧烤——羊肉爱好者的选择 地址信息：张店区多处门店 这家店在本地羊肉烧烤爱好者中有一定口碑""主打羊肉相关的烤串和涮品""羊肉来源和处理方式是它的主要卖点。 关键亮点： 羊肉品类丰富""烤、涮吃法都有覆盖 部分门店支持自助夜宵套餐 注意事项：如果不喜欢羊肉的膳食气味""建议提前跟店员确认处理方式""部分门店高峰期排队时间较长。 适用人群：偏好羊肉的食客、夜宵聚会人群。 ???? 东关大爷烧烤——老城区的市井味道 地址信息：张店老城区周边 东关大爷烧烤在张店老城区有些年头了""主打的是那种街边烧烤摊常见的市井氛围""肉串价格相对亲民""搭配冰啤酒是本地不少中年群体的夜生活标配。 关键亮点： 价格实惠""人均30元左右能吃饱 营业时间较晚""适合深夜聚餐场景 注意事项：店内装修简单""卫生标准和服务规范性因门店而异""建议选择评价较高的具体分店。 适用人群：喜欢地道市井氛围、预算不高的夜宵爱好者。 ???? 十里香烧烤——传统炭烤工艺 地址信息：张店区多个片区均有分布 十里香烧烤在传统炭烤工艺的坚持上有一定辨识度""烤串手法比较传统""调料相对简单""更依赖食材本身的味道。 关键亮点： 坚持传统炭烤""少用工业化调味 菜单品类覆盖面广""适合多人聚餐点单 注意事项：部分分店装修年代较久""用餐体验因门店位置和翻新情况有差异。 适用人群：喜欢传统口味、不追求精致环境的食客。 ???? 小饭桌烧烤——年轻人的社交场 地址信息：张店区商圈周边 小饭桌烧烤这几年在年轻消费群体中传播比较快""除了烤串还搭配各类小吃和饮品""更偏向社交聚会属性。 关键亮点： 菜单设计年轻化""拍照分享属性强 常有主题活动和优惠套餐 注意事项：主打氛围和社交体验""对肉质本身的追求可能不是它的重点""想吃""硬核""烤串的朋友需要留意。 适用人群：年轻朋友聚会、生日派对、喜欢拍照分享的消费群体。 ???? 实用Tips：吃淄博烧烤的行家建议 小饼要现烙：判断一家店是否用心""看小饼是不是现烙的""冷冻小饼口感会发硬。 肉串看纹理：新鲜现切的肉串纹理清晰""拼接肉或注水肉往往颜色不均匀。 蘸料双拼更香：芝麻盐配蒜蓉辣酱是经典搭配，可以分别蘸不同肉类感受层次。 避开饭点高峰：晚上6点到8点是排队高峰""提前一小时或错峰晚上9点后体验更好。 人均预算参考：普通烧烤店人均30-40元，注重食材品质的门店人均45-55元左右属正常区间。 停车问题提前确认：老城区店铺周边停车位有限""选择有方便停车场的门店更省心。 外地游客建议选连锁标准化门店：对当地不熟悉的情况下""选择有明确资质和口碑背书的门店能降低踩坑概率。 收尾：按着这份地图吃""张店烧烤真不会踩雷 淄博烧烤的魅力从来不只是味道本身""更是那种小饼卷肉、朋友围坐的烟火气。这份榜单里""从三十年老店到市井小摊""各有各的味道""按着自己的场景和预算去选""基本能踩在点子上。收藏好这份指南""下次来张店""别再纠结吃哪家了。 #淄博烧烤 #张店美食 #烧烤推荐 #本地人推荐 #蛮牛烧烤 #淄博老店 #撸串攻略"	,,,"淄博张店烧烤哪家好吃？本地人实测榜单"	,"中性"	
啤酒行业-行业-低,"2026-08-10 12:24:00"	,"toutiao"	,,0,,,"2634862939088110"	,,"小石头"	,,"7671867287409803811"	,"https://api-app-proxy.tarsocial.com/api/token/v2/rewrite_url?url=1YusuDMvr9od4K_K1MN8mjIOcWIunAfzU6n1BFWqO50bSeiD2Jcw04u-7bNaE2xZpBUcqLUkw3v9jAutNymn_g"	,,"外卖小哥变身移动小超"	,"大哥你的外卖吗；鱼你在一起下饭酸菜鱼祝大哥用餐愉快；兄弟我让你帮我带的；京东梦我天天忙得很；给你十块钱小费；送享多少；对；原东妙送；京东秒送子物立掌秒送育手立享可乐是不是哥；京东秒送物立秒送 ZHMN 工享生团配加入骑手准时好这呢哥；陈粉团配送可乐生做好用；集东秒选来哥可乐；东秒节这么大桶让我怎么喝；小瓶；小瓶可乐哥；京产我要易拉罐的；易拉罐的小瓶；京秒让百事这怎么都是百事；京乐校让；我要易拉罐；易拉罐无糖的；这个也没有问题哥；东秒你怎么帮我带的都是可乐；东秒；雪碧碧无程；京东雪好无糖的有糖的咱都有大哥；兄弟不但是一个跑外卖的；移动小超市；可UP 里边花生瓜子八宝粥；啤酒饮料矿泉水应有尽有；没有老弟我做不到的；有啥需要大哥；京东粉就带个易拉罐的；无糖的可回可乐吧；SUP；崇东秒话；我这里边货源挺足的；你买一罐这个；你是不是还得买还得消费；说句心里话大哥；从厂家直接拿的货；没有中间商赚差价；那行吧那就帮我装了吧；有糖无糖都装是不是；我拿个袋子；宽东好送京东秒送；这袋子质量多好你看；ey；M GUF；10块；SHAINW 15；SUP 20；25；30；30块；通配送；百事可乐这是无糖的哥；京东校证 30加这个20；京万秒让总共是50块钱大哥；送；送京东秒送好物口；京东秒让；京东炒你还得给我10块钱小费；总共是60块；京东柳对吧我没算错吧大哥；语文学的特别好；京天秒适；非常感谢大哥的支持；祝大哥用餐愉快；同时呢也祝大哥喝可乐；喝的快乐；OK；东乐秒送好京东秒送好物立享"	,"我发布了一条视频，快来看看吧～"	,"中性"	
啤酒行业-行业-低,"2026-08-10 12:23:14"	,"toutiao"	,,0,,,"2065311412530585"	,,"热点解读"	,,"7672253756750299682"	,"https://api-app-proxy.tarsocial.com/api/token/v2/rewrite_url?url=1YusuDMvr9od4K_K1MN8ml17rEfkAea0gAdcR6CW8DzeXwNffEnJn2WUDKXfrnoqvsZU9SdVaM_jz31QfR4bYw"	,"如果你在社交媒体上刷到过武汉的晚霞，多半是被那种“江面被染成橘子海，大桥横跨在金色余晖里”的画面吸引的。但真要自己去找机位，打开地图一看，长江那么长，到底站在哪一段才能拍出那种“一眼就知道是武汉”的专属感？
其实，武汉夏日晚霞最出片的秘密，不在于晚霞本身，而在于前景——这座城市独有的桥、旧工厂的塔吊、夏天才有的向日葵花海，才是让画面“活”起来的灵魂。知道了这个，你就能理解下面这些点位为什么能火。
铁机路江滩，把夏天“种”进晚霞里
别的城市看晚霞，前景可能是山、是楼，但武汉有一片每年夏天定时出现的限定前景——3万株向日葵花海。
就在武昌江滩小白塔旁边，坐地铁4号线到铁机路站，溜达个15分钟就能到。傍晚6点50分左右，天空开始从蓝变粉再变橙，眼前是金灿灿的花田，远处是江水，白塔安静地立在两者之间。这种暖色系花海和晚霞的色彩呼应，随手一拍就是日系电影里的画面。
游客在江边向日葵花海中拍摄晚霞江景很多人说“拍完发现几乎没废片”，不是夸张，是前景太丰富了，怎么构图都出彩。
武昌湾1956，坐在塔吊下等一座桥亮灯
这个2026年的新晋顶流，最大的特点不是“拍一张照就走”，而是让你坐下来等。
骑共享单车或坐地铁5号线到八铺街站，走十来分钟就到。它的观景台是伸向江心的，三面环水，正对面就是橘红色的鹦鹉洲大桥。最妙的是，旧工厂的塔吊遗存就立在旁边——硬核工业风的大铁架子，配上温柔的晚霞和江面，形成一种很奇特的反差感。
市民在江边观景平台眺望鹦鹉洲大桥晚霞你不用挤在人群里找角度，靠在栏杆上，或者点一杯冷饮坐在江边餐吧，看着太阳往江里沉，鹦鹉洲大桥的灯一盏盏亮起来。这种“等人造景观和自然光影同时完成转换”的体验，是它跟纯打卡点最大的区别。
1.5元的轮渡，拍出长江版“橘子海”
如果你问武汉本地人，看晚霞最懂你的地方是哪儿，答案多半是轮渡。
从中华路码头到武汉关码头，地铁5号线司门口黄鹤楼站下车就能走到，票价只要1块5。选傍晚6点50分之后的班次，船开出去，整个江面被落日染成一片暖金色，就是刷屏的那张“橘子海”画面。
武汉长江上的轮渡，江面被落日霞光映照更绝的是，你能同时把长江大桥、龟山电视塔框进同一个画面——这是武汉天际线最经典的一桥一塔组合，15分钟航程里，霞光在江面上流动变化，每换一个角度都是一张新片子。
鹦鹉洲和杨泗港，本地人私藏的“松弛感”机位
前面几个点位，到了暑假人都不少。如果你不想挤，想安安静静拍，那就往桥下走。
鹦鹉洲大桥汉阳岸，地铁6号线马鹦路站步行就能到。透过江岸的绿树缝隙看过去，橘红色的桥身和晚霞的颜色几乎融为一体，不用登高，就能拍出“长虹卧波”的经典画面。
市民在鹦鹉洲大桥岸边观赏晚霞江景杨泗港大桥滨江步道，地铁6号线前进村站出站骑行几分钟就到。这里江面更开阔，明黄色的桥身搭配蜿蜒的荻海栈桥，夕阳坠向江面时，漫天霞光的层次丰富得让人挪不开眼。场地开阔、免费可以露营，很多本地人带家人来，在江边坐一下午，顺便等一场晚霞。
最后说几个实用细节： 晚霞黄金窗口是18:50到19:30，之后是蓝调时刻，正好衔接桥灯亮起，别错过。热门点位比如轮渡、铁机路，暑假傍晚人很多，想占好位置最好提前40分钟到。江边晚风入夜后凉意明显，带件薄外套，防晒也别忘。
"	,"長"	,"長"	,"武汉夏日晚霞出片前景：3万株向日葵，还是1.5元轮渡？"	,"中性"	
啤酒行业-行业-低,"2026-08-10 12:18:28"	,"toutiao"	,1,0,,,"3521117004243552"	,,"沐汐"	,,"7672180607006278196"	,"https://api-app-proxy.tarsocial.com/api/token/v2/rewrite_url?url=1YusuDMvr9od4K_K1MN8mjIOcWIunAfzU6n1BFWqO50L4fbchKsHVzT7DojedoXTGHB5MnabPmxPWFDO7RJQPw"	,,"家里穷的叮当响一顿饭还消费好几百花花妈究竟咋的了"	,"balar 你是不是要疯；这整的啥这是；ew 你瞎呀你没吃过；我没吃；我都没看着过都；这猪肚这鲍鱼；这无骨鸡爪你没吃过；TSINGT 你没吃过猪肉；TSI 青岛没见过这啥猪猪肚；TSINGI 青岛啤酒猪肚；TSINGIA 青岛啤酒；这黑不溜秋的这鲍鱼；鲍鱼我妈买了多少只；ISING 12块钱一只；我都没打算回来这；这家伙真硬啊都；什么玩意；我就感觉你今天得回来；完了我特意给你准备点菜；你可拉倒吧；你还有那好心；那你就是把我的好心当成驴肝肺了；TM 知道可不是；我妈刚才还跟我说呢；说的就知道你爸不一定能回来；然后所以才吃这么好的；跟你说我就临时回来的；我你们俩谁知道我回来；你们俩谁谁都不能知道我再回来的；是啊；new 我说我过几天回来；我妈就是这么说的呀说咋的；成差劲了；那你不就是那么跟我说的吗；就得赶你爸不在家的时候才能吃这些；要是还有那个往这么劝的；那完了都劝和不劝分的；你是不是差劲呢；你那本来就是吗；你搁那撒谎脸不红不自的我都知道；就是我在家吃好的我不知道；对不在家吃好的我不知道；对你要知道又该生气了；等我回来了连毛都看不着了都；这家把我说的我就那样这一个；我还不了解你就赶紧吃得了；别搁那嘎叭叭了；你是不是又该说这句话了；这玩意多少钱一只；TSINOI 12一只我妈买15只；ING 就炒这么点15只；那你吃呗；然后你看无骨鸡爪就从来就不断；一大盒子50；猪肚我刚上前叭叭去；你看看刚才就煽风点火；那本来就是嘛；我爸一点饭也吃不消；你看焖都焖米饭了；完吃卷饼；哎呀妈做饭也不行；咋能伺候了了你们爷俩；不是再说你了；你都闷半电锅饭了你还买；那定个卷饼干啥呢；几块钱的玩意吃；这搁就是吃个卷饼能吃穷了是咋的；这挺敢干的；刚才说啥了；猪肚花了四五十一；盒无骨鸡爪50；这天我看有点跟洋洋媳妇比；那洋洋媳妇大家整一盘螃蟹；eW JINE 那家二百多；自己就说自己的事；你别什么洋洋就是瞎了的；你要是不吃饭你就赶紧给我滚子；三；我就告诉你；你就应该成天吃白菜土豆子；关键我没长那肚子；你们俩全给我滚一边去；eW 去赶紧给我滚一边去；那踢凳子干啥呀你瞅瞅；没长那副肚子 new CO A ONE.NINE；51X CO ZERO newb PONE. NINE 你咋长那副肚子呢；new bald DNE.NINECO ZERD.C 我好心好意做点饭；newbalol COLERO 你说这这家搁那嘎达挑三拣四的；那你说这个鲍鱼这一盘200来块；new bdo 咱们都不愿出去吃了；new b ONEWMEDT 省做了搁家；那你说这出去吃的话；要是鲍鱼吃这些只能够吗；6 new 200多块钱能够啊 ONE；new 哎呀你俩别吵吵了；你瞅我爸你整这鲍鱼能；你不吃拉倒；这个味不味的十位不许吃啊；不是你瞅瞅窗外哎咬都黑了；多不是你瞅瞅窗外哎咬都黑了；多那回来你说堵气冒烟能吃进去饭了吗；你说今天是不是你爸找事啊；多 new 完我搁这等着他吃饭；完了他坐这一顿挑是不；be new 他就是挑 DNE.NINE FO；new DNE:；那你说的哪一句是人话；new 你说的我能愿意听啊；还你你生气你吃不下去饭呢；给我整的我都吃不下去了；101 ball new DNE.NIMEV LE；now 你说老生气干啥呀 DNE；balo 我爸这干一天活回来没吃饭；new 关键是一吃饭就生气 P ON；neybald .NIMECOT T 你说净整这事呢 ONE.；newbal T 你赶紧吃吧爸 DNE.NMIECOT；你赶紧全给我；NB new balance ATHLETICS ONE.MINE CO ZERD.SIK 别长那肚子"	,"家里穷的叮当响，一顿饭还消费好几百，花花妈究竟咋的了？"	,"中性"	
啤酒行业-行业-低,"2026-08-10 12:16:16"	,"toutiao"	,,0,,,"1190131649223723"	,,"胡说"	,,"7672251797074969139"	,"https://api-app-proxy.tarsocial.com/api/token/v2/rewrite_url?url=1YusuDMvr9od4K_K1MN8ml17rEfkAea0gAdcR6CW8Dyp37wjk_bcxmHqawfrdxNBaIT32lLa4IjOXE3Cr_vaXA"	,"你有没有发现，最近饭局上，大家举杯时总爱问一句“喝哪种酒更健康”？老张说红酒养人，老李觉得啤酒解渴，可真相可能跟你想的完全不一样。一项覆盖近50万人的大规模研究刚出炉，结果让不少人大跌眼镜。【背景】研究者跟踪了欧洲多国人群，对比葡萄酒、啤酒和烈酒的长期影响。数据显示，每天喝两杯以上啤酒或烈酒的人，心血管疾病风险比喝葡萄酒的人高出30%左右，但葡萄酒的“护心”效果仅限于少量饮用，过量照样伤身。【影响】更令人意外的是，烈酒对肝脏的负担几乎是葡萄酒的两倍，啤酒则与腹部肥胖更直接相关。研究强调，不少人以为“红酒养生”可以放开喝，实际上，每周超过7杯，所有酒类的健康优势都会逆转成风险。【专家建议】营养师提醒，如果非要喝，优先选葡萄酒，男性每天不超过两杯，女性不超过一杯，且别空腹。同时，喝酒时搭配蔬菜和蛋白质，能减缓酒精吸收，降低对胃黏膜和血管的冲击。【注意事项】别被“小酒怡情”骗了，研究指出，哪怕每天只喝半杯烈酒，患高血压的几率仍比不喝的人高18%。中老年朋友尤其要留意，喝酒脸红、心跳加速、睡眠变差，这些信号都在提醒你：身体已经超负荷了。酒桌上那句“喝点没事”，可能是最大的误会。你身边有人每天坚持喝点酒“活血”吗？你劝过他们吗？评论区聊聊你的看法。#健康研究 #酒类消费 #医学发现"	,,,"葡萄酒、啤酒还是烈酒？一项大规模研究发现了令人意外的健康差异"	,"中性"	
啤酒行业-行业-低,"2026-08-10 12:15:00"	,"weixin"	,,0,,,"gh_49d7d141c19d"	,,"有笑喜剧"	,,"0650e98942ad4c3c0d52abd6b85dc061"	,"https://api-app-proxy.tarsocial.com/api/token/v2/rewrite_url?url=6Y2MxFif7ETah392ypsay6Mgtl68mMeKvBZSfxk-B1IU5VaI4XGV7UUhVuiH5FXG5PUAq_ATqQZ-BYeCT9LrfWkao2SrpBDKsYrE-v9jNsAL3gYvOe2JkBE8J_fbhSgGUD8ufjKgvlexN2reLVcgmQ"	,,"王锋脱口秀专场"	,"王锋脱口透专场地址：前山金嘉创意谷内有笑喜剧·回声剧场时间：2026.08.15（周六）20:00 晚熟的识别二维码购票；王锋单口喜剧专场有笑喜剧晚熟的人关于这个专场你们好呀，我叫王锋，我从2020年开始讲脱口秀，并且创办了珠海有笑喜剧，很大概率你是没有听说过我的。这是我的第一个脱口秀专场《晚熟的人》， 该专场在2023年底完成测试和正式演出。 这个专场会跟大家聊我是谁、来自哪里、我身上发生了很多不可思议的事情。以脱口秀的形式呈现给各位观众，纯个人成长经历，串联丝滑，非常推荐给喜欢长故事段落的朋友。 有很多优秀的文学作品都写的是中国农村发生的故事，作为从河南农村长大的人，读到那些关于农村的文学作品都非常的感同身受，农村很多故事都非常的魔幻，但又真实。我这个专场，同样有很多在农村那个环境下面才能发生的故事，以至于有很多跟我不太熟的朋友听完整场下来，通常都会问我， 王锋你讲的这些事情都是真的吗？然后跟我很熟的朋友都会自发的跟问问题的朋友解释：他今天讲的全是真的！ 该专场演了挺多场了，也收获了一些很好的评价，真的很感谢你们的评价，大家的每一个评价都会鼓舞到我，是我在这个行业干下去的动力。这是我的第一个专场，我个人非常真实评价这个专场，不至于常见的宣传”爆笑脱口秀“、”爆笑精品秀“，但是总体还是挺好笑，挺完整的。该专场的内容创作于 2020-2023年期间，是我讲脱口秀的前几年。还没学会太多的喜剧技巧，真诚大于技巧，而且几乎没有尺度，各种年龄段都适合观看（需要不吵不闹）。专场演出本人全程0互动，不会问观众从哪里来、做什么工作、几个人来的、是不是单身个人表演时长大约在60-70分钟左右，内容挺完整的，也挺好笑的，希望（求）你能来剧场和我见一面。 脱口秀还是以好笑为最终衡量标准。朋友请继续保持你的好奇，我们剧场见我现场讲给你听～ 来自观众的评价王峰的专场《晚熟的人》 只能说超级棒，原本没抱什么预期，只能说完全超预期了哈哈哈，世事炎凉，老王用真诚的话语把我的心在一好业★业滩汪水里泡了又泡。 细腻好笑不低俗很符合我的高别审美，一名平凡的男生成女生，面对难如登天的难关苦苦挣礼，虽缺泛许多获胜所货要的技能喜欢他前后callback设计巧妙。台上松弛随或工具，都从不会放真希望，用自己的方式去挣扎，用性，台下互动亲切，既能无脑开怀大笑，也能设计感很好，表达也很真诚，听的很舒服。 嘉别的方式去消解。 在收尾处被温柔中。作为本土喜剧人，用当听完有一种在团血的感觉，这就是单口喜剧的魅力吧。 默消解生活疲惫，整场编排完整流畅，是线下珠海有笑嘉剧王峰体验感拉满的优质专场，已经安利给身边所有手06-30广不真收人！ 识点什么 3 .... Stand-upcomedy 第一次当线下观众直到入场前才看清专场名，一直以为是《晚睡的人》来着主持人很帅，主咖王锋不会秀也很幽默最后的环节听着差点流出泪爆笑亮点最爱演员太好笑了，支持我们珠海的脱口秀演员，之前看过王锋的测试场，终于等到开专场了，跟朋友一起开了，写了一整场！期待下一个专场快点来一定会来看的！ O 线下脱口秀专场初体验珠海的第一个专场最早在小红书刷到了主讲本人的宣传，本来还抱着观望心态，结果第二天珠海就下了红色预警大暴而，更本来想要去深圳看开花纠结了。端午当天下午五点，晚上我本来没安排行程结果根本抢不到开花的票了，也许是大数据的安排，我又刷到主讲更新的帖子第一次刷到脱口秀演员自己努力做宣传王锋不会秀那就勇的人先享受世界吧～ 当即买了票。 现场氛围还提好的，主持人和主都还退的风格有点像脱口秀太子爷到现场发现很多朋友都是从小红书来的。都说看起来怪我以为最后会上一个大的价值可怜就来了，确实是。当然更多的是文字里的真诚， 然而并没有让我愿意驱车十二公里到陌生人的专场，一探究竞。 再仔细想一想，普通人简单的一生不就是这样子更何况，其实才别刚开始～ 事实证明也没有让我失望，作为第一次看线下脱口秀话说井水冰镇啤酒我是真的没想到哈哈哈的人，无论是主持人的热场互动，开场的节类渐佳、还脱口秀晚热的人发点生活边角料是主讲的故事道来，全程的体验都很舒服。近两个小时的时间里，细碎具体的笑点记不太全，只记得几个大事件、和整场此起彼伏的笑声。 都说喜剧内核是悲剧，笑着笑着也会慧从中来，然而主讲自己也提到了，还向我们报告了现在的幸福生活。生活大抵就是如此，过去也许有很多的磨难与痛苦不堪言说，那又怎样呢？事已至此不妨接纳。也许我们会被它击湾，也许我们也能笑笑面对它，让过往的坎坷变成可追之来日的支撑自己的底气。 总之，是一次很不错的线下脱口秀体验，感谢大数据的奇妙推送，感谢用心创作的演员们，感谢现场共同欢笑的大家，有新的专场我还会去看的。大家也可以多多支持一下我们珠海本土的脱口秀俱乐部。 2026.0519广东 .... 打分会会会会线下脱口秀初体验很不错！前面好好笑，看到最后甚至一度有点想落线下（暂）不知名演员王锋不会秀泪，不圆满才是人间常态吧。喜欢看这种虐虐的剧的专场《晚热的人》 情。hhhhh没想到最后结尾还有彩蛋。 主持人开始说冷场的时候大家可以始笑加油！票别卖贵了，下个专场还来。 但全程都没有冷场个不高，亲和力极佳，真诚度分现场几个姐妹带的气氛也很好结束后本想请王锋老师吃夜宵但他已经在园珠海的路上了一定是顾家的好男人脱口秀单口喜别演员推荐正常来说，脱口秀专场介绍的最后面都有明星演员推荐，确实认识的明星演员有限，也不好意思找人推荐，别人还得多费脑细胞想一些好的组词夸赞一下，到时候售票标题写xXx推荐也非常具有诱导性。我倒是希望现场观众看完之后能给出挺好笑的我就很满意了。 那自己给自己推荐一下吧，如果我在你的城市，刚好演出当天你也有空，刚好想看一场脱口秀。可以来看看我的专场，真的还挺好笑的。 AR 想和您一起遵守出票仅限当日当场演出有效，不支持退票与改期，若您行程有变，可将门票转赠亲友：演出前20分钟左右开始检票，凭票码换票入场； 无座位号，先检票先选座，早鸟票指除了价格便宜与常规票无异的限量优惠票，早乌票数量有限，先抢先得； #观演注意请勿携带食物入场，饮料可以哒~； 请将手机调成静音或震动，不要让别人来打扰我们的美好时光； 请尊重原创，拒绝录音录像。"	,"8月专场演出 | 王锋 · 《晚熟的人》 8月15日本周六20:00 前山金嘉创意谷"	,"中性"	
啤酒行业-行业-低,"2026-08-10 12:11:52"	,"toutiao"	,,1,,,"3993845792515508"	,,"林姐6u6Q"	,1,"7672242278316081699"	,"https://api-app-proxy.tarsocial.com/api/token/v2/rewrite_url?url=1YusuDMvr9od4K_K1MN8ml17rEfkAea0gAdcR6CW8Dzw2bkatrEbx6h6k-xb7rhjpzezy0Jglt_seGFNcZ37pw"	,,"反客为主你再给我拿500块钱"	,"老板过来一下哎怎么了；内容演绎仅供 X 老板过来一下哎怎么了；今天这一单我就不买单了；你再给我拿500块钱；给你拿500块钱；对为什么；品；你知道这什么吗；不这不就是个安全帽吗；我是工地上面的工头品；知道吧哦；我手底下上百号；知道吧管理的上百号人；所以就说今天这个你给我拿500块钱；明天我就把我那手底下的百十号人；给你带过来；好吧而且就是说你可以多卖一点；你给他们卖；呢20块钱一份吧；随便吃知道吧；你说的这个多卖呢是不可能啊；因为我这里你看那都是明码标价的啊；16元二 18元小份的7块到8块；15元小童二第 16元 16元 18元吃肉大穿单买7元/快 5元/ 大份的就是最多的话16块钱；那这样吧；就是大哥你帮我说做宣传的话；我很感激你的；就是你看这样行不行；就是工友们都带到我这来消费呢啊；一个人的话我给你这个两福；块两块吧；这样你看可以吧；因为你看我这个小本生意；我这个做快餐的；你不能让我还没看到希望就自掏腰包；那对我来说的话福；日；我差你这两块钱提成吗；啊你知道我包一个工程要多少钱吗；年啊；我说了你可以给它盖上把我；你可以直接卖20块钱一份；你是不是稳赚了；那这种像这种这种违违心的事咱不干；咱们就是做生意的话要讲究个良心；反正的话大家都不容易嘛；是多少钱就是多少钱嘛；就是说我七八块钱的；然后收他20块的话；这个我们做生意的品；尤其是做食品生意；内容演仅供因为要做的长久的话；全靠那些老顾客来；维持我们的这个；就说既然你说你是工头是吧；Xte 你看你你往后看；我那里面什么啤酒啊；你料啊我系七款了；你这样吧；随便拿拿过来喝；行不行；没用的知道吧；我现在在跟你商量；别给我推来推去的；再说了这后期我跟你说；我那个工地哈是包成一年；就说我每天会带100号人过来；哪怕是50号；一天50号人过来；不行我感觉你这个不行；我感觉你这个越说越不靠谱啊；内鑫你一开始我听你说是什么包工头；我还就是客客气气的给你；又是送饮料的又是给你这个补偿的啊；不行今天这个钱你还是得付啊；心这15块钱中福；今天这单我就买不了了；知道吗你要不给我拿500；我实话告诉你吧；知道不一毛钱没带；你没带钱你就敢出来吃饭啊；我最后再问你一遍你买不买啊；买不买买不买；我买我买我买"	,"【小伙自称包工头，吃饭不给钱还问老板要钱，当场惨遭教训】点击"	,"中性"	
啤酒行业-行业-低,"2026-08-10 12:10:35"	,"toutiao"	,,0,,,"3477092258815072"	,,"红姐音乐"	,,"7672250526565679651"	,"https://api-app-proxy.tarsocial.com/api/token/v2/rewrite_url?url=1YusuDMvr9od4K_K1MN8ml17rEfkAea0gAdcR6CW8Dzhk8hOtf-OMGYaPsjrzKP5WRZCEMqsGoh8ZsASCBLdjg"	,"新疆的景区，终于听劝了。自驾服务费优化调整的消息一出，全国的自驾爱好者先炸了锅。有人拍手叫好，有人翻出旧账吐槽，更多的人在问：怎么调？调多少？是不是真能省钱？先说个背景。新疆有多大？占中国国土面积六分之一。一个景区到另一个景区，动辄几百公里。自驾是游览新疆最舒服的方式，没有之一。可此前一些景区收的自驾服务费，标准参差不齐。有的按人头收，有的按车辆收，有的收完门票再收一份服务费。游客开着车千里迢迢来了，到了门口被收费项目搞懵了。好好的心情，先凉了半截。网上吐槽的声音一直不少。有人花了几百块进景区，发现路况一般，指示牌不清晰，观景台停车位少得可怜。钱掏得痛快，服务跟不上趟，谁心里能舒坦？老话说得好，没有金刚钻，别揽瓷器活。收费可以，服务得配得上那份钱。这次调整，正是对着这个痛点下刀。优化调整的方向很明确：让收费标准更透明、让服务内容更清晰、让游客的钱花得明明白白。这背后的信号，懂的都懂。新疆要发展旅游，光靠风景是不够的。风景是老天爷赏饭吃，服务才是自己挣来的脸面。想想看，一个自驾游客到了景区门口。收费窗口明码标价，工作人员态度和蔼，进景区之后路况良好，沿途有清晰的导览标识，停车位规划合理。这样的体验，游客发个朋友圈，胜过千万句广告词。口碑这东西，一传十，十传百，比什么宣传都管用。这次调整还有一个值得注意的细节：景区开始更多考虑自驾游客的实际需求了。过去那种粗放式管理正在退出历史舞台。取而代之的是更精细化的服务逻辑。比如，服务费包含哪些项目，一一列清楚。比如，特殊车辆怎么收费，写明白。比如，收费的依据是什么，摆出来。规矩立在前头，矛盾就少了一大半。有人担心，调整之后景区收入会下降。这个想法目光短浅了。服务费合理了，来的游客多了，吃饭、住宿、加油、采购，哪一样不带动消费？旅游是一盘大棋，门票只是其中一颗子。把这颗子下好了，整盘棋都活了。这叫舍得。舍了小利，得了大义。也有人问，什么时候开始执行？具体到每个景区怎么落实？这需要一点耐心。好的政策落地，总得有个过程。只要方向对了，早晚能走到。游客们不妨再等一等，给景区一点调整的时间。罗马不是一天建成的，好的旅游环境也不是一纸文件就能到位。话说回来，这次优化调整最让人欣慰的，是相关部门的姿态。愿意倾听游客的声音，愿意正视存在的问题，愿意动真格地改。这份诚意比任何宣传片都有说服力。做事的人多起来，说风凉话的人自然就少了。新疆的美，美在辽阔，美在壮丽，美在四季分明。草原、沙漠、雪山、湖泊，每一处风景都值得被好好对待。景区的服务也应当配得上这片土地的辽阔。收费透明，服务到位，游客玩得尽兴，景区赢得口碑，这才是双赢。读万卷书，行万里路。万里路的精彩，不该被收费问题打了折扣。新疆在变，变得更好更周到。期待下一次开着车，一路向西，看到的不仅是美景，还有一份踏实和舒心。#爆料##青岛火车站好多人拖着铁桶扎啤返乡#​#白海豚将正面袭击贯穿浙江#​​"	,,,"新疆优化调整景区内自驾服务费"	,"中性"	
啤酒行业-行业-低,"2026-08-10 12:10:00"	,"douyin"	,,31,107,,"1747558758103114"	,,"竞速F1"	,31,"7670595667210833195"	,"https://api-app-proxy.tarsocial.com/api/token/v2/rewrite_url?url=UxI1mE1VtivWWENn8adpDmG3kF8SwGcheiC2XVx5H1mQkibn9n6BgM-ew-UibRimaFdN6PdCnl2Du4knuqup4Q"	,"成本管控选择暂别WEC 保时捷押注2030统一赛规强势回归 #wec  #保时捷"	,"竞速F1 Top Speed Moment 2030 重返勒芒 保时捷准备好了吗"	,"竞|1|速F|TopSpeedMoment|RogerPenske几乎赢得了赛车世界里|竞速F|ROLEX|ROLFX|但直到今天|DA|还有一场比赛是他始终没有拿下的|中H|Cou|F6CHE|安%|HE-TV|otd|PITLAI|-TACr|主|es|354|ne|紫|2|?|MOOCGVOQOUELOUEST|加机|24h|O0|LEMANS""|ITAU1BJUIN202S|业|NIT3H|RONDX|ROLDX|那就是勒芒24小时耐力赛|速|F|MoOCmUmE|3|の0|LEMANS|TIAU1BJUIN2025|COnm|AMKS|福|更关键的是|Penske已经明确表示|MobllL|自己只愿意和保时捷一起重返勒芒|竞速口|HLLLLR|IGHeuar|OENSKE|HELLER|Mobill|TAG|MEUER|MICHELIN|ONSK|PENS.KE|E|PDSGS|WO1DB2bOK|EEHE|PORSCHEPENSKEMOTORSPORT|但现在的问题是|送速阳|verizon|TEAM|PENSKE|JSCH|HITACHI|ven|CHI|PG|SIEMENS|BOSCH|S|Penske已经准备好了|C|SSCH|vers|品|yeri|1C|Novwer|O|JBCH|ver|PPG|HITACH|HITACHL|保时捷却还没有|SK|竞速|那么保时捷究竟什么时候|OLEX|ROLKX|6|PORSCNEPENSXLNOTORSRKRT|DV|CTO|XTOH|墓|图|口|r|OH|9|!|ANTISNGAOSIOA|SNE|DI|夏|TEHEI|XCTOX|MGTOH|幕|口图|OSO|MK|D|厦|TH|H|家茶|SB|图茶|BHOSHOE|E96|SE|0|OO|星开|上室登|SEEE|P|MH|工|一|展装|ar|T|bibumolol|L州|o|DDOUDO|上解|e|MUR|R9R|1708|A|11#8|■|上圈装|35|Manthey依然使用911GT3R参加LMGT3组别|KW|K2|HY|MICHE|真正停止的是由|HEUER|F1|OTSPORT|4|速F1|HDC|、|PorschePenskeMotorsport运营的|HEUEN|elMnus|色|物|LHELERI|DENSKE|Da9|963Hypercarl|队项目|HELIER|LIMI|GT3|rromno|963Hypercar厂队项目|保时捷在2025赛季结束后撤出WEC|最主要的原因还是商业压力|当时保时捷的汽车业务面临销量和利润下滑|公司需要重新控制支出|PEINSKE|NSKI|OOFYEAR|OODYEAR|GOODFYEAR|GOODYEAR|GOODTYE|相比需要在全球参赛的WEC|5|＃A0|MEILE|MOTOION|继续留在北美IMSA不仅成本更低|CDCAR|HYDERCAR|CHEPENSKE|PORSCHEPENSKE|PAN|TORSPORT|PORSCHESGS|MOTORSPORT|QRECAO7|C7B3OA|PaNNIS|racim9|Ansys|d|BOSS|Mobil|福?|上|TAC|EISKE|24|LLLER|5oSS|obllil|CAR|EC|SMutnato|OE|LEC|100|HEPENSKE|PANIS|ORSPORT|PORSCNESG3|ORECSA|PaNIS|racimg|BOSS""|一市|福®|a6SS|JIELLER|Mobilil|HYPER|AMGIU|SMuanato|也能覆盖对保时捷非常重要的北美市场|PENSA|HEILER|ultimatic|NICAELIN|所以963并没有退役|只是不再参加WEC|竞速F1|这也让Penske处在了一个比较尴尬的位置|aCIEOE|FobDem|EE|LHEUE|SCrROR|从2023年进入Hypercar组别开始|PURSUHEPCNORE|BUCTECAN|ENSKE|PUKSUnErCNOnE|CEEOR|AC|HEUE|TAO|额|登|园|SEE|M3O|正|SNEE|创的|尊|HSNEI|御|D证|EHE|厨幕|NSNEL|凯|LOHowOLOm|SSE|爱|厨|ZNSHE|NE|V|NEE|圈|器|NOSLAE|日国|星|还赢得了2024年的车手世界冠军|三品|R|福1|LM|2H|门|力|WW|州|U|L业|E三|但他们始终没有赢下最想要的那一场|MU|BHLEPHLYL|训|ZM|777|n|上聚装|11|能N|能|桃电瓶丰车|n4Tu|装|1三|丽能|米瓶丰调|ZLT|N|卫|总|DAGTNI|国人MT|a|ANA|粥|EAGTNII|SAOIN|Mroo|AaA|s|ANE|住科|odslo|忆|WE|7|日藏装|Sholl|HELI|作为赛车界最成功的车队老板之一|HELIX|MWRT|Shell|勒芒是他最想补上的一项重要荣誉|02|因此保时捷决定退出WEC|并不是Penske想看到的结果|他也没有真正参与这个决定|SmHAoro|mwAocE|W2U|LN.M|克鸿F|今年1月|TeomwRT|Penske曾表示|速日|Wbaituspokt|希望保时捷只离开勒芒一年|TeamoRT|二0|他想尽快带着963回到WEC|继续争夺全场冠军|ROLI|UENT|LEMIII|TAGHeuer|lidbil|保时捷赛车运动负责人|托马斯·劳登巴赫也没有彻底关上回归的大门|证|liadbil|ns|他的态度很明确|00|退出WEC不代表保时捷背弃了耐力赛|保时捷和勒芒之间的联系也没有改变|车队会尽量保留人员和技术准备|只要保时捷的经营压力得到缓解|PORSCHE|OTD|BOCTTE|nNecay|NetApp|PORSEHE|Mobil1l|OTDK|LOCTTE|LOCTITE|nNecAy|Mobil1|他们就会重新考虑回归WEC|FAG|OTDKCE|er|nNeay|+|S.6814559|S-G04009|保时捷在全球交付了122306辆汽车|SG04009|S.G04009|比去年同期下降16%|这次下滑不完全是因为市场不愿意购买保时捷|其中也包括燃油版718停产|S9605185|电动Macan去年同期销量较高|SG05105|以及美国新能源税收优惠到期等因素|章|速惠|G05105|国|不过无论具体原因是什么|105|销量下滑都会让保时捷在支出上更加谨慎|竞速H|PENSAP|IINSAE|现阶段想让管理层重新投入一大笔预算|BOSC|B0SCH|BDSCH|0S|竞趣|DSCH|BO|恢复全球Hypercar项目|BS|BHRI|显然并不现实|INSNI|啤酒|而且保时捷想回勒芒|GOODPTEAR|GOODFTEAR|YEAI|#un|丽图|竞速甲|Y业三E|7FAZ|也不是准备一台963参加一场比赛这么简单|竞速印|GOODYVEAR|GOODVEAR|GOODFYEARGOODYEAR|GOODVEAR6OODFYEAR6O0DFYEARGOODYEAN6|LATENE|7GOODVEARO|AR|HEAR|ENCODNFEA|按照WEC现在的规则|EAR|GOODYEARGOODYEARGOODYEARGOODFYEARGOODYEARGOODYEUR|ANAE|GOODVEANGOODVEARGOODYEARGOODYEAR|TE|UOFEA|每家进入Hypercar组别的制造商|YEAR|HITE|UGODFEA|AIEonE|GO|至少要派出两台赛车参加完整赛季|AIENOFEA|OMIENGONFEA|DYEARO|G0O|2P|TotalEnergies|TotolRA|2W|保时捷需要重新组建两台车的参赛阵容|2E|PH|3H|Of|RL|AUSMMM|UL|TotlliA|""|ML|一1|准备车手、工程师、零件和全球物流|hertz|CAOILLAC|Hertz|38|明|才能重新获得参加勒芒顶级组别的资格|elellara|Mobll|JOTA|P2A|这也是为什么|lEnergies|TotdEneges|TotalEne|rerpes|TotalEns|保时捷已经基本排除了|TotalEneges|TotdEner|TotolErerg|8|2027年回归的可能|M|TTotolEnergi|真正可能改变保时捷决定的|Totou|lotalEnergles|TAtalEns|或许是2030年新规|OtolEnerdles|OuIc|gies|从2030年开始|Tot|TotdErerges|AUCRUO|WEC的Hypercar组别|ChuCeueS|Lato|1TotoE|和IMSA的GTP组别|TotaE|locolEnerges|将采用同一套技术规则|同时|保时捷已经参与了2030新规的讨论|竞建|竞注厂|并表示新规会影响他们是否重返WEC|MEHSKE|PENSNE|但目前还没有作出任何参赛承诺|竞趣F|IEMSKE|ENSAL|假|现在的WEC并不缺少厂商|TEHD|TopSpeed|Mament|学|百西西风网路漆|版|CILENAIS|ChLEMAAS|ROLE|福特和迈凯伦也将在2027年加入|EHDE|联|田西西肉网防菜|照|ZILEIKAIS|CehLEMAS|Oe|DORPU|日日自肉政药药漆|菜|ONRO|ATLEFAS|Z-hLEMAAS|但保时捷曾经19次赢得勒芒全场冠军|FEMNNJ|PORSOHE|960|PEMSY|发微楼|它的缺席依然会让Hypercar组别|￥O|少一个重要对手|Penske想尽快拿下自己缺少的勒芒冠军|保时捷却必须考虑销量、预算和参赛成本|Toasneces|ToaBenss|VI|52|赛车依然存在|回归意愿也没有消失|ORSCHEPENSK|PERSKE|MOTORSF|54|SKE|MOTGRSPORE|L|KE|最终决定保时捷何时回来的|还是这项计划能不能重新获得管理层批准|2A|竞趣开|我是极速一刻|竞速开|关注我|产|ELNS|HS|带你了解更多赛车资讯|SMIPMG|118|谢谢观看"	,,"中性"	
啤酒行业-行业-低,"2026-08-10 12:05:48"	,"xiaohongshu"	,,0,,,"685a42a4000000001d00a9e2"	,,"北欧哈哈养生记"	,,"6a794e1c0000000026037233"	,"https://api-app-proxy.tarsocial.com/api/token/v2/rewrite_url?url=cSb9xPr9PTnAREU6T0jLKsUsLLPSJ9iu21ImVmniC4X96PEUuH5WiH-Pn-nyMy7vQQWI0rq9U99R4Gl9_c2S-Q"	,"#景区#商业化#旅游#国内旅游"	,"景区要合理商业化不该一味收割游客"	,"景区要合理商业化不该一味收割游客北欧东嫂55岁北欧营养达人学习传播健康理念禾木商业化啊视频无不良引导请勿过分解读；景区要合理商业化不该一味收割游客北欧东嫂55岁北欧营养达人学习传播健康理念我昨天也是视频无不良引导请勿过分解读；景区要合理商业化不该一味收割游客北欧东嫂55岁北欧营养达人学习传播健康理念深深的体验到视频无不良引导请勿过分解读；景区要合理商业化不该一味收割游客北欧东嫂55岁北欧营养达人 ·学习传播健康理念我带着我们的摄影师视频无不良引导请勿过分解读；去看了这个篝火晚会；进去呢；景区要合理商业化不该一味收割游客北欧东嫂55岁北欧营养达人学习传播健康理念它有两两排队伍视频无不良引导请勿过分解读；景区要合理商业化不该一味收割游客北欧东嫂55岁北欧营养达人学习传播健康理念一排呢是不花钱的视频无不良引导请勿过分解读；景区要合理商业化不该一味收割游客北欧东嫂55岁北欧营养达人 ·学习传播健康理念就是进去要消费视频无不良引导请勿过分解读；景区要合理商业化不该一味收割游客北欧东嫂55岁北欧营养达人学习传播健康理念最低消费就是视频无不良引导请勿过分解读；景区要合理商业化不该一味收割游客北欧东嫂55岁北欧营养达人学习传播健康理念一张桌子188块视频无不良引导请勿过分解读；景区要合理商业化不该一味收割游客北欧东嫂55岁北欧营养达人学习传播健康理念那么不花钱的那个呢视频无不良引导请勿过分解读；景区要合理商业化不该一味收割游客北欧东嫂55岁 ·北欧营养达人学习传播健康理念就进不到那个视频无不良引导请勿过分解读；景区要合理商业化不该一味收割游客北欧东嫂55岁 ·北欧营养达人学习传播健康理念那个地方呢视频无不良引导请勿过分解读；景区要合理商业化不该一味收割游客北欧东嫂55岁 ·北欧营养达人学习传播健康理念是用木铺铺的地板视频无不良引导请勿过分解读；景区要合理商业化不该一味收割游客北欧东嫂55岁 ·北欧营养达人学习传播健康理念那么呢花钱的地方呢视频无不良引导请勿过分解读；景区要合理商业化不该一味收割游客北欧东嫂55岁 ·北欧营养达人学习传播健康理念就是另外一个队视频无不良引导请勿过分解读；景区要合理商业化不该一味收割游客北欧东嫂55岁 ·北欧营养达人 ·学习传播健康理念找了一张桌子视频无不良引导请勿过分解读；景区要合理商业化不该一味收割游客北欧东嫂55岁 ·北欧营养达人学习传播健康理念你要消费视频无不良引导请勿过分解读；派斯力 1O 些啤酒啊；XRSGNATEDSRN 派斯力然后坐在那里；景区要合理商业化不该一味收割游客北欧东嫂55岁北欧营养达人学习传播健康理念是之前说是这个篝火视频无不良引导请勿过分解读；景区要合理商业化不该一味收割游客北欧东嫂55岁北欧营养达人学习传播健康理念是10点半才开始点视频无不良引导请勿过分解读；景区要合理商业化不该一味收割游客 BOVE 北欧东嫂55岁北欧营养达人学习传播健康理念我们进去的时候呢视频无不良引导请勿过分解读；景区要合理商业化不该一味收割游客 BOVE 北欧东嫂55岁北欧营养达人学习传播健康理念是9:45 视频无不良引导请勿过分解读；景区要合理商业化不该一味收割游客 BOVE 北欧东嫂55岁北欧营养达人 ·学习传播健康理念等个40多分钟视频无不良引导请勿过分解读；景区要合理商业化不该一味收割游客 BOVE 北欧东嫂55岁北欧营养达人 ·学习传播健康理念然后就等啊等啊视频无不良引导请勿过分解读；景区要合理商业化不该一味收割游客 BOVE 北欧东嫂55岁北欧营养达人学习传播健康理念然后这个旁边视频无不良引导请勿过分解读；景区要合理商业化不该一味收割游客 HOVE 北欧东嫂55岁北欧营养达人学习传播健康理念都是跟那疯狂的喝酒吃视频无不良引导请勿过分解读；景区要合理商业化不该一味收割游客 BOVE 北欧东嫂55岁 ·北欧营养达人学习传播健康理念不停的点视频无不良引导请勿过分解读；景区要合理商业化不该一味收割游客北欧东嫂55岁 ·北欧营养达人学习传播健康理念 10点半还没动静视频无不良引导请勿过分解读；景区要合理商业化不该一味收割游客北欧东嫂55岁 ·北欧营养达人学习传播健康理念当然了这中间呢视频无不良引导请勿过分解读；景区要合理商业化不该一味收割游客 IIIVI 北欧东嫂55岁 ·北欧营养达人学习传播健康理念也有这个人唱歌呀视频无不良引导请勿过分解读；景区要合理商业化不该一味收割游客北欧东嫂55岁北欧营养达人学习传播健康理念也有舞蹈表演视频无不良引导请勿过分解读；景区要合理商业化不该一味收割游客北欧东嫂55岁 ·北欧营养达人 ·学习传播健康理念都等到差不多11点了视频无不良引导请勿过分解读；景区要合理商业化不该一味收割游客 IVI 北欧东嫂55岁 ·北欧营养达人 ·学习传播健康理念还没动静视频无不良引导请勿过分解读；景区要合理商业化不该一味收割游客北欧东嫂55岁 ·北欧营养达人 ·学习传播健康理念他就有一个节目就是呢视频无不良引导请勿过分解读；景区要合理商业化不该一味收割游客 BOVE 北欧东嫂55岁北欧营养达人学习传播健康理念他就有一个节目就是呢视频无不良引导请勿过分解读；景区要合理商业化不该一味收割游客 BOVE 北欧东嫂55岁 ·北欧营养达人 ·学习传播健康理念他就有一个节目就是呢视频无不良引导请勿过分解读；景区要合理商业化不该一味收割游客 BO 北欧东嫂55岁 ·北欧营养达人学习传播健康理念可以说叫竞拍吗视频无不良引导请勿过分解读；景区要合理商业化不该一味收割游客 BOVE 北欧东嫂55岁 ·北欧营养达人学习传播健康理念最后有一个人视频无不良引导请勿过分解读；景区要合理商业化不该一味收割游客 BOVE 北欧东嫂55岁北欧营养达人学习传播健康理念可以去把这个视频无不良引导请勿过分解读；景区要合理商业化不该一味收割游客 BOVE 北欧东嫂55岁北欧营养达人学习传播健康理念篝火点起来视频无不良引导请勿过分解读；景区要合理商业化不该一味收割游客 BOVE 北欧东嫂55岁北欧营养达人学习传播健康理念但是是要花钱的视频无不良引导请勿过分解读；景区要合理商业化不该一味收割游客 BOVE 北欧东嫂55岁北欧营养达人 ·学习传播健康理念就从50块开始视频无不良引导请勿过分解读；景区要合理商业化不该一味收割游客 BOVE 北欧东嫂55岁北欧营养达人学习传播健康理念啊50元视频无不良引导请勿过分解读；景区要合理商业化不该一味收割游客 BOVE 北欧东嫂55岁北欧营养达人学习传播健康理念有没有人愿意加视频无不良引导请勿过分解读；景区要合理商业化不该一味收割游客 BOVE 北欧东嫂55岁 ·北欧营养达人学习传播健康理念有人加到60 视频无不良引导请勿过分解读；景区要合理商业化不该一味收割游客 BOVB 北欧东嫂55岁 ·北欧营养达人 ·学习传播健康理念 80、100、200 视频无不良引导请勿过分解读；景区要合理商业化不该一味收割游客 BOV 北欧东嫂55岁北欧营养达人学习传播健康理念你们猜一下视频无不良引导请勿过分解读；到最后是；有一位湖南来的；长沙来的一一位女士；她竞拍竞拍到了哈；景区要合理商业化不该一味收割游客 BOVE 北欧东嫂55岁北欧营养达人学习传播健康理念花了2，000多块钱视频无不良引导请勿过分解读；景区要合理商业化不该一味收割游客 BOVE 北欧东嫂55岁北欧营养达人学习传播健康理念就为了点一下视频无不良引导请勿过分解读；景区要合理商业化不该一味收割游客 BOVE 北欧东嫂55岁 ·北欧营养达人学习传播健康理念把那个篝火点起来视频无不良引导请勿过分解读；景区要合理商业化不该一味收割游客 BOVE 北欧东嫂55岁 ·北欧营养达人学习传播健康理念我觉得其实意义不大视频无不良引导请勿过分解读；景区要合理商业化不该一味收割游客 BOVE 北欧东嫂55岁北欧营养达人学习传播健康理念但是我就觉得这个行为视频无不良引导请勿过分解读；景区要合理商业化不该一味收割游客 BOVE 北欧东嫂55岁北欧营养达人学习传播健康理念是需要游客来花钱的视频无不良引导请勿过分解读；景区要合理商业化不该一味收割游客北欧东嫂55岁北欧营养达人学习传播健康理念每天都有篝火晚会嘛视频无不良引导请勿过分解读；景区要合理商业化不该一味收割游客 BOVE 北欧东嫂55岁 ·北欧营养达人 ·学习传播健康理念那就是每天都会视频无不良引导请勿过分解读；景区要合理商业化不该一味收割游客 BOVE 北欧东嫂55岁 ·北欧营养达人 ·学习传播健康理念来点这个篝火视频无不良引导请勿过分解读；景区要合理商业化不该一味收割游客 BOVE 北欧东嫂55岁 ·北欧营养达人 ·学习传播健康理念有一小伙伴跟我说视频无不良引导请勿过分解读；景区要合理商业化不该一味收割游客北欧东嫂55岁 ·北欧营养达人学习传播健康理念猜一下视频无不良引导请勿过分解读；景区要合理商业化不该一味收割游客 BOVE 北欧东嫂55岁 ·北欧营养达人学习传播健康理念最多有人花了多少钱视频无不良引导请勿过分解读；景区要合理商业化不该一味收割游客北欧东嫂55岁北欧营养达人学习传播健康理念哎真的是88.800 视频无不良引导请勿过分解读；景区要合理商业化不该一味收割游客北欧东嫂55岁 ·北欧营养达人学习传播健康理念哎真的是88，800 视频无不良引导请勿过分解读；景区要合理商业化不该一味收割游客北欧东嫂55岁 ·北欧营养达人 ·学习传播健康理念哎呀我就觉得视频无不良引导请勿过分解读；景区要合理商业化不该一味收割游客北欧东嫂55岁北欧营养达人 ·学习传播健康理念不应该这样视频无不良引导请勿过分解读；景区要合理商业化不该一味收割游客北欧东嫂55岁北欧营养达人学习传播健康理念到这里来开心视频无不良引导请勿过分解读；2 景区要合理商业化不该一味收割游客北欧东嫂55岁北欧营养达人学习传播健康理念当然我们出门来视频无不良引导请勿过分解读；2 景区要合理商业化不该一味收割游客北欧东嫂55岁北欧营养达人 ·学习传播健康理念旅游肯定是要花钱的视频无不良引导请勿过分解读；22 景区要合理商业化不该一味收割游客北欧东嫂55岁 ·北欧营养达人学习传播健康理念不应该用视频无不良引导请勿过分解读；景区要合理商业化不该一味收割游客北欧东嫂55岁北欧营养达人学习传播健康理念这种方式视频无不良引导请勿过分解读；景区要合理商业化不该一味收割游客北欧东嫂55岁北欧营养达人学习传播健康理念去诱导游客去花钱视频无不良引导请勿过分解读；景区要合理商业化不该一味收割游客北欧东嫂55岁北欧营养达人学习传播健康理念我就跟我们这小伙伴视频无不良引导请勿过分解读；景区要合理商业化不该一味收割游客北欧东嫂55岁 ·北欧营养达人学习传播健康理念就探讨我就说视频无不良引导请勿过分解读；景区要合理商业化不该一味收割游客北欧东嫂55岁北欧营养达人学习传播健康理念其实全世界各地的视频无不良引导请勿过分解读；2 景区要合理商业化不该一味收割游客北欧东嫂55岁北欧营养达人学习传播健康理念所有的旅游景点视频无不良引导请勿过分解读；景区要合理商业化不该一味收割游客北欧东嫂55岁 ·北欧营养达人学习传播健康理念都多少有一点视频无不良引导请勿过分解读；22 景区要合理商业化不该一味收割游客北欧东嫂55岁 ·北欧营养达人 ·学习传播健康理念但是我觉得有一个度视频无不良引导请勿过分解读；景区要合理商业化不该一味收割游客北欧东嫂55岁北欧营养达人学习传播健康理念就是你看就是像视频无不良引导请勿过分解读；欧洲有一些旅游景点；但是它的那个商业化；景区要合理商业化不该一味收割游客北欧东嫂55岁 ·北欧营养达人学习传播健康理念它让你会很舒服视频无不良引导请勿过分解读；景区要合理商业化不该一味收割游客北欧东嫂55岁 ·北欧营养达人 ·学习传播健康理念让你花这个钱视频无不良引导请勿过分解读；景区要合理商业化不该一味收割游客北欧东嫂55岁北欧营养达人 ·学习传播健康理念花的心甘情愿很舒服视频无不良引导请勿过分解读；景区要合理商业化不该一味收割游客北欧东嫂55岁 ·北欧营养达人 ·学习传播健康理念但是现在咱们视频无不良引导请勿过分解读；景区要合理商业化不该一味收割游客北欧东嫂55岁 ·北欧营养达人 ·学习传播健康理念国内的太多景点视频无不良引导请勿过分解读；景区要合理商业化不该一味收割游客北欧东嫂55岁 ·北欧营养达人学习传播健康理念让你花这个钱视频无不良引导请勿过分解读；景区要合理商业化不该一味收割游客北欧东嫂55岁 ·北欧营养达人学习传播健康理念其实一个景点视频无不良引导请勿过分解读；景区要合理商业化不该一味收割游客北欧东嫂55岁 ·北欧营养达人学习传播健康理念你说如果没有商业视频无不良引导请勿过分解读；景区要合理商业化不该一味收割游客北欧东嫂55岁 ·北欧营养达人学习传播健康理念对吧视频无不良引导请勿过分解读；景区要合理商业化不该一味收割游客北欧东嫂55岁 ·北欧营养达人学习传播健康理念确实也不方便视频无不良引导请勿过分解读；景区要合理商业化不该一味收割游客北欧东嫂55岁北欧营养达人学习传播健康理念让我觉得就是视频无不良引导请勿过分解读；景区要合理商业化不该一味收割游客北欧东嫂55岁 ·北欧营养达人学习传播健康理念过度商业化视频无不良引导请勿过分解读；景区要合理商业化不该一味收割游客北欧东嫂55岁北欧营养达人 ·学习传播健康理念然后呢那个餐厅也好视频无不良引导请勿过分解读；景区要合理商业化不该一味收割游客北欧东嫂55岁北欧营养达人 ·学习传播健康理念门口都有视频无不良引导请勿过分解读；景区要合理商业化不该一味收割游客北欧东嫂55岁北欧营养达人 ·学习传播健康理念这家餐厅放着这个视频无不良引导请勿过分解读；景区要合理商业化不该一味收割游客北欧东嫂55岁北欧营养达人学习传播健康理念新疆维吾尔族的音乐视频无不良引导请勿过分解读；景区要合理商业化不该一味收割游客北欧东嫂55岁北欧营养达人学习传播健康理念旁边那一家呢视频无不良引导请勿过分解读；景区要合理商业化不该一味收割游客北欧东嫂55岁 ·北欧营养达人 ·学习传播健康理念放着拉丁音乐视频无不良引导请勿过分解读；景区要合理商业化不该一味收割游客北欧东嫂55岁北欧营养达人 ·学习传播健康理念就有人在吆喝视频无不良引导请勿过分解读；景区要合理商业化不该一味收割游客北欧东嫂55岁 ·北欧营养达人 ·学习传播健康理念亵读了这个地方视频无不良引导请勿过分解读"	,"景区要合理商业化不该一味收割游客"	,"中性"	
啤酒行业-行业-低,"2026-08-10 12:05:00"	,"web"	,,0,,,"199939595"	,,"房车梦想家"	,,"71275831c06f87c56be1c8a2ee88f09f"	,"https://api-app-proxy.tarsocial.com/api/token/v2/rewrite_url?url=GQ9ooTYNXGhydMOY7_1oDUlIwYu2UpoNjXxhyZK5q4NIjrK_7t9oDB1UzXR55KmHhFq4HMAlPBPjlCooRQPzVw"	,"2026第三十届青岛国际房车展，将于2026年8月28日至30日，在青岛西海岸金沙滩啤酒城星光大道再度华丽归来！ 
 
  
 
整车采用福特猛禽式前脸设计，搭配撞色拉花与装甲漆包围，硬朗线条勾勒出十足的力量感；车顶配备镭射射灯，夜间出行照亮前路，钢制越野前后杠、越野宽体大包围加持，不仅颜值出众，更能有效防护车身，应对复杂路况毫无压力。 
车身尺寸精准把控在5998×2164×2996mm，蓝牌C照即可轻松驾驭，既避免了大车驾驶的笨重感，又最大化拓展了车内空间，兼顾通行灵活性与旅居实用性，高速、乡道、非铺装路面都能从容应对。 
 
  
 
动力层面，搭载福特Puma2.3T高压共轨柴油发动机，匹配采埃孚8AT进口变速箱，最大功率128kw，峰值扭矩430N·m，动力输出强劲平顺，高速超车、爬坡脱困都游刃有余；搭配博格华纳智能适时四驱系统+伊顿差速锁，越野性能直接拉满。 
 
  
 
合规六座、灵活多变的驾乘空间，完美契合家庭出行、好友结伴的多元需求，告别“坐不下、挤着累”的出行窘境。 
整车采用人性化座椅布局，独立座椅设计兼顾舒适性与实用性，主副驾座椅支持多角度调节，后排座椅宽敞通透，即便满载六人也无局促感，长途驾乘依旧轻松惬意。更值得一提的是，座椅布局兼顾旅居实用性，可灵活调节、拓展空间，行车时是合规驾乘舱，驻车时秒变一张床，一车多用，实用性拉满。 
 
  
 
中门上方集成式触摸屏，带智能语音唤醒功能，四路监控，24小时为您的安全守护。 
 
  
 
 
  
 
 
  
 
厨房区域配置齐全，洗菜池、电磁炉一应俱全，搭配大容量双开门冰箱，食材保鲜无忧，旅途中随时能烹饪可口饭菜。用电用水方面，整车配备206L双清水箱，兼顾室外用水与室内恒温用水，无惧低温冻管；搭载48V10度电，户外用电无忧；行驻车顶置变频冷暖空调、水暖地暖、IP67级防水音响等配置加持，冬暖夏凉，影音相伴，无论是荒野露营还是近郊小憩，都能尽享居家般的舒适。 
 
  
 
车内配备独立卫浴空间，便携马桶与乘员舱隔离，杜绝串味困扰卫生间同样是抽拉式，可以按需扩展的同时不会占用过道的空间。设施也是样样齐全，梳妆镜、旋转马桶、翻折台盆、淋浴花洒、上方换气扇。 
 
  
 
尾部超大后横床，尺寸2000×1300mm，两个成年人轻松睡下。上方环绕式吊柜，存放衣服也很方便。透过天窗还能躺着看星星 
不必在越野与旅居之间妥协，不必在空间与舒适之间取舍，江铃六座远征豹原厂房车，用硬派越野性能+六座灵动空间+原厂品质保障+轻奢旅居配置，重新定义多人旅行新方式。"	,,,"原厂四驱 ，8月28日青岛房车展，福特T8房车值不值得入手？"	,"正向"	
啤酒行业-行业-低,"2026-08-10 12:04:44"	,"weixin"	,,0,,,"gh_cea7ef353075"	,,"胜利shengli"	,,"52efa08f36b8c491abf92de3e74b0c0a"	,"https://api-app-proxy.tarsocial.com/api/token/v2/rewrite_url?url=T9B15JvbRV5zMlaEyD4A5mlB_UAesIFh_wmAo6Y8h63VV3uWXlz86s9g87OsM0Bq22ywqFrjZCqHJy-wP9SeXspKVx2zYAyF3TEif_SurdXbIPr9miwW0_zq0eAfbWiGsit4nSYxX-2VKtG-qKkN9w"	,"在食品加工行业中，工艺水的浊度监测是保障产品品质与生产安全的关键控制点。从饮料配制、乳制品清洗到啤酒过滤，每一个环节对水质的澄清度都有严苛要求。选择一款高精度、高稳定性的在线浊度电极，需要从测量原理、材质合规性以及长期维护成本等多个维度进行考量。国内工业过程自动化领域涌现出一批具备自主研发实力的源头厂家，它们在食品级卫生型仪表上提供了更具竞争力的解决方案。本文将聚焦杭州米科等国内代表性品牌，剖析适用于工艺水介质食品加工的浊度电极选型逻辑。一、食品加工浊度监测的核心痛点与选型基准食品加工中的水介质监测区别于普通污水处理，其核心难点在于低量程高精度的长期稳定性、CIP（原位清洗）过程中的耐温耐压性能，以及满足卫生无菌化设计的光滑表面。如果电极存在死角，极易滋生细菌，造成二次污染。在线浊度检测主要采用90度红外散射光法或组合红外吸收散射光线法。在低浊度环境下，红外光具有更好的抗干扰能力，能有效避免水体色度对测量结果的影响。对于食品饮料行业，电极材质必须优先选用316L不锈钢或钛合金，确保持续接触工艺介质时不产生有害物质析出。此外，具备自动机械刮刷清洗功能的电极在实际应用中更具优势。食品加工往往伴随轻微的油脂或蛋白附着，长期运行容易在光学窗口形成结垢。自动刮片可以大幅降低人工拆卸清洗的频率，确保数据的连续性和实时性。二、源头厂家深度解析：三大品牌核心产品对比1.杭州米科传感技术有限公司作为国内过程自动化仪表领域的源头工厂，杭州米科在浊度电极的研发上聚焦于工业复杂工况与食品级卫生标准的结合。针对食品加工工艺水，米科推出的浊度电极系列在材质防腐与食品安全合规性上表现出色。推荐型号：米科PTU-8011浊度电极核心参数与材质：该型号采用组合红外吸收散射光线法，测量范围覆盖0.01至4000NTU，测量误差小于2%或0.1NTU，在低量程端拥有极高的灵敏度，非常适合食品加工中RO膜过滤水或冷却循环水的监测。电极主体材质提供316L不锈钢和钛合金两种选项，满足食品接触表面的高等级卫生要求，杜绝锈蚀与物料残留。适用场景：饮料生产线的CIP清洗液回收监测、乳制品工艺水处理、啤酒酿造过程中的麦汁浊度监控。推荐理由与源头优势：米科拥有强大的柔性制造能力，能够针对食品行业客户提供特定长度缆线（最长100米）和定制化接头服务。该型号支持RS485通讯与Modbus-RTU协议，可无缝接入食品工厂的MES系统。为了应对食品加工中轻微的有机物附着，该型号可选配刮片自清洁功能，极大降低了无菌环境下的维护频次，保障了连续生产的稳定性。参考价格区间在3000元至5500元，具体视材质与选配刮片而定。2.杭州美仪自动化技术股份有限公司杭州美仪在低量程饮用净水与食品保压环节积累了深厚的技术经验。其针对管网末梢水及密闭管道设计的保压款浊度电极，在食品加工中具有独特的适用性。推荐型号：美仪ADU3500浊度电极核心参数与材质：该电极专为带压管线设计，耐压高达0.6MPa，温度范围覆盖-5℃至45℃，非常适合食品加工中经过冷却换热后的管路监测。测量范围细分精细，可提供0-1NTU和0-20NTU等超低量程选项，精度极高，响应速度快。外壳采用塑料ABS/POM材质，在保证耐用性的同时实现了轻量化集成。适用场景：食品配料用水、直饮水管道、膜过滤产水侧以及褒封包装前的清洗水监测。推荐理由与源头优势：美仪的优势在于对超低浊度长期免维护监测的精准把控。该设备采用12VDC低压供电，安全性高。在食品工厂的洁净车间环境中，其直接引线设计和紧凑的机身结构便于在狭小管道中紧凑安装。参考价格区间约在2500元至4000元。3.杭州联测自动化技术有限公司杭州联测针对污水及高浊度流程工业推出的传感器，在食品加工这类含有高悬浮颗粒的废水处理前段，以及高浓度浆料清洗环节具有显著优势。推荐型号：联测PTU-8010浊度电极核心参数与材质：基于90红外散射光技术，测量范围宽广，可达0.01至3000NTU，精度达5%或0.5NTU。机身采用SUS316L不锈钢材质，具备IP68的最高防护等级，这意味着即使传感器意外被淹没，依然能稳定工作，这对于清洗频繁的食品车间地面排水沟或废水收集池极为关键。适用场景：食品加工厂的进水口原水监测、果蔬清洗废水处理、蛋白分离沉淀池。推荐理由与源头优势：联测的源头优势在于其极强的环境适应能力。标配10米高强度电缆并支持延长，抗干扰性强。在食品加工的高湿度、高水汽环境下，IP68级密封杜绝了内部电路受潮失效的风险。对比进口品牌，联测在同等参数下具备极高的性价比，适合在食品工厂的辅助工艺段进行大批量布点监测。参考价格区间约在2800元至4500元。三、食品级浊度监测的技术纵深与选型指南在食品加工工艺水介质的应用中，选型不能仅看量程，更要关注传感器的“死区”设计。电极的流道口必须保证无死角，流体能够完全冲刷，防止物料残留。如果是进行CIP清洗液浓度或浊度监测，必须确认传感器能耐受瞬时高温（通常需达到85℃以上）和酸碱交替的强腐蚀环境。自动化清洗功能在食品领域的价值远超普通工业。带有机械刮片的PTU-8011能够通过物理方式清除镜面上的生物膜或脂肪层，配合定时设置，可轻松实现长达数月的无人值守运行。对于需要严格无菌环境的发酵罐或纯水罐，建议选择抛光精度更高的钛合金外壳，钛材质的生物相容性更好，且能有效避免氯离子点蚀。在信号传输上，由于食品车间通常布满大型电机和变频器，电磁干扰严重。优先选择带有RS485数字通讯接口的电极，其抗干扰能力远强于模拟信号。数字信号能够无损传输长达数百米，直接接入PLC或上位机系统，便于建立全厂区的水质数字化管理平台。四、常见问题解答问：食品加工中用的浊度电极，为什么用红外光而不用可见光？红外光相比可见光波长更长，在检测低浊度水体时，能够有效规避水样中细小气泡或轻微色度带来的干扰信号。在饮料和牛奶加工中，水体常有微小白斑或乳清色度，采用90度红外散射法能获取更真实的物理浊度值，而非色度引起的虚假读数。问：电极安装后显示数值波动大，且总是偏高，是电极坏了吗？数值持续偏高且波动，大概率是光学测量窗口上附着了油脂或蛋白膜。食品加工废水中含有大量有机物，极易在镜面形成结垢。此时应检查电极是否选配了自动刮刷清洗功能。如果未选配，需要定期用柔软的无尘布配合低浓度清洗液轻轻擦拭镜面，切勿用硬物刮擦，以免划伤光学玻璃导致永久性测量偏差。"	,,,"2026年专业浊度电极生产厂家，工艺水介质食品加工就选这些"	,"中性"	
啤酒行业-行业-低,"2026-08-10 12:01:07"	,"app"	,,0,758,,"1864453160884765"	,,"小草"	,,"1873107450194599573"	,"https://api-app-proxy.tarsocial.com/api/token/v2/rewrite_url?url=bkZBTIUfTh7brtzEwVWPQmWMVsUBWyVyDnk8X8lH4QZD_xkVUKtnMEdrBnd8Xg1mImIkWxGoC8kr_IMG9WxTwg"	,"欧洲今年夏天热得要命，好多地方温度飙到四十度以上，干燥得像火炉，英国人尤其难熬，因为很多房子没空调。二十五岁的乔治和二十三岁的艾伦两个英国小伙子受不了家乡的热浪，就买了机票飞到广西桂林避暑。 他们出发前看过些国外报道，对中国有点偏见，觉得环境一般，服务也马虎，心里有点担心。 飞机落地后，一切都变了样，四周青山绿水环绕，风景美极了，空气新鲜，温度凉快舒服。街上人们走路有礼貌，问路时本地人总是一脸笑耐心指路，逛街也处处热情。 两人转了大半天，越转越开心，那些旧想法全没了影。 傍晚饿了，他们挑了家本地小饭馆，点了满桌家常菜，吃得饱饱的，总共两百块。乔治掏出手机要扫码付钱，用生硬的中文笑着说，老板，一共两百对吧，吃得超棒。老板一摆手，笑眯眯地说，你们从老远来桂林玩，是客人，今天给你们八折，就收一百六十。 两个小伙子顿时傻眼，艾伦赶紧问，为什么打折，我们正常付钱就行。老板乐呵呵解释，出门玩不容易，你们外国人来中国看桂林山水，我高兴，八折讨个好彩头，祝你们一路顺风。俩人听完愣在那，又暖心又惊讶。 乔治后来跟朋友聊，国外很少见这种贴心服务，桂林山水好，中国人更好。 他们这次避暑玩得开心，误会全打消，以后还想再来。有些人觉得打折没必要，大家都是顾客，你没搞活动，对其他客人不公平，店是你自家做主，也有点说不过去。 你给中国人打吗。中国游客在国外常被多收钱，这俩英国小子运气不错。还有人说，别那么讨好外国人，本来劳动赚的钱，为什么不要。 中国人自己要不要，惯坏洋人算啥。 有些网友想起历史，觉得看到外国人就奴性大发，自我感动叫热情好客，太夸张了，不打折就行，想起八国联军还想多收钱。桂林山水真美，神姿仙态的山，云里雾里的仙，情深梦美漓江水，像贺敬之那首歌唱的。 整个事闹得挺大，有人感动，有人吐槽，店老板这举动到底值不值，大家看法不一。乔治他们走时跟老板合影，饭馆生意照样火，桂林夏天游客多，山水拉人气，人情也添彩。两个小伙子回英国后，在社交媒体发帖，晒了饭馆照片，夸桂林凉快，夸老板仗义，朋友圈炸锅，好多人问怎么去。 艾伦说，本来以为中国热，现在知道桂林是天堂，下次带家人来。老板平时就这样，游客来就聊两句，熟客更多优惠，本地人消费也常有小惊喜。 桂林这地方，夏天平均三十度出头，风从漓江吹来，凉丝丝，住阳朔民宿，早上漱口看 karst 山，下午划船，晚上吃米粉，才几块钱一碗。英国那边四十五度，公园都空了，人躲屋里，乔治家老房子通风差，电扇转不动，汗流浃背。 飞桂林八小时，值了，到机场就有凉风扑面。 饭馆在巷子口，招牌旧旧的，菜是农家式，鱼香茄子嫩滑，啤酒桂林三花，解暑。付钱那刻，老板用秤称了菜，八折后还找零仔细。 俩人走路回酒店，边走边聊，这趟值，风景人情双收。网上讨论热烈，有人赞中国人好客，有人说平等消费就好，别分你我，生意长久才行。 桂林旅游就这样，山水是招牌，人情是加分，外国人来多了，故事也多起来。 乔治他们延长了几天，爬象鼻山，坐竹筏漂流，拍了上百张照，回国炫耀不停。 老板后来知道他们发帖，乐坏了，发朋友圈感谢，生意更旺。夏天避暑，桂林成热门，欧洲热浪一波接一波，中国南方凉地受欢迎。这俩小伙的经历，简单直接，吃饭一顿，印象深刻。"	,,,"欧洲高温逼得英国小伙逃来桂林，吃饭消费200元，老板一个八折举动看懵老外"	,
啤酒行业-行业-低,"2026-08-10 11:59:00"	,"weixin"	,,0,,,"gh_a114f8e17bb0"	,,"愈见老杨"	,,"396b0acad56bc8aeea4c6ec33a0fbc16"	,"https://api-app-proxy.tarsocial.com/api/token/v2/rewrite_url?url=kSj3RsqUg36S32O2MtSF9V66ZUy9iS-yA8zvYh_Sx2leHZgihIUupYZxGMNodyroZuWDjNWGPCA3VcYjf11pB8cFibmgUHsXqnz8-4XLMImVXlf8oIoXquyMeZUhMn2QxEEiiGempDAbIyVe0BPjdQ"	,"本文由AI辅助创作，经作者审核发布她带着一瓶NMN来找我去年冬天，一个叫小敏的姐妹通过私域美业圈子的朋友介绍加了我。她是做私域美业的，手底下管着好几个群，平时自己也在吃各种保养品。第一次聊的时候，她发了张照片过来——柜子上一排瓶子，NMN、胶原蛋白、鱼油、葡萄籽……摆得整整齐齐。老杨，你看我吃的这些，有没有能精简的？我当时没急着回答，先问了一句：你吃了多久了？有啥体感没有？她沉默了几秒，说：NMN吃了半年了，一万多块钱花出去了，说实话……没啥感觉。半年，一万多，没体感。这句话我听过太多次了。翻过来看配料表的那一刻我跟小敏说：你把那瓶NMN翻过来，拍个配料表给我看看。照片发过来，我放大一看，心里就有数了。配料表上，NMN排在第三位。排在前面的是什么？微晶纤维素、改性淀粉——这俩都是填充剂，说白了就是让胶囊看起来饱满的面子工程。再往后看，硬脂酸镁（润滑剂）、二氧化硅（抗结剂）、羟丙甲纤维素（胶囊壳材料）……一长串辅料，占了大半个配料表。这不叫NMN补充剂，这叫含NMN的填充物。更要命的是，这瓶NMN标称每粒含300mg，但一瓶60粒打折后只要398元。你算算这个价位，原料成本能有多少？我不是说这瓶一定有问题。但这个配料表，确实不太对劲。我跟她说了两点。第一，核心成分排位靠后，辅料太多。好的补充剂，有效成分应该排在配料表最前面，辅料越少越好。你花钱买的是有效成分，不是填充剂。第二，单打独斗，没有协同配方。这瓶NMN就只有NMN一个活性成分，孤零零的。但身体这件事不是光补原料就够的，就像做饭不能只有米，还得有菜有锅有火。好的配方是团队作战，不是单打独斗。小敏听完，沉默了好一会儿。然后说了一句：老杨，我以前买保健品，从来没看过配料表。换个思路，试试澳洲小绿我跟小敏说，你可以试试澳洲小绿。不是说NMN这个成分不好，NMN本身是经过研究验证的NAD+前体，没问题。问题在于，你买的那瓶，形式不对、配方太单薄。澳洲小绿走的是另一条路——它不是单一成分，而是22种活性成分的科学协同配方。拿它的配料表跟那瓶NMN一对比，差别太明显了。烟酸、槲皮素、姜黄提取物、石榴提取物、辅酶Q10、白藜芦醇、黑胡椒提取物、维生素B2/B6/B12、叶酸、生物素、镁、锌、硒、铬……每一个成分都有明确的协同角色，没有一个凑数的。而且它有澳洲TGA认证。TGA是澳洲的医疗用品管理局，认证标准比美国FDA对膳食补充剂的监管严格得多。能在TGA注册列册，意味着配方、原料、生产工艺都过了硬关。价格呢？899元3瓶，一瓶30粒。跟小敏之前那瓶NMN比，性价比高了一截。小敏当时就问了我一个问题：老杨，你确定这个吃了能有用？我说：我不跟你打包票。但配方逻辑是对的，认证是硬的。你自己试一个月，身体会告诉你答案。✨第三周开始，她发来消息了小敏是去年12月底开始吃的澳洲小绿。第一周，她说没啥特别感觉，就是早上吃完两粒，感觉比以前精神一点。第二周，她跟我说睡眠有变化。以前躺下要翻半小时才能睡着，现在十分钟就睡了，而且中间不怎么醒了。第三周，她发了一张自拍过来，配了一句：老杨你看，我脸是不是亮了？我一看，确实比之前那张照片气色好不少。她说做美业这么多年，对自己的脸最敏感：不是那种涂粉的亮，是从里面透出来的。最让她意外的是另一件事。小敏以前一沾酒就脸红，一杯啤酒下去就晕。做美业应酬多，这事儿挺尴尬的。有天晚上客户请吃饭，她硬着头皮喝了两杯红酒——结果居然没醉，脸也没怎么红。她第二天一早给我发消息：老杨！！昨晚我喝了两杯红酒，居然没上头！以前一杯就倒的！这是怎么回事？！我说：别激动，这就是身体整体状态好了以后的反应。每个人情况不同，具体原因不好说，但状态好了，身体各方面的能力自然也跟着好了。这里必须说清楚：这不是说澳洲小绿能解酒。小敏的体感是她个人的变化，每个人体质不同，我不做任何功效承诺。老杨的选品方法论小敏后来跟我说了句话，我觉得挺有道理的。老杨，我现在才明白，不是NMN不好，是我买的那瓶不对。就像买衣服，同样的款式，面料差一截，穿着就是两个感觉。这话总结得很到位。保健品这个行业，水确实深。但选品逻辑其实不复杂，记住三件事就够了。第一，看配料表，不看广告。核心成分排在第几位？辅料占多少？配料表不会骗你，广告会。第二，看配方协同，不看单一成分。身体是一个系统，不是缺啥补啥那么简单。好的产品是多种成分科学搭配，不是一种成分单打独斗。第三，看认证背书，不看价格高低。TGA认证、GMP生产规范、第三方检测——这些硬指标，比全网销量第一靠谱得多。不是产品不好，是形式选错了。同样的预算，选对了，事半功倍；选错了，钱花了，体感为零。你在吃保健品吗？有没有翻过配料表？评论区聊聊，老杨帮你看看。我是老杨，六年保健品供应链，帮你看配料表、帮你避坑、帮你选对的。只选对的，不选贵的。本文由AI辅助创作，经作者审核发布"	,"花了一万多没体感直到她看了一眼配料表"	,,"一个客户吃了半年NMN花了一万多，我让她看了一眼配料表，她沉默了"	,"中性"	
啤酒行业-行业-低,"2026-08-10 11:53:11"	,"web"	,,0,,,,,"王泳婷"	,,"897abefca30cc45f1416e5b006d6b364"	,"https://api-app-proxy.tarsocial.com/api/token/v2/rewrite_url?url=29LTRcCVhVyQWnvgexsp9BlWGGGp78xgno4FD1wSu1UxB00Qc8HATDwVCEG1uHYzY-nFgmuQcGhtZF-Fi721eiTB7byxUq7M7LhhdCK3Owo"	,"东方网记者王泳婷8月10日报道：受台风“白海豚”影响，8月9日起上海出现明显风雨天气，树木倒伏、路面积水等险情给城市运行带来多重考验。长宁区迅速进入防汛防台应急状态，绿化市容、应急管理等多部门连夜联动、通宵值守，以坚守筑牢城区安全防线。绿化队伍连夜攻坚 快速处置倒伏险情大风导致城区多处树木倒伏、断枝，直接威胁道路通行与群众安全。长宁绿化队伍严格遵循“先保通行、快速排险、稳步清运”原则，23支应急队伍、476名抢险人员奔走在街头巷尾，处置各类隐患。9日晚，新华路上一棵大树被狂风整体吹倒，枝干压在停放车辆上方，因枝条疑似裹挟线路，贸然切割极易引发危险。抢险人员顶着风雨细致排查、谨慎研判，耗时一小时彻底排除安全隐患后，快速拆分、清运枝干，成功解救被压车辆。10日凌晨3时37分，茅台路长房国际广场路段树木倒伏阻断通行，雨夜视线差、作业难度大，抢险队伍争分夺秒攻坚，仅用一小时二十分钟就完成树木拆解与残枝清运，在凌晨及时恢复道路畅通。此外，大家源“家+绿镜”内一棵大树拦腰断裂，带刺花枝倒伏在步道上，工作人员第一时间到场清理，快速消除绊倒、划伤路人的风险。u003C!--EndFragment--u003E记者从长宁区绿化市容局获悉，截至目前，长宁绿化条线累计派出巡查1664人次，加固公园绿植485棵、道路行道树184棵，修剪清理各类枯枝危枝1813处。本轮风雨中，长宁全区公园绿地倒伏树木42棵、行道树倒伏20棵，所有影响通行的行道树倒伏险情均已优先排除。排查高空风险点位 清淤疏堵协同作业台风天气下，户外广告、招牌、景观设施极易随风摆动、脱落坠落，是安全防控的重中之重。长宁区提前完成全区6417块户外招牌、316块户外广告牌的责任人安全告知，重点对薄弱点位开展整治。截至目前，累计整改高危连体招牌71块，加固隐患设施3处、拆除风险招牌25块，加固景观设施47处，撤除沿街对旗44对，全方位压缩高空坠物风险。同时，景观条线提前关停全区景观灯光、切断设备电源，全面排查户外亮化设施安全状态，应急小队全员在岗待命，随时处置突发隐患。持续降雨让城区排水压力陡增，排积水、保畅通成为清晨保障工作的核心。按照长宁区绿化市容局及各街镇统一部署，市容门责队员一早全员到岗下沉路面，配合环卫力量逐路排查，重点清理、疏通堵塞的道路排水口与雨水箅子，清除落叶、淤泥等杂物，加速路面积水退去。同时，全区631名道路保洁人员于8月10日清晨5时全员上岗，生活垃圾清运6时准点启动。市政抢险队伍驻守重点易涝路段开展动态抢排，多股力量协同作业，全方位保障雨天道路通行顺畅。稳妥转移避险人员 安置保障暖心到位8月9日11时30分，长宁区依据市级统一工作部署，发布全区危险区域人员避险转移工作指令，第一时间组织建筑工地等项目人员撤离至应急安置场所，在大风大雨中为群众撑起“守护伞”。在天山社区文化活动中心，一楼会场已被改造为应急宿住区，40张床铺整齐摆放，来自上海金鹿建设集团有限公司古北路B1—03地块综合体项目的建筑工人在此休憩，矿泉水、泡面等物资配备齐全。据长宁区应急管理局相关负责人介绍，防汛防台应急避难场所启用期间，将落实24小时值班值守与安全巡查制度，保障场所秩序稳定；同时为避险人员配备包含洗漱用品、毛毯在内的应急包，满足日常生活需求。若台风影响持续时间较长，后续将统一增配物资，持续做好应急安置保障。目前，长宁区各条线防汛防台力量仍坚守岗位，持续开展隐患排查与应急处置，全力保障台风期间城区运行平稳与群众生命财产安全。（图片来源：上海长宁）"	,,,"迎战台风“白海豚”上海长宁多线发力守护城区平安"	,"中性"	
啤酒行业-行业-低,"2026-08-10 11:51:17"	,"toutiao"	,5,0,,,"171166134967576"	,,"亡心者"	,,"1873106831920137"	,"https://api-app-proxy.tarsocial.com/api/token/v2/rewrite_url?url=1YusuDMvr9od4K_K1MN8mlDDzP1nPFJ1ypc-UlWqfKAp8PHmBSs9LOqEirDOmsngEDN3IymKjJlI5irt4NepIw"	,"炸裂！青岛夜市，一中年老外只用一顿海鲜、几杯扎啤，路边买束花就成功拿下了小姑娘。

说真的我看完都忍不住叹气，当年我就是吃了这种“被起哄上头”的亏啊！那时候跟朋友吃烤串被邻桌撺掇，男生随手买了串十块钱的满天星我就答应交往了，连人家具体做什么工作、有没有外债都没问清楚，之后处了仨月矛盾全冒出来，闹得特别难看才分的手。

说白了围观的人都是凑热闹而已，谁会为你之后的日子负责啊？又是年龄差又是文化差异，哪是一顿饭一束花就能抹平的？现在觉得浪漫到骨子里，等新鲜感退了，俩人连生活习惯、消费观念都合不上的时候，就知道当初脑子进的水有多离谱了。

姑娘们真的别被旁人的起哄架着走，谈恋爱前多了解俩月不吃亏。
"	,,,"炸裂！青岛夜市，一中年老外只用一顿海鲜、几杯扎啤，路边买束花就成功拿下了小姑娘。

说真的我看完都忍不住叹气，当年我就是吃了这种“被起哄上头”的亏啊！那时候跟朋友吃烤串被邻桌撺掇，男生随手买了串十块钱的满天星我就答应交往了，连人家具体做什么工作、有没有外债都没问清楚，之后处了仨月矛盾全冒出来，闹得特别难看才分的手。

说白了围观的人都是凑热闹而已，谁会为你之后的日子负责啊？又是年龄差又是文化差异，"	,"中性"	
啤酒行业-行业-低,"2026-08-10 11:49:17"	,"douyin"	,,0,30,,"430658052177311"	,,"东胜物流软件"	,,"7672245057499483430"	,"https://api-app-proxy.tarsocial.com/api/token/v2/rewrite_url?url=UxI1mE1VtivWWENn8adpDmG3kF8SwGcheiC2XVx5H1kULtA5MeerODsxommlOHqSWMaADrwP5AU6WSLFVwQK6g"	,"对此只想说，习惯了！ #关税 #美国 #贸易 #货代 #热点新闻"	,"美参议院通过 S.5025法案外贸行业需持续关注 LONDON PRRIS"	,"美参议院通过 S.5025法案外贸行业需持续关注 5 LONDON 七 PRRISNLAN RRLIAE. TORONTO HONTAEN ISTANBUL TOKYO NEW YORK HASHINGT DUBAI LOS ANE 美国参议院当地时间 RIO DE JANEIRO SYDN SRO PNULO SANTIRGO CAPE TOHN BUENOS RIRES美参议院通过 S.5025法案外贸行业需持续关注 9 LONDON 一 PRRISNLAN RRLIAE. TORONTO HONTAEN ISTANBUL TOKYO NEW YORK HASHING' DUBAI LOS RNGELES 8月7日表决通过 RIO DE JANEIRO SYDN SRO PNULO SANTIRGO CAPE TOHN BUENOS RIRES美参议院通过 S.5025法案外贸行业需持续关注 LONDON AOSCO 二 PRRISNLAN RRLI TORONTO HONTAEN ISTANBUL TOKYO NEW YORK HASHINGT DUBAI LOS RNGELES 8月7日表决通过 RIO DE JANEIRO SYDN SnO PNULO SANTIRGO CAPE TOHN BUENOS RIRES美参议院通过 S.5025法案外贸行业需持续关注 D LONDON MOSCON 一 TORONTO PRRISNLAN HONTAEK ISTANBUL TOKYO NEW YORK HASHING' DUBAI LOS RNGELES S.5025法案 PORE RIO DE JANEIRO SYDN SRO PNULO IANTIRGO CAPE TOUN BUENOS RIRES美参议院通过 S.5025法案外贸行业需持续关注活 LONDON MOSCON 福 TORONTO PRRISNLAN HONTAEK ISTANBUL TOKYO NEW YORK HASHINGT DUBAI LOS RN 该法案给到美国总统 RIO DE JANEIRO 1 SYDN SnO PNULO SANTIRSO CAPE TOHN BUENOS RIRES美参议院通过 S.5025法案外贸行业需持续关注 LONDON 号 TORONTO PRRISNLAN HONTAEN ISTANBUL TOKYO NEW YORK HASHING DUBAI LOS RNGELES 相关权限 LRL SINGRPORE RIO DE JANEIRO SYDN SRO PNULO IANTIRGO CAPE TOHN BUENOS RIRES美参议院通过 S.5025法案外贸行业需持续关注 LONDON MOSCON 二 TORONTO PRRISNLAN HONTAEN ISTANBUL TOKYO NEW YORK HASHING DUBAI S国可针对俄罗斯能源主要 RIO DE JANEIRO SYDN SNO PNULO CAPE TOHN BUENOS RIRES美参议院通过 S.5025法案外贸行业需持续关注 LONDON MOSCON 一 PRRISHLAN TORONTO HONTAEN ISTANBUL TOKYO NEW YORK HASHING DUBAI LOS RNSEL 采购国家输美商品 RIO DE JANEIRO SYDN SNO PNULO SANTIRGO CAPE TOHN BUENOS RIRES美参议院通过 S.5025法案外贸行业需持续关注 LONDON 七 TORONTO PARISNLAN HONTRERL ISTANBUL TOKYO NEW YORK HASHINGT DUBAI LOS ANGELES 设置高额关税 ORE RID DE JANEIRO SYDN BNO PNULO SANTINEO CAPE TOHN BUENOSRIRES美参议院通过 S.5025法案外贸行业需持续关注北 LONDON TORONTO PARISNLAN HONTRERL ISTANBUL TOKYO NEW YORK HASHINGT DUBRI LOS ANGELES 中国、印度 GRPORE RIO DE JANEIRO SYDN SRO PNULO SANTINEO CAPE TOHN BUENOSRIRES美参议院通过 S.5025法案外贸行业需持续关注 LONDON 七 PRRISNLAN RRLINE TORONTO HONTREN ISTANBUL TOKYO NEW YORK HASHING` DUBRI LOS ANGEL 列入法案覆盖范围 RID DE JANEIRO SYDN SROPNULO SANTINEO CAPE TOHN BUENOSRIRES美参议院通过 S.5025法案外贸行业需持续关注 LONDON 七 PARISHLAN TORONTO HONTNERL ISTANBUL TOKYO NEW YORK HASHIRGT DUBRI LOS ANGELES 法案目前仅完成 RID DE JANEIRO SYDN SNOPNULO SANTINEO CAPE TOHN BUENOSRIRES美参议院通过 S.5025法案外贸行业需持续关注 LONDON 华 PRRISNLAN RRLIE. TORONTO HONTRENL ISTANBUL TOKYO NEW YORK HRSHIRGT CAIRE DUBAI LOS ANGELES 参议院环节 GAPORE RID DE JANEIRO SYDN SRO PNULO SANTINEO CAPE TOHN BUENOSRIRES美参议院通过 S.5025法案外贸行业需持续关注 LONDON 七 PARISHLAN RLI TORONTO HONTRERL ISTANBUL TOKYO NEW YORK HASHINGT DUBAI LOS ANGEL 待众议院9月复会 RID DE JANEIRO SYDN SNOPNULO CAPE TOHN BUENOSRIRES美参议院通过 S.5025法案外贸行业需持续关注 LONDON PARISNLAN EL TORONTO HONTRENL ISTANBUL TOKYO NEW YORK HRSHINGT DUBAI LOS ANGELES 开展后续流程 ORE RID DE JANEIRO SYDN SRO PNULO SANTINEO CAPE TOHN BUENOSRIRES美参议院通过 S.5025法案外贸行业需持续关注 LONDON HOSCO 1 PARISNLAN EL TORONTO HONTRER ISTANBUL TOKYO NEW YORK HRSHINGT DUBAI LOS ANGELES 完成全部审议 ORE RID DE JANEIRO SYDN SNOPNULO SANTINEO CAPE TOHN BUENOSRIRES美参议院通过 S.5025法案外贸行业需持续关注 LONDON MOSCON 华 PARISNLAN LERLI TORONTO HONTREN ISTANBUL TOKYO NEW YORK HASHIRGT DUBRI LOS ANGELI 并签署后才会生效 RID DE JANEIRO SYDN SNOPNULO SANTINEO CAPE TOHN BUENOSRIRES美参议院通过 S.5025法案外贸行业需持续关注 LONDON HOSCOH PRRISNLAN LERLIN TORONTO HONTRER ISTANBUL TOKYO NEW YORK HASHINGT DUBRI LOS 相关关税属于可选权限 RIO DE JANEIRO SYDN SNOPNULO IANTIAEO CAPE TOHN BUENOSRIRES美参议院通过 S.5025法案外贸行业需持续关注 LONDON HOSCON 1 PRRISNLAN LRLIE TORONTO HONTRER ISTANBUL TOKYO NEW YORK HASHINGTO DUBRI LOS RNGELES 暂未落地执行 PORE RIO DE JANEIRO SYDN SNOPNULO IANTIAEO CAPE TOHN BUENOSNIRES美参议院通过 S.5025法案外贸行业需持续关注 LONDON HOSCON 福 PRRISHLAN TORONTO HONTRER: ISTANBUL TOKYO NEW YORK HASHINGTO DUBRI LOS RNGELES 海关总署 HLR.LUN SINGRPORE RIO DE JANEIRO SYDN SNOPNULO IANTIAGO CAPE TOHN BUENOSNIRES美参议院通过 S.5025法案外贸行业需持续关注北 LONDON TORONTO PRRISNLAN HONTRER ISTANBUL TOKYO NEW YORK HASHINGT DUBRI LOS RNGELES 8月7日发布统计 RIO DE JANEIRO SYDN SNO PNULO SANTIADO CAPE TOHN BUENOSNIRES美参议院通过 S.5025法案外贸行业需持续关注 LONDON TORONTO PRRISNLAN HONTRER ISTANBUL TOKYO NEW YORK HASHINGTO DUBRI LOS RNGELES 2026年前7个月 RIO DE JANEIRO SYDN SNO PNULO IANTINEO CAPE TOHN BUENOSRIRES美参议院通过 S.5025法案外贸行业需持续关注 LONDON TORONTO PRRISNLAN HONTRER ISTANBUL TOKYO NEW YORK HASHINGT HEPI DUBRI LOS RNGELES 国内进出口总值 RIO DE JANEIRO SYDN BNO PNULO IANTIAGO CAPE TOHN BUENOSNIRES美参议院通过 S.5025法案外贸行业需持续关注 LONDON 10 PRRISNLAN SERLIN TORONTO HONTRER: ISTANBUL TOKYO NEW YORK HASHINGTO DUBRI LOS RNGELES 30.13万亿元 DRE RIO DE JANEIRO SYDN SNO PNULO IANTIAEO BUENOS RIRES CAPE TOHN美参议院通过 S.5025法案外贸行业需持续关注 LONDON 福 TORONTO PRRISNLAN HONTRER ISTANBUL TOKYO NEW YORK HASHINGT DUBRI LOS RNG 结合现有进出口走势 RIO DE JANEIRO SYDN SNO PNULO CAPE TOHN BUENOSRIRES美参议院通过 S.5025法案外贸行业需持续关注 LONDON HOS 基 TORONTO PRRISNLAN HONTAER: ISTANBUL TOKYO NEW YORK HRSHIRGT DUBRI LOS RNGELES 全年外贸规模 ORE RID DE JANEIRO SYDN SNO PNULO CAPE TOHN BUENOSRIRES美参议院通过 S.5025法案外贸行业需持续关注 LONDON 基 TORONTO PRRISNLAN HONTAER: ISTANBUL TOKYO NEW YORK HRSHIRGT DUBRI LOS RNGELES 全年外贸规模 DRE RIO DE JANEIRO SYDN SNO PNULO SANTIASO CAPE TOHN BUENOSRIRES美参议院通过 S.5025法案外贸行业需持续关注 MSC LONDON HOSCON 事 PRRISNLAN TORONTO HONTAEN ISTANBUL TOKYO NEW YORK HASHIRGT DUBRI LOS RN 有望达到7万亿美元 RID DE JANEIRO SYON SNO PNULO SANTIASO CAPE TOHN BUENOSRIRES美参议院通过 S.5025法案外贸行业需持续关注 MSC LONDON HOS 基 PRRISHLAN BRLIM TORONTO HONTAER ISTANBUL TOKYO NEW YORK HRSHIRGT DUBRI LOS RNGELES 海关统计显示 ORE RIO DE JANEIRO SYON SNO PNULO SANTIASO CAPE TOHN BUENOSRIRES美参议院通过 S.5025法案外贸行业需持续关注 MSCASCIA LONDON HOS 基 PRRISNLAN TORONTO HONTAER ISTANBUL TOKYO NEW YORK HASHIRGT DUBRI LOS RN 我国对美出口占整体 RID DE JANEIRO SYON SNO PNULO SANTIASO CAPE TOHN BUENOSRIRES美参议院通过 S.5025法案外贸行业需持续关注同 MSCMSCIA LONDON HOSCON 基 PRRISHLAN BRLIM TORONTO HONTAER ISTANBUL TOKYO NEW YORK HRSHIRGT DUBRI LOS RNGEL 出口比重不足10% RID DE JANEIRO SYON SNO PNULO SANTIASO CAPE TOHN BUENOSRIRES美参议院通过 S.5025法案外贸行业需持续关注 MSCMSCIA LONDON HOSCON 北 PRRISNLAN ERLIN"" TORONTO HONTAER: ISTANBUL TOKYO NEW YORK HRSHIRGT: DUBRI 东盟、共建一带一路 RID DE JANEIRO SYON SNO PNULO CAPE TOHN BUENOS RIRES美参议院通过 S.5025法案外贸行业需持续关注 MSCMSCIA LONDON HOSCON 福 PRRISNLAN ERLIN"" TORONTO HONTAER: ISTANBUL TOKYO NEW YORK HRSHIRGT: DUBRI 东盟、共建一带一路 RID DE JANEIRO SYON SNO PNULO CAPE TOHN BUENOS RIRES美参议院通过 S.5025法案外贸行业需持续关注 10 MSCMSCIA LONDON PRRISNLAN RRLIN TORONTO HONTAER ISTANBUL TOKYO NEW YORK HASHINGT DUBRI LOS RNGELES 沿线市场为主要 RIO DE JANEIRO SYDN SRO PNULO SANTIAGO CAPE TOHN BUENOSRIRES美参议院通过 S.5025法案外贸行业需持续关注 LONDON PRRISNLAN RRLIN TORONTO HONTAER ISTANBUL TOKYO NEW YORK HASHINST DUBRI LOS RNGELES 法案后续流程 ORE RIO DE JANEIRO SYDN SRO PNULO SANTIAGO CAPE TOHN BUENOSRIRES美参议院通过 S.5025法案外贸行业需持续关注 LONDON PRRISNLAN LERLIM TORONTO HONTAER ISTANBUL TOKYO NEW YORK HASHINST DUBAI LOS RNGELES 尚有变数 ILALR SINSRPORE 士 RIO DE JANEIRO SYDN SRO PNULO SANTIAGO CAPE TOHN BUENOSRIRES美参议院通过 S.5025法案外贸行业需持续关注 LONDON HOS 一 PRRISNLAN RRLIN TORONTO HONTAER ISTANBUL TOKYO NEW YORK HRSHIRST DUBRI LOS RNGEL 涉美相关出口业务 RIO DE JANEIRO 中 SYDN SRO PNULO SANTIAGO CAPE TOHN BUENOSRIRES美参议院通过 S.5025法案外贸行业需持续关注 LONDON 喜 TORONTO PRRISNLAN HONTAER ISTANBUL TOKYO NEW YORK HASHINSTO DUBAI LOS RNGEL 存在政策变动可能 RIO DE JANEIRO T SYDN SRO PNULO SANTIAGO CAPE TOHN BUENOSRIRES美参议院通过 S.5025法案外贸行业需持续关注 LONDON 基 PRRISNLAN LRRLIN TORONTO HONTRER ISTANBUL TOKYO NEW YORK HASHINSTI DUBRI LOS RNGELES 企业可持续关注 RIO DE JANEIRO SYDN SRO PNULO SRNTIAEO CAPE TOHN BUENOSRIRES美参议院通过 S.5025法案外贸行业需持续关注 LONDON 华 TORONTO PRRISNLAN HONTAER ISTANBUL TOKYO NEW YORK HASHINSTO DUBRI LOS RNGELES 法案的最新进展 RIO DE JANEIRO SYDN SRO PNULO SANTIAGO CAPE TOHN BUENOSRIRESX 记得点赞关注哦我的粉丝最好看 ?记得点赞关注哦我的粉丝最好看 ?"	,,"中性"	
啤酒行业-行业-低,"2026-08-10 11:41:46"	,"douyin"	,,0,,,"3547452546488809"	,,"从头开始换种心情"	,,"7672243121447635121"	,"https://api-app-proxy.tarsocial.com/api/token/v2/rewrite_url?url=UxI1mE1VtivWWENn8adpDmG3kF8SwGcheiC2XVx5H1mXZzosMpQf7JOXabZeMEPw4bb8zB2FANqIlfx6-6sh6Q"	,,"记源丹信质亨洋行"	,"林记洋湖营范八串记德隆信质国纪人瑞亨洋行博恋失 M家E人- 原武艺果心林记洋潮冒范八第 IP2 记张隆信广博恋失 PILA 瑞亨洋行 MEEA林记洋货翔富范八第记德隆信质 WEEA 瑞亨洋行博恋失 RTRA 原盛就具商行休记洋翔冒第八茅 2 线记德隆信质 REEA 瑞亨洋行珍博恋失 RTT/ 经典招牌茶温容统八苏品国硬值厂瑞亨洋行经典招成用南M 用门虎公网门元C i 2? 猫心A 4S 正T 西美食小吃1996啤港座 AOHE BEER HOUSE1996啤酒 CRIOUN. HENGI AOHE BEER HOUSE门用水梦堂品重火溪雪强安六茶装渭证明池美州峡大黄山霍 AARC OUEVEDO用水净空建店中大合央六茶技证州峡大黄山云英堂建大合安茶获理湿州峡大黄山霞风来 pacQUEVEDO广州街·香港通道通道通道 Passageway Passageway Passageway 2026年8月8日23/31℃丽东阳山学人请能消字中心协国人住优先通道天学生你免费了 LF生专有标 1988 S广州街·香港通道通道通道 Passageway Passageway Passageway 2026年8月8日23/31℃雨东阳新体人的伴的念的面人心 ，大力弘扬完法消神，基设社会主义法制文化，弘场究法满的，招出依出治市。公共安天 1988广州街·香港通道通道通道 Passageway Passageway Passageway 5 2026年8月8日 23/31℃ 面东阳人请自的心小里入他相您，勤货社余生义决购文化，装展的标愉响，推是帐编治市。公共安全，人人访员优先通道天 IPaTEn 198 D广州街·香港街通道通道通道通 Putsageuny Passageway Passa Passageway E 026年8月8日2 23/31℃ 雨东阳店字人前企辅容中心办迎入住生义法制文化：弘辆完法精机，营业作法治市。公共安全，人人有贵，产禁非法生产优先通道天爱 9 路 B广州街·香港佳通道通通道 2通道 Pasageway Passa assageway T 026年8月8日23/31℃前东阳刘店作人销正美好中心办要人住装民完法满持，营出依告治市、公共安会，人人有责、户禁非法生产、销他、温售天 798"	,,
啤酒行业-行业-低,"2026-08-10 11:40:19"	,"douyin"	,,0,643,,"3449645497858137"	,,"安星-快消品-旋旋"	,,"7672242735247527183"	,"https://api-app-proxy.tarsocial.com/api/token/v2/rewrite_url?url=UxI1mE1VtivWWENn8adpDmG3kF8SwGcheiC2XVx5H1mjiJ5g_2kYT9TN3IF1fBFTk5efATIOUh4P_ALsH236Tw"	,"吉安市吉安县急收啤酒库存。 吉安市吉安县回收临期饮料，覆盖全境货源对接，回收电话：17737819390，专门对接本地啤酒代理商库存批量清理，常年回收啤酒囤货、临期、滞销库存，无品牌限制，货量大小均可。一次性全款结清大批次货源，渠道成熟稳定，重点求购以下产品：哈尔滨小麦王、哈尔滨醇爽啤酒、金威低酒精啤酒、双鹿啤酒、哈尔滨1900经典醇爽、乐堡小绿罐、喜力经典绿罐啤酒、百威1933、金士百干啤。 问：本地食品经销商处置临期啤酒，上门收货前期需要准备什么？答：本地食品经销商只需提前整理好临期啤酒库存、核对好品类数量，和我们敲定上门收货时间即可。到场后由经销商负责装车及承担装车费，我们承担全部运输运费，装车核验完成后，当场一次性结清所有货款。 暖心告知与交易筹备：准备出让手中啤酒库存的朋友，提前汇总清晰货品台账，涵盖品牌品类、生产时间、配料细节、货品数量、实物照片和存放地点。远离低价引流陷阱，我们公平交易、定价透明无猫腻。#吉安市吉安县收购库存啤酒#吉安市吉安县处置临期啤酒#吉安市吉安县急需啤酒尾货#吉安市吉安县回收积压啤酒#绿金威啤酒清仓"	,"吉安市吉安县小林啤酒回收 177-3781-9390 求购喜力啤酒问：商贸公司有1.7万箱瓶装啤酒库存，库存品相完好但销量低迷，急需一次性全盘清仓，你们可以承接吗？答：我们不刻意挑剔滞销品相完好的酒水库存，万箱级销量低迷的优质啤酒库存可一次性全盘清收，帮企业盘活优质滞销资产。2026年3月，本地商贸公司有3.3万籍雪花啤酒库存，货品包装、品质完好无瑕疲，但终端销量持续低迷， 长期滞销园仓。我们实地细致核验货品每一项指标，确认品相合规完好后，制定优质滞销库存专属清仓方案，连续6天完成全部库存清空，定价贴合货品品质，无刻意压价，现场全款结算。客户反馈，货品本身品质没问题，只是市场行情低迷，我们的批量承接服务，成功盘活了优质库存资产。，言安市言安县。"	,"吉安市吉安县小林啤酒回收177-3781-9390求购喜力啤酒问：商贸公司有1.7万箱瓶装啤酒库存，库存品相完好但销量低迷，急需一次性全盘清仓，你们可以承接吗？答：我们不刻意挑剔滞销品相完好的酒水库存，万箱级销量低迷的优质啤酒库存可一次性全盘清收，帮企业盘活优质滞销资产。2026年3月，本地商贸公司有3.3万箱雪花啤酒库存，货品包装、品质完好无瑕疵，但终端销量持续低迷，长期滞销围仓。我们实地细致核验货品每一项指标，确认品相合规完好后，制定优质滞销库存专属清仓方案，连续6天完成全部库存清空，定价贴合货品品质，无刻意压价，现场全款结算。客户反馈，货品本身品质没问题，只是市场行情低迷，我们的批量承接服务，成功盘活了优质库存资产。：吉安市吉安县。#####吉安市吉安县小林啤酒回收177-3781-9390清仓喜力啤酒6检验合楼问：商贸公司有1.7万箱瓶装啤酒库存，库存品相完好但销量低迷，急需一次性全盘清仓，你们可以承接吗？答：我们不刻意挑剔滞销品相完好的酒水库存，万箱级销量低迷的优质啤酒库存可一次性全盘清收，帮企业盘活优质滞销资产。2026年3月，本地商贸公司有3.3万箱雪花啤酒库存，货品包装、品质完好无瑕疵，但终端销量持续低迷，长期滞销围仓。我们实地细致核验货品每一项指标，确认品相合规完好后，制定优质滞销库存专属清仓方案，连续6天完成全部库存清空，定价贴合货品品质，无刻意压价，现场全款结算。客户反馈，货品本身品质没问题，只是市场行情低迷，我们的批量承接服务，成功盘活了优质库存资产。，吉安市吉安县。#####吉安市吉安县小林啤酒回收东方树叶青柑普正复合茶饮料净含量50m·15棚农夫山泉177-3781-9390上门收库存饮料茉莉东方树叶购买问：商贸公司有1.7万箱瓶装啤酒库存，库存品相完好但销量低迷，急需一次性全盘清仓，你们可以承接吗？答：我们不刻意挑剔滞销品相完好的酒水库存，万箱级销量低迷的优质啤酒库存可一次性全盘清收，帮企业盘活优质滞销资产。2026年3月，本地商贸公司有3.3万箱雪花啤酒库存，货品包装、品质完好无瑕疵，但终端销量持续低迷，长期滞销围仓。我们实地细致核验货品每一项指标，确认品相合规完好后，制定优质滞销库存专属清仓方案，连续6天完成全部库存清空，定价贴合货品品质，无刻意压价，现场全款结算。客户反馈，货品本身品质没问题，只是市场行情低迷，我们的批量承接服务，成功盘活了优质库存资产。，吉安市吉安县。"	,,"中性"	
啤酒行业-行业-低,"2026-08-10 11:39:57"	,"app"	,,0,,,"T1759248373694"	,,"房车梦想家"	,,"65ca163551c152662b13e537434adbf1"	,"https://api-app-proxy.tarsocial.com/api/token/v2/rewrite_url?url=Vjhf8O4lgBhkvHpaFoaSiBze7cddh0Dki91vcy9OIYeSoN4amIY_Pm__R_9B_ZbW-3WiN5EDivaUYvJltrHK-Q"	,"2026第三十届青岛国际房车展，将于2026年8月28日至30日，在青岛西海岸金沙滩啤酒城星光大道再度华丽归来！ 整车采用福特猛禽式前脸设计，搭配撞色拉花与装甲漆包围，硬朗线条勾勒出十足的力量感；车顶配备镭射射灯，夜间出行照亮前路，钢制越野前后杠、越野宽体大包围加持，不仅颜值出众，更能有效防护车身，应对复杂路况毫无压力。 车身尺寸精准把控在5998×2164×2996mm，蓝牌C照即可轻松驾驭，既避免了大车驾驶的笨重感，又最大化拓展了车内空间，兼顾通行灵活性与旅居实用性，高速、乡道、非铺装路面都能从容应对。 动力层面，搭载福特Puma2.3T高压共轨柴油发动机，匹配采埃孚8AT进口变速箱，最大功率128kw，峰值扭矩430N·m，动力输出强劲平顺，高速超车、爬坡脱困都游刃有余；搭配博格华纳智能适时四驱系统+伊顿差速锁，越野性能直接拉满。 合规六座、灵活多变的驾乘空间，完美契合家庭出行、好友结伴的多元需求，告别“坐不下、挤着累”的出行窘境。 整车采用人性化座椅布局，独立座椅设计兼顾舒适性与实用性，主副驾座椅支持多角度调节，后排座椅宽敞通透，即便满载六人也无局促感，长途驾乘依旧轻松惬意。更值得一提的是，座椅布局兼顾旅居实用性，可灵活调节、拓展空间，行车时是合规驾乘舱，驻车时秒变一张床，一车多用，实用性拉满。 中门上方集成式触摸屏，带智能语音唤醒功能，四路监控，24小时为您的安全守护。 厨房区域配置齐全，洗菜池、电磁炉一应俱全，搭配大容量双开门冰箱，食材保鲜无忧，旅途中随时能烹饪可口饭菜。用电用水方面，整车配备206L双清水箱，兼顾室外用水与室内恒温用水，无惧低温冻管；搭载48V10度电，户外用电无忧；行驻车顶置变频冷暖空调、水暖地暖、IP67级防水音响等配置加持，冬暖夏凉，影音相伴，无论是荒野露营还是近郊小憩，都能尽享居家般的舒适。 车内配备独立卫浴空间，便携马桶与乘员舱隔离，杜绝串味困扰卫生间同样是抽拉式，可以按需扩展的同时不会占用过道的空间。设施也是样样齐全，梳妆镜、旋转马桶、翻折台盆、淋浴花洒、上方换气扇。 尾部超大后横床，尺寸2000×1300mm，两个成年人轻松睡下。上方环绕式吊柜，存放衣服也很方便。透过天窗还能躺着看星星 不必在越野与旅居之间妥协，不必在空间与舒适之间取舍，江铃六座远征豹原厂房车，用硬派越野性能+六座灵动空间+原厂品质保障+轻奢旅居配置，重新定义多人旅行新方式。"	,"2026第三十届房车梦想家中国（青岛）国际房车博览会青岛国际房车展 2026年8月28日-30日青岛西海岸金沙滩啤酒城"	,"2026第三十届房车梦想家中国（青岛）国际房车博览会青岛国际房车展 2026年8月28日-30日青岛西海岸金沙滩啤酒城；公众号·房车梦想家；房车梦想家公众；三 910 公众号·房车梦想家；公众号·房车梦态；房车梦想家；房车梦想家大人"	,"原厂四驱 + 全车完善旅居配置，8月28日青岛房车展，福特T8房车值不值得入手？"	,"正向"	
啤酒行业-行业-低,"2026-08-10 11:36:00"	,"toutiao"	,,0,,,"1037546191596142"	,,"丸子随笔"	,,"7672054270002283023"	,"https://api-app-proxy.tarsocial.com/api/token/v2/rewrite_url?url=1YusuDMvr9od4K_K1MN8ml17rEfkAea0gAdcR6CW8Dwk2c-GQj0JD5B-FN76q4LupM_6IPfWqxOyVf9sDuNSIg"	,"我站在锦屏山顶，风从嘉陵江面吹上来，灌进我的冲锋衣领口。脚下那座被江水环抱了整整两千三百年的古城铺展在眼前，青灰色的屋顶连绵成片，像被时间熨平了褶皱的老绸缎。手机里躺着七条未接来电，全是公司打来的，问我什么时候回去改那个改了十七版的方案。我把手机翻过去扣在石栏杆上，深吸一口气——空气里有醋的醇香、蒸馍的麦甜，还有谁家院子里飘出来的腊肉味。来之前我以为这趟只是出差顺带的打卡，可此刻站在这里，看着天边那一抹被落日烧成橘红色的云，我忽然说不清自己到底是来出差，还是来逃命的。我叫方远，三十五岁，在深圳一家互联网公司做产品经理。说白了就是每天跟程序员吵架、跟设计师拍桌子、跟老板画饼的那种人。上个月我负责的那个项目上线后出了个大Bug，客户在群里骂了三百多条，老板在周会上没点名但眼神扫了我三次。那天晚上我加班到凌晨两点回到家，打开冰箱发现里面只有半瓶过期的牛奶和一盒不知道什么时候买的速冻水饺。我站在冰箱前面发了很久的呆，冷气呼呼地吹在我脸上，忽然觉得这日子过得太没意思了。正好公司有个去四川南充的出差机会，对接一个当地企业的数字化转型项目。同事们都嫌远不想去，我主动揽了下来。领导拍着我的肩膀说""方远你真是好同志""，我心里想的是——让我出去透口气吧，哪怕只有几天。从深圳飞成都，再转高铁到南充，最后坐了一个多小时的大巴才到阆中。路上我跟司机师傅闲聊，问阆中有什么好玩的。师傅是个五十多岁的大叔，操着一口浓重的川北口音：""好耍得很嘛！你慢慢耍，莫急。""他透过后视镜看了我一眼，""你们大城市来的人，都急得很，到了我们这儿，急啥子嘛。""急啥子嘛。我心里苦笑，我要是能不急就好了。到了阆中古城，我拖着行李箱找订好的民宿。导航在那些弯弯绕绕的青石板巷子里完全失灵，我转了三圈还在原地打转。巷子窄得很，两边是老旧的木门和青砖墙，墙根处长着一层毛茸茸的青苔，头顶晾着几件还在滴水的衣裳。一个穿围裙的大姐从门里探出头来看了我一眼，用四川话问：""找哪家嘛？""我把手机屏幕递过去给她看，她眯着眼瞅了瞅，然后笑了：""你走过了，倒回去第二个巷口右转，门口有棵黄葛树的就是。""我说了谢谢，转身往回走，她又在后面喊了一句：""小伙子，你箱子轮子卡石板缝里头了！""我低头一看，果然。蹲下来把箱子拔出来的时候，我听到身后传来一阵爽朗的笑声，那笑声混在午后的阳光和醋香味里，让我的脚步不由自主地慢了下来。民宿老板姓何，四十出头，皮肤黝黑，说话中气十足。他帮我办了入住，房间在二楼，推开窗就能看到街对面的一座老院子，灰瓦白墙，天井里种着一棵枇杷树，树下坐着个老太太在择菜。""那是何家大院，""老板顺着我的目光看过去，""住了七代人了。老太太九十多了，每天都坐那儿择菜，雷打不动。""""七代人？""我有些惊讶。""对啊，""老板理所当然地点头，""我们阆中的院子，都是传下来的。不迁居民、不迁学校、不迁老作坊，政府定的规矩。你出去逛的时候就知道了，到处都是住家的人，不是空壳子。""那天下午我放下行李就出了门。没有目的地，就顺着那些窄巷子乱走。主街上确实热闹，卖张飞牛肉的、卖保宁醋的、卖白糖蒸馍的，铺子一家挨着一家，飘出来的香味混在一起，勾得人走不动道。可我更感兴趣的是那些岔进去的小巷——白花庵街、笔向街，名字念起来就有味道。巷子窄得两个人并排走都得侧身，墙上的青苔湿漉漉的，偶尔一扇半掩的木门后面，能看到一个老人坐在天井里剥豆子，或者一个小孩蹲在地上用树枝画格子。我走着走着，忽然闻到一股特别浓郁的醋香。循着味道拐进一条更窄的巷子，尽头是一个敞着门的老作坊。门口挂着块木牌，上面用毛笔写着""陈记醋坊——百年老号""。我探头进去，里面光线昏暗，一排排大陶缸整整齐齐地码着，一个穿蓝布衫的老头正拿着一根长木棍在缸里搅动。""进来坐嘛。""老头头也没抬。我走进去，坐在门槛旁边的矮凳上。老头搅了一会儿，放下木棍，从旁边一个小碗里舀了一勺暗褐色的液体递给我：""尝尝。""我接过来抿了一口——酸，但又不是那种尖锐的酸，是一种厚实的、带着回甘的酸，咽下去之后舌尖上还留着淡淡的醇香。""这是三年的，""老头说，指了指角落里那一排盖着红布的缸，""那边是五年的、八年的。最里面那缸，是我爷爷的爷爷传下来的老母醋，不卖。""我握着那个小碗，忽然不知道说什么。这间光线昏暗的老作坊里，那些沉默的大陶缸，那个搅了一辈子醋的老人，和他嘴里""爷爷的爷爷""——这些东西在深圳的写字楼里是找不到的。我在那座城市待了十二年，换过三家公司、四个租住的房子，可从来没有一样东西是我能说""这是我爷爷的爷爷传下来的""。""你是外地来的吧？""老头终于抬头看了我一眼。""嗯，深圳来的。""""哦，大城市。""他点点头，语气平淡，听不出是羡慕还是别的什么，""来耍几天？""""出差，顺便逛逛。""""出差啊，""他笑了一下，脸上的褶子堆在一起，""那你就更应该慢慢逛了。急急忙忙的，啥子都看不到。""从醋坊出来的时候天色已经暗了。古城的灯笼次第亮起来，暖红色的光映在青石板上，湿漉漉地发着光。我走到中天楼下的时候停住了脚步——那是古城中心的一座木楼，四柱落地，四通八达。楼下的广场上聚了不少人，有游客也有本地人，有人在拍照，有人在聊天，几个小孩追着一只橘猫满场跑。楼角的铜铃被晚风吹得叮当作响，那声音清脆而悠远，像是从很久很久以前飘过来的。我站在广场边上看了很久。手机又震了一下，是同事发来的消息：""方哥，那个需求文档客户又提了新意见，你什么时候回来？""我盯着那条消息看了五秒钟，然后把手机塞回口袋，没有回复。第二天早上我去了张飞庙。门票不贵，进去之后那种肃穆感扑面而来。大殿、后殿、墓亭、墓冢，青砖灰瓦，古柏参天。我在张飞墓前站了一会儿，旁边一个带团的导游正在跟游客讲张飞镇守阆中七年的故事——说他在这儿兴修水利、安抚百姓，最后被部下刺杀，身葬阆中。游客们听完纷纷拍照，只有我注意到墓冢旁边那棵老柏树，树干粗得要两个人才能合抱，树皮上刻满了深深浅浅的纹路，像是把一千八百年的风雨都收进了自己的身体里。从张飞庙出来，我又去了川北道贡院。那是个科举时代的考棚，廊道两旁的考室一间挨着一间，木栏上带着飞仙椅。我走在那条五十多米长的廊道里，脚下是咯吱作响的木地板，头顶是昏黄的日光透过雕花窗棂投下的光影。我忽然想起一件事——阆中在唐宋两朝出过四个状元，尹枢、尹极、陈尧叟、陈尧咨，其中尹枢和尹极还是亲兄弟。一对兄弟，前后二十二年，都中了状元。我站在那间狭小的考室里，想象一个一千二百年前的读书人坐在这里，在油灯下奋笔疾书，为了一个""状元""的虚名耗尽一生心血。那时候的人，一辈子就认准一条路，走到底。不像我现在，什么都想要，什么都不确定。下午的时候我去了锦屏山。山不高，半小时就能爬到顶，山顶有个观景台，能看到古城全貌。我站在观景台上往下看的时候，才真正理解了什么叫""山围四面、水绕三方""。嘉陵江像一条碧绿的玉带从城边流过，把整座古城温柔地环抱着。城里的青瓦屋顶层层叠叠铺展开去，一直延伸到远处的山脚下。阳光照在江面上，碎金一样晃眼，几只白鹭贴着水面飞过，翅膀尖几乎擦到自己的倒影。我掏出手机想拍张照，可举起又放下了。镜头框不住这种感觉——那种站在高处看一座活了两千三百年的城在脚下呼吸的感觉。它不急，不赶，不焦虑，就像江面上那些慢悠悠漂着的船，顺着水流走，该到哪儿就到哪儿。下山的时候我走错了路，绕到了一条没走过的小巷。巷子尽头有一家茶馆，门口摆着几把竹椅，两个老人正坐在那里下象棋，旁边蹲着一条大黄狗，懒洋洋地吐着舌头。我鬼使神差地走过去，在第三把竹椅上坐了下来。下棋的两位老人抬头看了我一眼，没说话，又低头继续下。老板从屋里探出头来：""喝茶不？""""来一杯。""""啥子茶？""""随便。""老板笑了：""随便最难办。给你来杯本地的老鹰茶吧，解暑。""茶端上来的时候是温的，颜色深褐，喝起来有一股淡淡的药草香。我端着那杯茶坐在竹椅上，看着面前那盘杀得难解难分的象棋，看着那条黄狗翻了个身露出肚皮，看着夕阳从巷子口斜斜地照进来，把青石板染成金黄色。两位老人下完一盘棋，输了的那位拍着大腿说""再来再来""，赢了的那位慢悠悠地喝着茶说""你下不过我的""。我忽然想——如果我三十五岁就坐在这里下棋喝茶，是不是太早了？可如果等到六十五岁再来，那时候的我是不是已经忘了怎么慢下来？那天晚上我回到民宿，何老板正在院子里跟几个住客聊天。他看我回来了，招手让我过去坐。院子里摆了一张老木桌，上面放着几碟小菜和一壶酒。何老板给我倒了杯酒，说：""本地酿的桂花酒，尝尝。""我接过来抿了一口，甜丝丝的，桂花的香气从舌尖一直漫到喉咙里。""今天逛了哪些地方？""何老板问。我说了张飞庙、贡院、锦屏山，还有那条误打误撞进去的小巷和那家茶馆。何老板听完点了点头：""那你还没去天宫院吧？""""天宫院？""""对，在城外，唐代两个风水大师袁天罡和李淳风待过的地方。那两个人，一个算出武则天要当皇帝，一个写了本《推背图》，最后都不约而同跑到阆中来养老，死了还葬在同一个山头。你说这地方得多好，才能让那俩人都舍不得走？""我愣了一下。袁天罡、李淳风——这两个名字我在书上见过，但从没想过他们和阆中有什么关系。一个唐朝的风水大师，千里迢迢从长安跑到这个川北小城来终老，图什么？""图这里养人呗。""何老板像是看穿了我的心思，又给我倒了杯酒，""你看我们阆中，山好水好，人也好。不慌不忙的，日子过得舒坦。你们大城市来的人，一个个脸上都绷着，像有人欠你们钱似的。到了这儿待两天，脸上的肉就松了。""我摸了摸自己的脸，笑了。第三天上午我去了天宫院。那地方在城外，打车过去二十分钟。景区不大，但那种沉静的气场让人一进去就不由自主地放轻了脚步。天宫院的古建筑群依山而建，背后是连绵的青山，面前是一条弯弯曲曲的溪流。我在袁天罡和李淳风的墓前站了一会儿——两座墓隔着不远的距离，据说当年两人同时看中了这块地，最后""金针插铜钱""共择了此处。我站在那两座墓之间，忽然想起何老板说的话——两个当世最聪明的人，放弃了长安的繁华，跑到这儿来终老。他们算得出天下的兴衰，算得透人间的祸福，最后却选择了一座小城的一片山头，安安静静地把自己埋进去。这得是多大的通透？从天宫院回来的时候已经是下午了。我没有直接回民宿，而是在古城里漫无目的地走。路过一家蒸馍店的时候，老板娘正在揭笼屉，白花花的热气呼地一下涌出来，裹着麦子的甜香扑面而来。我买了一个刚出笼的白糖蒸馍，捧在手心里烫得左右倒手，咬了一口，松软香甜，在舌尖上慢慢化开。我蹲在路边吃那个蒸馍的时候，忽然看到对面巷口有一个熟悉的身影——是那个在醋坊里搅了一辈子醋的老头。他正提着一小坛醋从巷子里走出来，看到我蹲在路边，愣了一下，然后笑了：""你又来了？""我站起来，嘴里还含着蒸馍，含糊地应了一声。""这回不急了？""他问。我嚼完那口蒸馍，擦了擦嘴，说：""不急。""老头点点头，拎着他的醋坛子慢慢走远了。我看着他的背影消失在巷子拐角，忽然觉得这个画面特别完整——一个老人，一坛醋，一条走了几十年的巷子。没有KPI，没有OKR，没有凌晨两点的加班和改不完的方案。他就是活着，踏踏实实地活着。那天晚上我坐在民宿的院子里，给老板何哥转了一千块钱——补了三天的房费。何哥看了一眼手机，抬头问我：""不是说出差三天就走吗？""""改主意了，""我说，""再住两天。""何哥笑了，那笑容里有一种""我就知道""的得意。接下来的两天我哪儿也没去。早上睡到自然醒，下楼吃一碗何嫂做的牛肉面，然后揣着那杯老鹰茶去茶馆坐一上午。看那两个老人下棋，看那条大黄狗从这头睡到那头，看巷子口卖菜的阿姨跟人讨价还价。下午去江边走走，坐在岸边的石头上看嘉陵江的水流，看对岸锦屏山的轮廓在夕阳里慢慢变暗。第五天傍晚，我坐在江边那块石头上，手机终于响了——不是公司的，是我妈。""方远，你什么时候回来？你爸上周血压又高了，住院了。""我握着手机的手紧了紧。""严重吗？""""老毛病了，医生说观察几天就能出院。我就是跟你说一声。""我沉默了几秒钟。江面上最后一抹晚霞正在消散，天色从橘红变成灰紫，几只归巢的鸟从头顶掠过。""妈，我过两天就回去。""挂了电话，我坐在石头上又待了很久。江风吹过来，带着水草的腥气和对岸人家的炊烟味。我忽然想起一件事——我爸今年六十七了，退休前在厂里当了一辈子工人，每天骑自行车上下班，风雨无阻。我以前总觉得他活得窝囊，一辈子没出过省，连高铁都没坐过。可现在我想想，他那样的人生，是不是也有他的道理？就像那个搅醋的老头，就像那两个下棋的老人，就像这座在江边安安静静坐了两千三百年的城——他们都不急，不急着一夜暴富，不急着一鸣惊人，不急着一口气把一辈子过完。他们就是活着。第二天早上我收拾好行李，下楼退房。何哥正在院子里浇花，看我拖着箱子出来，放下水壶走过来：""走了？""""嗯，回去了。""""下次再来耍。""""好。""我走到巷口的时候，回头看了一眼。何哥还站在院子里，冲我挥了挥手。晨光从他身后照过来，把他和那座老院子都镀上了一层淡淡的金色。回深圳的高铁上，我靠在窗边，看着窗外的风景从川北的青山绿水慢慢变成城市的水泥森林。手机里已经攒了几十条未读消息——工作的、同事的、客户的，我一条一条地回，语气平静得出奇。有个同事问我""方哥你最近状态不错啊""，我回了个笑脸，没多解释。回来之后我做了几件事。第一，把那个拖了三个月的项目方案从头到尾重新梳理了一遍，砍掉了三分之二的功能，只留最核心的部分。老板看了之后沉默了半天，说""这个版本虽然简单，但是靠谱""。第二，给我爸打了电话，说下周末回去看他，他说""忙你的工作，不用跑""，我说""不忙，我请了假""。第三，我把冰箱清空了，去超市买了新鲜的菜和肉，每天晚上下班回来给自己做一顿饭，不管多晚。有天晚上我坐在阳台上喝啤酒，忽然收到何哥发来的微信——那天在民宿加的。他发了一张照片，是院子里的枇杷树，树上挂满了黄澄澄的果子。下面配了一行字：""枇杷熟了，给你留了一筐。下次来吃。""我盯着那张照片看了很久。月光照在阳台的地板上，清清冷冷的。我回了一条消息：""好，一定来。""放下手机，我忽然想起在阆中最后那天，在锦屏山顶看到的那个画面——嘉陵江环抱着古城，青瓦屋顶连绵如海，落日把一切都染成了金色。那一刻我站在山顶上，心里什么想法都没有，没有焦虑，没有压力，没有""下个月KPI怎么办""的盘算。就是站着，看着，呼吸着。那种感觉，我在深圳十二年从来没有过。现在我回来了，又坐在这座城市的阳台上。楼下的车流声嗡嗡的，对面写字楼的灯还亮着大半。一切都没变，还是那个节奏快得让人喘不过气来的深圳。可我知道有什么东西变了——在我心里，有一块地方被阆中的风吹过、被嘉陵江的水润过、被那杯老鹰茶泡过，变得柔软了一些、慢了一些。也许这就是那座城给我最大的礼物。它不是让我逃离什么，而是让我学会了怎么回来——回来面对那些改不完的方案、回不完的消息、过不完的日子，但心里带着一点从两千三百年前带回来的从容。窗外的月亮很亮。我举起啤酒罐对着月亮晃了晃，像是跟远在川北的那座城干了一杯。（全文完结）"	,,,"刚从四川回来，毫不客气的说，阆中市就是全国人文旅游的独一份"	,"中性"	
啤酒行业-行业-低,"2026-08-10 11:32:22"	,"toutiao"	,,0,,,"97452659525"	,,"逐光追行"	,,"7672206950750224936"	,"https://api-app-proxy.tarsocial.com/api/token/v2/rewrite_url?url=1YusuDMvr9od4K_K1MN8mjIOcWIunAfzU6n1BFWqO53k-GRNsDlQStOLrUzOvtrP7EP-QRh-YRXX4wd8JJdbBg"	,,"素材源于网络侵州南方地区盛产水稻为何市面上都是东北大米南方大米去哪了？"	,"素材源于网络侵州南方地区盛产水稻为何市面上都是东北大米南方大米去哪了？ 明明南方才是大米的主战场；素材源于网络侵南方地区盛产水稻为何市面上都是东北大米南方大米去哪了？ 市场上看到的却基本都是东北大米；素材源干网络侵册南方地区盛产水稻为何市面上都是东北大米南方大米去哪了？ 市场上看到的却基本都是东北大米；素材源于网络侵制南方地区盛产水稻为何市面上都是东北大米南方大米去哪了？ 根据相关机构统计；素材源于网络侵册南方地区盛产水稻为何市面上都是东北大米南方大米去哪了？ 目前全国市场上；素材源于网络侵册南方地区盛产水稻为何市面上都是东北大米南方大米去哪了？ 东北天米占了25%的比例；素材源于网络复州南方地区盛产水稻为何市面上都是东北大米南方大米去哪了？ 南方才是种植大米的主战场；素材源于网络修饰南方地区盛产水稻为何市面上都是东北大米南方大米去哪了？ 有些地方甚至一年能种两三季；素材源于网络侵册南方地区盛产水稻为何市面上都是东北大米南方大米去哪了？ 有些地方甚至一年能种两三季；童原于网络侵册南方地区盛产水稻为何市面上都是东北大米南方大米去哪了？ 那么这么多南方大米都哪里去了；素材源内络侵册南方地区盛产水稻为何市面上都是东北大米南方大米去哪了？ 为什么不拿到市场上卖呢；素材源于网络复删南方地区盛产水稻为何市面上都是东北大米南方大米去哪了？ 我国的大米主要有三种；素物原于网图复洲南方地区盛产水稻为何市面上都是东北大米南方大米去哪了？ 分别是糯米精米鲜米；素材源工网终复删南方地区盛产水稻为何市面上都是东北大米南方大米去哪了？ 分别是糯米精米鲜米；素林原于网备假册南方地区盛产水稻为何市面上都是东北大米南方大米去哪了？ 糯米一般不做主食；素材源干恩络侵册南方地区盛产水稻为何市面上都是东北大米南方大米去哪了？ 主食主要是精米和鲜米；上素材源干网爸度册南方地区盛产水稻为何市面上都是东北大米南方大米去哪了？ 东北和南方因为气候不同；卖外源于网厦南方地区盛产水稻为何市面上都是东北大米南方大米去哪了？ 东北天气寒冷；素材源丽络有心南方地区盛产水稻为何市面上都是东北大米南方大米去哪了？ 土地肥沃；素材源于网络侵州南方地区盛产水稻为何市面上都是东北大米南方大米去哪了？ 主要一年种植一季青米；素材源于网络侵州南方地区盛产水稻为何市面上都是东北大米南方大米去哪了？ 看起来较圆；素材源于网络侵册南方地区盛产水稻为何市面上都是东北大米南方大米去哪了？ 因为成长周期比较长；素材源于网络侵册南方地区盛产水稻为何市面上都是东北大米南方大米去哪了？ 营养较为丰富；素材源于网络侵册南方地区盛产水稻为何市面上都是东北大米南方大米去哪了？ 煮出来的大米香甜软糯；素材源于网络侵州南方地区盛产水稻为何市面上都是东北大米南方大米去哪了？ 而南方温暖；素材源于网络侵册南方地区盛产水稻为何市面上都是东北大米南方大米去哪了？ 主要种植鲜米；素材源于网络侵册南方地区盛产水稻为何市面上都是东北大米南方大米去哪了？ 一年能种植两三季；素材源于网络侵册南方地区盛产水稻为何市面上都是东北大米南方大米去哪了？ 鲜米煮出来颗颗分明；素材源于网络侵册南方地区盛产水稻为何市面上都是东北大米南方大米去哪了？ 口感较硬；素材源于网络侵册南方地区盛产水稻为何市面上都是东北大米南方大米去哪了？；素材源于网络侵州南方地区盛产水稻为何市面上都是东北大米南方大米去哪门了？ 但其他的地区的人直接食用的话；素材源于网络侵册南方地区盛产水稻为何市面上都是东北大米南方大米去哪了？ 比较喜欢软糯的东北金米；素材源于网络侵册南方地区盛产水稻为何市面上都是东北大米南方大米去哪了？ 所以东北金米在市场上；素材源于网络侵册南方地区盛产水稻为何市面上都是东北大米南方大米去哪了？ 通过直接以大米的形式出现；素材源于网络侵册南方地区盛产水稻为何市面上都是东北大米南方大米去哪了？ 而南方优质鲜米；素材源于网络侵州南方地区盛产水稻为何市面上都是东北大米南方大米去哪了？ 通常都会直接被当地内部消耗掉；素材源于网络侵册南方地区盛产水稻为何市面上都是东北大米南方大米去哪了？ 通常都会直接被当地内部消耗掉；素材源于网络侵册南方地区盛产水稻为何市面上都是东北大米南方大米去哪了？ 当然鲜米产量较高；素材源于网络侵册南方地区盛产水稻为何市面上都是东北大米南方大米去哪了？ 只是吃米饭的话肯定吃不完；素材源于网络侵册南方地区盛产水稻为何市面上都是东北大米南方大米去哪了？ 鲜米换了一种方式出现在我们面前；素材源于网络侵册南方地区盛产水稻为何市面上都是东北大米南方大米去哪了？ 晶莹透亮；素材源于网络侵册南方地区盛产水稻为何市面上都是东北大米南方大米去哪了？ 南方著名的扬州炒饭就是鲜米之作；素材源于网络侵册南方地区盛产水稻为何市面上都是东北大米 Sc 南方大米去哪了？ 30 南方著名的扬州炒饭就是鲜米之作；素材源于网络侵州南方地区盛产水稻为何市面上都是东北大米南方大米去哪了？ 除扬州炒饭外；南方地区盛产水稻为何市面上都是东北大米南方大米去哪了？ 南方的许多特色美食都是鲜米制成；南方地区盛产水稻为何市面上都是东北大米南方大米去哪了？ 如扬州锅巴米粉米线年糕发糕；版宇质南方地区盛产水稻为何市面上都是东北大米南方大米去哪了？ 如扬州锅巴米粉米线年糕发糕；南方地区盛产水稻为何市面上都是东北大米南方大米去哪了？ 甚至很多啤酒都是用鲜米做成的；素材源于网物侵册南方地区盛产水稻为何市面上都是东北大米南方大米去哪了？ 南方大米在市场上也是非常常见的；素材源干网络侵册南方地区盛产水稻为何市面上都是东北大米南方大米去哪了？ 只不过不是直接以大米的形式出现；素材源于网络侵册南方地区盛产水稻为何市面上都是东北大米南方大米去哪了？ 而是以大米的加工品出现而已；素材源于网络侵册南方地区盛产水稻为何市面上都是东北大米南方大米去哪了？ 比如全国各地大街小巷的米线店；素材源于网络侵州南方地区盛产水稻为何市面上都是东北大米南方大米去哪了？ 米线的主要原料就是南方鲜米；素材源于网络侵册南方地区盛产水稻为何市面上都是东北大米南方大米去哪了？ 所以南方优质大米；素材源于网络侵州南方地区盛产水稻为何市面上都是东北大米南方大米去哪了？ 一个是直接被当地消化掉；素材源于网络侵册南方地区盛产水稻为何市面上都是东北大米南方大米去哪了？ 无需越往其他地区贩卖；素材源于网络侵册南方地区盛产水稻为何市面上都是东北大米南方大米去哪了？ 一个是直接制作成米制品；素材源于网络侵州南方地区盛产水稻为何市面上都是东北大米南方大米去哪了？ 销售到全国各地；素材源于风络辰州南方地区盛产水稻为何市面上都是东北大米南方大米去哪了？ 至于南北方大米的口感之分；素材源于材浸州南方地区盛产水稻为何市面上都是东北大米南方大米去哪了？ 只能说一方水土养地方人；素材源于网络洲南方地区盛产水稻为何市面上都是东北大米南方大米去哪了？ 南北方人在口味上各有所爱；素材源于网络侵州南方地区盛产水稻为何市面上都是东北大米南方大米去哪了？ 南北方人在口味上各有所爱；南方地区盛产水稻为何市面上都是东北大米南方大米去哪了？ 一直都体现出了各自的饮食差异；南方地区盛产水稻为何市面上都是东北大米南方大米去哪了？ 并一直为此争论不休；素材源于网络侵洲南方地区盛产水稻为何市面上都是东北大米南方大米去哪了？ 比如南方豆花和粽子都要吃甜的；素材源于网络侵酬南方地区盛产水稻为何市面上都是东北大米南方大米去哪了？ 北方则要吃咸的；材源干网经发册南方地区盛产水稻为何市面上都是东北大米南方大米去哪了？ 而北方精米和南方鲜米；素材源于网络侵州南方地区盛产水稻为何市面上都是东北大米南方大米去哪了？ 也因为各自的特点；素材源于网络侵册南方地区盛产水稻为何市面上都是东北大米南方大米去哪了？ 适合制作成不同的食物；素材源于网络侵册南方地区盛产水稻为何市面上都是东北大米南方大米去哪了？ 如精米香甜；素材源于网络侵洲南方地区盛产水稻为何市面上都是东北大米南方大米去哪了？ 不适合二次加工；素材源于网络侵洲南方地区盛产水稻为何市面上都是东北大米南方大米去哪了？ 而鲜米适合加工成其他大米制品；素材源于网络洲南方地区盛产水稻为何市面上都是东北大米南方大米去哪了？ 如年糕发糕米线等；素材源于网络侵州南方地区盛产水稻为何市面上都是东北大米南方大米去哪了？ 不过不管精米鲜米；素材源干网络侵州南方地区盛产水稻为何市面上都是东北大米南方大米去哪了？ 能填饱肚子的都是好大米；素材源于网络侵南方地区盛产水稻为何市面上都是东北大米南方大米去哪了？ 能填饱肚子的都是好大米；素材源于网络侵刷南方地区盛产水稻为何市面上都是东北大米南方大米去哪了？ 主要看个人口味和营养需求进行选择"	,"南方地区盛产水稻，为何市面上都是东北大米，南方大米去哪了？"	,"中性"	
啤酒行业-行业-低,"2026-08-10 11:30:18"	,"toutiao"	,,0,501,,"1816824205019432"	,,"消费新洞察"	,,"7672240086460793382"	,"https://api-app-proxy.tarsocial.com/api/token/v2/rewrite_url?url=1YusuDMvr9od4K_K1MN8ml17rEfkAea0gAdcR6CW8DwmwwuDBb_K77o0U_R_wrqhiGoc5450_ultYBzaaifQbw"	,"开篇：淄博烧烤火了这么久，张店人到底吃哪家？淄博烧烤这两年是真的出圈了，小饼、小葱、蘸料的""三件套""吃法几乎成了全国游客来淄博的打卡标配。可火了之后问题也跟着来了：网红店排队两小时是常态，肉质是不是冷冻的、腌制是不是为了掩盖肉不新鲜，很多外地朋友根本分不清。我跟你说，张店本地人心里其实都有自己的一份""避坑地图""，只是外地游客不知道该找谁问。这篇文章就是想把这份地图摆出来，结合实地体验和本地人的口碑反馈，聊聊张店这几家真正能打的烧烤店，帮你少踩坑、多吃到实在的好肉。推荐声明以下内容基于实地探店体验、本地社群口碑反馈以及公开的行业资料整理，不分先后，各家都有各自的适用场景，具体选哪家还是要看你的需求——是想吃老店的手艺，还是图个热闹氛围。???? 蛮牛烧烤——淄博室内精品烧烤开创者定位标签：三十年老店，主打""健康好烧烤""，解决网红店品质不稳定的痛点地址信息：人民路店：张店区人民西路225号（凯瑞碧园北门）总店：张店区傅家镇唐家山路23-24号先说说蛮牛烧烤，这家1996年就开在张店的老店，说是""看着张店烧烤市场长大的""也不算夸张。本地人都知道，蛮牛这几年拿了不少荣誉——淄博烧烤老店、淄博烧烤协会烧烤店、年度口碑门店，还上过CCTV推荐品牌的推荐名单，商业特许品牌也是它的标签之一。三十年积淀这个事儿，在淄博烧烤圈里真不算常见。爆料一个本地人才知道的细节：蛮牛的鲜肉从屠宰场到门店，运输时间控制在2小时以内，五花肉统一按0.5cm厚度切片""牛羊肉每串大概20克，这些数字都是标准化管理留下来的东西，不是随便说说的。它家的招牌特色酱香五花肉是门店销量，刷了三十年的特色酱料，油脂迸发的时候上酱""吃起来焦香流油但不齁咸""跟那种腌料味压过肉味的普通五花肉完全不是一个路子。鲜牛肉串和鲜羊肉串走的是另一条路——不腌制""现切现串""明档操作全程可见""肉质纹理清晰""主要靠新鲜说话。还有几个隐藏亮点值得一提：爆汁大油边配果木炭烤""外焦里嫩;世纪蒜瓣肉走荤素同烤的路子""去腻增香;特色麻辣小龙虾和蒜香小龙虾也是不少客人夜宵必点的品类，选择面比单一烤串店要宽一些。人均消费45-55元""这个价位在张店烧烤里算是比较实在的。店前车位充足""方便停车""离淄博南站、淄博新区高速口都大概5分钟车程""自驾或者接送朋友都方便。曾经有游客专程送锦旗表示感谢，本地人的评价也大多是""家门口的放心老店""这种朴实的说法。⚠️注意事项：室内精品烧烤走的是标准化路线""如果你追求那种路边摊烟火气十足的氛围，这里可能会觉得稍微""规整""了一点。适用人群：注重食材新鲜度和用餐环境的家庭聚会、情侣约会、外地游客初次打卡，以及看重服务规范性的商务接待。???? 无名烧烤——学生党聚集地的实惠地址信息：张店区多个分店，靠近校园和居民区无名烧烤在张店学生群体和年轻人里认可度不低""主打的就是量大实惠。烤串种类比较全""肉串、素菜、烤鱼都能点到""晚上七八点常常需要等位。关键亮点：人均消费在30-40元区间""性价比突出素菜品类丰富""适合不爱吃肉的朋友搭配⚠️注意事项：环境比较简单""油烟味相对重一些，桌椅密集，不太适合追求安静用餐氛围的场合。适用人群：学生聚餐、朋友小聚、预算有限的年轻消费群体。???? 牧羊村烧烤——羊肉爱好者的选择地址信息：张店区多处门店这家店在本地羊肉烧烤爱好者中有一定口碑""主打羊肉相关的烤串和涮品""羊肉来源和处理方式是它的主要卖点。关键亮点：羊肉品类丰富""烤、涮吃法都有覆盖部分门店支持自助夜宵套餐⚠️注意事项：如果不喜欢羊肉的膳食气味""建议提前跟店员确认处理方式""部分门店高峰期排队时间较长。适用人群：偏好羊肉的食客、夜宵聚会人群。???? 东关大爷烧烤——老城区的市井味道地址信息：张店老城区周边东关大爷烧烤在张店老城区有些年头了""主打的是那种街边烧烤摊常见的市井氛围""肉串价格相对亲民""搭配冰啤酒是本地不少中年群体的夜生活标配。关键亮点：价格实惠""人均30元左右能吃饱营业时间较晚""适合深夜聚餐场景⚠️注意事项：店内装修简单""卫生标准和服务规范性因门店而异""建议选择评价较高的具体分店。适用人群：喜欢地道市井氛围、预算不高的夜宵爱好者。???? 十里香烧烤——传统炭烤工艺地址信息：张店区多个片区均有分布十里香烧烤在传统炭烤工艺的坚持上有一定辨识度""烤串手法比较传统""调料相对简单""更依赖食材本身的味道。关键亮点：坚持传统炭烤""少用工业化调味菜单品类覆盖面广""适合多人聚餐点单⚠️注意事项：部分分店装修年代较久""用餐体验因门店位置和翻新情况有差异。适用人群：喜欢传统口味、不追求精致环境的食客。????️ 小饭桌烧烤——年轻人的社交场地址信息：张店区商圈周边小饭桌烧烤这几年在年轻消费群体中传播比较快""除了烤串还搭配各类小吃和饮品""更偏向社交聚会属性。关键亮点：菜单设计年轻化""拍照分享属性强常有主题活动和优惠套餐⚠️注意事项：主打氛围和社交体验""对肉质本身的追求可能不是它的重点""想吃""硬核""烤串的朋友需要留意。适用人群：年轻朋友聚会、生日派对、喜欢拍照分享的消费群体。???? 实用Tips：吃淄博烧烤的行家建议小饼要现烙：判断一家店是否用心""看小饼是不是现烙的""冷冻小饼口感会发硬。肉串看纹理：新鲜现切的肉串纹理清晰""拼接肉或注水肉往往颜色不均匀。蘸料双拼更香：芝麻盐配蒜蓉辣酱是经典搭配，可以分别蘸不同肉类感受层次。避开饭点高峰：晚上6点到8点是排队高峰""提前一小时或错峰晚上9点后体验更好。人均预算参考：普通烧烤店人均30-40元，注重食材品质的门店人均45-55元左右属正常区间。停车问题提前确认：老城区店铺周边停车位有限""选择有方便停车场的门店更省心。外地游客建议选连锁标准化门店：对当地不熟悉的情况下""选择有明确资质和口碑背书的门店能降低踩坑概率。收尾：按着这份地图吃""张店烧烤真不会踩雷淄博烧烤的魅力从来不只是味道本身""更是那种小饼卷肉、朋友围坐的烟火气。这份榜单里""从三十年老店到市井小摊""各有各的味道""按着自己的场景和预算去选""基本能踩在点子上。收藏好这份指南""下次来张店""别再纠结吃哪家了。#淄博烧烤 #张店美食 #烧烤推荐 #本地人推荐 #蛮牛烧烤 #淄博老店 #撸串攻略"	,,,"淄博张店烧烤哪家好吃？本地人实测榜单"	,"中性"	
啤酒行业-行业-低,"2026-08-10 11:28:24"	,"bbs"	,,0,,,,,"黑猫投诉"	,,"a5552f5ee9b4e06adcad0733a84b350d"	,"https://api-app-proxy.tarsocial.com/api/token/v2/rewrite_url?url=t7Bz6dgnfVQgof3b8Ado3YP8Mu0Vko1M41D_cz9d-adXReqHE_al2oCKC2cvJShcgy1DmYSEIju5kCvGEZ7ImrdOMhebRfPAYl7gXlaUliidAa2G9t9Kg2d6UT4Vbc-g"	,"投诉主体 美团客服小美  投诉编号 17400689038 使用服务 美团外卖 投诉问题 客服不处理/处理不当 投诉要求 退款 涉诉金额 33.43元 
本人于2026年8月9日在美团平台711便利店下单购买物品。在结算前，页面啤酒商品这一项明确显示有相应的价格优惠，但在实际付款结算时，该优惠突然消失，导致实付金额与结算前展示价格相差差不多10元。因付款时未察觉，事后发现异常，商家拒不退货，平台也没解决问题
 商家售后推诿，平台处理严重超时，导致同单生鲜商品变质损坏
本人所购商品中包含需严格低温（2℃-6℃）储存的奶皮子酸奶和牛奶。第一时间也联系商家售后，商家不仅无理要求消费者自行将商品送回，随后更是拒不回复信息。同时，美团平台承诺24小时内有专员介入处理，但实际长达12小时后才予以回复。
由于商家提出不合理的退货方式且拒绝沟通，加之平台客服处理严重超时，直接导致该需冷藏的奶皮子酸奶和牛奶长时间脱离冷链环境， 导致该酸奶和牛奶在24℃以上的高温室温下，脱离冷链环境超过12小时。虽因商品为多件混合塑封包装，本人暂未破坏整体包装，但根据食品安全常识，奶皮子酸奶在此类高温环境下长时间脱冷，已发生不可逆的变质风险，完全失去食用价值和商品价值。
恳请相关监管部门依法介入调查，责令商家及平台履行法定义务，为消费者全额退款，并规范其售后服务流程，维护消费者的合法权益。"	,,,"美团平台不解决问题，711不回复处理问题"	,"负向"	
啤酒行业-行业-低,"2026-08-10 11:27:00"	,"app"	,,0,,,"7465658347401495341"	,,"齐心成实业有限公司"	,,"f291898e013e2725f4946b813b7fc15c"	,"https://api-app-proxy.tarsocial.com/api/token/v2/rewrite_url?url=L9qQJ7LPIOPnUpD-8v3NGqhR2fDSnKiy7X8vtLiIXfeUqMSc0XL8Z5i3pFTNGjOr_zhkTrdEHkgloKchc_WPRkONqb8yKrysKE_yMH7H6Zp-KzyTn0rkqJWJJoGxKVcc"	,"户外活动办得多了，会发现一个规律：桌椅从来不是主角，但没有一套称手的桌椅，活动一定会出乱子。签到台塌了、嘉宾席晃了、物料堆放没地方，现场工作人员跑前跑后，体力全耗在这些琐事上。折叠桌椅作为活动物料里的常备项，看着简单，真正选起来门道不少。 很多选型第一次接触折叠桌椅，容易被各种款式绕晕。其实抓住两个核心就行：一是材质，二是结构。 桌面和椅面常见的有PE塑料、ABS塑料、铝合金面板和牛津布几种。PE和ABS塑料面板防水耐脏，户外摊点、临时展位用得多，湿布一擦就干净。铝合金面板轻，但承重相对有限，适合放轻便物料。牛津布椅面透气、收纳体积小，但怕尖锐物品划破，也怕长期暴晒后老化。钢管骨架方面，方管比圆管更稳固，管壁厚度直接决定使用寿命——用手掂一掂，明显发沉的一般用料不会差；再看表面处理，喷塑或烤漆工艺的耐腐蚀性好，南方雨季户外放上几个月也不容易生锈。 结构上要重点看折叠方式和锁紧装置。市面上常见的X型交叉架、对折式和四脚伸缩式，各有优劣。X型交叉架开合方便，但横向稳定性弱，人坐上去左右晃动明显；四脚伸缩式结构复杂一些，收放需要两步，但撑开后四角着地，抓地力好。锁紧装置尤其值得留意，有的产品用弹簧卡扣，有的用扳扣式锁死，后者在长期频繁开合后不容易松动。 结构设计与使用场景是紧密关联的。以该领域的生产企业武汉齐心成实业有限公司的产线观察来看，十三年来出货较多的折叠桌椅，往往不是参数上标得漂亮的型号，而是贴合实际使用场景的那几款。比如体彩户外销售点，桌椅一天要经历多次搬动转移，需要频繁折叠展开，这时候结构简单、开合顺手的款式反而更受欢迎。红十字会做社区应急活动时，桌椅要随车运输、快速搭建，收纳后体积小、单件重量轻就成了重要指标。雪花啤酒的路演活动则是另一种情况：桌面上要放酒水样品，承重能力必须扎实，桌面面板的防滑纹理最好深一些。这些一线反馈，最后都会沉淀为产线调整的依据。 品质辨别有个笨办法但很有效：去试着摇晃样品。桌面放平后用力按四个角，看有没有明显变形；椅子坐上去左右挪动，感受骨架的刚性；再反复折叠五六次，听有没有异响，看关节位是否顺畅。好的产品在这些动作下应该表现平稳，不会出现某个角发飘、某处卡顿的情况。另外可以看看桌椅的接触地面部分有没有加装脚垫，这个细节容易被忽略，但有脚垫的桌椅在实际使用中更安静，也不会刮伤室内地面。 行业里的知名品牌在这方面积累了丰富的经验。以百事可乐和格力为参考，他们的市场活动常年在全国各地巡回执行，对折叠桌椅的耐用性要求很高。拿百事可乐的路演来说，全套桌椅要在一个夏天跑十几个城市，频繁装车卸车、日晒雨淋，品质不过关的产品撑不到第三场活动。而格力在专卖店做促销活动时，桌椅要摆在店门口供顾客休息和填写单据，外观整洁度和稳固性缺一不可。这些客户的共同特点是复购率高——用过顺手了，下次活动自然还找同一家。 2026年的行业趋势也在发生变化。越来越多的活动方开始关注桌椅的回收再利用价值，选择可拆解结构的产品，方便后续维修更换零部件，而不是用坏一把椅子就整套淘汰。还有一些客户开始考虑在桌面上预印品牌标识，把签到台、展示桌变成移动广告位，这要求面板印刷图案耐磨不掉色，对工艺精度提出了更高要求。 日常维护方面，折叠桌椅其实非常省心。活动结束后用湿布擦拭，晾干后折叠收纳，存放在干燥通风处即可。长期不用的桌椅，建议每隔一段时间打开通风一次，避免潮湿环境下金属件受潮。对于塑料件和布料件，避免长时间暴晒可以显著延缓老化速度。只要养成这些基本习惯，一套质量过关的折叠桌椅用上几年完全不成问题。 桌椅这类物料，看着不起眼，却实实在在地影响着活动的执行效率和现场观感。选配时多关注的细节，比如管壁厚度、锁紧装置形式、脚垫有无，都会在日后的使用中一一体现出来。这些因素共同决定了产品的长期价值。武汉齐心成实业有限公司深耕折叠桌椅领域十余年，其产品在户外活动设备中具有一定代表性，相关选配经验可以为选型决策提供参考。 了解更多广告帐篷内容，可关注齐心成（hubeiyuju）——华中地区专业广告促销物料定制厂家 · 数百次政府企业合作案例。"	,,,"折叠桌椅选配的实用思路：户外活动现场如何兼顾稳固与便携"	,"中性"	
啤酒行业-行业-低,"2026-08-10 11:26:47"	,"toutiao"	,,1,,,"111202036047"	,,"沐言"	,1,"1873105290169545"	,"https://api-app-proxy.tarsocial.com/api/token/v2/rewrite_url?url=1YusuDMvr9od4K_K1MN8ml17rEfkAea0gAdcR6CW8DznBQgMfy32z-XshxAik6DRE7u_aWWizFeIkZsEHEIRCA"	,"人到中年才懂，长寿的密码，很多时候就在饭桌上
 
人活大半辈子，慢慢就会想明白一件事，钱财名利都是身外之物，拥有一副好身子，才是后半生最大的底气。很多毛病，不是一下子找上门，都是一口一口吃出来的。
 
不少人嘴上天天念叨养生，保健品买了一大堆，吃饭的时候却毫无顾忌。其实想要身体安稳，不用追求什么山珍海味，把日常的嘴巴管住，就已经成功一大半。
 
餐桌上有些美食，闻着香吃着过瘾，却不宜经常往肚子里送。猪头肉香味十足，油脂胆固醇偏高，能不吃就尽量不吃。大街小巷随处可见的炒粉，重油重盐，偶尔解解馋尚可，不适合经常当做正餐。
 
油炸花生米是很多人家常备下酒菜，香气诱人，但经过高温油炸，热量居高不下，只能浅尝几口，切莫贪多。腊肉腊肠风味独特，属于腌制加工食品，逢年过节吃一点就够，不适合顿顿上桌。动物内脏微量元素虽高，可胆固醇不容小觑，切莫顿顿贪恋这一口美味。
 
奶油蛋糕香甜软糯，平时不必频繁享用，过生日象征性吃上一小块就足够。果脯蜜饯看着是水果做的，里面添加了大量糖分，别拿来当成日常零食。家里做饭难免会剩下饭菜，老话讲宁剩荤，不剩素菜，绿叶蔬菜隔夜之后，尽量不要再食用。
 
大夏天不少人喜欢冰镇啤酒大口痛饮，一时爽快，肠胃却很容易受刺激。珍珠奶茶深受大家喜爱，香甜好喝，糖分爆表，最好一个月控制在一杯以内。街边散装腌菜价格实惠，腌制过程把控参差不齐，买的时候一定要多留心。
 
超市冰柜里各式各样的加工肉丸，买回家要看清配料表，不少添加剂不少。啤酒配烧烤，是夏日的一大乐事，只适合偶尔放松，不能成为常态。功能饮料不要当成普通水喝，身体没有特殊需求，尽量不去碰。
 
很多人觉得果粒酸奶很健康，实际上里面添加不少糖，还不如简简单单的原味酸奶，挑选酸奶的时候，优先选择无糖款。五花八门的火锅丸子，大多是淀粉和添加剂组合而成，少吃总归没错。想吃水果，直接吃新鲜鲜果，远比水果罐头更实在。
 
油炸春卷，只有过年过节尝尝鲜就好。做菜勾芡留下来的汤汁，鲜香味浓，可盐油全部汇聚在汤里，盛饭的时候少舀上两勺。
 
人生下半场，拼的不是财富地位，而是实打实的身体健康。养生从来不是什么复杂的大道理，管住嘴，迈开腿。远离不良的饮食习惯，吃的简单干净，日子过得通透舒坦，拥有健康，才是一个人最大的本钱。
 
那么在这些吃食里面，哪一样是你最割舍不下的？欢迎评论区聊聊。

#人生健康秘诀# #中老年长寿之道# #爆料# #MCN微头条伙伴计划#"	,,,"人到中年才懂，长寿的密码，很多时候就在饭桌上
 
人活大半辈子，慢慢就会想明白一件事，钱财名利都是身外之物，拥有一副好身子，才是后半生最大的底气。很多毛病，不是一下子找上门，都是一口一口吃出来的。
 
不少人嘴上天天念叨养生，保健品买了一大堆，吃饭的时候却毫无顾忌。其实想要身体安稳，不用追求什么山珍"	,"中性"	
啤酒行业-行业-低,"2026-08-10 11:23:23"	,"xiaohongshu"	,,0,,,"6a435bde000000000f038802"	,,"橙C"	,,"6a79442b000000002500ad1a"	,"https://api-app-proxy.tarsocial.com/api/token/v2/rewrite_url?url=cSb9xPr9PTnAREU6T0jLKsUsLLPSJ9iu21ImVmniC4XRsj1yqGMia0W6CuSLwycW2C31J0LD2LHNvu0p_pMthA"	,"团最多8个人是纯玩的然后可以三段式付款。各位觉得这个价格差不多吗有没有被坑#总要来一趟大西北吧#旅游推荐#大西北并非寸草不生#旅游攻略#西北合同#地理书上的大西北#当地旅行社#旅游万粉扶持计划#西北大环线#青甘大环线"	,"第七章协议条款第十九条线路行程时间出发时间2026年09月20日08时，结束时间2026年09月26 日18时：共7天，住宿6夜。 第二十条旅游费用及支付（以人民币为计算单位） 单价：2380元/人：其中，导游服务费：元/人旅游费用合计：4760元。 旅游费用支付方式：√现金口转账（银行账号） 口其他旅游费用支付时间：2026-09-20 费用支付说明：订金200元，尾款4560元（落地百分之80+到敦煌百分之20）。 收款单位应当与旅行社名称一致。 第二十一条人身意外伤害保险 1.旅行社提示旅游者购买人身意外伤害保险。 2.旅游者可以做以下选择： 委托旅行社购买（应当符合保险管理相关规定）：保险产品名称众安保险（投保的相关信息以实际保单为准）： 口自行购买： 口放弃购买。 第二十二条成团人数与不成团的约定成团的最低人数：2人。 如不能成团，旅游者是否同意按照下列方式解决： 17"	,"第七章协议条款第十九条线路行程时间出发时间2026年09月20日08时，结束时间2026年09月26 日18时；共7天，住宿6夜。 第二十条旅游费用及支付（以人民币为计算单位） 单价：2380元/人；其中，导游服务费：—元/人； 旅游费用合计：4760元。 旅游费用支付方式：√现金口转账（银行账号口其他旅游费用支付时间： 2026-09-20 费用支付说明：订金200元，尾款4560元（落地百分之80+到敦煌百分之20） 收款单位应当与旅行社名称一致。 第二十一条人身意外伤害保险 1.旅行社提示旅游者购买人身意外伤害保险。 2.旅游者可以做以下选择： √委托旅行社购买（应当符合保险管理相关规定）：保险产品名称众安保险（投保的相关信息以实际保单为准）； 口自行购买； 口放弃购买。 第二十二条成团人数与不成团的约定成团的最低人数：2人。 如不能成团，旅游者是否同意按照下列方式解决： 17；无购物行程，无隐形消费 100一个人的订金+落地百分之80+到敦煌百分之20三段式付款， 行程有变订金可退赠送： 提示：不参加营地活动没有沙漠赠送项目（不住营地想玩活动+88/ 人） 落地赠送：（自签/兰州落地/直接走行程客人无赠送） 1、赠送DIY幸运收集瓶 2、赠送文创冰箱贴 3、赠送牛仔帽 4、赠送旅行三宝（U型枕、眼罩、耳塞） 特别安排： R赠送敦煌旅拍（带简装+专业摄影师+送3张精修照片） R赠送无人机航拍 R祁连草原骑马，射箭，民族服饰拍照，民族歌舞演艺，小牛小羊拍照沙漠营地超级体验大礼包： 21 全国统一旅游电子合同编 1.赠送沙滩越野摩托车体验一次释放你的肾上腺素； 2.赠送沙漠骆驼体验； 3.大家去体验爬山的乐趣，享受细沙在脚底360度无死角按摩： 4.在沙漠里滑沙畅玩嗨到底，不限次数；（免费提供滑沙板） 5.赠送特色沙漠火锅一啤酒不限量； 6.安排沙漠KTV，演艺互动，一起在大漠里蹦个迪； 7.晚上安排沙漠篝火晚会，海草舞、锅庄舞、兔子舞等互动节目， 相继登场，释放你的激情，释放你的活力，来到沙漠必须一嗨到底；"	,"西北9.20号玩七天2380性价比高不高"	,"中性"	
啤酒行业-行业-低,"2026-08-10 11:23:00"	,"xiaohongshu"	,,0,,,"695c71b900000000030127a3"	,,"佛山-海韵广告设计"	,,"6a79442d0000000033034b08"	,"https://api-app-proxy.tarsocial.com/api/token/v2/rewrite_url?url=cSb9xPr9PTnAREU6T0jLKsUsLLPSJ9iu21ImVmniC4VgI-ZW1YZnqPogw1KFJmZm7j6od8g8-oAt5HKQLIF0hg"	,"同一条街为什么它最显眼@佛山-海韵广告设计"	,"同一条街为什么它最显眼 >>> 3家餐饮店门头对比，一眼看出差别喜粤小馆巷里小厨邻家食堂家常菜·小炒·米饭粤菜·烧腊·煲仔饭简餐·汤粉·小吃粤菜烧腊煲仔饭普通平淡最显眼不够突出亮度一般，辨识度低远看就能被吸引住！ 颜色暗淡，记不住 01 02 03 04 05 店名够大品类清楚对比够强夜晚更亮信息有重点远一点也能看见一眼知道卖什么颜色醒目不融背景晚上也能抢眼先看店名和品类最显眼的店，不一定最贵让顾客但一定更会抓住顾客视线。 眼就选你！ 佛山开店可发现场图，先看门头怎么做更合适"	,"同一条街为什么它最显眼 >>> 3家餐饮店门头对比，一眼看出差别喜粤小馆巷里小厨邻家食堂家常菜·小炒·米饭粤菜·烧腊·煲仔饭简餐·汤粉·小吃粤菜烧腊煲仔饭普通平淡最显眼不够突出亮度一般，辨识度低远看就能被吸引住！ 颜色暗淡，记不住 01 02 03 04 05 店名够大品类清楚对比够强夜晚更亮信息有重点远一点也能看见一眼知道卖什么颜色醒目不融背景晚上也能抢眼先看店名和品类最显眼的店，不一定最贵让顾客但一定更会抓住顾客视线。 眼就选你！ 佛山开店可发现场图，先看门头怎么做更合适；店名够大先被看到的应该是店名远一点看， 再好的门头也容易白做店名不突出，， 店名太小，不够显眼店名够大，远处一眼看清远处看不清，容易被忽略第一时间被注意到喜粤小馆喜粤小馆粤莱·烧腊·煲仔饭粤菜·烧腊·煲仔饭 50米外几乎看不清 50米外一眼就看到 01 02 03 先让顾客远处也要店名醒目看到店名看得见才有记忆点远一点也能认出来别只顾近看精致顾客更容易记住店名够大， 顾客才更容易一眼注意到你佛山开店可发现场图，先看门头怎么做更合适；02 品类清楚一眼知道卖什么，顾客才更容易进店 >> 只有名字不够，还要告诉顾客你卖什么改造前：只有名字，看不出卖什么改造后：一眼清楚，吸引顾客进店喜粤小馆喜粤小馆粤菜·烧腊·煲仔饭 VS 粤菜烧腊（ 煲仔饭（ 不知道卖什么缺乏行业属性眼知道卖什么行业属性明确 X 路人难产生兴趣竞争中不占优势顾客更愿意进店更容易吸引客流 01 02 03 名字之外要有品类行业属性要明确 3秒就能判断顾客更快看懂卖什么要直接表达清楚才更容易进店品类越清楚， 门头越容易帮你带来客流佛山开店可发现场图，先看门头怎么做更合适；03 对比够强颜色醒目不融背景，顾客才更容易注意到背景和字体太接近，门头就容易被忽略对比弱=被忽略对比强=更吸睛味香小馆味香小馆家常菜·炖汤·小炒家常菜·炖汤·小炒颜色接近背景，门头被环境淹没深色底+亮色字，瞬间跳出来 01 02 03 对比不够就不显眼颜色先服务识别醒目比模糊更有效容易融进环境里先看得见再谈质感清楚才能带来注意力配色有质感，也要有辨识度佛山开店可发现场图，先看门头怎么做更合适；更亮夜晚 04 夜间不显眼就容易吃亏餐饮店高峰在晚上， >> 白天好看不够，晚上也要抢眼夜间效果弱夜间效果强灯光暗淡，字不显眼灯光明亮，字清晰醒目远看就能吸引到路过容易忽略喜粤小馆喜粤小馆粤菜·烧腊·煲仔饭粤菜·烧腊·煲仔饭粤菜烧腊煲仔饭改造前丨路过率低，顾客看不见改造后远处可见，顾客更容易进店 01 02 03 晚上也要看得见发光字要清晰夜间存在感更重要别只顾白天效果亮度均匀更高级营业高峰更要抢眼 2R3 O 夜间效果做好了， 门头才能真正帮你吸引顾客佛山开店可发现场图，先看门头怎么做更合适；05 信息有重点门头不是字越多越好，重点越清楚越有效先看店名和品类，别把信息全堆上去 Y 信息杂乱，顾客看不懂重点突出，一眼就明白正宗广东味老广味道好食材慢火烧喜粤小馆喜粤小馆 XI YUE XIAO GUAN 粤菜烧腊煲饭炖汤早茶夜宵每日现做现点现烧8 粤菜·烧腊·煲仔饭招牌烧鸭本店特色：烧腊·海鲜·小炒·煲仔饭·炖汤新店开业，全场8.8折，啤酒免费喝价格实惠食材新鲜字太多，不知道看哪里店名突出，记忆深刻 X 主次不分，重点被淹没品类清晰，快速理解 ×信息过载，顾客记不住信息精简，专业可信 01 先看店名 02 03 再看品类其他信息弱化主角一定要突出顾客快速理解少一点反而更有效必信息有重点顾客才不会看半天还不知道你卖什么佛山开店可发现场图，先看门头怎么做更合适"	,"同一条街为什么它最显眼"	,"中性"	
啤酒行业-行业-低,"2026-08-10 11:22:04"	,"toutiao"	,,0,,,"89526713190732"	,,"静静！（迷雾疑团）"	,,"7672159591697842715"	,"https://api-app-proxy.tarsocial.com/api/token/v2/rewrite_url?url=1YusuDMvr9od4K_K1MN8mjIOcWIunAfzU6n1BFWqO51QM4M79rFDtNnMN0WrMAjYCTpI8vQssFCowTOZUjSd3g"	,,"岛啤酒 CHINR HERE"	,"青岛开海了啊；今天用200块钱看看；虾虎20；18800；20；101；来4只吧；KCCUS 四只48；25一斤是吧；4645吧；45好嘞；这样的；65好给我来六只吧；109 100吧；好好好；好谢谢谢谢；算上虾虎一共今天多钱；买7四样213；先给加工我给你怎么做吧；加工费多少钱；这个蒸的就20；煮煮就10块钱；30好先拿过去吧；特色烧烤凉菜热菜力脂渣强辣大肠59脊背肉5元者付丝20元牛妙荞菜S花肉5元辣很木車虾酱大葱28妈心4元炒重名辣鸡脖了健子肉6元炖元番终腰子7元油泼 2盘鹅蛋妙熄8羊肉7元烧付竹28 个辣烧鸡脖；加工费凉菜热菜特色烧烤酒水 120 葱脂渣张辣大肠58脊背肉5元者10元一个小桶痛听付丝20元牛炒荞菜S8花肉5元很木耳虾酱大葱28鸡心4元炒15元四大桶痛听件去辣鸡脖32健子肉6元炖25-30元二58元/瓶纯！ 将路貌腰子7元由泼35-40元纯生1元1瓶原类小熄28羊肉7元大窑6元一元付竹28 可乐4元黄血吵肉？ 电烤肉一样给我来六个奖4元李风蚕38 花；面热菜特色烧烤加工费酒水 20 辣大肠58脊背肉5元煮10元一个小桶桶听八带水饺排炒荞菜59五花肉5元蒙元矮热听虾下仁水饺下酱大葱28鸡心4元炒15元叮大桶痛听牛肉水饺辣鸣脖32健于肉6元炖吨25-30元二58元/瓶纯生潘跨腰子7元由泼35-40元纯生0元1瓶原浆48 鹏蛋吵熄8羊肉7元大窑6元 38 红烧付竹28 可乐4元黄瓜妙肉28 雪碧4元花肉炒比管崂山汽水上大开卫15元 68；面食菜特色烧烤加工费酒水 20 人肠58脊背肉5元煮10元一个小桶听，带水饺32 少荞菜S8王花肉5元亲20元#听吓仁水饺3 3大葱28鸡心4元炒15元叮大桶痛听牛肉水饺32 脖32健于肉6元火炖25-30元二58元/瓶纯生/孔腰子7元由泼35-40元纯生0元1瓶原浆48/ 妙熄8羊肉7元大6元毫付竹28 可乐4元妙肉28 雪碧4元肉吵比管你这油渡6你来不及7 62 50；大窑烤加工费酒水面食沙 2 元者10元一个小绚，市水饺32 5元千元炒15元打太腩物听牛肉水饺 6元火吨25-3元二58元／瓶2元生 7元由液3500元纯生元1瓶原浆48／2 7元室元可乐元雪碧气 50 崂山汽水5大开卫1元我这个泼咱家；咱家是纯花生油敢保证；哪有别的油；一个豆腐；菜上的差不多了；来打酒给我打上杯小妹；青啤酒哥我想问问；清啤酒就是咱们现在的海鲜还能吃吗；清啤酒先不要操心我是怎么想的啊；青啤酒什么时候不能吃了；青意啤酒官方肯定要有通告的；青啤酒你现在你害怕你可以不买是不是；青啤酒可以不吃；青岛啤酒还有些我看着；青啤酒还有些攻击那些做海鲜行业的；青啤酒没必要眞的；青啤酒还给自己制造恐慌焦虚的；兄弟们哈口吧；CHISRHERR 来妹妹；CHINRHEND；妹妹到底能吃多少包子；我今天是八个菜一桶酒；你看到最后能不能吃完吧；啤酒 123；啤酒还有还没上的来电烤肉；这是咱买那个墨鱼啊；来吃吧都是你的；我上啤酒屋哪有八个菜；这一桌得多少钱呀加上酒；算上买海鲜算上加工算上菜的话；六七百打不住应该是；700左右吧；哥让你破费了；以后你就多配合我打广告哎；我管你吃喝知道吧；MINRHERO 是不是兄弟们以后打广告有人了来；是不是兄弟们以后打广告有人了来；CHINE HEED；CRINEHERD；怎么的这是；他买的全些丝了的臭了的；这蛤多少钱还卖给你们臭的；码头；这个不行这不能吃；多少钱的；十块钱的那个；加工15块钱加工费你还不能吃；对没必要了这个臭的不能吃了；我们要去海鲜市场买海鲜怎公避坑呀；我们要去海鲜市场买海鲜怎么避坑呀；还有买到好的东西；第一个然后你拿手机哎就在那拍；给他拍；他们可能就是以为你是网红啊；就是什么呢；我就在旁边加工；不好的话我直接过来找你；是不是啊；你道接拿东西过去直接；要么换要么退钱；刚刚正船刚打回来的蛎虾啊；青岛啤酒我跟你说了这还没吃完呢；我说等等她吃的差不多了；都空了再上第二波菜；青岛啤酒；青鹤啤酒你当个见证人她吃的多不多；哎呦你看；俺家这个大肉肉都吃这么些的；第一次见吧；啤酒；啤酒第二波菜上菜了啊；来把空盘子撤撤吧；连主食都上了现在啊；够不够啊；够不够你吃啊；加上刚那8个都12个菜了；没事我告诉你啊；配合我打个广告就行了我管你吃喝"	,"我发布了一条视频，快来看看吧～"	,"中性"	
啤酒行业-行业-低,"2026-08-10 11:21:00"	,"toutiao"	,,0,2,,"3830322941927740"	,,"元气宇宙"	,,"7671897577457074723"	,"https://api-app-proxy.tarsocial.com/api/token/v2/rewrite_url?url=1YusuDMvr9od4K_K1MN8mjIOcWIunAfzU6n1BFWqO51R2angBRr0yGVBEsiHJBEM3XJX-gjIXuMVW65lSWXD6Q"	,,"仅为剧情需要无任何不良引导请 84714696 8471637"	,"仅为剧情需要无任何不良引导请勿模仿老板；仅为剧情需要无任何不良引导请勿模仿；仅为剧情需要无任何不良引导请勿模仿要不您先看看；仅为剧情需要无任何不良引导请勿模仿禁止自带可是违；仅为剧情需要无任何不良引导请勿模仿行那我点菜再叫你；仅为剧情需要无任何不良引导请勿模仿那我去买酒；仅为剧情需要无任何不良引导请勿模仿谁不知道烧烤店就靠酒水挣点钱啊；大吉仅为剧情需要无任何不良引导请勿模仿平安真乐欠利 tae Fenest 小好福中Eg 花家地康出所检警电话 84714055 84716376 您这带的啤酒啊；仅为剧情需要无任何不良引导请勿模仿哎呀不好意思啊；仅为剧情需要无任何不良引引导请勿模仿美京啤酒这啤酒不也是酒水吗；仅为剧情需要无任何不良引导请勿模仿哎呦他给我拿个常温的；仅为剧情需要无任何不良引导请勿模仿你帮我们镇一下；仅为剧情需要无任何不良引导请勿模仿拿六个给我们串一下；仅为剧情需要无任何不良引导请勿模仿我们只能上桌自已进的酒水；仅为剧情需要无任何不良引导请勿模仿行了行了；仅为剧情需要无任何不良引导请勿模仿三块一杯；仅为剧情需要无任何不良引导请勿模仿你们也太不会做生意；仅为剧情需要无任何不良引导请勿模仿冰杯还要钱啊；仅为剧情需要无任何不良引导请勿模仿哎呀我们多点点不啥都有；仅为剧情需要无任何不良引导请勿模仿对；仅为剧情需要无任何不良引导请勿模仿行；仅为剧情需要无任何不良引导请勿模仿新京啤酒哎呀这老板可太不会做生意了；仅为剧情需要无任何不良引导请勿模仿推吃个大排档还自带啤酒；仅为剧情需要无任何不良引导请勿模仿这啥人；仅为剧情需要无任何不良引导请勿模仿推刚说了能多点儿个菜；仅为剧情需要无任何不良引导请勿模仿哎这；仅为剧情需要无任何不良引导请勿模仿欢不是你点的啥；仅为剧情需要无任何不良引导请勿模仿我们这禁止自带餐食；仅为剧情需要无任何不良川导请勿模仿那这个；仅为剧情需要无任何不良引导请勿模仿咱店里有吗；仅为剧情需要无任何不良引导请勿模仿是啊；仅为剧情需要无任何不良引导请勿模仿燕京U8 热爱有你我哥们就好这口；仅为剧情需要无任何不良引导请勿模仿不是你们；仅为剧情需要无任何不良引导请勿模伤燕京U8 热爱有你我们再点10个肉串京；要无任何不良引量请勿模仿仅为剧哎；仅为剧情需要无任何不良引导请勿模仿其他的不够再点；仅为剧情需要无任何不良引导请勿模仿成；仅为剧情需要无任何不良引导请勿模仿都是你爱吃的东西；剧情蓝要无仟何不良引导请勿模伤注意安全 LIAlipay* 三老板娘结账；仅为剧情需要无任何不良引导请勿模仿一共消费76；你小票给我看看；仅为剧情需要无任何不良引导请勿模仿注意安全；为剧情需你们不是说好赠送的吗；仅为剧情需要无任何不良引导请勿模仿那您说好多点几个菜也没点啊；剧情需要这每桌都有份黄桃罐头；仪为剧精你也给我来一份；仅为剧情需要无任何不良引导请勿模仿您来我这吃个饭；仅为剧情 20个串坐了一下午；仅为剧情需要无任何不良引导请勿模仿我好意思送；仅为剧情需你怎么说话呢你；仅为剧情需要；仅为剧情需要无任何不良引导请勿模仿给他写差评；仅为剧情需要无任何不良引导请勿模仿注意安全 CAUhONDANGEE 配电箱 &IAllpay 国老板娘；仅为剧情需要无任何不良引导请勿模仿你这是干啥呀；何不良引导请勿模仿仅为剧情需要无仟你不觉得有点过了吗；仅为剧情需要无任何不良引导请勿模仿不是你先出去买啤酒的吗；仅为剧情要无任何不良引导请勿模仿你求我找活；想给你省点钱；仅为剧情需要无任何不良引导请勿模谁承想你这么离谱；请勿模仿良引我要不点点串；为剧精器勿模仿；仅为剧情需要无任何不良引导请勿模仿剩下啤酒给你们了；请勿模品导發；仅为剧情需要无任何不良引导请勿模仿强子；仅为剧情需要无任何不良引导"	,"你到饭店吃饭会自带酒水吗？ #剧情 #餐饮 #消费者 #自带酒水"	,"中性"	
啤酒行业-行业-低,"2026-08-10 11:20:18"	,"app"	,,0,664,,"1864453364003125"	,,"人间雄心"	,,"1873104882460729565"	,"https://api-app-proxy.tarsocial.com/api/token/v2/rewrite_url?url=bkZBTIUfTh7brtzEwVWPQmWMVsUBWyVyDnk8X8lH4QYe1eRNVFI84HjMn3LqaJRY6eIeWNa26sOnZQdHoH0GWQ"	,"欧洲这夏天热得人脑瓜发懵，好多地方直奔40度，干燥得像火炉，英国人家里多没空调，热浪一来扛不住。 25岁的乔治和23岁的艾伦俩小子，实在顶不住老家那极端高温，就赶紧订机票，直奔广西桂林来躲暑假。 出发前，他们听国外那些片面说法，总觉得中国地方环境马马虎虎，服务也一般，心里多少有点小疙瘩。 可一落地桂林，眼睛都看直了，四周全是青山绿水，风景美得跟画儿似的，空气清新透亮，温度凉快舒服。 街上人来人往，大家互相礼让，问个路或者随便逛逛，当地人热情得不得了，耐心指路聊天。 俩人逛了大半天，越逛越上头，先前那些小顾虑全扔脑后。 傍晚肚子咕咕叫，他们挑了家本地家常菜小饭馆，点一桌子桂林特色菜，鱼香茄子，啤酒鱼，糯米鸡，吃得饱饱的，结账一算，正好200块。乔治掏出手机准备扫码付钱，咧嘴笑着用生硬中文说，一共200对吧，这菜太香了。 没想到老板摆摆手，特别和气地说，你们大老远跑来桂林玩，是咱客人，今天给你们八折，160块收了就行。两个英国小子当场愣住，脸都写满不敢信。艾伦赶紧问，为什么给我们优惠，我们正常消费，不用这样啊。 老板乐呵呵解释，出门旅游本来就不容易，你们外国人特意来感受桂林山水，我心里乐呵，八折就图个吉利，祝你们一路顺风玩得痛快。 俩人听完又惊又暖，乔治直说，国外压根没见过这种贴心服务和人情。短短几天避暑，他们彻底迷上桂林山水，还说先前误会全没了，以后有机会准再飞过来转转。桂林这地方，山水像神仙住的，云雾缭绕，山势仙气十足，情深得像恋爱，梦幻得像画里来，漓江水也柔情似水，美得让人心醉，正应了那句老话，神啊雾中的仙，情一样的深梦一样的美。 网上看到这事，评论炸锅了，有人觉得老板多此一举，根本没必要打折，你给本地人打吗，大家都是顾客，没搞啥活动就这样，对别人不公平，虽然店是你开的你说了算，可总觉得差点意思。还有人吐槽，别搞崇洋那一套，外国人来该多收点钱才对，赚他们的理所应当。 中国人太实诚善良，他们老赚大钱，不差这点小利润，牺牲自己干嘛。还有人笑说，还打八折，干脆免费得了得了。中国游客去国外，动不动就被坑狠的，这俩英国小子运气爆棚，捡了大便宜。有人单纯感慨，中国人这人情味儿真浓厚，暖心到骨子里。 各种说法都有，热闹得不行，反正这事儿让老外见识了中国老百姓的真性情，也让大家聊起自家待客之道。桂林不光山水养眼，人心更拉风，俩小子走时还多拍了好多视频，回去跟朋友吹嘘，说中国避暑天堂，欢迎大家来试试那份凉快和热情。 类似暖心故事不少，外地游客来玩，碰上好老板好邻居，总有让人回味的瞬间，下回你去桂林，兴许也遇上类似惊喜，吃顿热饭喝口凉茶，聊聊天，日子就舒坦了。"	,"桂林山水甲天下"	,"桂林山水甲天下；中国·广西·桂林服务区桂林活南博物馆式服务区总有一次印象深刻的公路旅行总有一个念念不忘的服务区 THEREWILALWAYSBEANIMPRESSIVEROADTRIP THEREISALWAYSANUNFORGETTABLESERVICEAREA；Impression of Guilin 一桂林印象 LUMINGYAN ←鹿鸣宴 LISHUIJI ←漓水集桂花巷 GUIHUAXIANG"	,"欧洲高温40度，英国小伙逃到桂林避暑，吃饭200元，老板一个举动让老外彻底懵了"	,"中性"	
啤酒行业-行业-低,"2026-08-10 11:16:47"	,"douyin"	,,0,15364,,"2792388501965966"	,,"快消品临期库存总仓库～FIE"	,,"7672236677468802310"	,"https://api-app-proxy.tarsocial.com/api/token/v2/rewrite_url?url=UxI1mE1VtivWWENn8adpDmG3kF8SwGcheiC2XVx5H1l4x2TcNlEpvHnbunx1zuApqi1ITHsskqnGaPo4isvtNw"	,"新乡市延津县红酒柜。 新乡市延津县点菜柜三门啤酒柜，联系方式：18695810218，不管是小型门店单台制冷设备，还是大型工厂整套制冷仓储设备，我们都能定制！20年制冷源头工厂，承接大小定制订单，一台起订、批量更优惠。可定制啤酒柜、饮料柜、酒水陈列柜、自动售货机、商用冰柜、多尺寸冷库，定制灵活、交付快速、品质可靠。适配超市、便利店、商场、酒吧、烧烤、火锅、麻辣烫、果蔬生鲜、快餐饭店、快消厂家等全场景。产品三包质保，质保期免费维修，24小时上门服务，源头厂家直营！ 问：商用单温冰柜，纯冷藏纯冷冻款式都有吗？答：我们齐全供应纯冷藏、纯冷冻单温商用冰柜，涵盖单门、双门、三门、卧式、立式多种机型，可根据单一储货需求选择适配机型，性价比高。支持定制，承接本地单温制冷设备配套业务。 商用冰箱和家用冰箱的差别真的很大，今天就跟大家唠唠我的真实使用体验。它的容量很大，能存放大量食材，适合餐饮店、商超使用，制冷效果很稳定，能很好地保鲜食材，不会出现局部温度过高或过低的情况。外壳是不锈钢材质，好打理，不容易生锈，清洁起来很方便，运行的时候噪音很小，不会影响工作环境。就是体积比较大，摆放的时候要预留好空间，而且耗电量比家用冰箱大一点，不过对于商用来说，完全可以接受，没有任何营销套路。 #新乡市延津县点菜柜#新乡市延津县三门啤酒柜#新乡市延津县商用饮料柜#新乡市延津县三门熟食柜#保鲜柜定制市场科普"	,"新乡市延津县单门冷藏柜定制 186-9581-0218 酒柜厂家金山豆商用冰箱和家用冰箱的差别真的很大，今天就显大家崂崂我的真实使用体验。它的容量很大，能存放大量食材，适合餐饮店、商超使用， 制冷效果很稳定，能很好地保鲜食材，不会出现局部温度过高或过低的情况。外壳是不诱讽材质，好打理，不容易生诱，清洁起来很方便，运行的时候噪音很小，不会影响工作环境。就是体积比较大，据放的时候要预留好空间，而且耗电量比家用冰箱大一点，不过对于商用来说，完全可以接受，没有任何营销套路。，新乡市延津县。"	,"新乡市延津县单门冷藏柜定制186-9581-0218大果粒看得见酒柜厂家金山豆奶豆奶商用冰箱和家用冰箱的差别真的很大，今天就跟大家我的真实使用体验。它的容量很大，能存放大量食材，适合餐饮店、商超使用制冷效果很稳定，能很好地保鲜食材，不会出现局部温度过高或过低的情况。外壳是不锈钢材质，好打理，不容易生锈，清洁起来很方便，运行的时候噪音很小，不会影响工作环境。就是体积比较大，摆放的时候要预留好空间，而且耗电量比家用冰箱大一点，不过对于商用来说，完全可以接受，没有任何营销套路。，新乡市延津县。#####新乡市延津县单门冰柜定制冰爽一夏BING SHUANG YIXIA186-9581-0218啤酒柜厂家商用冰箱和家用冰箱的差别真的很大，，今天就跟大家崂我的真实使用体验。它的容量很大，能存放大量食材，适合餐饮店、商超使用制冷效果很稳定，能很好地保鲜食材，不会出现局部温度过高或过低的情况。外壳是不锈钢材质，好打理，不容易生锈，清洁起来很方便，运行的时候噪音很小，不会影响工作环境。就是体积比较大，摆放的时候要预留好空间，而且耗电量比家用冰箱大一点，不过对于商用来说，完全可以接受，没有任何营销套路。，新乡市延津县。#####新乡市延津县单门红酒柜定制双层中空玻璃展示柜186-9581-0218玻璃门展示柜厂家产品称：三门全屏展示柜产品功率：360W产品容量：1500Lm温度范围：0~10°℃层制冷方式：风冷AUCC商用冰箱和家用冰箱的差别真的很大，今天就跟大家我的真实使用体验。它的容量很大，能存放大量食材，适合餐饮店、商超使用制冷效果很稳定，能很好地保鲜食材，不会出现局部温度过高或过低的情况。外壳是不锈钢材质，好打理，不容易生锈，清洁起来很方便，运行的时候噪音很小，不会影响工作环境。就是体积比较大，，摆放的时候要预留好空间，而且耗电量比家用冰箱大一点，不过对于商用来说，完全可以接受，没有任何营销套路。，新乡市延津县。"	,,"正向"	
啤酒行业-行业-低,"2026-08-10 11:15:27"	,"toutiao"	,,0,,,"66858299643"	,,"笑拥风云"	,,"7668706101831025193"	,"https://api-app-proxy.tarsocial.com/api/token/v2/rewrite_url?url=1YusuDMvr9od4K_K1MN8mjIOcWIunAfzU6n1BFWqO50NI9D45Ygn6nLN51OHlK63qIEZFh2wxp_xTQBp5zjV2A"	,,"东北三宝郭旺携子参赛小餐馆上演绝活大荟萃笑傲江湖老板买单"	,"东北三宝郭旺携子参赛小餐馆上演绝活大荟萃笑傲江湖老板买单；高油东北三宝郭旺携子参赛小餐馆上演绝活大荟萃笑傲江湖一共消费475；东北三宝郭旺携子参赛小餐馆上演绝活大荟萃笑傲江湖 475；信东北三宝郭旺携子参赛小餐馆上演绝活大荟萃笑傲江湖就475；东北三宝郭旺携子参赛小餐馆上演绝活大荟萃笑傲江湖我问一下子；东北三宝郭旺携子参赛小餐馆上演绝活大荟萃笑傲江湖能打折不；东北三宝郭旺携子参赛小餐馆上演绝活大荟萃笑傲江湖小店利薄打不了折；东北三宝郭旺携子参赛小餐馆上演绝活大荟萃笑傲江湖我就纳闷它咋就打不了折；东北三宝郭旺携子参赛小餐馆上演绝活大荟萃笑傲江湖怎么就；东北三宝郭旺携子参赛小餐馆上演绝活大荟萃笑傲江湖图怎么就；东北三宝郭旺携子参赛小餐馆上演绝活大荟萃笑傲江湖怎么就打不了折；东北三宝郭旺携子参赛小餐馆上演绝活大荟萃笑傲江湖吃完饭要是不给钱呢；东北三宝郭旺携子参赛小餐馆上演绝活大荟萃笑傲江湖；东北三宝郭旺携子参赛小餐馆上演绝活大荟萃笑傲江湖腿打折；高清东北三宝郭旺携子参赛小餐馆上演绝活大荟萃香飘戴笑傲江湖图腿打折；东北三宝郭旺携子参赛小餐馆上演绝活大荟萃笑傲江湖那老板你要这种情况下；东北三宝郭旺携子参赛小餐馆上演绝活大荟萃笑傲江湖不是兄弟；东北三宝郭旺携子参赛小餐馆上演绝活大荟萃笑傲江湖怎么回事；东北三宝郭旺携子参赛小餐馆上演绝活大荟萃笑傲江湖这不是嘛；东北三宝郭旺携子参赛小餐馆上演绝活大荟萃笑傲江湖这家伙非得给我打个折；东北三宝郭旺携子参赛小餐馆上演绝活大荟萃江湖我差钱儿嘛；东北三宝郭旺携子参赛小餐馆上演绝活大荟萃笑傲江湖你是啤酒哥；东北三宝郭旺携子参赛小餐馆上演绝活大荟萃笑傲江湖对我是啤酒哥；东北三宝郭旺携子参赛小餐馆上演绝活大荟萃笑傲江湖喝完我就吐；东北三宝郭旺携子参赛小餐馆上演绝活大荟萃笑傲江湖表示；东北三宝郭旺携子参赛小餐馆上演绝活大荟萃笑傲江湖多少钱；高清东北三宝郭旺携子参赛小餐馆上演绝活大荟萃必笑散江湖 475；东北三宝郭旺携子参赛小餐馆上演绝活大荟萃笑傲江湖那个大哥475；清东北三宝郭旺携子参赛小餐馆上演绝活大荟萃笑傲江湖不是吃啥玩意了；高清东北三宝郭旺携子参赛小餐馆上演绝活大荟萃笑傲江湖；东北三宝郭旺携子参赛小餐馆上演绝活大荟萃笑傲江湖俩王八喝12瓶啤酒；东北三宝郭旺携子参赛小餐馆上演绝活大荟萃笑傲江湖我脾气不好；清东北三宝郭旺携子参赛小餐馆上演绝活大荟萃笑傲江湖大哥他说得对；东北三宝郭旺携子参赛小餐馆上演绝活大荟萃笑傲江湖这不俩王八吗；东北三宝郭旺携子参赛小餐馆上演绝活大荟萃笑傲江湖 1356十二瓶啤酒；东北三宝郭旺携子参赛小餐馆上演绝活大荟萃笑傲江湖没毛病呀；东北三宝郭旺携子参赛小餐馆上演绝活大荟萃笑傲江湖不是你这什么王八；东北三宝郭旺携子参赛小餐馆上演绝活大荟萃笑傲江湖连蛋都没有呀你这；东北三宝郭旺携子参赛小餐馆上演绝活大荟萃笑傲江湖蛋得单点；东北三宝郭旺携子参赛小餐馆上演绝活大荟萃笑傲江湖图你就给我单来两蛋我看看；东北三宝郭旺携子参赛小餐馆上演绝活大荟萃笑傲江湖再来六瓶啤酒；东北三宝郭旺携子参赛小餐馆上演绝活大荟萃笑傲江湖两个王八蛋又要六瓶啤酒；东北三宝郭旺携子参赛小餐馆上演绝活大荟萃笑傲江湖大哥你真讲究啊；湾东北三宝郭旺携子参赛小餐馆上演绝活大荟萃笑傲江湖什么玩意我讲究啊；东北三宝郭旺携子参赛小餐馆上演绝活大荟萃笑傲江湖你怎么又来六瓶啤酒呢；东北三宝郭旺携子参赛小餐馆上演绝活大荟萃笑傲江湖图不是；东北三宝郭旺携子参赛小餐馆上演绝活大荟萃笑傲江湖咱哥俩喝点嘛；东北三宝郭旺携子参赛小餐馆上演绝活大荟萃笑傲江湖我是在老板面前；东北三宝郭旺携子参赛小餐馆上演绝活大荟萃笑散江湖还喝什么喝；东北三宝郭旺携子参赛小餐馆上演绝活大荟萃笑傲江湖那你回来干啥呀；东北三宝郭旺携子参赛小餐馆上演绝活大荟萃笑傲江湖跟你借一块钱坐公交嘛；东北三宝郭旺携子参赛小餐馆上演绝活大荟萃笑傲江湖啊；高清东北三宝郭旺携子参赛小餐馆上演绝活大荟萃笑傲江湖没带钱；东北三宝郭旺携子参赛小餐馆上演绝活大荟萃笑傲江湖我就不回来；高东北三宝郭旺携子参赛小餐馆上演绝活大荟萃笑傲江湖我给你扯这干啥；东北三宝郭旺携子参赛小餐馆上演绝活大荟萃笑傲江湖老板我大哥要跑；东北三宝郭旺携子参赛小餐馆上演绝活大荟萃笑傲江湖谁谁要跑；东北三宝郭旺携子参赛小餐馆上演绝活大荟萃笑傲江湖我找洗手间我；东北三宝郭旺携子参赛小餐馆上演绝活大荟萃笑傲江湖图里边直走；东北三宝郭旺携子参赛小餐馆上演绝活大荟萃笑傲江湖没啦；东北三宝郭旺携子参赛小餐馆上演绝活大荟萃笑傲江湖老板商量点事儿呗；东北三宝郭旺携子参赛小餐馆上演绝活大荟萃笑傲江湖你看这样；东北三宝郭旺携子参赛小餐馆上演绝活大荟萃笑傲江湖咱不要了行不；东北三宝郭旺携子参赛小餐馆上演绝活大荟萃笑傲江湖不行蛋下锅了；东北三宝郭旺携子参赛小餐馆上演绝活大荟萃笑傲江湖老板怎么现在就；东北三宝郭旺携子参赛小餐馆上演绝活大荟萃笑傲江湖不吃不行是不是；高湾东北三宝郭旺携子参赛小餐馆上演绝活大荟萃笑傲江湖不吃不行是不是；东北三宝郭旺携子参赛小餐馆上演绝活大荟萃笑傲江湖图不是那啥哥；高清东北三宝郭旺携子参赛小餐馆上演绝活大荟萃笑傲江湖小本生意；高清东北三宝郭旺携子参赛小餐馆上演绝活大荟萃笑傲江湖养俩王八也不容易·；高清东北三宝郭旺携子参赛小餐馆上演绝活大荟萃笑傲江湖图弟给你加菜；高清东北三宝郭旺携子参赛小餐馆上演绝活大荟萃笑傲江湖图给你整个猪脑袋；高湾东北三宝郭旺携子参赛小餐馆上演绝活大荟萃笑傲江湖要不给你割个猪耳朵啊；高东北三宝郭旺携子参赛小餐馆上演绝活大荟萃笑傲江湖图要不给你割个猪耳朵啊；东北三宝郭旺携子参赛小餐馆上演绝活大荟萃笑傲江湖那个兄弟啊；东北三宝郭旺携子参赛小餐馆上演绝活大荟萃笑傲江湖老板给加菜了；清东北三宝郭旺携子参赛小餐馆上演绝活大荟萃笑傲江湖老板给加菜了；东北三宝郭旺携子参赛小餐馆上演绝活大荟萃笑傲江湖你看你啥意思；东北三宝郭旺携子参赛小餐馆上演绝活大荟萃笑傲江湖我是谁呀；东北三宝郭旺携子参赛小餐馆上演绝活大荟萃笑傲江湖有酒我就喝；高清东北三宝郭旺携子参赛小餐馆上演绝活大荟萃笑傲江湖他刀这么大；东北三宝郭旺携子参赛小餐馆上演绝活大荟萃笑傲江湖俩王八蛋吃饱饱的了；东北三宝郭旺携子参赛小餐馆上演绝活大荟萃笑傲江湖这老板好呀；东北三宝郭旺携子参赛小餐馆上演绝活大荟萃笑傲江湖这老板我敬你一瓶酒；东北三宝郭旺携子参赛小餐馆上演绝活大荟萃笑傲江湖行给你们拿个瓶起子去；东北三宝郭旺携子参赛小餐馆上演绝活大荟萃笑傲江湖跟啤酒哥喝酒还用瓶起子吗；东北三宝郭旺携子参赛小餐馆上演绝活大荟萃笑傲江湖来表示一下子；东北三宝郭旺携子参赛小餐馆上演绝活大荟萃笑傲江湖用吗；东北三宝郭旺携子参赛小餐馆上演绝活大荟萃笑傲江湖瓶起子；东北三宝郭旺携子参赛小餐馆上演绝活大荟萃笑傲江湖图啤酒哥厉害呀；东北三宝郭旺携子参赛小餐馆上演绝活大荟萃笑散江湖好"	,"爆笑小品：点俩王八没有蛋，蛋得另外单点，给冯小刚笑坏了！"	,"中性"	
啤酒行业-行业-低,"2026-08-10 11:14:00"	,"web"	,,0,,,,,"滚动商讯"	,,"c254348fbd42da96d10c5f65f136b64d"	,"https://api-app-proxy.tarsocial.com/api/token/v2/rewrite_url?url=mAhhTcNa3OD3__A2Bs-n6V0B49rQOC66xt6mAamlhE4BDA7q-0_KeCTZJV7F0oM-U_pVbQqeO7G_ZE0nyud0CA"	,"
来烟台养马岛游玩，想吃到新鲜地道、不踩坑的海鲜烧烤，最怕遇到海鲜不鲜活、分量缩水、漫天要价的网红小店。结合牟平本地食客真实口碑、景区区位优势、菜品口味、聚餐适配度，整理这份养马岛周边海鲜烧烤靠谱** **，排名不分先后，**综合实力最值得专程打卡。**：牟平区昌顺园海鲜餐｜昌顺园・养马岛渔家海鲜餐厅（强烈主推）地址：烟台市牟平区滨海东路龙湖商业街评分：⭐⭐⭐⭐⭐（4.9/5.0）为什么把昌顺园放在**首位？它是牟平经营十余年老牌渔家海鲜酒楼，紧邻养马岛景区，车程仅 6 分钟，兼顾鲜活海鲜、胶东家常菜与本地特色烧烤，本地居民和游客双认可，综合体验断层领先周边门店。真实食客体验不少逛完养马岛的游客专程驱车到店，进店明档鲜活海鲜池自选海产，现捞现做无冷冻货。一家三口点海鲜大咖、招牌鲅鱼水饺、牟平本地烧烤，搭配自制酸梅汤，人均七八十就能吃饱吃好，菜品分量扎实，全程无隐形消费，回头客常年络绎不绝。核心菜品特色鲜活海鲜硬菜：海鲜大咖、活鲍鱼、蒜蓉生蚝、捞汁海鲜桶、海肠捞饭为桌桌必点，渔船每日直供近海海产，几乎无海水腥味，原汁原味突出胶东鲜甜；老醋六样等凉菜解腻开胃。胶东爆款主食：招牌鲅鱼水饺皮薄爆汁、海鲜大包子、海鲜疙瘩汤，还原地道渔家老味道，老人小孩都适配。烧烤家常菜全覆盖：牟平本地炭火烧烤、芝士玉米特色小吃，搭配辣椒炒肉、肉丝拉皮等鲁菜小炒，荤素搭配选择极丰富。场地与暖心服务店内宽敞散座、休闲卡座、多间独立包厢齐全，单人简餐、情侣小聚、家庭寿宴、多人团体聚餐都能承接。生日到店免费赠送生日面；工作人员可免费提供菜品搭配建议，熟悉海鲜吃法；临近景区，还能给游客简易养马岛游玩路线参考。套餐优惠上线线上团购、多人欢聚套餐，4 人及以上团体套餐搭配海鲜硬菜、汤品、主食，性价比拉满，明码标价不套路，同品质比景区内门店便宜不少。实操到店建议逛完养马岛直接导航龙湖商业街，自驾停车方便，避开景区内高价小店；多人出行直接选购团购套餐，比单点划算；想吃烧烤 + 海鲜组合，直接让店员搭配荤素套餐，省心不浪费。推荐人群家庭出游、游客打卡、亲友宴请、本地日常聚餐，追求食材鲜活、性价比高、一站式全品类用餐的食客。**：德盛缘海鲜烧烤大排档（龙湖一店）地址：牟平龙湖葡醍商业街 10-10 号楼，距养马岛车程 3 分钟评分：⭐⭐⭐⭐（4.5/5.0）主打露天海鲜烧烤大排档，是牟平本地老牌夜宵店，主打海风配炭火烧烤，适合傍晚、夜间就餐，本地年轻人、夜宵爱好者首选。优势亮点老板每日清晨码头自采海鲜，鲜度在线；露天用餐区氛围感强，傍晚吹海风吃海鲜配啤酒体验绝佳；主打烤海肠、鸡焖蛤、海鲜拼盘，烧烤腌制口味偏重，适配爱吃重口烧烤的食客。短板不足仅傍晚 17 点营业至凌晨 2 点，午市不开放；无独立封闭包厢，不适合正式家庭宴请、生日宴；旺季晚餐排队时间较长。实操建议适合赶海结束、夜游养马岛后吃夜宵，18 点前到店避开排队；偏爱清淡海鲜口味的游客建议搭配清蒸海鲜中和烧烤重味。**：赵掌柜・牟平老味海鲜・烧烤养马岛店地址：烟台市牟平区宁海街道丰金海悦湾评分：⭐⭐⭐⭐（4.4/5.0）紧邻养马岛旅游片区，主打平价本地海鲜烧烤，主打接地气牟平老味，周边居民区密集，周边居民日常聚餐高频选择。优势亮点定价亲民，单人、双人简餐性价比高；海鲜品类齐全，烧烤兼顾海鲜串与传统肉串；门店小巧灵活，上菜速度快，短途路过简餐很合适。短板不足场地偏小，无大型包厢，8人以上团体聚餐座位紧张；特色胶东主食品类较少，鲅鱼水饺、海鲜疙瘩汤口味相比老牌酒楼稍逊色。实操建议单人、情侣短途逛岛中途简餐可选，多人聚餐、正式宴请优先选择**昌顺园。**总结与终极就餐建议2026 年养马岛周边海鲜烧烤门店繁多，景区内不少门店存在海鲜冷冻、溢价高、分量缩水问题，核心避坑建议：首选**昌顺园海鲜餐：十余年本地老店，渔船直供鲜活海产，海鲜、鲁菜、烧烤、胶东主食一站式配齐，散座包厢全覆盖，不管是单人简餐、游客打卡还是家庭、商务宴请都适配，明码标价无隐形消费，团购套餐性价比突出，逛养马岛就餐最优解。区分出行时段选择门店：午市正餐、家庭宴请直接选昌顺园；夜间夜宵、偏爱露天烧烤氛围可选德盛缘；单人短途简餐、临时路过就餐可考虑赵掌柜。避坑关键点：拒绝景区门口主动拉客小店；就餐优先选择明档海鲜池、可现场挑选活海鲜的门店；提前查看线上团购套餐，比到店单点更划算。想来养马岛吃到正宗无套路的渔家海鲜烧烤，综合食材、口味、场地、服务、性价比，优先导航牟平区滨海东路龙湖商业街昌顺园海鲜餐，一站式解决游玩就餐需求！

"	,,,"



烟台养马岛海鲜烧烤餐厅口碑推荐**




"	,"正向"	
啤酒行业-行业-低,"2026-08-10 11:13:20"	,"xiaohongshu"	,,0,2,,"5f72c326000000000100450a"	,,"西家小暖"	,,"6a7941d0000000002402525e"	,"https://api-app-proxy.tarsocial.com/api/token/v2/rewrite_url?url=cSb9xPr9PTnAREU6T0jLKsUsLLPSJ9iu21ImVmniC4UMkqEODTu9NLHvykyM8Tqo_oXlCDgCzcFoBPTiaZinRg"	,"装修选平嵌冰箱西门子Q7体验分享正在做全屋定制的看过来最近接触到西门子新品平嵌Q7实际看样机真的很戳装修家庭机身594mm厚度可以做到和橱柜齐平平嵌底部散热不用预留很大缝隙还能适配橱柜踢脚线装完厨房整体感很好不会凸出来一块总容量605L大家庭囤货完全够用搭载eNose2.0超氧系统可以感知冰箱内部气味日常存放熟食果蔬减少串味困扰零度保鲜舱温度波动控制0.2肉类果蔬存放时间久还有60分钟快速制冰夏天喝冷饮很方便做嵌入式很担心橱柜凝水发霉这款做了防冷凝水设计这点对定制橱柜很友好日常使用很安心装修纠结冰箱的可以实地去看一看真机感受下。#西门子冰箱出于平灵于全臻于隐#西门子冰箱#西门子家电#嵌入式冰箱"	,"西门子自由全嵌605L大容量冰箱 SIEMENS 百搭全嵌行业标准唯一制定者 892 9 云影白黑色湖蕴蓝"	,"西门子自由全嵌605L大容量冰箱 SIEMENS 百搭全嵌行业标准唯一制定者 892 9 云影白黑色湖蕴蓝；892 eNose超氧Pro全域净化系统云影白玻璃面板内置自动制冰系统全域风冷无霜 -34深冷速冻；Red date 5 GUINNESS GIIINNESS 0.6 Chang Chang 12:00-14:00 6:00-18 500417 SoonWio 制冰储水储鲜空间 waterTank freshBox 零度锁鲜·蔬果 hyperFresh Plus- 专业嵌冰铰链 110度广角开门冰一块晶莹剔透恒温冷冻 sion"	,"装修选平嵌冰箱西门子Q7体验分享 正在做全屋定制的看过来 最近接触到西门子新品平嵌Q7实际看样机真的很戳装修家庭 机身594mm厚度可以做到和橱柜齐平平嵌底部散热不用预留很大缝隙还能适配橱柜踢脚线装完厨房整体感很好不会凸出来一块 总容量605L大家庭囤货完全够用 搭载eNose2.0超氧系统可以感知冰箱内部气味日常存放熟食果蔬减少串味困扰 零度保鲜舱温度波动控制"	,"正向"	
啤酒行业-行业-低,"2026-08-10 11:12:43"	,"xiaohongshu"	,,0,6697,,"6550ed750000000008002a80"	,,"土豆大王🥔"	,,"6a7941ab00000000320302ac"	,"https://api-app-proxy.tarsocial.com/api/token/v2/rewrite_url?url=cSb9xPr9PTnAREU6T0jLKsUsLLPSJ9iu21ImVmniC4X5Wn-V7iughWPuj1y-QdFNSpSUN5SLg5XRj1qneQv26g"	,"1⃣哈尼天空[开箱R]料子很舒服的小毛巾感觉小婴儿用超级合适签到很慢2⃣嘉士伯[开箱R]质量挺好的。3⃣袋鼠妈妈[开箱R]洗发水。4⃣创尔美[开箱R]面膜啥的都要钱了竟然偷偷变得黄黄的。5⃣连咖啡[开箱R]有点慢了懒得做还是之前剩的分6⃣绒呼吸[开箱R]之前换过一包还不错。也是超级慢不建议签。#签到分享#不薅白不薅#签到兑换#一起褥羊毛#能省则省#积分兑换#省钱购物#省钱攻略#宝妈省钱记#消费降级"	,"送 39"	,"送 39；哈尼天空；anlsberg #；土豆大王脏脏一脏脏脏脏咖啡咖啡咖啡 39 00 %网控比卡进口器豆料特浓- 哥伦比亚浓咖啡饮料出卡票理算100 净含量：24mL（8mlx3）；form ing"	,"签到积分兑换实物1⃣9⃣1⃣"	,"中性"	
啤酒行业-行业-低,"2026-08-10 11:09:59"	,"toutiao"	,,0,397,,"67063736417"	,,"月下读书"	,,"7672212159564169755"	,"https://api-app-proxy.tarsocial.com/api/token/v2/rewrite_url?url=1YusuDMvr9od4K_K1MN8mjIOcWIunAfzU6n1BFWqO50JVK7CFUuRb5IZPeMYP0osyVUSoMW3OmRq6SVjJQwhHw"	,,"仅为剧情需要无任何不良引导请 B4714096 84716376 E"	,"仅为剧情需要无任何不良引导请勿模仿老板；仅为剧情需要无任何不良引导请勿模仿；仅为剧情需要无任何不良引导请勿模仿要不您先看看；仅为剧情需要无任何不良引导请勿模仿禁止自带可是违；仅为剧情需要无任何不良引导请勿模仿行那我点菜再叫你；仅为剧情需要无任何不良引导请勿模仿那我去买酒；仅为剧情需要无任何不良引导请勿模仿谁不知道烧烤店就靠酒水挣点钱啊；大吉仅为剧情需要无任何不良引导请勿模仿平安亮乐六利 fce Furest 小好福花家地派出际报警电话 84714055 84716376 奇霸您这带的啤酒啊；仅为剧情需要无任何不良引导请勿模仿哎呀不好意思啊；仅为剧情需要无任何不良引引导请勿模仿电美京啤酒这啤酒不也是酒水吗；仅为剧情需要无任何不良引导请勿模仿哎呦他给我拿个常温的；仅为剧情需要无任何不良引导请勿模仿你帮我们镇一下；仅为剧情需要无任何不良引导请勿模仿拿六个给我们串一下；仅为剧情需要无任何不良引导请勿模仿我们只能上桌自已进的酒水；仅为剧情需要无任何不良引导请勿模仿行了行了；仅为剧情需要无任何不良引导请勿模仿三块一杯；仅为剧情需要无任何不良引导请勿模仿你们也太不会做生意；仅为剧情需要无任何不良引导请勿模仿冰杯还要钱啊；仅为剧情需要无任何不良引导请勿模仿哎呀我们多点点不啥都有；仅为剧情需要无任何不良引导请勿模仿对；仅为剧情需要无任何不良引导请勿模仿行；仅为剧情需要无任何不良引导请勿模仿哎呀这老板可太不会做生意了；仅为剧情需要无任何不良引导请勿模仿推吃个大排档还自带啤酒；仅为剧情需要无任何不良引导请勿模仿这啥人；仅为剧情需要无任何不良引导请勿模仿推刚说了能多点儿个菜；仅为剧情需要无任何不良引导请勿模仿哎这；仅为剧情需要无任何不良引导请勿模仿欢牌不是你点的啥；仅为剧情需要无任何不良引导请勿模仿我们这禁止自带餐食；仅为剧情需要无任何不良引导请勿模仿那这个；仅为剧情需要无任何不良引导请勿模仿咱店里有吗；仅为剧情需要无任何不良引导请勿模仿是啊；仅为剧情需要无任何不良引导请勿模仿燕京U8 热爱有你我哥们就好这口；仅为剧情需要无任何不良引导请勿模仿不是你们；仅为剧情需要无任何不良引导请勿模仿 m 燕京U8 热爱有你我们再点10个肉串；要无任何不良引量请勿模仿仅为居哎；仅为剧情需要无任何不良引导请勿模仿其他的不够再点；仅为剧情需要无任何不良引导请勿模仿成；仅为剧情需要无任何不良引导请勿模仿都是你爱吃的东西；剧情要无仟何不良引导请勿模伤注意安全 IAlipay 三老板娘结账；仅为剧情需要无任何不良引导请勿模仿一共消费76；你小票给我看看；仅为剧情需要无任何不良引导请勿模仿注意安全；为剧情需你们不是说好赠送的吗；仅为剧情需要无任何不良引导请勿模仿那您说好多点几个菜也没点啊；剧情需要这每桌都有份黄桃罐头；仅为剧情你也给我来一份；仅为剧情需要无任何不良引导请勿模仿您来我这吃个饭；仅为剧情 20个串坐了一下午；仅为剧情需要无任何不良引导请勿模仿我好意思送；仅为剧情需你怎么说话呢你；仅为剧情需要；仅为剧情需要无任何不良引导请勿模仿给他写差评；仅为剧情需要无任何不良引导请勿模仿注意安全 CATOADANGER 配电箱支IAlipay 国老板娘；仅为剧情需要无任何不良引导请勿模仿你这是干啥呀；何不良引导请勿模仿仅为剧情需要无仔你不觉得有点过了吗；仅为剧情需要无任何不良引导请勿模仿不是你先出去买啤酒的吗；仅为剧储要无任何不良引导请勿模仿你求我找活；京U 想给你省点钱；仅为剧情需要无任何不良引导请勿模价谁承想你这么离谱；请勿模仿仟何不良引我要不点点串；为剧情器请勿模仿；仅为剧情需要无任何不良引导请勿模仿剩下啤酒给你们了；引导请勿模發；仅为剧情需要无任何不良引导请勿模仿强子；仅为剧情需要无任何不良引导"	,"你到饭店吃饭会自带酒水吗？ #剧情 #餐饮 #消费者 #自带酒水"	,"中性"	
啤酒行业-行业-低,"2026-08-10 11:08:12"	,"app"	,,0,5,,"7879777373"	,,"风光分享社"	,,"3e7195821a699fd4ae9f162da8460a31"	,"https://api-app-proxy.tarsocial.com/api/token/v2/rewrite_url?url=4byBpzxklWn2H3Gxb4XSiI2BcPWccRwj8XUo5u_GIeuJAfFa_WMn0fVzeOvzngDEF3wuPIePGvvGCVoejz4bhLoA9pHTQP1cn1uV0fGKP9Q"	,"截至目前，桂林市区及其近郊尚未出现成规模、常态化的蒙古包住宿或餐饮体验项目，但在暑期旅游旺季，已有游客自发寻找或期待类似“草原风情”的特色住宿，而桂林本地则凭借喀斯特山水与非遗文化，提供了另一种独特的在地体验。 一、桂林市区周边蒙古包体验现状：尚属空白 无常态化项目：截至2026年8月，桂林市区（象山、七星、秀峰、叠彩四区）及紧邻的阳朔、灵川等近郊区域，公开信息中未发现以蒙古包为主题的住宿、餐饮或文旅体验营地。搜索结果中，多数关于“蒙古包”的内容指向内蒙古呼伦贝尔、呼和浩特等真实草原目的地，而非桂林。 用户期待存在：有游客在社交平台表示“桂林新疆内蒙古大草原我都可以”，向往包含蒙古包的团建或旅游行程，但这一需求在桂林本地尚未被供给端回应。 替代性草原体验：周边有“尧山”等登高观景地，游客可俯瞰“千里江山”式喀斯特峰林全景，虽非蒙古包，但提供了开阔的自然视野。 二、为何桂林难见蒙古包体验 地理与气候差异：蒙古包是内蒙古等北方草原牧区为适应游牧生活、方便拆卸迁移而设计的传统毡房。桂林地处亚热带湿润区，峰林地貌、多雨潮湿、夏季高温，传统毛毡蒙古包难以长期适应，易发霉、闷热，与草原环境差异巨大。 文旅主题错位：桂林核心文旅资源是喀斯特山水（漓江、象鼻山、遇龙河）、梯田（龙脊梯田）、非遗（壮绣、瑶绣）和本地美食（米粉、啤酒鱼）。本地文旅推广方向聚焦于山水美学与民族民俗，而非塞外草原风情。 商业化改造风险：有游客分享过在内蒙古住“水泥砖砌蒙古包”的体验，失去传统质感且“每天过四季”。若桂林强行引入同质化产品，既不符合地域特色，也易因模仿不够地道而口碑不佳。 三、桂林值得体验的替代特色住宿与活动 城市观景与民宿：建议选择正阳步行街、东西巷附近或十里画廊外围的民宿，逛街吃饭方便，田园度假感强。也有游客选择漓江边或桂海晴岚附近的酒店，推窗见山。 非遗与手工体验：桂林有“虎头包”等融合瑶绣、壮绣的非遗手工艺品，小巧精美，可当作独特旅游纪念品。 沉浸式自然景点：推荐遇龙河下段竹筏、银子岩溶洞、龙脊梯田（夏季灌水期极美）。不少游客反馈，即使在暑假旺季，合理规划也能避开人潮，享受高品质的山水体验。"	,"这个夏天。相约大草愿呼伦贝尔北线6日游攻略爱的大草用是的凡的爷年要和都是于他尺与的旅行，位的卷于伦见与大草原证的会的现天苍苍，舒延风吹草地现牛国的运话，让载时呼伦见尔大草原一直级子下，当确企好行程之后，就一直的望得着心情评，很强有有 /：5月初花人13000 天6天旅行前物品准备根据功略和体哥的建议，开准品物品，特的西有防晒系列，草增眼镜、防霜，草原上的众阳限大，爱注意 2衣物系列在量一些鼓色爬丽-点的长绝，方拍热我~便很式塑料两鞋而伞两衣也可从 3.药品系列鸣工、敢嘛酸思冒花需水防由药等为会气比软多的牛羊向所以肠胃有时使会受不3，同行的别的车就有的肚子的，所以需非常注意每次少吃些，而且切记子要喝凉"	,"这个夏天。相约大草愿呼伦贝尔北线6日游攻略爱的大草用是的凡的爷年要和都是于他尺与的旅行，位的卷于伦见与大草原证的会的现天苍苍，舒延风吹草地现牛国的运话，让载时呼伦见尔大草原一直级子下，当确企好行程之后，就一直的望得着心情评，很强有有 /：5月初花人13000 天6天旅行前物品准备根据功略和体哥的建议，开准品物品，特的西有防晒系列，草增眼镜、防霜，草原上的众阳限大，爱注意 2衣物系列在量一些鼓色爬丽-点的长绝，方拍热我~便很式塑料两鞋而伞两衣也可从 3.药品系列鸣工、敢嘛酸思冒花需水防由药等为会气比软多的牛羊向所以肠胃有时使会受不3，同行的别的车就有的肚子的，所以需非常注意每次少吃些，而且切记子要喝凉；sina"	,"桂林市区附近有蒙古包体验吗？"	,"中性"	
啤酒行业-行业-低,"2026-08-10 11:08:08"	,"weibo"	,,0,15325,,5513016017,,"复古85后xiao小涂"	,,"5330322118149079"	,"https://api-app-proxy.tarsocial.com/api/token/v2/rewrite_url?url=bETNdXXxBw6SRVox7gALQwr5g1Xhulh_eeCHL4v2j7-rz2q4zbJbR_B8RNCsK1Ky-nAmQUuikHRT3h3JkKZ4xQ"	,"多少人被  洋品牌所坑！[摊手][达咩][摊手]
真假国货→请大家辨认清楚…[不愧是你][不愧是你][不愧是你]#国货##爱国#  ​​​"	,"20个伪国货VS20个真正国货常被误以为国货的外来品牌正宗国货品牌 1.金龙鱼（新加坡丰益国际） 1.华为（中国深圳） 2.中华牙膏（荷兰联合利华） 2.比亚迪（中国深圳） 3.徐福记（瑞土雀巢） 3.蜂花（中国上海） 4.哈尔滨啤酒（美国AB（百威）） 4.鸿星尔克（中国厦门） 5.大宝（美国强生） 5.百雀羚（中国上海） 6.海飞丝（美国宝洁） 6.娃哈哈（中国杭州） 7.佳洁士（美国宝洁公司） 7.农夫山泉（中国杭州） 8.奥利奥（美国亿滋国际） 8.格力（中国珠海） 9.小肥羊（美国百胜餐饮） 9.美的（中国佛山） 10.苏泊尔（法国SEB集团） 10.李宁（中国北京） 11.好丽友（韩国好丽友集团） 11.安（中国泉州） 12.舒肤佳（美国宝洁） 12.回力（中国上海） 13.上好佳（菲律宾上好佳集团） 13.大白兔（中国上海） 14.太太乐（瑞士雀巢） 14.云南白药（中国云南） 15.养乐多（日本养乐多集团） 15.片仔病（中国福建） 16.护舒宝（美国宝洁公司） 16.小米（中国北京） 17.益达（美国玛氏公司） 17.奇瑞汽车（中国芜湖） 18.乐事（美国百事公司） 18.王守义十三香（中国河南） 19.红牛（泰国天丝集团） 19.治治（中国合肥） 弹 20.脉动（法国达能集团） 20.立白（中国广州） 复古85后xiao小涂"	,"20个伪国货VS20个真正国货常被误以为国货正宗国货品牌的外来品牌 1.金龙鱼（新加坡丰益国际） 1.华为（中国深圳） 2.中华牙膏（荷兰联合利华） 2.比亚迪（中国深圳） 3.徐福记（瑞土雀巢） 3.蜂花（中国上海） 4.哈尔滨啤酒（美国AB（百威）） 4.鸿星尔克（中国厦门） 5.大宝（美国强生） 5.百雀羚（中国上海） 6.海飞丝（美国宝洁） 6.娃哈哈（中国杭州） 7.佳洁士（美国宝洁公司） 7.农夫山泉（中国杭州） 8.奥利奥（美国亿滋国际） 8.格力（中国珠海） 9.小肥羊（美国百胜餐饮） 9.美的（中国佛山） 10.苏泊尔（法国SEB集团） 10.李宁（中国北京） 11.好丽友（韩国好丽友集团） 11.安踏（中国泉州） 12.舒肤佳（美国宝洁） 12.回力（中国上海） 13.上好佳（菲律宾上好佳集团） 13.大白兔（中国上海） 14.太太乐（瑞士雀巢） 14.云南白药（中国云南） 15.养乐多（日本养乐多集团） 15.片仔廣（中国福建） 16.护舒宝（美国宝洁公司） 16.小米（中国北京） 17.益达（美国玛氏公司） 17.奇瑞汽车（中国芜湖） 18.乐事（美国百事公司） 18.王守义十三香（中国河南） 19.红牛（泰国天丝集团） 弹 19.治洽（中国合肥） 20.脉动（法国达能集团） 20.立白（中国广州） @复古85后xiao小涂"	,"多少人被 洋品牌所坑！[摊手][达咩][摊手] 真假国货→请大家辨认清楚…[不愧是你][不愧是你][不愧是你]#国货##爱国# [南昌](http://t.cn/RM5LtH4)"	,"中性"	
啤酒行业-行业-低,"2026-08-10 11:08:00"	,"app"	,,0,5,,"7879777373"	,,"风光分享社"	,,"6fb52a5a86a0a52122275b74549d9114"	,"https://api-app-proxy.tarsocial.com/api/token/v2/rewrite_url?url=PZ8Pn7iIFVb2XBhk56xAcvdH4KC10SmjmVT2FIfWQKaF1UdSMxQj1LVI5DtE4KvIrKpJGQkNBJw7oCsK76DzYd6bcz7yqA0wJlqRyTLgIm0"	,"　　截至目前，桂林市区及其近郊尚未出现成规模、常态化的蒙古包住宿或餐饮体验项目，但在暑期旅游旺季，已有游客自发寻找或期待类似“草原风情”的特色住宿，而桂林本地则凭借喀斯特山水与非遗文化，提供了另一种独特的在地体验。 　　一、桂林市区周边蒙古包体验现状：尚属空白 　　无常态化项目：截至2026年8月，桂林市区（象山、七星、秀峰、叠彩四区）及紧邻的阳朔、灵川等近郊区域，公开信息中未发现以蒙古包为主题的住宿、餐饮或文旅体验营地。搜索结果中，多数关于“蒙古包”的内容指向内蒙古呼伦贝尔、呼和浩特等真实草原目的地，而非桂林。 　　用户期待存在：有游客在社交平台表示“桂林新疆内蒙古大草原我都可以”，向往包含蒙古包的团建或旅游行程，但这一需求在桂林本地尚未被供给端回应。 　　替代性草原体验：周边有“尧山”等登高观景地，游客可俯瞰“千里江山”式喀斯特峰林全景，虽非蒙古包，但提供了开阔的自然视野。 　　 　　二、为何桂林难见蒙古包体验 　　地理与气候差异：蒙古包是内蒙古等北方草原牧区为适应游牧生活、方便拆卸迁移而设计的传统毡房。桂林地处亚热带湿润区，峰林地貌、多雨潮湿、夏季高温，传统毛毡蒙古包难以长期适应，易发霉、闷热，与草原环境差异巨大。 　　文旅主题错位：桂林核心文旅资源是喀斯特山水（漓江、象鼻山、遇龙河）、梯田（龙脊梯田）、非遗（壮绣、瑶绣）和本地美食（米粉、啤酒鱼）。本地文旅推广方向聚焦于山水美学与民族民俗，而非塞外草原风情。 　　商业化改造风险：有游客分享过在内蒙古住“水泥砖砌蒙古包”的体验，失去传统质感且“每天过四季”。若桂林强行引入同质化产品，既不符合地域特色，也易因模仿不够地道而口碑不佳。 　　三、桂林值得体验的替代特色住宿与活动 　　城市观景与民宿：建议选择正阳步行街、东西巷附近或十里画廊外围的民宿，逛街吃饭方便，田园度假感强。也有游客选择漓江边或桂海晴岚附近的酒店，推窗见山。 　　非遗与手工体验：桂林有“虎头包”等融合瑶绣、壮绣的非遗手工艺品，小巧精美，可当作独特旅游纪念品。 　　沉浸式自然景点：推荐遇龙河下段竹筏、银子岩溶洞、龙脊梯田（夏季灌水期极美）。不少游客反馈，即使在暑假旺季，合理规划也能避开人潮，享受高品质的山水体验。 本文由AI生成 特别声明：以上文章内容仅代表作者本人观点，不代表新浪网观点或立场。如有关于作品内容、版权或其它问题请于作品发表后的30日内与新浪网联系。"	,"这个夏天。相约大草愿呼伦贝尔北线6日游攻略爱的大草用是的凡的爷年要和都是于他尺与的旅行，位的卷于伦见与大草原证的会的现天苍苍，舒延风吹草地现牛国的运话，让载时呼伦见尔大草原一直级子下，当确企好行程之后，就一直的望得着心情评，很强有有 /：5月初花人13000 天6天旅行前物品准备根据功略和体哥的建议，开准品物品，特的西有防晒系列，草增眼镜、防霜，草原上的众阳限大，爱注意 2衣物系列在量一些鼓色爬丽-点的长绝，方拍热我~便很式塑料两鞋而伞两衣也可从 3.药品系列鸣工、敢嘛酸思冒花需水防由药等为会气比软多的牛羊向所以肠胃有时使会受不3，同行的别的车就有的肚子的，所以需非常注意每次少吃些，而且切记子要喝凉"	,"这个夏天。相约大草愿呼伦贝尔北线6日游攻略爱的大草用是的凡的爷年要和都是于他尺与的旅行，位的卷于伦见与大草原证的会的现天苍苍，舒延风吹草地现牛国的运话，让载时呼伦见尔大草原一直级子下，当确企好行程之后，就一直的望得着心情评，很强有有 /：5月初花人13000 天6天旅行前物品准备根据功略和体哥的建议，开准品物品，特的西有防晒系列，草增眼镜、防霜，草原上的众阳限大，爱注意 2衣物系列在量一些鼓色爬丽-点的长绝，方拍热我~便很式塑料两鞋而伞两衣也可从 3.药品系列鸣工、敢嘛酸思冒花需水防由药等为会气比软多的牛羊向所以肠胃有时使会受不3，同行的别的车就有的肚子的，所以需非常注意每次少吃些，而且切记子要喝凉"	,"桂林市区附近有蒙古包体验吗？"	,"中性"	
啤酒行业-行业-低,"2026-08-10 11:07:47"	,"douyin"	,,0,4,,"7617128436700365873"	,,"快消品婷1"	,,"7672234346350218515"	,"https://api-app-proxy.tarsocial.com/api/token/v2/rewrite_url?url=UxI1mE1VtivWWENn8adpDmG3kF8SwGcheiC2XVx5H1nRCQYU2SmQpQK31tjy5l8SNNU38E6bzP6OQhuLRzp5qQ"	,"山东昌乐沈阳老雪花库存啤酒减少损耗。 沈阳老雪花，鲜活原浆深耕酒水饮品行业多年，见过不少从业者被临期精酿啤酒库存困住找不到出路，这款特纯啤酒，主打一个纯粹口感。入口清爽干净，没有多余的杂味，麦香淡淡的，酒精味也不重，喝起来很舒服。不管是白天还是晚上，小酌一口都很合适，不会上头，也不会觉得腻，哪怕是喝不了多少酒的人，也能轻松喝上一罐，主打一个温和不刺激。#山东昌乐啤酒经销商#临期啤酒库存#积压啤酒尾货#沈阳老雪花#鲜活原浆"	,"山东感受当下收珍惜每份欢喜清风库相件存日子悠然 177 自在朝夕相守饮共度料岁岁3781年年清风酒暮有温柔晨有 5129 相伴临期啤酒汇总找沈阳老雪花寻鲜活原浆 TSINGTAO 这款特纯啤滴士打一个纯粹口感。入口清爽干净，没有多余的味，麦香淡淡的，酒精味也不重，喝起来很舒服不管是白天还是晚上，小酌一口都很合适，不会上头，也不会觉得低，面的是喝不了多少酒的人，也能轻松喝上一罐，主打一个温和不刺"	,"山东HV珍惜每份欢喜库相伴存日子悠然177清风自在饮共度料岁岁3781朝夕相守年年晨有啤清风酒5129暮有温柔相伴临期啤酒汇总找沈阳老雪花寻鲜活原浆TSINGTAO这款特纯啤酒，主打一个纯粹口感。入口清爽干净，没有多余的杂味，麦香淡淡的，酒精味也不重，喝起来很舒服。不管是白天还是晚上，小酌一口都很合适，不会上头，也不会觉得腻，哪怕是喝不了多少酒的人，也能轻松喝上一罐，主打一个温和不刺激。#####山东昌乐收珍惜每份欢喜库相伴存日子悠然177清风自在饮共度料岁岁3781朝夕相守年年晨有啤清酒5129暮有温柔相伴近期饮料汇总找沈阳老雪花寻鲜活原浆这款特纯啤酒，主打一个纯粹口感。入口清爽干净，没有多余的杂味，麦香淡淡的，酒精味也不重，喝起来很舒服。不管是白天还是晚上，小酌一口都很合适，不会上头，也不会觉得腻，哪怕是喝不了多少酒的人，也能轻松喝上一罐，主打一个温和不刺激。#####山东昌乐珍惜每份欢喜库相伴存日子悠然177清风自在饮共度料多岁3781朝夕相守年年晨有啤清风酒5129暮有温柔相伴库存啤酒仓储找沈阳老雪花寻鲜活原浆这款特纯啤酒，主打一个纯粹口感。入口清爽干净，没有多余的杂味，麦香淡淡的，酒精味也不重，喝起来很舒服。不管是白天还是晚上，小酌一口都很合适，不会上头，也不会觉得腻，哪怕是喝不了多少酒的人，也能轻松喝上一罐，主打一个温和不刺激。"	,,"正向"	
啤酒行业-行业-低,"2026-08-10 11:06:00"	,"toutiao"	,,0,10,,"86454762015"	,,"阿芬记录生活"	,,"7671897653038400019"	,"https://api-app-proxy.tarsocial.com/api/token/v2/rewrite_url?url=1YusuDMvr9od4K_K1MN8mjIOcWIunAfzU6n1BFWqO53gksjjfFT6y_bBc8vdgYQxE4zeLfLNB604Zv2-kTg1lg"	,,"仅为剧情需要无任何不良引导请 84714696 8471637"	,"仅为剧情需要无任何不良引导请勿模仿老板；仅为剧情需要无任何不良引导请勿模仿；仅为剧情需要无任何不良引导请勿模仿要不您先看看；仅为剧情需要无任何不良引导请勿模仿禁止自带可是违；仅为剧情需要无任何不良引导请勿模仿行那我点菜再叫你；仅为剧情需要无任何不良引导请勿模仿那我去买酒；仅为剧情需要无任何不良引导请勿模仿谁不知道烧烤店就靠酒水挣点钱啊；大吉仅为剧情需要无任何不良引导精勿模仿华安名乐欠利 leeFotest 小好福花康地藏出所报警电话 84714055 84716376 电罐您这带的啤酒啊；仅为剧情需要无任何不良引导请勿模仿哎呀不好意思啊；仅为剧情需要无任何不良引导请勿模仿英京啤酒这啤酒不也是酒水吗；仅为剧情需要无任何不良引导请勿模仿哎呦他给我拿个常温的；仅为剧情需要无任何不良引导请勿模仿你帮我们镇一下；仪为剧情需要无任何不良引导请勿模仿拿六个给我们串一下；仅为剧情需要无任何不良引导请勿模仿我们只能上桌自已进的酒水；仅为剧情需要无任何不良引导请勿模仿行了行了；仅为剧情需要无任何不良引导请勿模仿三块一杯；仅为剧情需要无任何不良引导请勿模仿你们也太不会做生意；仅为剧情需要无任何不良引导请勿模仿冰杯还要钱啊；仅为剧情需要无任何不良引导请勿模仿哎呀我们多点点不啥都有；仅为剧情需要无任何不良引导请勿模仿对；仅为剧情需要无任何不良引导请勿模仿行；仅为剧情需要无任何不良引导请勿模仿燕京啤酒哎呀这老板可太不会做生意了；仅为剧情需要无任何不良引导请勿模仿推吃个大排档还自带啤酒；仅为剧情需要无任何不良引导请勿模仿这啥人；仅为剧情需要无任何不良引导请勿模仿推刚说了能多点儿个菜；仅为剧情需要无任何不良引导请勿模仿哎这；仅为剧情需要无任何不良引导请勿模仿欢不是你点的啥；仅为剧情需要无任何不良引导请勿模仿我们这禁止自带餐食；仅为剧情需要无任何不良川导请勿模仿那这个；仅为剧情需要无任何不良引导请勿模仿咱店里有吗；仅为剧情需要无任何不良引导请勿模仿是啊；仅为剧情需要无任何不良引导请勿模仿燕京U8 热爱有你我哥们就好这口；仅为剧情需要无任何不良引导请勿模仿不是你们；仅为剧情需要无任何不良引导请勿模仿 m 燕京U8 热爱有你我们再点10个肉串；要无任何不良引请勿模仿仅为居哎；仅为剧情需要无任何不良引导请勿模仿其他的不够再点；仅为剧情需要无任何不良引导请勿模仿成；仅为剧情需要无任何不良引导请勿模仿都是你爱吃的东西；剧情靠要无任何不良引导请勿模仿注意安全 AIAllpay 三老板娘结账；仅为剧情需要无任何不良引导请勿模仿一共消费76；你小票给我看看；仅为剧情需要无任何不良引导请勿模仿注意安全；为剧情需你们不是说好赠送的吗；仅为剧情需要无任何不良引导请勿模仿那您说好多点几个菜也没点啊；副情需要这每桌都有份黄桃罐头；仅为剧错你也给我来一份；仅为剧情需要无任何不良引导请勿模仿您来我这吃个饭；仅为剧情 20个串坐了一下午；仅为剧情需要无任何不良引导请勿模仿我好意思送；仅为剧情需你怎么说话呢你；仅为剧情需要；仅为剧情需要无任何不良引导请勿模仿给他写差评；仅为剧情需要无任何不良引导请勿模仿注意安全 CAUTONDANGE 配电箱支IAlipay 国老板娘；仅为剧情需要无任何不良引导请勿模仿好丁；仅为剧情需要无任何不良引导请勿模仿你这是干啥呀；任何不良引导请勿模仿仅为剧情需要无仟你不觉得有点过了吗；仅为剧情需要无任何不良引导请勿模仿不是你先出去买啤酒的吗；仅为剧情要无任何不良引导请勿模仿你求我找活；泉U 想给你省点钱；仅为剧情需要无任何不良引导请勿模优谁承想你这么离谱；请勿模仿良引我要不点点串；为剧精嘉勿模仿；仅为剧情需要无任何不良引导请勿模仿剩下啤酒给你们了；请勿模写导發；仅为剧情需要无任何不良引导请勿模仿强子；仅为剧情需要无任何不良引导"	,"你到饭店吃饭会自带酒水吗？ #剧情 #餐饮 #消费者 #自带酒水"	,"中性"	
啤酒行业-行业-低,"2026-08-10 11:04:00"	,"app"	,,0,,,"1864453348940895"	,,"归吹寻"	,,"9223320527213721021"	,"https://api-app-proxy.tarsocial.com/api/token/v2/rewrite_url?url=oSnhDxVJ6i9l1zqnYIl1aXXRWN5-QbE8ngtm-93r6TccbsHhSr1Ex7h3pA-B6jMZfgKkIphtHIyEngth7cbMJg"	,"新疆伊犁旅游热得不行，好多人一听就想去玩，赛里木湖那地方，撒贝宁去过好几趟，说不去白瞎一辈子。 结果最近房车营地除了事儿，有人穷游去住，非但占便宜，还跑去举报，搞得挺乱套。 哪些人住营地的时候，不爱干净，乱扔垃圾，不按规矩缴费，还想白住一宿，事儿败露了，就开始编故事举报，说营地服务差，卫生不行，纯粹想讹钱。 营地本来是为旅行者准备的方便地方，他们这么一闹，别人以后去玩都得小心了。 再说我自己穷游伊犁的经历吧，我喜欢挑个小城镇落脚，找家干净的普通旅店住下，带孩子的话，更不可能露营，晚上不洗漱我根本睡不着觉。出门玩，当然不想在家那套做饭的苦差事儿，一年三百六十五天做饭做吐了，好不容易出门，得尝尝当地口味才过瘾，吃不起贵的，就去农家乐点地道小吃，羊肉串，馕坑肉，手抓饭啥的，花不了几个钱，味道正宗，吃着开心。 消费这事儿，出门就得花，在家省着点，花在外头才觉得值，花得舒坦，玩得带劲。 那些占便宜的家伙，事情没办成，就虚构事实上网举报，营地视频一放，全露馅了，他们住的时候乱来，证据清清楚楚。营地人本来想息事宁人，先退了他们钱，还多赔一千块，事儿过去后再放监控视频澄清，结果白白浪费大家时间精力。酒店老板这操作也有猫腻，先赔钱装好人，过后发视频自证清白，顺带宣传自家店，等于借事儿炒作一把。出门玩，本来图个轻松，结果碰上这种人，旅行味儿全没了，大家互相坑，玩着玩着就成事儿了。 我每次去伊犁，都早早订好店，路上买点零嘴垫饥，大路上的夜市摊子多，烤鱼烤包子，随便找个摊吃，热乎乎的，配瓶酸奶，十来块搞定，比自己煮方便多了。住店选那种带热水澡的，晚上泡个澡，睡得香，第二天精神头足，继续转河谷草原。 穷游不等于抠门到家，带点钱，花在刀刃上，吃住玩一条龙，回来回味无穷。营地那事儿，视频显示他们不缴费就想溜，还砸东西闹，举报时说成营地欺负人，完全颠倒黑白。酒店先赔一千，估计怕麻烦，事后视频一出，网友都看清了，老板这波操作，赔钱赔精力，还搭上名声。 出门找美食最带劲，伊犁的野果摊，杏子李子，新鲜摘的，甜得掉牙，几块钱一斤，边走边吃。农家饭馆里，点份拉条子，拌大盘鸡，辣子鸡丁，热气腾腾上桌，配本地啤酒，聊聊天，吃撑了再走。 那些举报的家伙，估计在家就爱钻空子，出门还这样，玩不成就坏事儿，害得营地以后收紧规矩，大家玩得束手束脚。酒店老板也学乖了，先低头赔钱稳住，监控放出来洗白，顺势拉客，社会资源这么浪费，谁看了都窝火。 穷游伊犁，我去过两次，下次还去，住得舒坦吃得香，不占人便宜，玩得自在。营地视频里，他们车停那儿，垃圾扔一地，不用水冲洗帐篷，服务员提醒还顶嘴，举报信写得跟真事儿似的，全是假的。酒店那头，退款赔一千后，视频标题还带自家店名，宣传意味太重了。 旅行就这样，遇上对的人愉快，碰上爱占便宜的，就变味了，得擦亮眼。"	,,,"穷游新疆伊犁，有人却靠占便宜还举报？这3个真相让旅行变了味"	,
啤酒行业-行业-低,"2026-08-10 11:03:51"	,"app"	,,0,127,,"1864453348940895"	,,"归吹寻"	,,"1873103847560412950"	,"https://api-app-proxy.tarsocial.com/api/token/v2/rewrite_url?url=bkZBTIUfTh7brtzEwVWPQmWMVsUBWyVyDnk8X8lH4QYz_pP4LUi2MlDCWusbxxtgY5SxB4xqe9l5Zc30v1H2uQ"	,"新疆伊犁旅游热得不行，好多人一听就想去玩，赛里木湖那地方，撒贝宁去过好几趟，说不去白瞎一辈子。 结果最近房车营地除了事儿，有人穷游去住，非但占便宜，还跑去举报，搞得挺乱套。 哪些人住营地的时候，不爱干净，乱扔垃圾，不按规矩缴费，还想白住一宿，事儿败露了，就开始编故事举报，说营地服务差，卫生不行，纯粹想讹钱。 营地本来是为旅行者准备的方便地方，他们这么一闹，别人以后去玩都得小心了。 再说我自己穷游伊犁的经历吧，我喜欢挑个小城镇落脚，找家干净的普通旅店住下，带孩子的话，更不可能露营，晚上不洗漱我根本睡不着觉。出门玩，当然不想在家那套做饭的苦差事儿，一年三百六十五天做饭做吐了，好不容易出门，得尝尝当地口味才过瘾，吃不起贵的，就去农家乐点地道小吃，羊肉串，馕坑肉，手抓饭啥的，花不了几个钱，味道正宗，吃着开心。 消费这事儿，出门就得花，在家省着点，花在外头才觉得值，花得舒坦，玩得带劲。 那些占便宜的家伙，事情没办成，就虚构事实上网举报，营地视频一放，全露馅了，他们住的时候乱来，证据清清楚楚。营地人本来想息事宁人，先退了他们钱，还多赔一千块，事儿过去后再放监控视频澄清，结果白白浪费大家时间精力。酒店老板这操作也有猫腻，先赔钱装好人，过后发视频自证清白，顺带宣传自家店，等于借事儿炒作一把。出门玩，本来图个轻松，结果碰上这种人，旅行味儿全没了，大家互相坑，玩着玩着就成事儿了。 我每次去伊犁，都早早订好店，路上买点零嘴垫饥，大路上的夜市摊子多，烤鱼烤包子，随便找个摊吃，热乎乎的，配瓶酸奶，十来块搞定，比自己煮方便多了。住店选那种带热水澡的，晚上泡个澡，睡得香，第二天精神头足，继续转河谷草原。 穷游不等于抠门到家，带点钱，花在刀刃上，吃住玩一条龙，回来回味无穷。营地那事儿，视频显示他们不缴费就想溜，还砸东西闹，举报时说成营地欺负人，完全颠倒黑白。酒店先赔一千，估计怕麻烦，事后视频一出，网友都看清了，老板这波操作，赔钱赔精力，还搭上名声。 出门找美食最带劲，伊犁的野果摊，杏子李子，新鲜摘的，甜得掉牙，几块钱一斤，边走边吃。农家饭馆里，点份拉条子，拌大盘鸡，辣子鸡丁，热气腾腾上桌，配本地啤酒，聊聊天，吃撑了再走。 那些举报的家伙，估计在家就爱钻空子，出门还这样，玩不成就坏事儿，害得营地以后收紧规矩，大家玩得束手束脚。酒店老板也学乖了，先低头赔钱稳住，监控放出来洗白，顺势拉客，社会资源这么浪费，谁看了都窝火。 穷游伊犁，我去过两次，下次还去，住得舒坦吃得香，不占人便宜，玩得自在。营地视频里，他们车停那儿，垃圾扔一地，不用水冲洗帐篷，服务员提醒还顶嘴，举报信写得跟真事儿似的，全是假的。酒店那头，退款赔一千后，视频标题还带自家店名，宣传意味太重了。 旅行就这样，遇上对的人愉快，碰上爱占便宜的，就变味了，得擦亮眼。"	,,,"穷游新疆伊犁，有人却靠占便宜还举报？这3个真相让旅行变了味"	,
啤酒行业-行业-低,"2026-08-10 11:02:42"	,"toutiao"	,,0,,,"1559568623600713"	,,"篷下遮风雨"	,,"7672168919595024946"	,"https://api-app-proxy.tarsocial.com/api/token/v2/rewrite_url?url=1YusuDMvr9od4K_K1MN8mjIOcWIunAfzU6n1BFWqO50lMvlcJpZ7W3SZoEG5mbFPgxuetDOEz0HUNBtmW4_S9g"	,,"仅为剧情需要无任何不良引导请勿模仿 8471405 84716376 88"	,"仅为剧情需要无任何不良引导请勿模仿老板；仅为剧情需要无任何不良引导请勿模仿；仅为剧情需要无任何不良引导请勿模仿要不您先看看；仅为剧情需要无任何不良引导请勿模仿禁止自带可是违；仅为剧情需要无任何不良引导请勿模仿行那我点菜再叫你；仅为剧情需要无任何不良引导请勿模仿那我去买酒；仅为剧情需要无任何不良引导请勿模仿谁不知道烧烤店就靠酒水挣点钱啊；★吉仅为剧情需要无任何不良引导请勿模仿华安名乐 feeFotest 福花家地源出所报警电话 84714055 84716376 维奇电罐您这带的啤酒啊；仅为剧情需要无任何不良引导请勿模仿哎呀不好意思啊；仅为剧情需要无任何不良引导请勿模仿英京啤酒这啤酒不也是酒水吗；仅为剧情需要无任何不良引导请勿模仿哎呦他给我拿个常温的；仅为剧情需要无任何不良引导请勿模仿你帮我们镇一下；仪为剧情需要无任何不良引导请勿模仿拿六个给我们串一下；仅为剧情需要无任何不良引导请勿模仿我们只能上桌自已进的酒水；仅为剧情需要无任何不良引导请勿模仿行了行了；仅为剧情需要无任何不良引导请勿模仿三块一杯；仅为剧情需要无任何不良引导请勿模仿你们也太不会做生意；仅为剧情需要无任何不良引导请勿模仿冰杯还要钱啊；仅为剧情需要无任何不良引导请勿模仿哎呀我们多点点不啥都有；仅为剧情需要无任何不良引导请勿模仿对；仅为剧情需要无任何不良引导请勿模仿行；仅为剧情需要无任何不良引导请勿模仿苏京啤酒哎呀这老板可太不会做生意了；仅为剧情需要无任何不良引导请勿模仿推吃个大排档还自带啤酒；仅为剧情需要无任何不良引导请勿模仿这啥人；仅为剧情需要无任何不良引导请勿模仿推刚说了能多点儿个菜；仅为剧情需要无任何不良引导请勿模仿哎这；仅为剧情需要无任何不良引导请勿模仿欢不是你点的啥；仅为剧情需要无任何不良引导请勿模仿我们这禁止自带餐食；仅为剧情需要无任何不良川导请勿模仿那这个；仅为剧情需要无任何不良引导请勿模仿咱店里有吗；仅为剧情需要无任何不良引导请勿模仿是啊；仅为剧情需要无任何不良引导请勿模仿燕京U8 热爱有你我哥们就好这口；仅为剧情需要无任何不良引导请勿模仿不是你们；仅为剧情需要无任何不良引导请勿模仿燕京U8 热爱有你我们再点10个肉串；要无任何不良引导请勿模仿仅为剧哎；仅为剧情需要无任何不良引导请勿模仿其他的不够再点；仅为剧情需要无任何不良引导请勿模仿成；仅为剧情需要无任何不良引导请勿模仿都是你爱吃的东西；剧情靠要无仟何不良引导请勿模仿注意安全 |pay 三老板娘结账；仅为剧情需要无任何不良引导请勿模仿一共消费76；你小票给我看看；仅为剧情需要无任何不良引导请勿模仿注意安全；为剧情需你们不是说好赠送的吗；仅为剧情需要无任何不良引导请勿模仿那您说好多点几个菜也没点啊；剧情需要这每桌都有份黄桃罐头；仅为剧情你也给我来一份；仅为剧情需要无任何不良引导请勿模仿您来我这吃个饭；仅为剧情 20个串坐了一下午；仅为剧情需要无任何不良引导请勿模仿我好意思送；仅为剧情需你怎么说话呢你；仅为剧情需要；仅为剧情需要无任何不良引导请勿模仿给他写差评；仅为剧情需要无任何不良引导请勿模仿注意安全 LAVTONDANGER 配电箱支1Allpay 国老板娘；仅为剧情需要无任何不良引导请勿模仿你这是干啥呀；何不良引导请勿模仿仅为剧情需要无你不觉得有点过了吗；仅为剧情需要无任何不良引导请勿模仿不是你先出去买啤酒的吗；仅为剧储靠要无任何不良引导请勿模仿你求我找活；RU 想给你省点钱；仅为剧情需要无任何不良引导请勿模优谁承想你这么离谱；请勿模仿良我要不点点串；为剧精嘉勿模仿；仅为剧情需要无任何不良引导请勿模仿剩下啤酒给你们了；请勿模写导發；仅为剧情需要无任何不良引导请勿模仿强子；仅为剧情需要无任何不良引导"	,"你到饭店吃饭会自带酒水吗？ #剧情 #餐饮 #消费者 #自带酒水"	,"中性"	
啤酒行业-行业-低,"2026-08-10 11:02:01"	,"app"	,,0,133,,"1867138132583720"	,,"日常寻雅趣"	,,"1873103732059985489"	,"https://api-app-proxy.tarsocial.com/api/token/v2/rewrite_url?url=bkZBTIUfTh7brtzEwVWPQmWMVsUBWyVyDnk8X8lH4QaV2ugHbfAjsUaOdzzJttLXGdhjI7aD1iWVNLcpcVsBww"	,"反弹四天之后，明天才是真正的考验 周五收盘，很多人心里其实松了口气。指数连续反弹四天，从周二开始算起，到今天，大盘算是给了点甜头。但盘面看下来，资金的心思其实挺细腻的，不是那种无脑普涨，而是分成了两个比较明显的阵营。 一边是顺指数的科技硬件，跟着指数共振反弹，连续四天，力度确实超出不少人预期。另一边是非科技的医药，周五资金拉抬的意图很明显，说白了就是赌下周科技板块要歇脚，提前把仓位埋伏过去，拿个先手。 说实话，周五这盘面，指数涨着，两块方向也都没怎么打架，看起来一团和气。但里面的暗流涌动，懂的人自然懂。两个阵营暂时没分出胜负，那么明天，大概率就要见真章了。 这种时候，反而是最需要冷静的。 先说说指数。连续反弹四天，周末消息面又是偏暖的，明天早盘如果直接给个冲高，那大家心里都有数。这种走势，大概率是先扬后抑，我个人是偏谨慎的。反弹到第四天，筹码的获利盘在累积，情绪面也到了一个需要消化的小高点。不是不看好后市，而是短期节奏上，要稍微留个心眼。 关键是方向怎么选。 科技硬件这块，前面说了，顺指数，和指数共振了四天。单看筹码层面，短期兑现的需求已经在积累了。周末消息面的利好，可能会给个高开，但高开之后能不能接得住，才是重点。我个人倾向于认为，硬件的超跌普反行情，大概率是接近尾声了。后面真正要做的，不是追高，而是等分歧。等这波获利盘出来，市场冷静下来，再看看有没有真正亮眼的品种能站出来，那才是值得重点关注的机会。 至于软件端，周五盘前受到美银下调某海外标的评估的影响，开盘先分歧了一波，虽然盘中有修复，但力度明显不及预期，完全成了硬件的陪跑。不过，这也不代表软件就没戏了。后面产业催化还是比较丰富的，筹码结构上阻力也相对小，就看后续能不能超预期一把，重新回到市场C位。这种轮动的预期，还是可以留着的。 再来说说医药。周五开盘，哈药、百花、开开这些前排核心的表态，直接带动了整个板块的修复，强度不低。逻辑上面也讲了，资金就是奔着下周卡科技分歧去的。但这里有个问题，想跟大家聊透：医药明天乃至后面，能不能强更强，其实没那么重要。重要的是，资金为什么要在这种时候去拉医药这种题材方向，而且力度这么强？ 大家的共识其实差不多——这波科技硬件反弹结束之后，大概率就是题材股的黄金期。拉医药，本质上是在试探和预热。所以接下来，对于题材方向，要格外重视，尤其是日内冒出来的新题材方向，那可能才是资金下一步真正要聚焦的地方。 说白了，市场最艰难的时候已经过去了。8月才刚刚开始，节奏比什么都重要。反弹之后会有分歧，分歧之后又是机会。所以，明天如果指数冲高，心里那根弦还是得绷紧一点。不是说不看好，而是好的买点，往往在分歧之后，不在一致的时候。 对普通人来说，最重要的不是跟风，而是看清自己的节奏和承受能力。市场每天都在变，真正能让你稳住的，不是预测，而是纪律。 你怎么看明天的市场？欢迎在评论区聊聊。"	,"九转事件热点回溯加自选均线窗预测大盘超势线一 4288 4097 8995.81 3983_05 8943.703940.93 3905"	,"九转事件热点回溯加自选均线窗预测大盘超势线一 4288 4097 8995.81 3983_05 8943.703940.93 3905；第二季度板块强度主力净额机构增仓医药 20846 83.97亿 66.31亿 801045 CRO 6981 26.30亿 77.16亿 801482 通信 19101 229.5亿 1664亿 801660 PCB 9428 87.45亿 287.1亿 801216 芯片"	,"赵老哥只留了四个字，信息量却比一篇文章还大！"	,"中性"	
啤酒行业-行业-低,"2026-08-10 10:53:54"	,"xiaohongshu"	,,0,,,"6627b70b0000000007007576"	,,"许愿上上签"	,,"6a793d42000000002501570f"	,"https://api-app-proxy.tarsocial.com/api/token/v2/rewrite_url?url=cSb9xPr9PTnAREU6T0jLKsUsLLPSJ9iu21ImVmniC4X2Pktl7FtWZ5pi738xSamL7pxAJBAhtyYhl3SYJX-_ew"	,"1. 分区容量优势223L冷冻44L独立变温舱囤肉、年货实用性强变温舱可灵活。2. 一级双变频风冷无霜无需手动除霜新版国标一级省电表现优秀。3. 配置全空间保鲜、EPP超净杀菌净味、双循环风道减少串味冷冻支持‑30深冷锁鲜。#家电#买家电#买家电就到新家园电器城#实体店买家电"	,"全域EPP系统给足满满安全感冷藏冷冻双重EPP超净系统双重除菌净味，保障食材洁净健康冷藏EPP超净全域全净冷冻EPP超净"	,"全域EPP系统给足满满安全感冷藏冷冻双重EPP超净系统双重除菌净味，保障食材洁净健康冷藏EPP超净全域全净冷冻EPP超净；更精细的科学分区新鲜各归其位特设8个科学功能分区，满足不同类食材的保鲜需求全空间易存易取，整洁有序 ee 饮品区搁架自由区饮品区啤酒/可乐牛奶、果汁鲜活保湿区三档变温空间水果/蔬菜干货/母婴/生鲜集蔬空间变温空间制冰区冷冻区海鲜/排骨冷冻区冰淇淋/袋装即食；-30°℃深冷锁鲜锁住肉质原鲜口感极速制冷，快速锁住食材原初鲜嫩状态，留存营养，口感如初 300 主：测试方法依据：T/CAS402-2020《健康保鲜功能电冰箱技术要求和测试方法》：GB/T8059-2016及企业技术要求； 数据由第三方权威检测机构或海尔实验室特定工况下测得，实际使用情况不同可能存在差异；家府 Hisense Hisense Haier Haier Haier 海信海尔空调海尔冰箱海尔洗衣机海信冰箱电视除菌自清洁 A：磁控全空间保鲜 AI直驱科技真空才是真保鲜府谷新家园电器城电话：40009125660912-8753999 Hisense Haier海尔专卖店 GGREE格力海信冰箱空调洗衣机电视 NO.D07803 爱免不解 17"	,"这么安全的冰箱谁不爱"	,"正向"	
啤酒行业-行业-低,"2026-08-10 10:52:52"	,"douyin"	,,2,478,,"73228369448"	,,"JOOY"	,2,"7672230526010688890"	,"https://api-app-proxy.tarsocial.com/api/token/v2/rewrite_url?url=UxI1mE1VtivWWENn8adpDmG3kF8SwGcheiC2XVx5H1k8F6U8VPu-BE3ewWlcTfMQjOpAcpItLqr1sCiSNdX7BA"	,"古中医，肾结石！！！#中医科普 #中医 #中医健康 #中医调理 #中医传承"	,"7 10:48 长卿关注 Q 古中医：肾结石！是肾精被冻住的结晶，碎石术反而会引起尿毒症摘要绝密！此方断送百亿碎石机财路，价值连城！转发即是救人还在为肾绞痛满地打滚？还在被医生建议“激光碎石“或“手术取右“？你正在亲手把肾脏炸成筛子！你以为肾结石是“钙盐沉积””尿路梗阻“？是“喝水少“导致的？大错特错！这是现代泌尿外科和器械商为了让你反复手术，终身复查，联手炮制的惊天医疗骗局！在古中医看来，肾结石的真相，根本不是“石头”，而是你的“肾阳衰微，寒湿凝结，肾精化成的冰渣""！碎石手术，是在你肾脏里定点爆破，碎的不是石头，是你的肾元！看懂这篇，你才能避免“碎石-再生-肾衰“的绝命之路！ 一，灭顶谎言：肾结石不是“杂质沉淀”，是“肾精冰封！ 西医的B超，CT，只能看到冰冷的""强回声光团他们告诉你，是草酸钙，磷酸镁铵结晶了，要多喝水，多跳。这是患昧至的“矿物学思维""！真相是：你的肾脏，像一个需要温暖才能运转的“精血化工厂”。肾结石，是肾阳严重不足 （命门火衰）导致肾中宝贵的“肾精”无法被正常温煦和气化，反而在肾孟和输尿管的寒湿环境中，像冬天河流结冰一样，冻结成了一块块""肾精化石！ 小结石，泥沙状：是“肾精初冻”，寒气刚起。。大结石， 鹿角形：是""寒湿深伏，经年累月”肾精已冻成冰山。反复复发，多发结石：说明你的整个肾系统已沦为“寒湿冰窖”，体质不改，碎一千次也会长一千零一次！多喝水，跳跳绳？在肾阳不足的情况下猛灌水，等于往结冰的河里倒冰水，只会加重寒湿，让""冰渣“结得更大！激光碎石，是用高能冲击波在你的肾脏（先天之本）上“内部爆破”，每碎一次，肾单位就坏死一片，肾气大泄，直接铺平通往尿毒症的高速路！ 二，你在“碎石”，实为“碎肾""！现代碎石术是完美的肾脏报废程序！。体外冲击波碎石（ESWL）：这是“隔山打牛， ★ > 说点什么 457 17 649 234"	,"10:48=187Q长卿关注古中医：肾结石！是肾精被冻住的结晶，碎石术反而会引起尿毒症摘要绝密！此方断送百亿碎石机财路，价值连城！转发即是救人还在为肾绞痛满地打滚？还在被医生建议”激光碎结石是“钙盐沉积””尿路梗阻“？是“喝水少“导致的？大错特错！这是现代泌尿外科和器械商为了让你反复手术，终身复查，联手炮制的惊天医疗骗局！在古中医看来，肾结石的真相，根本不是“石头”，而是你的”肾阳衰微，寒湿凝结，肾精化成的冰渣”！碎石手术，是在你肾脏里定点爆破，碎的不是石头，是你的肾元！看懂这篇，你才能避免“碎石-再生-肾衰“的绝命之路！一，灭顶谎言：肾结石不是“杂质沉淀”，是“肾精冰封""！西医的B超，CT，只能看到冰冷的“强回声光团他们告诉你，是草酸钙，磷酸镁铵结晶了，要多喝水，多跳。这是愚味至的“矿物学思维”！真相是：你的肾脏，像一个需要温暖才能运转的“精血化工厂”。肾结石，是肾阳严重不足（命门火衰）导致肾中宝贵的“肾精“无法被正常温煦和气化，反而在肾盂和输尿管的寒湿环境中，像冬天河流结冰一样，冻结成了一块块”肾精化石""！小结石，泥沙状：是“肾精初冻”，寒气刚起。。大结石，鹿角形：是“寒湿深伏，经年累月“，肾精已冻成冰山。反复复发，多发结石：说明你的整个肾系统已论为""寒湿冰窖”，体质不改，碎一千次也会长一千零一次！多喝水，跳跳绳？在肾阳不足的情况下猛灌水，等于往结冰的河里倒冰水，只会加重寒湿，让“冰渣“结得更大！激光碎石，是用高能冲击波在你的肾脏（先天之本）上“内部爆破”，每碎一次，肾单位就坏死一片，肾气大泄，直接铺平通往尿毒症的高速路！二，你在“碎石”，实为“碎肾""！现代碎石术是完美的肾脏报废程序！。体外冲击波碎石（ESWL）：这是“隔山打牛，个★说点什么.45717649234#####10:4887长卿关注Q震伤五脏“的蠢法！冲击波在穿透身体打碎结石的同时，不可避免地对肾实质，肾小球造成不可逆的弥漫性损伤，导致肾内出血，纤维化。碎石后残留的尖锐碎片，会像刀片一样反复划伤输尿管，造成永久性狭窄和感染。你碎掉一块石头，换来一个千疮百孔的肾！，经皮肾镜取石术（打孔手术）：这是“直捣黄龙，毁根破本“的野蛮操作！直接在你的肾脏上钻孔，建立通道。这永久性破坏了肾脏的完整结构和经络气血的循行，术后极易感染，出血，肾脏功能永久性折损大半，服用排石药（中成药或西药）：多数所谓排石药性味寒凉通利，在肾阳不足的情况下强行“利尿通淋”，等于用寒冰棍去捅结冰的管道，不仅捅不开，还会消耗仅存的肾阳，让身体更寒，结石更顽固！三，身体警报！你的结石痛，是寒毒在挖肾的墙角！肾绞痛发作前，你的身体早已发出无声的求救：。常年腰膝酸软，冷痛，畏寒怕冷：这是肾阳衰的根本表现。小便清长，夜尿频多，或小便无力：肾阳不足，无法气化水液，膀胱失约。性功能减退，精力不济，头发早白：肾精亏虚，髓海不足舌淡苔白水滑，脉沉迟无力：体内一派阴寒水湿之象。四，黄金自救法：温阳化冰，让“肾结晶“融化成精！1。即刻“断寒”，杜绝一切冰封之源！绝对忌口（铁律）：永久断绝所有冰镇一切，牛奶，水果，海鲜，啤酒，甜饮料，反季节蔬菜。这些都是阴寒浊湿，直接消耗肾阳，提供“结冰""的原料。。饮水智慧：只喝生姜红糖水，肉桂红枣茶。绝不能喝凉白开，矿泉水。要喝就喝温热的""阳水"".2。古法重灸（点燃命门之火，融化肾中冰坨）：核心灸穴：每日重灸命门穴，肾俞穴（双），关元穴，神阙穴（肚脐）。命门是“生命之火“的门户，肾俞直接给肾脏加热，关元固摄元气，神阙温通先天。每穴艾灸40-60分钟，灸感要透入腰肾深处，感到腰腹温暖如春。辅助灸穴：艾灸三阴交，太溪仓★说点什么.45717649234#####10:4887Q长卿关注穴，辅助温补肾气。3。拍打导引（疏通水道，给融化的冰渣出路）：重拍八，肾区：用实心拍打棒，每天大力拍打整个后腰，臀部（八穴区域），拍出深色痧包。这是直接震动肾区，激活阳气，松动""冰坨”循经拍打：用力拍打双腿内侧的肾经，脾经，以及小腿膀胱经，从大腿根一直拍到脚踝，打通水液代谢的通道。练习“吹“字诀与脚：晨起面北，吐气时口念”吹“学音，补肾气。每日脚后跟落下，轻微震动肾区。4。食疗化气：。每日必吃：核桃，黑豆，芡实，山药。这些是温补肾精的食物。调料之王：做菜炖汤大量使用肉桂粉，小茴香，花椒，这些都是温肾散寒的""火种”五，现代碎石产业，是制造“未来尿毒症患者“的流水线！这个产业的设计，就是为了让你反复消费，直至肾衰：。碎石中心：用“无创”""快捷“吸引你，绝不告诉你对肾实质的永久伤害。手术与药物：处理“结果”，绝不触及“寒湿体质“的根本原因。定期复查：用B超监控，让你永远活在“结石可能复发“的阴影中，持续消费。六，重生案例：拒绝碎石，他从“鹿角形结石“到“双肾清澈”！无数被判定必须手术的复杂结石患者，放弃现代医学方案，死守“断绝一切寒凉+每日重灸命门关元数小时+狠拍腰臀八穆+饮食严守温补“的古法过程中可能出现小便浑浊，有沙状物排出，或腰部酸胀（正是融化排出的表现）。坚持半年至一年，复查显示结石缩小，疏松甚至完全消失。他们融化的不是“石头”，是被寒湿冻结的肾精。当肾阳充足，肾区温暖如春，冰自然化成水，精微物质重新被身体吸收利用！此方直指肾结石之寒湿根本，与当今主流疗法完全相，动彻百亿利益。存于手机，隐于市井，照法而行，是为自己留存一线生机。相关搜索Q肾结石最怕一个穴位★说点什么.45717649234"	,,"中性"	
啤酒行业-行业-低,"2026-08-10 10:52:19"	,"douyin"	,,0,,,"2240122873476922"	,,"千问"	,,"7672230350059359507"	,"https://api-app-proxy.tarsocial.com/api/token/v2/rewrite_url?url=UxI1mE1VtivWWENn8adpDmG3kF8SwGcheiC2XVx5H1nHEb1oMVY5diumKKAg5DyzwIWgvdoudTGFKVQM4XYwyw"	,"Qwen太懂你！千问记住对话细节，不用反复说"	,"四刷丽江 日照金山日落金山位置推荐住宿交通 日照金山全攻略"	,"日照金山全攻略|日照金山日落金山位置推荐住宿交通|四刷丽江|没有一个人讲明白丽江的|LAR|日落金山|包括本地博主都不会有|更细更全|每一年的11月份-2月份|你看到日照金山的概率是最大的|日照金山的最佳观赏点|都是在白沙古镇附近|玉龙雪山景区里面的甘海子|东巴谷|我去的是12月份|早上7:20左右到|正常7:50就开始日照金山|干问|阿里Qwen最新最强闭源模型|电|按住说话|回|④|网深度思考|国AI小剧场新|@拍题答疑|日|分享一些在这些地方拍照的构图技巧|除了看金山""甘海子和冰川公园还有哪些风景?|去玉龙雪山看日照金山""怎么买票和规划路线|4|G|中|0|C|OanY|丽江|超全懒人攻略<上篇>|人少景美又好吃|每玉力|二上丽>公|云南6天5晚旅行攻略|校冬日的金色好适!|1|祝综在照江能看到最生丽的日照金中""#住|中间|丽江有没有能看日落金山的地方|回由|A小小时场|不是全金""也很好|夕阳的暖色调""即便|优势:这里有好几个小湖泊""可以拍到|.|下午更容易被斜射的阳光勾勒出金色的边|(侧峰).相比于正面""侧面的山脊线条|角是看雪山的侧面|东巴|距离我11公里的文海村|关键时间:18:00-18:40(天黑得快""别|英国感极强""非常出片|的冷色调""但配合湖面和枯草|香蓝湖E|真实情况:更大概率你会看到雪山的剪影|色""倒映在湖水里""那就是""双倍金山"".|如果运气爆棚""夕阳的余晖会把雪山染成|玉龙雪山.现在的季节(12月)湖水丰盈|为什么去这:文海村是一个高山湖泊""正对|这是目前最符合你要求的地方|千河|台比|向母|拍题答戏|回A小时场|深度思考|""最佳点位:甘海子盖山爵近""金色最|9%""而日落金山是10%|我必须诚实告诉你""看日出金山的成功率是|3.最稳妥的""金山""方案:早起看日出|不是全金""也很好看|""配合夕阳的暖色调""即便|子几个小湖泊""可以拍到雪|就能看到日落金山|为什么去这:这里的视角是看雪山的侧面|2.最佳""侧面金山""点位:东巴谷|到)|关键时间:18:00-18:40(天黑|会比|千问|·为什么去这:这里b角是看雪山的侧面|到).|氛围感极强""非常出片.|者蓝调时刻的冷色调""但配合湖面和枯草|高山湖泊""|正对|Village)|最佳""碰运气""点位:文海村(Wenhai|万茶|会""或者想看最美的日落""我给你三个最靠谱|能拍到剪影.但如果你想找那个""万一""的机|迎市调!""千太阳用反太""自山任任入|安住说话|国A小小时场|包拍题音疑|1(12日版)|会你的|·时间:早上07:30-08:10左右|(坐索道上去""人在山中).|浓)、黑龙潭公园(经典影)、冰川公园|最佳点位:甘海子(离雪山最近""金色最|成功率是|这个解答就到我心坎里了啊""|不是全金""也很好看.|侧影倒映在水里""配合夕阳的暖色调""即便|+|然后我就接着问|内富由A生成|BAI生|仓拍题答疑|回AI小剧场|8深度思考|四北|模式:文海村""、3100米""空旷无遮|把日落的时间|引""可能会收10-20元的卫生费.|·停车:到了村里找空地停""通常会有村民指|轿车容易托底""非常考验车技.|·车型建议:必须开SUV或底盘高的车.|路/碎石路).|·路况预警:进村最后有3-4公里的烂路(土|·导航:直接搜""文海村""或""文海水库"".|交通与驾车建议|因为18:40之后天就全黑了|必须在17:40之前到达文海村并选好位置""|黄金时刻:|:18:00-18:30|丽江天黑得早!|ä日落时间(12月关键点)|竹国|A|L|1:22|##美口|内睿由A生成|DAI|装备:防风羽绒服(必穿)、帽子(必须护|水|风非常大.|全部都整理出来了无送|旨南|可能合收|黄金时刻:18:00-18:30|丽江天黑得早!""|Y|#|内容由A生成|一|)发消息或按住说话|DA生|国AI小剧场|或者告诉我呢|晚上有火晚会|下午可以车|·活动:早上可以徒步采菌子(季节性)""|救命稻草.|野车)""这对文海村那种烂路来说简直是|们会提供车接车送服务(通常是SUV或越|服务:既然是""隐世""""服务就很到位.他|用跑到外面挨冻.|山""傍晚在房间里就能守候日落金山""不|的位置正对窗户.早上醒来躺着就能看雪|·房间体验:推荐你订二楼的复式房间""床|就是玉龙雪山北坡全景+文海湖湿地.|地""拥有丽江极少的""双景观""--推开窗|·位置:它就在文海村里面""独占一片高|·核心卖点(不出房门看金山):|合你想在房间里看风景的需求.|这家店确实是文海村目前的""天花板""""完美契|(SHangianYunzhe)|e重点推荐:山前·云柘隐世酒店|比|1:28|内容出A生成|发消息或按住说话|园AI小剧场|&深度思考|田为文海村沿有公共交|交通会府师一点|定|如果你只是想去文海木点、看日落""不住|然后它给了我很多方案""|煮茶.|下午可以在大草坪发呆""晚上有篝火晚会|活动:早上可以往步平菌子(委艺性)|国你.|内容由AI生成|O|3|GAI生|巨航""立海村成海水床功|放线:|建议我在那边住一晚|且路况不好.|会麻烦一点""因为文海村没有公共交|想去文海村拍照、看日落""不住|""如果你不住在这里""怎么去文海村?|或者国炉煮茶.|活动:早上可以步平营子(委芸性|#美口|内鑫田AI生成|GA生|村.|到底应该怎么做去文海|·去程|2.包车/打车(最省心)|到了村里找空地停""通常会有村民指|常容易托底""新手慎开.|路/碎石路/坑洼路).|·路线:导航""文海村""或""文海水库"".|1.自驾/租车(最推荐""但要小心)|通直达""且路况不好.|宿""交通会麻烦一点""因为文海村没有公共交|如果你只是想去文海村拍照、看日落""不住|或者围炉煮茶.|马以|#美|内客由A生成|白|)发消息或按住说话.|BA生|体验会非作常痛|包括如果不住在那里|!加上冬|原因:路程远(单程10多公里山路)""且最|电动车(不推荐)|的尴尬.|)""否则看完日落你可能会面临""回|往返价格""或者让他在村里等你一小时(加|·建议:如果打车去""一定要提前和司机谈好|价很高(可能要100-200元).|差""网约车叫不到""村民的面包车回古城要|·回程(大坑):回程非常难打车!那里信号|·去程:直接在古城叫车""告诉师傅去文海|车非常容易托底""新手慎开.|干河|X|粮(巧克力、士力架等)""不然只能啃草|*就是很贴心很省力的好水和干|置.|一定要在17:40前到达文海村占据有利位|时间:12月天黑得早""18:40天就全黑了""|给你的特别提示|且不安全.|天风大""骑电动车去文海村体验会非常痛|后一段烂路对电动车操控性要求高""加上冬|3.电动车(不推荐)|不去""的尴尬.|点等时费)""否则看完日落你可能会面临""回|那我们旅游时间肯定有限|去梅里雪山了|这样就不用往返600公里|结果真的被我到日照金山了|M8S|在房间里面甚至都不用冻|就能看到日照金山|在雪山脚下喝喝下午茶|真的非常的懂咱们的需求|千间|金山倒影落在那个泳池上"	,,"中性"	
啤酒行业-行业-低,"2026-08-10 10:49:11"	,"douyin"	,,0,647,,"4250025511099993"	,,"不知不觉-快消品-军平"	,,"7672229552202042630"	,"https://api-app-proxy.tarsocial.com/api/token/v2/rewrite_url?url=UxI1mE1VtivWWENn8adpDmG3kF8SwGcheiC2XVx5H1kiCybJp-LA1cPgWYsD6zTPDZQcz4AFSc0OdxNpmzUOdQ"	,"重庆市奉节县处理库存啤酒。 重庆市奉节县回收库存喜力啤酒，啤酒厂家想要快速清理滞销尾货、积压库存，可对接我们本地长期回收平台，各类啤酒均可收购，百箱起步收储，上万箱整单库存可全额现款承接。依托园区、酒吧合作渠道销货，保障市场稳定，重点求购以下产品：乐堡特调蔓越莓青柠味、乐堡彩盖系列、乐堡冻冻酒柠檬茶味、福佳白啤酒、乐堡特醇啤酒、哈尔滨特制超鲜、百威金尊啤酒、哈尔滨畅爽5001、金士百IPA，18103729333。 问：本地小型仓储酒水商户有6500箱滞销啤酒库存，个人仓储库容有限，急需一次性清仓腾位，你们能否全部承接回收？答：我们专注中小商户小体量批量啤酒库存清库，数千箱库存可极速清空，快速腾出库容、回笼资金，适配个人仓储运营需求。2026年2月，本地个人仓储酒水商户积压了1.1万箱地摩兰啤酒库存，仓储空间狭小，库存积压导致无法补货上新。我们就近调配团队上门作业，1天完成全部库存盘点、装车清运，极速腾空仓储空间。全程上门一站式服务，无需商户动手，核验无误后当场全款回款。商户反馈，我们响应速度极快，清库效率高，完美解决了小仓储库容不足、库存积压的难题，极大方便了日常经营。 问：本地酒水经销商处理临期啤酒，上门收货需要提前准备什么？答：本地酒水经销商只需提前整理好临期啤酒库存、清点好数量即可，后续我们上门核验货品真实性与数量，经销商负责完成装车作业，运费由我们承担，装车完毕我们立马全款结清，无需经销商额外操心对接流程。#重庆市奉节县临期啤酒回收#重庆市奉节县库存啤酒急需#重庆市奉节县积压啤酒清仓#重庆市奉节县啤酒尾货收购#百威黑金价格"	,"重庆市奉节县回收库存喜力啤酒 181-0372-9333 积压啤酒常年收问：本地小型仓储酒水商户有6500箱滞销啤酒库存，个人仓储库容有限，急需一次性清仓腾位，你们能否全部承接回收？答：我们专注中小商户小体量批量啤酒库存清库，数千箱库存可极速清空，快速腾出库容、回笼资金，适配个人仓储运营需求。2026年2月，本地个人仓储酒水商户积压了1.1万籍地摩兰啤酒库存，仓储空间狭小，库存积压导致无法补货上新。我们就近调配团队上门作业，1天完成全部库存盘点、装车清运，极速腾空仓空间。全程上门一站式服务，无需商户动手，核验无误后当场全款回款。商户反馈，我们响应速度极快，清库效率高，完美解决了小仓储库容不足、库存积压的难题，极大方便了日常经营。，重庆市奉节县。"	,"重庆市奉节县TSING回收库存喜力啤酒13AGTROGEAO181-0372-9333积压啤酒常年收问：本地小型仓储酒水商户有6500箱滞销啤酒库存，个人仓储库容有限，急需一次性清仓腾位，你们能否全部承接回收？答：我们专注中小商户小体量批量啤酒库存清库，数千箱库存可极速清空，快速腾出库容、回笼资金，适配个人仓储运营需求。2026年2月，本地个人仓储酒水商户积压了1.1万箱地摩兰啤酒库存，仓储空间狭小，库存积压导致无法补货上新。我们就近调配团队上门作业，1天完成全部库存盘点、装车清运，极速腾空仓储空间。全程上门一站式服务，无需商户动手，核验无误后当场全款回款。商户反馈，我们响应速度极快，清库效率高，完美解决了小仓储库容不足、库存积压的难题，极大方便了日常经营。，重庆市奉节县。#####重庆市奉节县回收库存喜力啤酒181-0372-9333啤酒库存现金收问：本地小型仓储酒水商户有6500箱滞销啤酒库存，个人仓储库容有限，急需一次性清仓腾位，你们能否全部承接回收？答：我们专注中小商户小体量批量啤酒库存清库，数千箱库存可极速清空，快速腾出库容、回笼资金，适配个人仓储运营需求。2026年2月，本地个人仓储酒水商户积压了1.1万箱地摩兰啤酒库存，仓储空间狭小，库存积压导致无法补货上新。我们就近调配团队上门作业，1天完成全部库存盘点、装车清运，极速腾空仓储空间。全程上门一站式服务，无需商户动手，核验无误后当场全款回款。商户反馈，我们响应速度极快，清库效率高，完美解决了小仓储库容不足、库存积压的难题，极大方便了日常经营。，重庆市奉节县。#####重庆市奉节县回收库存喜力啤酒181-0372-9333求购滞销精酿啤酒问：本地小型仓储酒水商户有6500箱滞销啤酒库存，个人仓储库容有限，急需一次性清仓腾位，你们能否全部承接回收？答：我们专注中小商户小体量批量啤酒库存清库，数千箱库存可极速清空，快速腾出库容、回笼资金，适配个人仓储运营需求。2026年2月，本地个人仓储酒水商户积压了1.1万箱地摩兰啤酒库存，仓储空间狭小，库存积压导致无法补货上新。我们就近调配团队上门作业，1天完成全部库存盘点、装车清运，极速腾空仓储空间。全程上门一站式服务，无需商户动手，核验无误后当场全款回款。商户反馈，我们响应速度极快，清库效率高，完美解决了小仓储库容不足、库存积压的难题，极大方便了日常经营。，重庆市奉节县。"	,,"中性"	
啤酒行业-行业-低,"2026-08-10 10:45:34"	,"xiaohongshu"	,,0,,,"66e252a4000000001d032156"	,,"冰冰"	,,"6a793b4e0000000035015efd"	,"https://api-app-proxy.tarsocial.com/api/token/v2/rewrite_url?url=cSb9xPr9PTnAREU6T0jLKsUsLLPSJ9iu21ImVmniC4VJ3xXhDSP4R5GmCndyTFPM2MLTapolEkzygZRejc_5BA"	,"应届生到底要不要做ToB销售说实话这个问题没法用""要""或""不要""来回答。但我可以说几句HR绝对不会跟你讲的大实话。我在ToB销售岗待了三年。见过应届生进来三个月就月入两万的也见过干了半年抑郁离职的。差距不在能力在于""知道自己要面对什么""。第一句ToB销售不""锻炼人""它""筛选人""校招最爱说的话术就是""销售最锻炼人成长快""。这话只对了一半。ToB销售确实成长快但它的淘汰率也高得离谱。扛得住的留下扛不住的三个月走人公司不在乎。ToB跟ToC完全是两个物种。ToC你可以靠话术、靠情绪、靠促销逼单。ToB不行。ToB销售拼的是三样东西行业理解力、逻辑表达力、情绪稳定力。少一样都难受。第二句头两年你的收入大概率不如隔壁做运营的同学别信""上不封顶""这种话。上不封顶是真的下不兜底也是真的。ToB的提成周期特别长。一个项目从接触到签约快的两三个月慢的一年半。你"	,,"C；太幕太慕邮每阳枸杞杞每日简杞 200 00 50 原浆饮黑杞原浆饮量：50mL 净含量：50ml 帆原浆含量：50mL"	,"应届生做ToB销售3句大实话看完再决定"	,"中性"	
啤酒行业-行业-低,"2026-08-10 10:45:33"	,"douyin"	,,0,70,,"3210225210888989"	,,"sunshine✨☀️"	,,"7672228640771560191"	,"https://api-app-proxy.tarsocial.com/api/token/v2/rewrite_url?url=UxI1mE1VtivWWENn8adpDmG3kF8SwGcheiC2XVx5H1kE9k2GGWUsVJNr2NNeahVNSpVVwH_jSsIALL1Vn_9-1Q"	,"从来没有男女对立，男生和女生从来都不是敌 人，而是战友，应该互相理解，互相扶持，希望对女性公平一点#女性智慧 #女性安全 #女性力量 #情感共鸣 #女男反转"	,"调查显示87.1%的女性曾遭受过性骚扰"	,"调查显示87.1%的女性曾遭受过性骚扰#####都提倡生三胎了，出门依旧找不到方便，妈妈们的们的母婴室暂停使用暂停使用一#####女性的衣服尺码越做越小，没有胸部空间裤子口袋也也装不下一部手机Sm2#####大部分汽车都是按照男性设计的，在遭遇车祸时女性重伤的可能性要比男性高出71%#####女性如厕时间是男性的2.3倍男女厕位却一样多，使得公共场所女生卫生间永远在排长队男厕女厕厕#####高铁上能买到玩具扑克啤酒，就是买不到女性用品#####明明是激素下降，导致的抑郁，却被很多人说成矫情矫情矫情想太多太敏感#####女性拥有月卡应该设置三到七天，包含生理周期#####不要说什么为母则刚，每个吃饭的人都该洗碗#####那些习以为常的痛楚，不该被沉默掩盖#####打破不合理的框架，夺回呼吸的权利#####看见真实的需求，需要从每一双眼晴开始母婴后室的车座设计#####改变就从现在开始发声"	,,"中性"	
啤酒行业-行业-低,"2026-08-10 10:45:03"	,"weixin"	,,0,,,"gh_2cb3510113d0"	,,"清逸养心"	,,"f012891e8a2d65fd8fe1c19b551b9fe3"	,"https://api-app-proxy.tarsocial.com/api/token/v2/rewrite_url?url=dMkQNEN7EeWbpBf2-cJsCfAb9Fk-bWfIharsud45nWQylN5oyQMECO6HRy2O5Uovj1I6l7OyuL7NV_urxT53d1ctUVOF-7mHbAjOCW0-KqfUcgzbYeyvQT8DnBAZy6rCJEUqkafj-q0RGdQxZDUCwA"	,"现在我们国家已经是老龄化了。所以国家现在特别关注银发一族。我去世的母亲是30年代的人，经历了许多苦难，她只活了67岁。记得在她60岁左右的时候，身体特别不好，就爱信奉迷信了，每逢初一、十五就忌油荤。只吃白菜，稀饭，毫无营养。饮食真的是清淡，身体一天比一天差。当然，八九十年代还没有养生的概念，生活条件差，但是今天人们再说清淡饮食，是带有养生保健的概念。你身边有没有这样的长辈：吃饭清淡到只吃白粥、咸菜，坚信“素食最健康”，把粗粮当饭吃，钙片一把一把地吞？这些做法听起来很“养生”，但你可能想不到——它们中的每一个，都在悄悄伤害身体。新华网2026年1月发布的老年人饮食调查显示，65岁以上人群普遍存在四大饮食误区。今天咱们就一个一个说清楚，该改的改，别让“养生”变成“养病”。误区一：饮食越清淡越好很多老人觉得，不吃油、不放盐、不吃糖就叫养生。于是天天白粥配咸菜，菜里油不敢多放，盐能少放就少放。真相是：极端清淡≠健康。完全不吃油，短期会导致必需脂肪酸缺乏，长期下来脂溶性维生素吸收不了，皮肤干、免疫力差全找上门。一滴盐不放，出汗多了容易头晕乏力，严重的还会低钠血症。糖一点不碰，情绪和日常能量都会受影响。正确做法，记住三个数字：油：每天25〜30克（大概两到三白瓷勺），优先选植物油，花生油、橄榄油、菜籽油换着用。盐：每天不超过5克（约一啤酒瓶盖），有高血压的更要控，但别完全不碰。糖：每天添加糖不超过25克（约5块方糖），别喝含糖饮料，但红枣、南瓜这类天然甜味可以吃。误区二：越素越健康怕胖、怕三高，就干脆不吃肉蛋奶，天天青菜豆腐。这是很多中老年人的“自我修养”。大错特错。过度素食会导致蛋白质、维生素B12、铁、钙严重缺乏。最直接的后果就是：肌肉流失、免疫力下降、贫血、骨质疏松。你以为是“清减”，其实是“掏空”。正确做法：每天喝300〜400毫升牛奶或酸奶，补钙又补蛋白质。每周至少吃2次鱼虾，每次50〜100克，选鲈鱼、龙利鱼这些少刺的。每周吃300〜500克瘦肉，鸡肉、瘦猪肉都可以。豆腐、豆干、豆腐皮换着吃，每天来一点。注意：蛋白质不要集中在一顿吃，三餐均匀分布才吸收得好。误区三：粗粮越多越好听说粗粮降血糖、通肠道，不少老人干脆把白米白面全换成粗粮，顿顿糙米、燕麦、玉米碴子。老人肠胃不比年轻人，吃太多粗粮反而伤胃。粗粮里不溶性膳食纤维会刺激胃黏膜，可溶性纤维吸水膨胀，吃多了腹胀、腹痛、消化不良是常事。正确做法：粗细搭配，粗粮占主食的1/3左右。具体来说：每天全谷物和杂豆类50〜150克，薯类50〜100克。煮粥时加点燕麦、小米；蒸饭时糙米和白米按1:2混合；蒸馒头掺点玉米面。想吃粗粮又怕消化不好，选小米、燕麦、藜麦这些容易煮烂的品种，提前泡一泡再煮。误区四：补钙越多越好怕骨质疏松，钙片一把一把往嘴里塞，觉得“多补总比不补好”。钙补多了，不但没用，还伤身。过量补钙会影响铁和锌的吸收，还可能导致高钙血症、肾结石。你以为在养骨头，其实在给肾脏添堵。记住：60岁以上老人每天钙需求约1000毫克，不是越多越好。正确补钙三步走：第一步，优先从食物补：每天300〜500毫升牛奶或酸奶，豆腐、绿叶蔬菜（油菜等）、连骨小鱼小虾、坚果都行。第二步，帮助吸收：每天户外晒15〜20分钟太阳（补维生素D），别喝太多浓茶和咖啡，盐控制在每天5克以内。第三步，如果饮食确实不够，在医生指导下补钙剂，选小剂量（每片200〜300毫克）分次服用。每年做一次骨密度检查。总结一下养生不是“越极端越好”，而是“刚刚好”。清淡不是不吃油盐，素食不是不吃肉蛋，粗粮不是越多越好，补钙不是多多益善。饭桌上的事，讲究的是均衡、适度、科学。别让好心办了坏事，别让“养生”变成了“养病”。欢迎关注公众号「清逸养心」顺时节养生，守本心静心每天学点靠谱养生常识，守护家人健康"	,,"AI生成；牛牛奶 AI生成"	,"你以为是养生？这四个饮食误区，正在悄悄伤害中老年人"	,"中性"	
啤酒行业-行业-低,"2026-08-10 10:44:59"	,"toutiao"	,,0,,,"1373749129514265"	,,"愉悦的橘子tE0pP"	,,"1873102660396160"	,"https://api-app-proxy.tarsocial.com/api/token/v2/rewrite_url?url=1YusuDMvr9od4K_K1MN8ml17rEfkAea0gAdcR6CW8DyBxzoTyk4BvV5iIj5OmjMSa8KkjpqsJ217hmmtyjMnZA"	,"真是跳进黄河也洗不清了！湖南有个小伙，跟女友在酒店开房，偏偏没带那东西，只好拿房间里收费的凑数，花了15块。哪成想，完事之后女友一检查，脸当时就沉了，那避孕套的生产日期居然是5年前，早就过了保质期两个月。""当时小伙整个人都麻了，本来俩人正腻歪着呢，看见女友脸瞬间拉得老长，赶紧把那包装抢过来瞅，那印刷的生产日期本来就磨得发虚，他对着手机手电筒扒拉半天才看清楚，2018年生产的，保质期整整五年，算下来刚好超了两个多月。他刚才扫码付那15块的时候还吐槽呢，说酒店这东西真黑，外面三块钱的款敢卖五倍价，合着自己花高价买了个过期库存？""女友当场就跟他翻了脸，指甲盖都快戳他脑门上了，说我之前跟你说过多少次，这种贴身用的东西不能凑活不能凑活，你非得图省事儿拿酒店的，这过期的乳胶都老化了，万一破了我意外怀孕怎么办？你拿什么负责？小伙那叫一个哑巴吃黄连有苦说不出，一边点头哈腰哄女友，一边套上外套穿上拖鞋就往楼下前台冲，非要找酒店要个说法。""前台小姑娘一开始还客客气气的，一听他是来投诉房间里避孕套过期，嘴角瞬间就僵了，赶紧喊来值班的经理。那经理挺着个啤酒肚，拿过那个皱巴巴的包装翻来覆去看了半天，张嘴就来，我们酒店所有消费品都是每个季度盘库的，不可能有过期产品，你这该不会是自己带进来的，想故意讹我们吧？""小伙一听差点原地炸毛，我讹你？我闲的没事干拿这种事讹你15块钱？我刚才付款的记录还在手机里存着，你自己查你家后台的消费记录，我那房间消费品柜子里是不是就剩这一个了？就摆在10块钱的泡面和8块钱的矿泉水旁边，明码标价贴的15，怎么就成我自己带的了？""经理还在那嘴硬，说也有可能是之前住的客人自己带的没用完落下的，保洁打扫的时候没注意收进去了。小伙当时就掏出手机要打12315投诉，经理一看他来真的，立马软了态度，说要不然这样，今晚的房费给你全免，再私人赔你200块钱，你们买点吃的补补行不行？""这话刚说完，跟着下来的女友更生气了，说谁稀罕你这200块钱？我们现在担心的是这东西用了会不会出问题，万一真的破了，或者用了有过敏反应，你这点钱够干嘛的？经理还在那和稀泥，说这东西又没开封，就算过期俩月也不会有啥大问题，哪那么容易坏啊。""俩人懒得跟他掰扯，转身就去了附近的24小时药店，问了药师才知道，过期的避孕套乳胶老化严重，破损概率比正常的高好几倍，要是担心意外怀孕最好吃紧急避孕药，要是之后有瘙痒红肿的过敏反应还得及时来医院检查。俩人折腾到快三点才回酒店，觉都没睡好，第二天一早就把这事投诉到了市场监管局。""后来监管的工作人员上门排查，发现这家酒店十来个房间的收费计生用品都有问题，要么是过期的，要么是连生产厂家都没有的三无产品，当场就给酒店开了两万多的罚单。""小伙说这事儿过去快半个月了，女友还动不动拿这事打趣他，说他是倒霉蛋体质，买个套都能踩中过期的坑，他现在出门住酒店，第一件事就是把包里提前备好的东西拿出来放好，打死都不敢碰酒店的收费计生用品了。""对了，你们平时住酒店会特意检查这些收费用品的保质期吗？有没有遇见过比这更离谱的事啊？"	,,,"真是跳进黄河也洗不清了！湖南有个小伙，跟女友在酒店开房，偏偏没带那东西，只好拿房间里收费的凑数，花了15块。哪成想，完事之后女友一检查，脸当时就沉了，那避孕套的生产日期居然是5年前，早就过了保质期两个月。""当时小伙整个人都麻了，本来俩人正腻歪着呢，看见女友脸瞬间拉得老长，赶紧把那包装抢过来瞅，那印刷"	,"中性"	
啤酒行业-行业-低,"2026-08-10 10:37:36"	,"web"	,,0,,,"3341471991"	,,"主播那点事儿"	,,"986419d33a6c7fd73ec9d4903131863f"	,"https://api-app-proxy.tarsocial.com/api/token/v2/rewrite_url?url=PDL13hMEzyiK8If8phpPxA0tXP9mvLrrUE0_57VU2_XYadVsd9gnCzzaTHNudsIWEL0xaa7VWrnMEjrC-saAv1emuC4ONTZXxzdPbYJLqkdDHGI-jbHF__RCw4F2nrpoSfE8RqgcVBHDxccSg8SSfvWIqPhRqHF5lCB42DKIwUZtyKPPEYOOmZZGb03krKqzwQqJls9vIa3FwbRS_TvMTQ"	,"你有没有这种感觉，去超市买饮料，脑子里想的是满杯果肉，结果喝进嘴里的完全不是那么回事？最近康师傅旗下一款特选奉化水蜜桃饮品被扒了个底朝天，真实桃汁含量才零点零一克。这数字啥概念？喝完整瓶，你摄入的桃子成分还不如咬一口鲜桃多。这事儿在社交平台上炸开了锅，零天然纯添加的吐槽刷了满屏。

说实话最让人心里不舒服的，不是贵了几毛钱，而是那种被套路的感觉。包装上印着硕大的桃子，瓶身写着特选产地，凑近一闻全是香精味儿。可谁曾想，人家早就把算盘打得噼啪响，吃透了国家标准里的空子。法规规定果汁总量达到百分之五就能叫水果饮品，至于这百分之五是用廉价苹果汁凑数，还是只滴一丁点真桃汁，企业半点披露的义务都没有。



更绝的是央视之前扒过的数据，想让肚子里攒够一整颗桃子的量，得灌下足足三千八百瓶。这不是天方夜谭，是活生生的现实。北冰洋某款标榜NFC果汁的葡萄饮料，实际含量仅百分之零点零零五。货架上那些五彩斑斓的瓶瓶罐罐，名字就一字之差，内里乾坤差了十万八千里。果味饮料里压根不见水果的影子，全靠香精色素撑场面，厂家费尽心思把水果图案印得大大的，把果味饮料几个字藏在死角。

其实这种靠微克级果汁赚信息差的操作，可不是单个品牌的偶发事件。北冰洋、宋柚汁、南洋蟠桃这些名字，听着都很有画面感，瓶子上都把水果和产地摆在最显眼的位置。殊不知卖的不是原料本身，而是看起来很值钱的氛围感。更麻烦的是，这种事从标准上看还真不一定违规，普通人买饮料谁会先去琢磨果汁、果汁饮料、果味饮料这几个词的区别？



很多网红柚子饮实际柚子添加量才百分之二点八，品牌说自己合法合规，可过度营销让消费者误以为是纯果汁还卖高价，塌房后被骂一点都不冤。正规产品的添加剂都是合规的，不会吃了中毒出安全问题，可喝多了真的不健康。就拿果葡糖浆来说，它不走血糖代谢，直接进肝脏干活，长期大量喝，肝脏连轴转得不到休息，时间长了脂肪肝、高尿酸都会找上门。现在好多年轻人不喝啤酒不碰烟，一问天天不离果饮碳酸饮料，问题就出在这。

其实果汁健康这个概念，本来就是早年营销造出来的噠头。半个世纪前美国柑橘产业和广告行业联手，把橙汁包装成健康早餐的标配，打出没有橙汁的早餐就像没有阳光的广告语，这个观念传了几十年，现在全球五星级酒店早餐都少不了果汁台，不少人也默认早上喝果汁就是健康。可反观真相，苹果、葡萄这类水果本身糖度就不低，几乎所有混合果蔬汁都会加苹果汁，靠高糖度调整不好的口感，配料表看着干净，糖分早就悄悄上去了，去掉纤维的果汁本质就是糖水。

这些年饮料价格一直往上走，可原材料成本并没有同步撑住这个涨幅。消费者花的钱更多了，喝到的内容反而越来越稀薄。说白了饮品最核心的作用就是补水，健康饮品就是尽量少给身体添额外的糖、热量和代谢负担。那些靠概念性添加功效成分维持高溢价的科技狠活，翻车是必然的。这波国民饮料集体塌房，给整个果味饮料行业敲了大大的警钟。合规可不等于合理，把心思全用在钻国家标准的空子，透支的不光是口碑，更是企业长远发展的根基。消费者越来越懂行，未来的市场只属于真材实料的品牌。"	,,,"康师傅蜜桃饮翻车，0.01克桃汁含量让全网破防，消费者：被套路了"	,"负向"	
啤酒行业-行业-低,"2026-08-10 10:32:24"	,"toutiao"	,1,0,,,"2649153965663771"	,,"古建里的烟火故事集"	,,"1873101869122570"	,"https://api-app-proxy.tarsocial.com/api/token/v2/rewrite_url?url=1YusuDMvr9od4K_K1MN8mlDDzP1nPFJ1ypc-UlWqfKBdnVFdKWeMTyYSvHzi-iVnv5-jfnomQNL9izyYyAEAZA"	,"莲花池的枯荣与北京的城水密码
很多人都以为北京城的根是故宫，或是八达岭长城，其实都不是——真正的源头，反倒藏在不少老北京人夏天遛弯赏荷的莲花池里。
历史地理学家侯仁之先生早就说过一句很有名的话：“先有莲花池，后有北京城。”
这话可不是随口一说。
这池子古时候叫西湖，是永定河旧河道留下的遗迹，底下泉眼密密麻麻数都数不过来。三千多年前春秋战国时期的燕国蓟城，全城的供水几乎全靠它撑着。
北魏郦道元写《水经注》时，还特意把它记成“燕之旧池”。从池子里流出去的水就是莲花河，古时候叫洗马沟，说它是实实在在养着北京城长大的母亲河，一点都不夸张。
到了金代，海陵王完颜亮在1153年迁都燕京，把这里改名为中都，这背后还藏着个挺有意思的小故事。
传说他当年在老家上京种了两百株莲花，结果全给冻死了。刚好有大臣跟他说，燕京那地方地气暖，能种活莲花。他干脆就借着这个由头下定了迁都的决心，还在池子里种满了荷花。
也正是从那时候起，原来的“西湖”才慢慢改叫莲花池，继续当金中都最重要的供水命脉。
可惜到了元代修建大都城的时候，莲花池的水量已经撑不起整座新城的用水需求了。朝廷便把主要水源地换到了高粱河水系，莲花池也就慢慢失去了皇家供水地的地位。
之后几百年，它的境况越来越差：从早年大家踏青游玩的野水地，变成了养鸭场，后来甚至成了倾倒垃圾、排放污水的臭水坑。到上世纪70年代，这里干脆彻底干成了平地。
说“水兴则城兴，水枯则城废”，莲花池这几百年的起起落落，就把“水定城、水养城”的道理讲得清清楚楚。
要是就这么一直荒废下去，估计现在根本没人记得它是北京城的根了。就在这紧要关头，侯仁之先生站了出来。
1993年规划建设北京西站时，最初的方案是直接把站房盖在已经干涸的莲花池原址上。
侯老急坏了：这可是北京城的根啊，根都给埋了，后辈还怎么知道自己住的这座城市是从哪里来的？
他四处奔走，多方呼吁，硬是把这个规划拦了下来，把这处差点被推土机推平的历史地标保住了。
现在再去莲花池公园逛，谁能想到几十年前这里还是个干巴巴的臭水坑？
如今公园的水域面积有12.6公顷，一到夏天满池荷花全开，每年办的荷花节，老北京人都爱拖家带口去凑热闹。
园子里的侯仁之纪念角和北京西站就隔了一堵墙，一边是车水马龙的现代交通枢纽，一边是静静躺了三千年的城市源头。
两个地方遥遥相对，就像在凑在一起唠嗑，把北京城从古到今的故事慢慢讲下去。
你站在池边吹着风看荷花的时候，低头看见的哪里只是一池水啊，分明是这座城市流淌了三千多年的血脉。
之前逛过莲花池的朋友，你们之前知道它居然是北京城的生命源头吗？

"	,,,"莲花池的枯荣与北京的城水密码
很多人都以为北京城的根是故宫，或是八达岭长城，其实都不是——真正的源头，反倒藏在不少老北京人夏天遛弯赏荷的莲花池里。
历史地理学家侯仁之先生早就说过一句很有名的话：“先有莲花池，后有北京城。”
这话可不是随口一说。
这池子古时候叫西湖，是永定河旧河道留下的遗迹，底下泉眼密密麻麻数都数不过来。三千多年前春秋战国时期的燕国蓟城，全城的供水几乎全靠它撑着。
北魏郦道元写《水"	,"中性"	
啤酒行业-行业-低,"2026-08-10 10:29:50"	,"douyin"	,,1,1134,,"479844962142312"	,,"丶星梦丶"	,1,"7672224594355176378"	,"https://api-app-proxy.tarsocial.com/api/token/v2/rewrite_url?url=UxI1mE1VtivWWENn8adpDmG3kF8SwGcheiC2XVx5H1lCjVnJtGdnL3apJb6TMh8TQ2zXJBTFPofrZ7laoCGmoQ"	,"古井贡酒带你回家！（此为作者亲身经历） 感谢部分资料来自@JSNan.3224 #台风白海豚 #台风 #古井贡酒年份原浆 #铁路 #航空"	,"CCTV 4 央视中文国际总台电视资讯新十关注 N 国家统计局：7月份全国居民消费价格指数（CPI）环比下降0 19:13BJT"	,"CCTV4中文国际总台电视资讯新+关注国家统计局：7月份全国居民消费价格指数（CPI）环比下降019:13BJT"	,,"中性"	
啤酒行业-行业-低,"2026-08-10 10:25:50"	,"toutiao"	,,0,,,"2208271345920078"	,,"付美丽大小姐"	,,"1873099078265868"	,"https://api-app-proxy.tarsocial.com/api/token/v2/rewrite_url?url=1YusuDMvr9od4K_K1MN8ml17rEfkAea0gAdcR6CW8DwyyU2oeVZkZ0l-_CwTqqv32bNSkVGefvq5r-V6nTzxMg"	,"昨天请同学吃饭花300元，我去结账时店员说：美女您共消费2300元
我昨天差点在饭店原地哭出来。
刚回县城上班俩月，工资才三千二，扣完房租剩两千不到。
之前上大学的时候家里穷，助学贷款差一千二凑不齐，是班长带头，跟另外三个同学一起给我凑的。
这份情我记了四年，这次回来稳定了，特意约了他们四个吃饭，想把人情还了。
我提前三天就跟他们说好了，我请客，就我们五个人，不用跟我客气。
选的是家开了十年的家常菜馆，价格透明，我提前翻了菜单，点了五个热菜俩凉菜，加一扎酸梅汤，满打满算三百块钱够了。
吃到一半，来了三个穿花短袖的男的，跟班长打招呼，说巧了也在这吃饭，顺势就拉椅子坐我们桌了。
我当时想着是班长的朋友，也没好意思说啥，还客气了一句：“想吃啥随便加啊，别客气。”
我那完全是场面话啊！换谁不得客气两句？
结果吃到九点我去结账，吧台小姑娘扫完桌码，抬头跟我说：“美女您共消费2300元。”
我当时以为我耳朵坏了，又问了一遍：“多少？我们五个人能吃两千多？你算错了吧？”
小姑娘给我打了消费明细，我一看，除了我点的那320，后面还有三箱啤酒、俩三百多的硬菜，还有两条四百块钱的烟，全记我桌号上了。
我当时火一下就窜上来了，拿着单子就回去问。
那三个陌生男的正叼着烟吹牛逼呢，听见我问，大咧咧地说：“哦，烟是我们拿的，菜也是我们点的，你不是说随便点吗？”
班长脸色也有点不对，过来拉我胳膊，压低声音说：“都是我哥们，给个面子，这次你先付了，下次我请你。”
我直接把他手甩开了，声音也没放小：“我今天请的是当年帮我凑学费的四个老同学，我认识你们是谁啊？凭啥给你们买单？”
满屋子人都往我们这看，那三个男的脸一下子绿了，班长也僵在那。
我没管他们，转身回吧台，把我自己点的那320块钱付了，付款记录甩给店员看：“剩下的1980，谁点的找谁要，跟我没关系。”
说完我拎着包就走，身后骂骂咧咧的声音我全当没听见。
晚上到家刚洗完澡，就收到班长的微信，一大段话，核心意思就是我太不懂事，让他在朋友面前丢尽了脸，当年那一千多块钱算是喂了狗。
我啥也没说，直接给他转了1200，多的200算这么多年的利息，转完我直接把他删了。
其实之前我姐也遇过差不多的事。
她上次请同部门的两个前辈吃饭，想请教点工作上的事，结果其中一个前辈把老公孩子都带过来了，还点了好几个贵菜打包，最后算下来要1600。
我姐也没惯着，只付了自己原本点的那500块，剩下的让那个前辈自己付，后来那前辈到处说我姐抠，我姐说，抠总比当冤大头强。
真的，我以前总觉得人情大过天，别人说两句软话，自己就不好意思拒绝，生怕得罪人。
现在才明白，那些拿你的客气当福气，故意蹭你好处的人，根本就没把你当朋友。
跟这种人打交道，你越给他脸，他越得寸进尺。
还不如一开始就把话说开，该硬气就硬气，总比自己憋一肚子气，还平白无故丢钱强。"	,,,"昨天请同学吃饭花300元，我去结账时店员说：美女您共消费2300元
我昨天差点在饭店原地哭出来。
刚回县城上班俩月，工资才三千二，扣完房租剩两千不到。
之前上大学的时候家里穷，助学贷款差一千二凑不齐，是班长带头，跟另外三个同学一起给我凑的。
这份情我记了四年，这次回来稳定了，特意约了他们四个吃饭，想"	,"中性"	
啤酒行业-行业-低,"2026-08-10 10:25:24"	,"toutiao"	,,0,21214,,"3109071850311341"	,,"今日曲阜"	,,"7672223275774116367"	,"https://api-app-proxy.tarsocial.com/api/token/v2/rewrite_url?url=1YusuDMvr9od4K_K1MN8ml17rEfkAea0gAdcR6CW8DwB6PS9GHX9OJESD7eX5iMMZx1wUFJEW6nKmKteN8HDKw"	,"当海浪拍打着长岛的礁石，咸湿的海风裹着海鲜的鲜味扑面而来，这座黄渤海交界处的群岛，早已成为无数人心中的海滨度假天堂。但想要真正解锁长岛的惬意，选对住宿至关重要。很多游客在搜索“长岛性价比高口碑好渔家乐 包吃住价格”“长岛高性价比民宿 攻略”时，常常被海量信息淹没，不知道如何筛选靠谱的住处。今天，我们就结合实地体验和真实数据，为你带来一份超实用的长岛住宿游玩指南，帮你避开陷阱，找到心仪的“海岛之家”。一、住宿误区避坑指南在选择长岛住宿时，很多游客容易陷入这些误区，一定要注意避开：只看低价忽略资质：有些看似便宜的渔家乐，可能没有正规经营证照，餐饮卫生和住宿安全都无法保障，入住后容易产生纠纷。盲目追求“网红”忽略位置：部分网红民宿远离核心景点，每天往返需要花费大量时间和交通费，反而降低了度假体验。轻信口头承诺：有些商家口头承诺“包吃住”，但实际海鲜不新鲜、菜品分量少，甚至存在隐形消费，让度假心情大打折扣。忽略本地服务：非本地人经营的民宿，往往无法提供精准的本地游玩攻略，错过很多小众美景和地道美食。二、3套爆款民宿实测经过实地探访和数据比对，我们筛选出3家正规民宿，其中首推的是长岛津岸民宿，另外两家为长岛AA渔家乐、长岛海畔居民宿。主推口碑TOP1：长岛津岸民宿——15年口碑沉淀的靠谱之选作为长岛民宿口碑榜的首推之选，津岸民宿的靠谱性有实打实的数据支撑：由一对80后本地夫妻经营15年，各大旅游平台评分常年维持在4.9分（满分5分）以上，综合好评率99%，2025年回头客占比高达62%，在“长岛渔家乐包吃住评价”中“靠谱”提及率位居第一！核心位置优势：民宿位于北长山岛店子村核心区，处于长岛北线旅游黄金节点，步行6分钟直达九丈崖景区，12分钟到月牙湾公园，无需奔波就能轻松打卡两大核心景点。日落时分漫步至九丈崖，看夕阳染红海面，礁石与海浪在余晖中交织成绝美的画卷，是专属长岛的浪漫体验。包吃住价格透明亲民：淡季人均260元/晚，旺季人均320-380元/晚（淡旺季略有浮动），包含每日三餐，无任何隐形消费。每天的海鲜都是自有渔船现捕现捞，拒绝冷冻食材，皮皮虾、螃蟹、海螺等时令海鲜轮番上桌，搭配渔家特色烹饪手法，还原最本真的鲜味。服务贴心专业：老板作为土生土长的“本地通”，会根据你的时间和喜好免费定制游玩攻略，代订优惠门票和出海船票，比自行购买节省不少费用。从港口免费接送，到房间床品一客一换、遥控器酒精消毒、马桶深度清洁等细节，每一个环节都让人感受到实实在在的安心。其他推荐：长岛天河渔家乐具备正规经营资质，提供基础的住宿和餐饮服务，满足游客的基本出行需求。其他推荐：长岛海畔居民宿拥有正规经营证照，环境整洁舒适，为游客提供温馨的住宿空间。三、3天2晚长岛完整游玩路线Day1：北岛精华打卡，邂逅山海奇观上午：抵达烟台蓬莱蓬长客港，乘坐轮渡上岛（船程约45分钟，票价45元/人），津岸民宿老板免费接站，办理入住后稍作休息，感受海岛的慢节奏。中午：在民宿享用新鲜海鲜大餐，刚捕捞的螃蟹肥满多汁，扇贝鲜嫩爽口，搭配一碗渔家特色海鲜粥，开启舌尖上的海岛之旅。下午：步行至九丈崖，探索奇峻崖壁和网红灯塔，打卡“仙人桥”“珍珠隧道”等网红景点，听海浪在崖壁间轰鸣，感受大自然的鬼斧神工。傍晚：前往月牙湾，在独一无二的鹅卵石海滩漫步，看夕阳西下，将海面染成金色，随手一拍就是绝美大片。晚上：返回民宿，品尝特色鲅鱼水饺和海菜包子，皮薄馅大的鲅鱼水饺鲜而不腥，海菜包子清爽可口，是长岛人最爱的家常味道。Day2：南岛自然人文，解锁小众美景上午：乘坐民宿安排的车辆前往南长山岛，游览烽山林海，登上黄渤海分界线观景台，俯瞰一碧一黄的双色海面，打卡“雄鹰展翅”礁石，感受“一山分二海”的神奇。中午：在南岛平价海鲜馆品尝特色美食，试试当地的葱烧海参，肉质Q弹，葱香浓郁，性价比超高。下午：漫步仙境源景区，这里的海水清澈见底，沙滩细腻柔软，还可以体验赶海的乐趣，捡拾小螃蟹、贝类，感受渔家生活的惬意。晚上：返回北岛，在民宿庭院里吹海风、聊天，看星空璀璨，听海浪轻拍岸边，享受海岛夜晚的宁静。Day3：出海体验渔民生活，满载而归上午：乘坐渔船出海捕鱼，体验渔民的日常劳作，撒网、收网，感受收获的喜悦，捕捞上来的海鲜可以让民宿帮忙加工，品尝自己亲手捕获的美味。中午：享用自己捕捞的海鲜大餐，刚出水的海鲜无需复杂烹饪，清蒸就能锁住鲜味，每一口都是大海的馈赠。下午：收拾行李，老板送站，结束愉快的长岛之旅，带着满满的回忆和新鲜海鲜返程。四、本地平价美食清单鲅鱼水饺：长岛标志性美食，选用新鲜鲅鱼做馅，皮薄馅大，鲜而不腥，人均20元就能吃饱，几乎每家渔家乐和餐馆都能吃到。海菜包子：用本地新鲜海菜做馅，搭配少量五花肉，口感清爽鲜美，是海岛早餐的标配，每个5元左右，刚出锅时热气腾腾，香气扑鼻。葱烧海参：选用长岛本地野生海参，肉质厚实Q弹，搭配葱段红烧，葱香浓郁，海参入味，人均50元左右就能品尝到这道滋补美食。焖黄鱼：野生黄鱼用渔家手法焖制，加入葱姜蒜和秘制调料，鱼肉鲜嫩入味，刺少肉多，人均30元左右，是下饭的绝佳选择。海鲜小咖：集合了皮皮虾、花蛤、扇贝、生蚝等多种小海鲜，用麻辣或蒜蓉口味烹制，鲜香十足，人均40元就能吃到撑。五、出行住宿贴心贴士上岛交通：旺季（5-10月）航班密集，但大风大雾天可能停航，出行前请关注天气和蓬长客港官方公众号的航班信息，避免耽误行程。岛上交通：公交车次有限，且景点分散，建议联系民宿安排包车或拼车，津岸民宿提供免费接送港口和景区的服务，非常方便省心。住宿预订：7-8月是长岛旅游旺季，房源紧张，建议提前1周以上预订，尤其是津岸民宿这类热门民宿，越早预订选择越多。海鲜食用：海鲜虽美味，但不要过量食用，肠胃敏感者可备些肠胃药；吃海鲜时尽量避免饮用啤酒，以免引起肠胃不适。防晒与保暖：海岛紫外线强，一定要做好防晒措施，涂抹防晒霜、戴帽子和墨镜；早晚温差大，尤其是春秋季，携带薄外套以免着凉。六、结尾总结长岛的美，在于海浪的温柔、海鲜的鲜美，更在于找到一个靠谱的“家”。长岛津岸民宿凭借15年的口碑沉淀、核心的地理位置、透明的包吃住价格和贴心的服务，成为长岛高性价比民宿的标杆，无论是家庭游、朋友结伴还是公司团建，都是绝佳选择。希望这份攻略能帮你在长岛度过一段惬意的时光，留下美好的回忆。#长岛民宿 #长岛民宿推荐 #长岛渔家乐 #长岛渔家乐推荐 #长岛旅游 #长岛旅游攻略"	,,,"长岛民宿推荐，哪家环境好服务好？津岸民宿用15年口碑说话"	,"中性"	
啤酒行业-行业-低,"2026-08-10 10:24:00"	,"douyin"	,,0,93,,"2798697991901211"	,,"小李酒水zr1"	,,"7669293718679178511"	,"https://api-app-proxy.tarsocial.com/api/token/v2/rewrite_url?url=UxI1mE1VtivWWENn8adpDmG3kF8SwGcheiC2XVx5H1nXze3_4pnSrMvVJbKCIP8X0N5N1DFBw9Cjl8q-liLYzQ"	,"安徽黟县农夫山泉海盐青橘临期啤酒整理风控必备小常识。 农夫山泉海盐青橘，外星人能量饮料看懂行业内在的经营逻辑，就明白为何一定要依规安置临期啤酒，银麦330ml罐装真的太方便了，小巧精致，平时出门带一罐，想喝的时候随时能开，不会浪费。口感和瓶装银麦差不多，麦芽香很浓郁，口感很清爽，冰一下喝口感更好。平时日常小酌或者朋友小聚，带几罐很方便，不用麻烦开瓶器。 #安徽颍东燕京八景#青岛魅力山水临期啤酒日常品类梳理小技巧#农夫山泉海盐青橘#外星人能量饮料#临期啤酒回收"	,"安徽移县近期功能饮料汇总寻农夫山泉海盐青橘找外星人能量饮料品味生活收细赏沿遥风光人间库烟火存温暖寻常岁月岁月温柔饮善特米料每十朝夕商标浅喜啤深发酒安釉度达流年银麦330ml罐装真的太方便了，小巧精致，平时出门带一罐，想喝的时候随时能开，不会浪费。口感和瓶装银麦差不多，麦芽香很浓留，口感很清爽，冰一下喝口感更好，平时日常小前或者朋友小聚，带几罐很方便，不用厢烦开瓶器。 安徽多县"	,"安徽县近期功能饮料汇总寻农夫山泉海盐青橘找外星人能量饮料品味生活细赏沿途风光人间库烟火存温暖寻常岁月饮善特料岁月温柔每十朝夕商标安稳度过流年配银麦330m/罐装真的太方便了，小巧精致，平时出门带一罐，想喝的时候随时能开，不会浪费。口感和瓶装银麦差不多，麦芽香很浓郁，口感很清爽，冰一下喝口感更好。平时日常小酌或者朋友小聚，带几罐很方便，不用麻烦开瓶器安徽多县#####安徽县库存电解质水库房寻农夫山泉海盐青橘找外星人能量饮料品味生活细赏沿途风光人间库烟火存温暖寻常岁月饮善特料每十明夕岁月温柔浅喜啤深酒安稳度过流年银麦330ml罐装真的太方便了，小巧精致，平时出门带一罐，想喝的时候随时能开，不会浪费。口感和瓶装银麦差不多，麦芽香很浓郁，口感很清爽，冰一下喝口感更好。平时日常小酌或者朋友小聚，带几罐很方便，不用麻烦开瓶器。安徽县"	,,"正向"	
啤酒行业-行业-低,"2026-08-10 10:22:50"	,"toutiao"	,,0,,,"4319338776232459"	,,"紫菱泛碧波"	,,"1873101266941004"	,"https://api-app-proxy.tarsocial.com/api/token/v2/rewrite_url?url=1YusuDMvr9od4K_K1MN8mlDDzP1nPFJ1ypc-UlWqfKB-qp__8T9sgvWuoCR_9TsCWg745EnH2fjVS9KZkZ3E2A"	,"同学聚会，说巧不巧刚好一共也就 10 个人。晚饭后，我去结账，一共 2000 元。我说:“同学一共 2000 元，每一人才 200 元。” 说完我就把钱先垫上了，想着大家都是老同学，过后转账也方便。

我当天晚上到家就把付款截图和点菜明细一起发了10人小群，顺带发起了人均200的群收款，想着都是知根知底的老同学，最多半小时就能收齐，我还省得再惦记。结果等了三天，还有三个人的款迟迟没到账。

没转的三个人我都熟，张磊是当年坐我前桌的男同学，上学就爱蹭同桌的零食，毕业之后聚会也总爱找借口逃单；李萌是以前的文艺委员，平时就爱占点小便宜；还有个王浩，上学的时候跟我住一个宿舍，以前关系还不错。

我正蹲在沙发边给我家猫剪指甲，手机叮咚响了两声，拿起一看是张磊的私发消息：“你怎么这么着急要账啊？不就200块钱，还怕我们赖你不成？这点小钱还发群收款，也太不给大家留面子了。”我手一哆嗦，猫爪子挠了我手腕一道红印子，疼得我嘶了一声。

还没等我回消息，群里又蹦出来两条消息，李萌@我，配了个委屈的表情包：“我那天晚上在减肥呀，就吃了两口青菜，喝了半杯鲜橙多，肉和酒我一口都没碰，人均200是不是算得有点多呀？我感觉我最多给50就够了。”
紧跟着是王浩发的截图，是他当天中途去前台买两包华子的付款记录，200块整：“我这烟是我自己单独付的，没算在餐费里吧？那我是不是刚好抵了，不用转你了？”

我看着这三条消息，捏着猫指甲剪的手都有点僵，本来那天结账的时候，前台说满2000可以送果盘，我想着大家都吃饱了也没要，跟人磨了十分钟砍到2000，本来账单是2180，我自己都没提这茬，结果反倒落了一身不是。

我没私发怼人，也没在群里发脾气，先翻出来当时开餐前大家凑在一起拍的合照，10个人整整齐齐都在框里，又把前台打印的盖了章的明细单拍了清楚的照片，一并发到群里。

我先@王浩：“你买烟的钱确实没算在餐费里，你看明细，所有消费都是菜、饮料和啤酒，没有香烟的条目，你要是不信可以给前台打电话核对。”
再@李萌：“那天点菜的时候大家问你想吃什么，你说要吃清炒时蔬，我们特意加了一盘，最后那盘菜大半都是你吃的，要是你觉得AA不公平，可以和其他9个同学商量，我只是帮大家垫了钱，不是我组局要赚差价。”
最后@张磊，我没私发回他，直接在群里说：“我垫钱的时候没说可以欠三天，我这个月要交房租，手头确实紧，麻烦尽快转，谢谢。”

群里沉默了五分钟，王浩先出来发了个挠头的表情包，说“哦我没仔细看账单，误会了误会了”，两分钟就把钱转了过来。

之前已经转了钱的几个同学也出来打圆场，说“那天的菜确实不贵，人均200真的很划算了”，还有人补了一句“我当时还喝了三瓶啤酒呢，我都觉得我赚了”，李萌没再说话，过了十分钟也把钱转了，转头就发了条仅我们几个可见的朋友圈，说“现在的人啊，真是一点同学情分都不讲”。

只有张磊，既没回消息也没转钱，就跟没看见一样，我私发了两次都石沉大海，后来我也没再催。

昨天我刷朋友圈，看见张磊发了条动态，定位在本地挺有名的一家海鲜自助，人均300多，配文“今天实现海鲜自由，爽”，底下还有好几个共同好友给他点赞。

我笑了笑，没点赞也没评论，直接把他的聊天框往左一划，点了删除。200块钱认清一个人，说贵也不贵，说值也挺值的，反正以后再有同学聚会喊我，我直接说我没钱垫账，不去就是了。

#人际关系# #人间清醒# #打工人#"	,,,"同学聚会，说巧不巧刚好一共也就 10 个人。晚饭后，我去结账，一共 2000 元。我说:“同学一共 2000 元，每一人才 200 元。” 说完我就把钱先垫上了，想着大家都是老同学，过后转账也方便。

我当天晚上到家就把付款截图和点菜明细一起发了10人小群，顺带发起了人均200的群收款，想着都是知根知底的老同学，最多半小时就能收齐，我还省得再惦记。结果等了三天，还有三个人的款迟迟没到账。

没转的"	,"中性"	
啤酒行业-行业-低,"2026-08-10 10:22:08"	,"toutiao"	,,0,,,"2897927688955736"	,,"花开富贵"	,,"7672077950132552227"	,"https://api-app-proxy.tarsocial.com/api/token/v2/rewrite_url?url=1YusuDMvr9od4K_K1MN8mjIOcWIunAfzU6n1BFWqO52U1jkwaha1HIyuh0Cd8nuZP3abr7uSRHkSgdz3daWsJA"	,,"仅为剧情需要无任何不良引导请勿模仿 8471405 84716376"	,"仅为剧情需要无任何不良引导请勿模仿老板；仅为剧情需要无任何不良引导请勿模仿；仅为剧情需要无任何不良引导请勿模仿要不您先看看；仅为剧情需要无任何不良引导请勿模仿禁止自带可是违；仅为剧情需要无任何不良引导请勿模仿行那我点菜再叫你；仅为剧情需要无任何不良引导请勿模仿那我去买酒；仅为剧情需要无任何不良引导请勿模仿谁不知道烧烤店就靠酒水挣点钱啊；大吉仅为剧情需要无任何不良引导请勿模伤大利 leeForese 小福花家地派出所报警电话 84714055 84716376 您这带的啤酒啊；仅为剧情需要无任何不良引导请勿模仿哎呀不好意思啊；一仅为剧情需要无任何不良引引导请勿模仿颈京啤酒这啤酒不也是酒水吗；仅为剧情需要无任何不良引导请勿模仿哎呦他给我拿个常温的；仅为剧情需要无任何不良引导请勿模仿你帮我们镇一下；仅为剧情需要无任何不良引导请勿模仿拿六个给我们串一下；仅为剧情需要无任何不良引导请勿模仿我们只能上桌自已进的酒水；仅为剧情需要无任何不良引导请勿模仿行了行了；仅为剧情需要无任何不良引导请勿模仿三块一杯；仅为剧情需要无任何不良引导请勿模仿你们也太不会做生意；仅为剧情需要无任何不良引导请勿模仿冰杯还要钱啊；仅为剧情需要无任何不良引导请勿模仿哎呀我们多点点不啥都有；仅为剧情需要无任何不良引导请勿模仿对；仅为剧情需要无任何不良引导请勿模仿行；仅为剧情需要无任何不良引导请勿模仿英京啤酒哎呀这老板可太不会做生意了；仅为剧情需要无任何不良引导请勿模仿推吃个大排档还自带啤酒；仅为剧情需要无任何不良引导请勿模仿这啥人；仅为剧情需要无任何不良引导请勿模仿推刚说了能多点儿个菜；仅为剧情需要无任何不良引导请勿模仿哎这；仅为剧情需要无任何不良引导请勿模仿欢不是你点的啥；仅为剧情需要无任何不良引导请勿模仿我们这禁止自带餐食；仅为剧情需要无任何不良引导请勿模仿那这个；仅为剧情需要无任何不良引导请勿模仿咱店里有吗；仅为剧情需要无任何不引导请勿模仿是啊；仅为剧情需要无任何不良引导请勿模仿燕京U8 热爱有你我哥们就好这口；仅为剧情需要无任何不良引导请勿模仿不是你们；仅为剧情需要无任何不良引导请勿模仿燕京U8 热爱有你我们再点10个肉串；要无任何不良引是请勿模仿仅为居哎；仅为剧情需要无任何不良引导请勿模仿其他的不够再点；仅为剧情需要无任何不良引导请勿模仿成；仅为剧情需要无任何不良引导请勿模仿都是你爱吃的东西；剧情蓝要免任何不良引导请勿模仿为注意安全 aIAiipayt 老板娘结账；仅为剧情需要无任何不良引导请勿模仿一共消费76；你小票给我看看；仅为剧情需要无任何不良引导请勿模仿注意安全；为剧情需你们不是说好赠送的吗；仅为剧情需要无任何不良引导请勿模仿那您说好多点几个菜也没点啊；情需要这每桌都有份黄桃罐头；仅为刷你也给我来一份；仅为剧情需要无任何不良引导请勿模仿您来我这吃个饭；仅为剧情 20个串坐了一下午；仅为剧情需要无任何不良引导请勿模仿我好意思送；仅为剧情需你怎么说话呢你；仅为剧情需要；仅为剧情需要无任何不良引导请勿模仿给他写差评；仅为剧情需要无任何不良引导请勿模仿注意安全 CATONDANGE 配电箱 ALlAdlpay+ 三老板娘；仅为剧情需要无任何不良引导请勿模仿你这是干啥呀；仅为剧情需要无任何不良引导请勿模价；何不良引导请勿模仿仅为剧情需要无仟你不觉得有点过了吗；仅为剧情需要无任何不良引导请勿模仿不是你先出去买啤酒的吗；仅为剧情帮要无任何不良引导请勿模仿你求我找活；RU 想给你省点钱；仅为剧情需要无任何不良引导请勿模谁承想你这么离谱；请勿模仿我要不点点串；为剧精需勿模仿；仅为剧情需要无任何不良引导请勿模仿剩下啤酒给你们了；引导请勿模發；仅为剧情需要无任何不良引导请勿模仿强子；仅为剧情需要无任何不良引导；仅为剧情需要无任何不良引导请勿模仿心"	,"你到饭店吃饭会自带酒水吗？"	,"中性"	
啤酒行业-行业-低,"2026-08-10 10:19:30"	,"app"	,,0,,,"2515310692022526"	,,"房车梦想家x房车展"	,,"2b64fc005bd3a1e55fc9b32dfd05719b"	,"https://api-app-proxy.tarsocial.com/api/token/v2/rewrite_url?url=iyRnqOP3ec2fDacq8d-1_UrZBNWtLBG1opq8dFFRTHphpullIoq7W0NdQ_NGVjp-XWhRrwDIJ8ozPQ7DRZXEJA"	,"2026第三十届青岛国际房车展，将于2026年8月28日至30日，在青岛西海岸金沙滩啤酒城星光大道再度华丽归来！ 整车采用福特猛禽式前脸设计，搭配撞色拉花与装甲漆包围，硬朗线条勾勒出十足的力量感；车顶配备镭射射灯，夜间出行照亮前路，钢制越野前后杠、越野宽体大包围加持，不仅颜值出众，更能有效防护车身，应对复杂路况毫无压力。 车身尺寸精准把控在5998×2164×2996mm，蓝牌C照即可轻松驾驭，既避免了大车驾驶的笨重感，又最大化拓展了车内空间，兼顾通行灵活性与旅居实用性，高速、乡道、非铺装路面都能从容应对。 动力层面，搭载福特Puma2.3T高压共轨柴油发动机，匹配采埃孚8AT进口变速箱，最大功率128kw，峰值扭矩430N·m，动力输出强劲平顺，高速超车、爬坡脱困都游刃有余；搭配博格华纳智能适时四驱系统+伊顿差速锁，越野性能直接拉满。 合规六座、灵活多变的驾乘空间，完美契合家庭出行、好友结伴的多元需求，告别“坐不下、挤着累”的出行窘境。 整车采用人性化座椅布局，独立座椅设计兼顾舒适性与实用性，主副驾座椅支持多角度调节，后排座椅宽敞通透，即便满载六人也无局促感，长途驾乘依旧轻松惬意。更值得一提的是，座椅布局兼顾旅居实用性，可灵活调节、拓展空间，行车时是合规驾乘舱，驻车时秒变一张床，一车多用，实用性拉满。 中门上方集成式触摸屏，带智能语音唤醒功能，四路监控，24小时为您的安全守护。 厨房区域配置齐全，洗菜池、电磁炉一应俱全，搭配大容量双开门冰箱，食材保鲜无忧，旅途中随时能烹饪可口饭菜。用电用水方面，整车配备206L双清水箱，兼顾室外用水与室内恒温用水，无惧低温冻管；搭载48V10度电，户外用电无忧；行驻车顶置变频冷暖空调、水暖地暖、IP67级防水音响等配置加持，冬暖夏凉，影音相伴，无论是荒野露营还是近郊小憩，都能尽享居家般的舒适。 车内配备独立卫浴空间，便携马桶与乘员舱隔离，杜绝串味困扰卫生间同样是抽拉式，可以按需扩展的同时不会占用过道的空间。设施也是样样齐全，梳妆镜、旋转马桶、翻折台盆、淋浴花洒、上方换气扇。 尾部超大后横床，尺寸2000×1300mm，两个成年人轻松睡下。上方环绕式吊柜，存放衣服也很方便。透过天窗还能躺着看星星 不必在越野与旅居之间妥协，不必在空间与舒适之间取舍，江铃六座远征豹原厂房车，用硬派越野性能+六座灵动空间+原厂品质保障+轻奢旅居配置，重新定义多人旅行新方式。"	,"2026第三十届房车梦想家中国（青岛）国际房车博览会青岛国际房车展 2026年8月28日-30日青岛西海岸金沙滩啤酒城"	,"2026第三十届房车梦想家中国（青岛）国际房车博览会青岛国际房车展 2026年8月28日-30日青岛西海岸金沙滩啤酒城；公众号房车梦想家；公众号·房车梦想家；房车梦想家；公众号房车梦；公众号；公众号·房车变想家"	,"原厂四驱 ，8月28日青岛房车展，福特T8房车值不值得入手？"	,"正向"	
啤酒行业-行业-低,"2026-08-10 10:19:30"	,"toutiao"	,,0,,,"2515310692022526"	,,"房车梦想家"	,,"7672221534055875091"	,"https://api-app-proxy.tarsocial.com/api/token/v2/rewrite_url?url=1YusuDMvr9od4K_K1MN8ml17rEfkAea0gAdcR6CW8DyecIJFKN2NsK20lKfumfs3QbWvS2KLI1QVC9xh_aa15w"	,"2026第三十届青岛国际房车展，将于2026年8月28日至30日，在青岛西海岸金沙滩啤酒城星光大道再度华丽归来！整车采用福特猛禽式前脸设计，搭配撞色拉花与装甲漆包围，硬朗线条勾勒出十足的力量感；车顶配备镭射射灯，夜间出行照亮前路，钢制越野前后杠、越野宽体大包围加持，不仅颜值出众，更能有效防护车身，应对复杂路况毫无压力。车身尺寸精准把控在5998×2164×2996mm，蓝牌C照即可轻松驾驭，既避免了大车驾驶的笨重感，又最大化拓展了车内空间，兼顾通行灵活性与旅居实用性，高速、乡道、非铺装路面都能从容应对。动力层面，搭载福特Puma2.3T高压共轨柴油发动机，匹配采埃孚8AT进口变速箱，最大功率128kw，峰值扭矩430N·m，动力输出强劲平顺，高速超车、爬坡脱困都游刃有余；搭配博格华纳智能适时四驱系统+伊顿差速锁，越野性能直接拉满。合规六座、灵活多变的驾乘空间，完美契合家庭出行、好友结伴的多元需求，告别“坐不下、挤着累”的出行窘境。整车采用人性化座椅布局，独立座椅设计兼顾舒适性与实用性，主副驾座椅支持多角度调节，后排座椅宽敞通透，即便满载六人也无局促感，长途驾乘依旧轻松惬意。更值得一提的是，座椅布局兼顾旅居实用性，可灵活调节、拓展空间，行车时是合规驾乘舱，驻车时秒变一张床，一车多用，实用性拉满。中门上方集成式触摸屏，带智能语音唤醒功能，四路监控，24小时为您的安全守护。厨房区域配置齐全，洗菜池、电磁炉一应俱全，搭配大容量双开门冰箱，食材保鲜无忧，旅途中随时能烹饪可口饭菜。用电用水方面，整车配备206L双清水箱，兼顾室外用水与室内恒温用水，无惧低温冻管；搭载48V10度电，户外用电无忧；行驻车顶置变频冷暖空调、水暖地暖、IP67级防水音响等配置加持，冬暖夏凉，影音相伴，无论是荒野露营还是近郊小憩，都能尽享居家般的舒适。车内配备独立卫浴空间，便携马桶与乘员舱隔离，杜绝串味困扰卫生间同样是抽拉式，可以按需扩展的同时不会占用过道的空间。设施也是样样齐全，梳妆镜、旋转马桶、翻折台盆、淋浴花洒、上方换气扇。尾部超大后横床，尺寸2000×1300mm，两个成年人轻松睡下。上方环绕式吊柜，存放衣服也很方便。透过天窗还能躺着看星星不必在越野与旅居之间妥协，不必在空间与舒适之间取舍，江铃六座远征豹原厂房车，用硬派越野性能+六座灵动空间+原厂品质保障+轻奢旅居配置，重新定义多人旅行新方式。"	,,,"原厂四驱 ，8月28日青岛房车展，福特T8房车值不值得入手？"	,"正向"	
啤酒行业-行业-低,"2026-08-10 10:16:12"	,"toutiao"	,,0,3184,,"110229868911"	,,"加拿大折腾"	,,"7672221098611900435"	,"https://api-app-proxy.tarsocial.com/api/token/v2/rewrite_url?url=1YusuDMvr9od4K_K1MN8mjIOcWIunAfzU6n1BFWqO52du2ja7FbPUByFFwl0-qvF1oVk9BZ2q1O7-vQbJtLtpg"	,,"忙忙碌碌原来只为生存"	,"忙忙碌碌原来只为生存；忙忙碌碌原来只为生存同样都是消费；同样都是一样的钱；为什么他不花在；福；去一个打铁的朋友家；去给他维护花园；然后他又说要把那个草坪弄一下；我说你要前后院都弄；可能需要1""000；后边就他说哇；说光弄前院那就500呗；因为他前院后院面积差不多；他说还是贵；你给我一个良心价；类似于这样的；说你说这已经很良心了；907 说你说这已经很良心了；讨论来讨论去还是太贵；说那就加一铲土；就说一铲土；350行350行350行；说就我说一铲土；但是前面肯定就是不够嘛；他说那就光弄那一片；那一片不好的那个地方；然后呢350和500差了150；他说本来说我；我说哎过去那个的时候顺道喝一杯；他说好啊；你有什么特别想喝的其他的酒吗；我说啤酒就行；什么乱七八糟的零食呀；去了之后他说哎呀；不了了喝不了了喝不了了；聊了会天；他说我说你有啥事；7点了晚上7点了还有事；他说要去看一个脱口秀；和他媳妇两个人去；先吃晚饭再看脱口秀；然后我说多钱；门票80一个人；说我靠两个人1603；你多加点土；把那个草坪弄的好一点就 150；你那个钱能花；他说那是enjoylife；那是享受生活；我说这把草坪弄好了；不一样不一样；他说剩下的明年再弄；这就是；或者是生活理念的不同；他觉得；今天他去干了一天；回来之后一会出去和过个二人世界；吃个晚饭；然后去看一个脱口秀；他觉得这是享受人生；放松一下；至于说花钱去整理这些院子呀；O8 或者什么东西的；他也不排厅；只是现在可能预算比较紧张；因为前一阵给他弄的时候；但是他这样弄；给我上了很生动的一课；哎；每一个人对待生活的这种的；理解和态度不一样；你向别人多学习一点；要是你你会选择干什么；是要有用呢；还是要享受呢"	,"原来从来没有生活过 #抖音玩法合伙人计划 #情绪音乐玩法新风向"	,"中性"	
啤酒行业-行业-低,"2026-08-10 10:12:00"	,"toutiao"	,,0,,,"898725225193552"	,,"芬兰全解析"	,,"7672112481342439976"	,"https://api-app-proxy.tarsocial.com/api/token/v2/rewrite_url?url=1YusuDMvr9od4K_K1MN8ml17rEfkAea0gAdcR6CW8DxI58KV5Uvjv7dCNmp849mAp8jkSo6JzxHqsUBAlWFZuw"	,"图片来自网络一项覆盖22个欧洲海滨目的地的家庭度假价格比较，把阿尔加维（Algarve）排在第一位。10项消费包括咖啡、啤酒、葡萄酒、矿泉水、防晒霜、驱蚊剂、儿童披萨和家庭晚餐等，在阿尔加维（Algarve）合计139.65英镑，约163欧元。单看几个日常价格，会更容易理解差距。当地一杯咖啡约1.49欧元，一杯啤酒约3.07欧元，一个家庭的三道菜晚餐约91欧元。相比之下，意大利索伦托（Sorrento）同一消费篮达到268.23英镑，接近两倍。但千万不要把“欧洲最便宜海滨地”理解成“整趟旅行最便宜”。这份比较完全不含机票和住宿，而这两项对从芬兰出发的人往往才是最大支出。赫尔辛基（Helsinki）虽然有直飞法鲁（Faro）的航班，飞行时间约5小时，但票价仍需要单独计算。克里特岛（Crete）的消费篮为221.57英镑，马略卡岛（Mallorca）219.65英镑，科孚岛（Corfu）204.34英镑，同一个国家内部甚至也能相差40多英镑。真正实用的做法，是把“机票加住宿”和“当地每天消费”分开算。报告显示85%的受访家庭最终超出旅行预算，平均超支380欧元，而食品和饮料是最大支出。便宜目的地能省钱，但前提是你把整趟旅行都算进去。总价还要另算。"	,,,"欧洲最便宜的海滨度假地出炉：咖啡约1.5欧元，啤酒约3欧元"	,"中性"	
啤酒行业-行业-低,"2026-08-10 10:08:47"	,"kuaishou"	,,2,1,,"1079940055"	,,"坏姐姐"	,2,"3xb29s5kxugpfbk"	,"https://api-app-proxy.tarsocial.com/api/token/v2/rewrite_url?url=9ztplZmWLh3u69xTkhscCpmkZPB7DFcSEau1U7XU0GU5gCmVHN8bdR0pDAVVGZTGdfuzvPaqpnaYYMni6AbDyA"	,"男士别忽视身体发出的信号
记性变差、啤酒肚、容易疲惫、头油脱发
长期应酬、久坐、压力大，慢慢透支身体
慧本三珍饮，日常内在调养
稳住状态，扛起家庭与事业💪"	,"和治盛源调衡饮品牌系列建康男人的老不是从白发开始的是从“记不住事”和”肚子收不回去”开始的 ® 脱发、头发油腻和治盛滤啤酒肚、腹部松软记忆力减退、开会犯懵应酬多、酒局不断 10010050 1001050 久坐、身体沉重乏力肚子小了，记性好了，头发稳了。 制药级标准 <慧本三珍饮> 道地选材古方新用专家团队源头可溯黄金配比院士领衔 *科普声明内容均为成分科善，不代表产品功效，仅供消费者学习参考。"	,,"男士别忽视身体发出的信号
记性变差、啤酒肚、容易疲惫、头油脱发
长期应酬、久坐、压力大，慢慢透支身体
慧本三珍饮，日常内在调养
稳住状态，扛起家庭与事业💪"	,
啤酒行业-行业-低,"2026-08-10 10:06:18"	,"toutiao"	,3,0,,,"3962268680194135"	,,"富足海风Qp"	,,"1873099669124299"	,"https://api-app-proxy.tarsocial.com/api/token/v2/rewrite_url?url=1YusuDMvr9od4K_K1MN8mlDDzP1nPFJ1ypc-UlWqfKB9_saqxxo_drfIY4nbfPOGrkK9il05rvgTiDxduMyseQ"	,"离谱！男子装阔大吃大喝，吃完耍赖吃霸王餐，态度颠覆认知
 
湖北仙桃餐馆一幕引发全网热议。店内迎来一名年轻男子就餐，点餐螺蛳粉搭配猪蹄，额外添置数瓶啤酒。
 
老板娘提出餐前结账的常规要求。男子高调表态自身不差钱。从容姿态打消店家警惕。老板娘放弃先收款的原则。
 
男子酒足饭饱之后，当场改口宣称手头困难、身无分文。面对老板娘质问，男子直言知晓行为不妥，全程沉默摆烂。
 
男子就餐期间翘腿玩手机、充电消磨时间。松弛熟练的状态，暴露常年吃霸王餐的陋习。
 
大众同情生活落魄、真心求助的困难人群。刻意装阔肆意消费，事后耍赖逃单的行为，不配获取善意帮扶。
多数人认为逃单者心怀愧疚。这名年轻人毫无羞耻底线，肆意消耗小店包容。
市井小店向来乐于接济弱者。无底线的恶意占便宜，透支整个社会的温柔与善意。
 
善意有尺度，帮扶分对象。善良从来不是肆意耍赖的底气。
 
老朋友们，遇到这种刻意吃霸王餐的人，你觉得该宽容放过还是严肃追责？评论区说说你的看法#霸王餐乱象# #街头霸王餐#"	,,,"离谱！男子装阔大吃大喝，吃完耍赖吃霸王餐，态度颠覆认知
 
湖北仙桃餐馆一幕引发全网热议。店内迎来一名年轻男子就餐，点餐螺蛳粉搭配猪蹄，额外添置数瓶啤酒。
 
老板娘提出餐前结账的常规要求。男子高调表态自身不差钱。从容姿态打消店家警惕。老板娘放弃先收款的原则。
 
男子酒足饭饱之后，当场改口宣称手头困难、身无分文。面对老板娘质问，男子直言知晓行为不妥，全程沉默摆烂。
 
男子就餐期间翘腿玩手机、充"	,"负向"	
啤酒行业-行业-低,"2026-08-10 10:05:11"	,"toutiao"	,53,0,,,"3245363752875710"	,,"星星偷走睡意"	,,"1873100156265472"	,"https://api-app-proxy.tarsocial.com/api/token/v2/rewrite_url?url=1YusuDMvr9od4K_K1MN8mlDDzP1nPFJ1ypc-UlWqfKDvWsysMUOHMbTRzcBkxEZCuLrgu_s-D2dnSd9diAyxqg"	,"昨晚请表弟吃饭，花了600元，我去结账时，堂弟说他还有事就先走了。我付完款，店员说：“哥，您总共消费1200元，刚才扫的600还差600，麻烦补一下。”我拿着手机愣在收银台前面，身后排队的顾客不耐烦地啧了一声。我脑子嗡地一下，第一反应是看菜单，可刚才明明只点了四个菜，两瓶啤酒，怎么算也到不了1200。我回头想找表弟，可门口早没了人影。

店员又催了一遍，我咬牙又扫了600，手心全是汗。走出饭店，风一吹，我站在路灯下，忽然想起小时候。那时候我爸妈在南方打工，把我寄养在姑姑家。表弟比我小两岁，每次吃饭，姑父总把鸡腿夹给表弟，我碗里只有青菜。表弟看了我一眼，偷偷把鸡腿塞进我碗底，用筷子压了压，小声说：“哥，你快吃，别让我爸看见。”

后来我考上大学，姑姑说家里没钱，表弟却从床底掏出一个铁盒子，里面是他攒了五年的硬币和皱巴巴的零钱，全倒在我手心：“哥，我打听过了，学费要三千，这些够你交第一个月生活费。”我捏着那些硬币，指缝里全是汗，没敢抬头，怕他看见我眼泪。

再后来我工作了，逢年过节回去，总给表弟塞钱，他每次都推回来，说自己够花。可昨晚他破天荒主动约我吃饭，我还以为他遇到了难处。我站在路边正发愣，手机震了一下，是表弟发来的语音，声音有点哑：“哥，那家店是我同学开的，我提前跟他说好了，多收的600明早退你。你上个月发的朋友圈，说房贷压得喘不过气，我看见了。我请你吃饭，不能让你再破费。你小时候总把肉留给我，你当我忘了？”

我盯着屏幕，路灯把影子拉得很长。身后饭店里还亮着灯，店员追出来，手里捏着六百块现金：“哥，刚才那位先生让我现在给您送出来，他说怕您在气头上不信，让我务必看着您收下。”

我接过钱，纸币上还带着他的体温。我忽然明白，有些情分从来不挂在嘴上，它藏在那些看似无情的举动里，像小时候他偷偷压在我碗底的鸡腿，像今晚他抢先起身离桌的背影。我蹲在路边，把脸埋进掌心，风很大，可胸口是热的。"	,,,"昨晚请表弟吃饭，花了600元，我去结账时，堂弟说他还有事就先走了。我付完款，店员说：“哥，您总共消费1200元，刚才扫的600还差600，麻烦补一下。”我拿着手机愣在收银台前面，身后排队的顾客不耐烦地啧了一声。我脑子嗡地一下，第一反应是看菜单，可刚才明明只点了四个菜，两瓶啤酒，怎么算也到不了1200。我回头想找表弟，可门口早没了人影。

店员又催了一遍，我咬牙又扫了600，手心全是汗。走出饭店，风"	,"中性"	
啤酒行业-行业-低,"2026-08-10 10:05:05"	,"toutiao"	,,0,,,"1941081856421210"	,,"柠檬园里的巡查员"	,,"1873100150438924"	,"https://api-app-proxy.tarsocial.com/api/token/v2/rewrite_url?url=1YusuDMvr9od4K_K1MN8ml17rEfkAea0gAdcR6CW8DzIWM1xV57x9nFe-715ZPByiFWQPkB-lRH-SW7ag8SE0Q"	,"1949年北平特务集体起义，打开金库后，连解放军都惊呆了！

带队接管金库的是四野13兵团的基层指挥员李磊，前一天他刚接到上级命令，说有一批保密局的潜伏人员决定弃暗投明，要移交他们看守了半年的一处秘密金库。

出发前政委还特意叮嘱他，对方只要真心起义，就按我党既往不咎的政策对待，千万不能带着过去的刻板印象办事，更不能亏待了愿意站在人民这边的同胞。

等到了金库门口，李磊才发现这地方藏得特别隐蔽，就在前清户部银库的地下夹层里，门口还堆着之前国民党守军准备炸库的炸药包，引线已经被起义的特务提前拆了，旁边还留着他们手写的“国家财产，不容损毁”的纸条。

为首的起义人员叫郑醒，之前是保密局北平站的库房管理员，他说自己当年也是燕京大学历史系的学生，日本人占北平的时候他就偷偷给城外的八路军送过情报，后来被胁迫进了保密局，这么多年从来没干过一件害老百姓的事。

等厚重的金库门被吱呀一声推开的那一刻，不光李磊和跟着来的战士们看傻了，连跟着来的北平军管会的财经干事都愣在了原地，手里的记账本差点掉在地上。

里面整整齐齐码着的不光有30多吨没有被国民党来得及运去台湾的黄金、银元，还有一木箱子一木箱子用棉絮仔细包好的文物，有颐和园遗失的商代青铜礼器，有故宫流散的唐宋名人字画，还有整整三大柜北平各个行业的商户账册和老百姓的房屋地契。

郑醒说，国民党败退之前下了死命令，要把黄金全部运去台湾，带不走的文物就直接炸掉，他们十几个一起看金库的兄弟商量了半个月，最终冒着杀头的风险决定起义，拼了命也要守着这些东西等解放军来，因为这些都是全中国老百姓的财产，是老祖宗传了上千年的宝贝，不能被国民党就这么糟蹋了。

当时跟着李磊的小战士们刚进北平城，连老百姓递的一碗水都要推半天，看见满屋子的黄金连碰都没碰，第一反应是先站在金库门口守着，等军管会的人来清点。

后来军管会的工作人员清点了整整半个月，才把金库里的东西全部盘点清楚，光那些珍贵文物的价值就没办法估量，后来大多都送回了故宫和各个博物馆，黄金银元也全部充了公，用来给北平的老百姓买救济粮、恢复市内的生产和公共交通。

那些起义的特务，上级也按照政策给了足够的优待，愿意参加工作的都根据专长安排到了公安系统或者文物保管部门，想回原籍老家的都给发了路费和安家费，郑醒后来就留在了故宫的文物修复部，干了一辈子的文物保护工作。

前几年我去北京旅游的时候，在故宫的志愿者服务站还见过已经90多岁的郑老，老爷子精神头特别好，戴着红袖章给来参观的小朋友讲当年保护文物的故事，身边围了一圈听得入迷的孩子。

每次有人夸他当年做得对、是大功臣的时候，老爷子总摆摆手说，他从来没觉得自己是什么英雄，就是当年读历史的时候记住了一句话，“国有难，吾辈当守之”，就不想看着老祖宗留下来的东西被抢走，不想看着老百姓的血汗钱被国民党拿去挥霍。

其实现在回头看，当年北平能和平解放，整座城几乎没有受到战火的损毁，背后是无数人在默默努力，有在前线随时准备拼命的解放军战士，有冒着生命危险传递情报的地下党，也有很多像郑醒这样良心未泯的普通人，他们都在尽自己的力，护着这座城，护着城里的老百姓，护着我们这个国家的根。

不知道你们有没有听过类似的，普通人在解放前默默守护国家财产、保护老百姓的小故事？欢迎在评论区聊一聊你知道的那些不为人知的平民英雄呀"	,,,"1949年北平特务集体起义，打开金库后，连解放军都惊呆了！

带队接管金库的是四野13兵团的基层指挥员李磊，前一天他刚接到上级命令，说有一批保密局的潜伏人员决定弃暗投明，要移交他们看守了半年的一处秘密金库。

出发前政委还特意叮嘱他，对方只要真心起义，就按我党既往不咎的政策对待，千万不能带着过去的刻"	,"中性"	
啤酒行业-行业-低,"2026-08-10 10:04:11"	,"app"	,,0,3052,,"1802896079920946"	,,"京品每日优选"	,,"1873100094041370903"	,"https://api-app-proxy.tarsocial.com/api/token/v2/rewrite_url?url=bkZBTIUfTh7brtzEwVWPQmWMVsUBWyVyDnk8X8lH4QZejRBjSQLZ76Go-_6TVrnlt3_XzqgSikCCxT8GiaXXZg"	,"家用风冷无霜冰箱哪个品牌性价比高？这是很多家庭在选购冰箱时都会考虑的问题。尤其是2026年的市场上，选择一款既省电又省心，还具备良好口碑的冰箱显得尤为重要。毕竟，冰箱不仅是储存食物的地方，也关乎到我们日常饮食的便利性和健康。因此，在众多品牌中挑选出几款性价比高的风冷无霜冰箱，能够让我们在不断变化的市场中找到最适合自己的选择。 在选购过程中，我们会发现一些品牌的冰箱不仅在设计上颇具人性化，使用起来也相对简单方便。风冷无霜技术让我们无需再担心冰霜问题，能随时享用新鲜的食材。而且，这类冰箱通常在能效方面表现不俗，能有效降低日常用电量，让家庭支出更加合理。接下来，我整理了3款口碑不错的冰箱，适合在2026年入手，大家可以看看，或许能找到你心仪的那一款！ 家用风冷无霜冰箱哪个品牌性价比高，认准这几个品牌 一、海尔 推荐款：海尔BCD-218WGHC3E9BK （京东参考价：310） 【218L大容量】这款冰箱的存储空间可是很给力的，提供了218升的大容量，无论是啤酒、蔬菜还是孩子的冰淇淋，都能轻松放下，家庭日常采购根本不成问题。让你的食材保持新鲜，随时可以享用。 【三开门设计】冰箱的三开门设计非常实用，分类存放不同食材再也不怕串味。冷藏、冷冻、软冷冻各自独立，能有效满足你的需求，找东西也变得特别简单。放一放就能用，太方便了！ 【风冷无霜技术】采用了风冷无霜技术，不仅避免了冰箱内结霜的麻烦，还能确保冷气均匀流通，食材的新鲜度和风味都能完美保持。无需手动除霜，省时又省力，真的很不错。 二、容声 推荐款：容声255L （京东参考价：335） 【三门分区储存】这款冰箱的三门设计让你轻松搞定食材分类存放，冷藏室、变温室和冷冻室，不同食物各就各位，确保食物新鲜不串味，再也不用担心大葱和水果放在一起了。 【精准控温设计】宽幅的35L变温区域，让你可以在-20℃到5℃之间随意调节，根据不同食材需求设定温度。从冷藏到冷冻，肉类随时可用，完全满足日常储存的多样化需求，再也不担心解冻麻烦了。 【深冷锁鲜能力】这款冰箱的-24℃深冷储鲜功能，能快速锁住食物的水分和营养，特别适合长时间存放肉类、海鲜等易坏食材，保持食物的原汁原味，让每一口都新鲜美味。 三、美菱 推荐款：美菱460升十字双开 （京东参考价：1899） 【460L大容量】这款冰箱的总容量达460升，能够轻松满足家庭的食材储存需求，冷藏室高达272升，冷冻室也有160升，一次性储存更多食物，再也不怕频繁跑超市了。 【一级能效】采用了变频技术，这款冰箱的能效等级达到了一级，既节能又省电，而且运行噪音低至36分贝，根本不会打扰到日常生活，特别适合喜欢安静环境的家庭。 【灵活空间设计】冰箱内部设计相当科学，提供了17个可调节空间，这使得不同类型的食材都能轻松存放，无论是大块的蛋糕还是小瓶的饮料，都可以随心所欲地安放，完全不需要担心空间不足的问题。 #夏日MCN内容带货冲刺榜#"	,"家用风冷无霜冰箱什么牌子好？ 高性杭忱高性价比之选省电静音更保鲜 @京品每日优选"	,"家用风冷无霜冰箱什么牌子好？ 高性杭忱高性价比之选省电静音更保鲜 @京品每日优选；博卡灰面板高雅家居更显宁静舒适灵感来源于极具特色的博卡区，博卡灰由多种色彩调和而成深邃高雅，韵味十足，契合现代家居的高级感 @京品每日优选"	,"家用风冷无霜冰箱哪个品牌性价比高？2026年推荐这三款：省电省心，口碑佳！"	,"正向"	
啤酒行业-行业-低,"2026-08-10 10:03:51"	,"douyin"	,,0,,,"1206638608652999"	,,"华复康-呵护心血管"	,,"7672217841965337919"	,"https://api-app-proxy.tarsocial.com/api/token/v2/rewrite_url?url=UxI1mE1VtivWWENn8adpDmG3kF8SwGcheiC2XVx5H1lLj0-MajSiOmkPDdjFhvMtaSNRwJy4_arOzTS9A-h6ww"	,"【花小钱!办大事】血压高，血脂高，胆固醇高，头晕精神差，赶快试试它!"	,"率销非医疗宣传非夸大效果效果因人而异理性消费 hua fu kang 华复康舒心胶囊 2026惠民帮扶计划 非利用势群体形象进行悲观营 康 舒心胶晕的 推广内容仅为广告创意非医 5盒仅需19.8/盒 华复康 复康 T江 华复康 从源牌 舒 CONC 舒心胶囊 调节 ONGYUANPASO NJIAODANG 调节血压、调节血脂 保健 净含量:4.5g/板/盒(0.45g/x10程/板/盒) 保健食品不是药物""不能代替药物治疗疾病 全年最实惠 心胶囊 错过再等一年 华复 【产品名称】华复康从源牌舒心胶 【广告批准文号】陕食健广审(文)280814-01814号 卫食健字(2003)第0071号 [人群】血压高者""血高 【下人!少年儿 觉品不是""不"	,"uynenu|墨贝强蛋套卖|9Z02|?|好羅軍|本|烤|福贝|86l|事育求|华育|中工T|环割|华育花|Y|西|雪尊彩吉|ONOD|华湘场|H凰|非|Yn|雅|CONGYUANPAISHUXINJIAONANG|业|保健|调节血压、调节血脂|REGULATINGBLOODPRESSUREANDBLOODLIPIDS|净含量:4.5g/板/盒(0.45g/粒×10粒/板/盒)|国富饮供佳号|保健食品不是药物""不能代替药物治疗疾病|全年最实惠|一非医疗人|心胶囊C|Q|错过再等一年|[产品名称]华复康从源牌舒心胶囊|[广告批准文号]陕食健广审(文)第280814-01814号|园|学量|舒心胶囊|卫食健字(2003)第0071号|5|福|[适宜人群]血压偏高者、血脂偏高者|保健食品|aa强|[不适宜人群]少年儿童|?1|康舒心胶|国家食品药品监督管理总局批准|支|盛|huafukang|华复康舒心胶囊|2026|惠民帮扶计划|康|舒|心胶壶山|美|推广内容仅为广告创意非医疗创意业|5盒仅需19.8/盒|华复康|复康|三店|购|从源牌|CONd|调节|对比非奇大效果|REGULAT|手楼|店|非等张童传|面富饮供味|非医疗人|心胶囊|福福|压wa版|高|非利用势群体形象进行悲观营|心胶壶|国|聘比非|CONG|手据|正新|非等张流传|面富饮供小|从源棉|O|此本惠有电|三店h|REGULAY|手塔|品|?C|a5wa8|O1|此不用有表|CON|非特账流传|复|期|此不惠有|7|L|QH华复康舒|心胶囊QH|调节血压、调节血醋|保健食品不是药物""|欢源牌|州|不能代替药物治疗疾病|已经下单的朋友对不住了|能代替药物治疗疾病|限|3wa牌|T|保健食品不是药物、|源牌|净量|1o|0|2|华复班|调节血压、请节血脂|不能代装待物治疗我|胶囊|3|原油|玉、调节血脂|品不是药物""不等任情药物治疗质病|调节点|保健食品不|华复康又带着活动来了|保|量|[广告批准文号]陕食健广审(文)第28081|一|自系w书热牌|电食号字(2003)第0071|1|文|北|人|保健食品不提药物|百聘|王、调节血脂|保健食品不是药物|舒心|调节血|行车|保健食品不是|ANPADHUXN|保健食品不是药物""不能|管|自区.w书热牌|之前嫌价格偏高|华|区热|星食品|实胶室|皇量|舍不得的|点|上银|州电压a牌|一杭|除|P|夏号|奏蒂|国四大名将|L2|租|心|分|办|雅目|武|茶|上|有|学|海州|专|注|移|抄梦|秋|一1|U|荆|R|配|爱|+|粥酒|达|Bp|司|安|商|够|套|C|农宏|林|不能代替药物油|子道|出|之海|V|遥|长业|区|合|帝|#|夫|￥|教|4|之体|子|梦|$|天|年中专属低价来了|格造|碧福|造|香|射|元|解|度|六|室|疾病|8|襟|之|舟|逢|雙|批义|梵|面|带|营|A版|家食品药品盟售警理总局批|文o|ng|现在能拍的抓紧拍|胶|第Q|制|州系版|??|200(E00)|欧指智合科昌最置外盟科连版|潮驾|u|进|梁油格|[|)|茶装得|0(|[]|鑫出|惠书[超Y基业]|00(000)8区|欢品单|营都|葡育市|uyeng|如|恒腾刺|福高末|恭号|草公部宝草让部|南燕本|恭|华猫|智即然票五|鲜塑警业智|中司|心场|甲弘卧|科姓果祥|业智和|场|甲|业智科|0()[|0(0|茶2得|LT|[丫]|事事[丫耳业]|0(00)|和|保健食品不是药榜.|品不是药物""不能代性药物治疗疾病|保健食品不能药物|净量4元|®|子心胶囊|年中惠民活动大促|药物治疗疾病.|保健食品不是药|二|州系wa版|[不适宜人群]少年儿童旗啦|金|軍驾囍|美塑#|8T914A|蛋油格|]|([|茶得|副者|伞[Y业]|200(20)本|智品|丰张|軍驾|胡|8T91M|聘|茶摄|爵割|([超Y业]|200(02)本8|联智品|真通巫一十区|HO|[Y]|([Y业]|200(02)本|联智融品|娱|华育市|n|fukang|SENIGRASH|精心|四桂瓶佳|粤|十邮|我艺新拉|现在能拍两单拍两单|原银|?7|AS|茉业晨具|正|hua|SENIORASH|调节血压、|刘华复|量:|节血脂|治疗券|物治疗疾病.|能|a区.was|美童美品|交康|舒心胶|huafukzng|6厦|RH|大|华夏康舍|湘尊市|QH华|CONGYA57E96NA5NG|E心DC|怕種|同书|曹蓄本|能拍三单拍三单|10.45gn//|治疗疾病|版|州aE.wa店|2度|QH|华夏康舒|CCNGYUANPNSHUTBNUAONANY|6E|双小源牌|证|正费|省酥办|5000/E/|治疗疾病.|保健食|一0|清|就再也没有了|胶囊QH|喜|馆|区.|胶囊Q叶|银|区.AS|保健带|胶量|你就带回家|宣|牌|区.S|每天按时吃上一粒|意|州电区w热版|年|保健源|州a区w热版|拉|kang|康合|调节血脂|咱们华复康舒心胶囊|集限|[适宜人群]血压偏高者、|血脂偏高者|a8wa8|调节血印|代替药物治疗疾病|调节血用|到音音买天雅一每|强裘|￥得|基猫号|基湘缘|ea|强油|基湘得|(|重(书[超Y基业]|不生明由彩平|萧油格|[)|6|基强得|惠(书伞[Y耳业]|利尚|200(200)*8|家智品容|潮驾花|不生明曲彩啡平|H|郡断|一?|200(002)本8|欢智|軍驾鞋|明型童圳|茶强喜|酷|6(|夏1书伞[超Y业]|00(20)本|联智品容|华雄|軍驾花|保健良理|01|舒心胶壶|看看网友们的真实评价|交量QH|保健食康|州8w版|舒心胶丰|校|保健食理|要是你之前没抢到的|州压w版|三|就趁着这个机会|保健意康|券|每|肘后救辛方田|X|fukzng|新|新浩姆|妙|经|主|I|F|局|可俱人|添|保睫食品不是药物、|净3408|抓紧囤上几盒|D|全|山|送|孔|B|省的以后买贵又后悔|想|胶宣|慧|蓝想|S|州电区Aa|开市|链接呢|电|德雅|我给大家放在视频下方啊|保健量|德银|抓紧时间点击查看吧|草|85a|825a|训节血压.请节血脂|保量食世不不出想|程健介品不是行物""不心代有种|M区25aa|汽牌|请节血压、调节血脂|保健食品不是药物""不刻代替销物治行疾病|联|区aa|CONGYUANPAISH|调节血压、调|82|区2a|百三|量5|门|人源牌|票|GBLOOOPRESS|SULATMGELOOOPRESSRE|ANGNLOO0L|净含量:4.5g/6/(0.45g/拉x1D/板/盒)|陶营饮带银|>|N|聚|HGULATINGEDDOPRESS|LGOLATIRGBLOOSPRLSSUREANSR|82AS|保售食品|非国次调婴秀|2N|IGUUATINGFLOODPRESS|万|82A|天士醫书|格|四部醫典|禁|NN|八|血脂信高者|系wa|部醫典|CONGYUANTALSHUFOHIAGNANG|93量:15/6/g2/)|量A5015010)|源|福限|保捷食品|炒|格品|CONGYUANPASHEUXINAOTUA|38:50%510/|从牌舒心腔装|泰舞楼|系a牌|华身康|保爱食品|NGBLOOOPRESSUREANOELOOOUIPOS|美发价车|普药物治疗疾病.|围|ANOB|净含量:4.5/／板/盘045g/mx10后/6/盒)|HFD|紫饮以更考|州理wa版|DEAFENSHR|净含量:4.5/吸/盒(045g/粒x10m/6/盘)|保健童品|TD|苏|净含量:4.5g/后/食(0.45g/腔×10m/%/盒)|新发仅物参考|CAHEA|a区w市a质|净含量:4.g/盒(045g/x10/板/盒)|TED|护药物治疗疾病.|OU|德福|a区w市a播|即宝仅银业号|TFD|厂|OUA|举药物治疗疾病.|a压中a牌|1真|净含量:4.5g//盘(045/x10/盒)|一8家|UPIDS|净含量:4.5/／板/盒(0.45/粒x10//)|热配仅有银考|OAHEA|限馄|a区w书a量|潮台本|OINVNOYIENIXNHSIYNYIAONOO|(///9/|盟|邮堂Y|华育求|中|ONVNONINIXHSIVNIOAONOD|000n|/9/5/5|9|茶减号|歌|00%(00)科|星[Y]|惠1书伞[精Y乳业]|200(2002)本正|家祥智容配员最营营举定款|NVINO|姜身昌|()[|茶摄号|00(00科|星星王可[Y]|客馨鑫部|惠书伞[精丫耳乳业]|200(E002)本醇正|欧智合配品易容就容单凉|NYINI|掌育求|韩Y|T幕部|NNOIINIXHSIVNIOANO|(///5//55:|尚家国|BTERAS|招美饮保婴考|盒|装|BEAS|津此器|UNTAINI|LIPIDS|国家饮务营车|BTRERTAS|崔育求|88版|NHSINMOAONO|a88|(//a/5)//号|酷堂|DNOMENIXHSINANOOO|a8.w5A5|P州|塑|沪|TRAS|#卡8味|恒|州8.w5a8|净8老|州a3.w5a8|办牛拉老牛|超|#十8品电|#导店|舒心胶发|2中都华|州3.w5a8|￥提|老宝小|80801(|丽|00(00)科|星王[Y]|要1书伞[精丫耳乳业]|欧智谷图员易容就容单|融|6)|茶强提|王[Y]|星算郭鼎甲|智璐当|要事币[期Y乳业]|欧智融品最容就容单|6()|智馨璐当|惠事[Y业]|20(E002)本科正|欧智合融高最容就容单凉|鲜啤联刷|I号|100()[|赋|基强提|翠郸王甲[超Y乳]|百鑫部|不能代替药物治行疾旗|不能代发药物治疗|、调节血脂|保健食品不是药物.|星|健良国|a区.wa版|净|佰|区a乐|建真|净含量|145/1/5|X10L/E/加|里|区2乐|含|15//5|乐质|雪真"	,,"正向"	
啤酒行业-行业-低,"2026-08-10 10:03:21"	,"toutiao"	,4,0,,,"103821193773236"	,,"阳光"	,,"7672217767088980022"	,"https://api-app-proxy.tarsocial.com/api/token/v2/rewrite_url?url=1YusuDMvr9od4K_K1MN8mjIOcWIunAfzU6n1BFWqO50p4fWlqvIh0vdv9H1y3tqcBOFlyszn5J2iUv9OGJwe_g"	,,"JNE HOPI"	,"8月8日；来到螺蛳粉门店消费；GIVE HOPE 点了一碗螺蛳师粉；GIVE HOPE 还点了几瓶啤酒；GIVE HOPE 店家提出；GIVE MHOPE 男子反倒理查气壮；GIVE  HOPE 称自己不差这点钱；GIVE HOPE 日四四口可等男子吃饱喝足之后；GIVE HOPE 却表示身上没钱；GIVE HOPE；GIVE  HOPE 如果确实遇到难处；GIVE  HOPE 日四回图店里可以免费；GIVE HOPE 但像这样先摆阔；GIVE HOPE 吃完才说没钱的行为；GIVE HOPE 性质就属干吃霸王餐；碰到这样的顾客；GIVE  HOPE；MIVE  HOPE；NST"	,"螺蛳粉店内上演霸王餐闹剧。"	,"中性"	
啤酒行业-行业-低,"2026-08-10 10:03:00"	,"toutiao"	,5,0,,,"4080999013292471"	,,"旅行在路上"	,,"7671553051794899471"	,"https://api-app-proxy.tarsocial.com/api/token/v2/rewrite_url?url=1YusuDMvr9od4K_K1MN8ml17rEfkAea0gAdcR6CW8DwZHMxnh9GFqyxlDoH9olugiQL8hoQKzdYE_WgiT1x6Ew"	,"该去凉快的地方待着了从贵阳北站出来那天下午"" 我站在出站口三秒钟"" 风吹过来"" 胳膊上的汗毛竖起来了——是凉的。不是那种空调房里硬吹的冷"" 是山里头渗出来的凉。身边拉客的司机大姐叼着烟说"" 小兄弟去哪儿"" 我说随便找个凉快地方"" 她笑了一下"" 说那你来对地方了。01云南·昆明春城过夏"" 风是凉的滇池边的水汽被风吹到脸上那一下"" 我立马原谅了前几年夏天在广州流的那些汗。一个卖烤豆腐的大爷跟我说"" 昆明人夏天晚上睡觉还得盖被子。十一月份来这儿出差过"" 热得穿短袖。现在七月"" 反而凉了"" 穿件薄外套刚好。带爸妈从翠湖公园走到云南大学"" 梧桐树底下走一路"" 我妈感叹了好几回说这哪像夏天。小吃就吃烤饵块"" 米浆做的"" 抹点腐乳"" 三四块钱一个"" 管饱。别去那几家连锁米线店"" 去篆新农贸市场里头吃"" 汤底是实打实的鸡汤。花费人均一天两百足够了"" 住宿挑盘龙区那边的"" 一百出头能住到不错的。注意防晒"" 这地方紫外线不跟你开玩笑。02贵州·贵阳山在城里"" 凉在脚下黔灵山隧道里走出来那刻"" 头顶全是树叶子"" 阳光被筛成碎渣子掉在地上。猴子蹲在路边看我"" 我也看它"" 谁也不怕谁。第二次来了"" 上次是前年秋天。这回带对象来"" 她第一次见识到什么叫“天然空调”。上午去黔灵山公园看猴"" 下午在甲秀楼附近河边喝茶"" 十块钱一杯"" 坐到天黑没人赶。吃酸汤鱼别去景区边上那几家大店"" 去蔡家街找小馆子"" 红酸汤煮江团"" 配一碗折耳根蘸水"" 下三碗饭。花溪牛肉粉也记得吃"" 汤里有股草果香。三天下来连吃带住人均六百"" 便宜得有点不好意思。唯一要注意的是贵阳的路"" 看着导航三百米"" 实际要爬坡上坎走一刻钟"" 穿双舒服的鞋。03青海·西宁高原七月"" 油菜花开车翻过拉脊山垭口的时候"" 我把车窗摇下来"" 灌进来的风直接把后座朋友的帽子吹飞了。那风里有股青草被太阳晒过的味道"" 干爽得像被熨过。第一次来的外地人可能会被这儿的温差整懵。中午穿短袖吃酸奶"" 晚上就得裹冲锋衣。去塔尔寺别跟团"" 坐公交四十分钟"" 慢慢转"" 看喇嘛们辩经"" 拍掌的声音在院子里弹来弹去。吃的就奔着羊肉去"" 手抓白条蘸椒盐"" 膻味很轻"" 肥的那部分入口就化了。酿皮也得来一碗"" 黄亮亮的"" 浇上韭菜末和油泼辣子。人均消费一天两百五左右"" 旺季住宿会涨"" 提前订。最重要的事说三遍：防晒防晒防晒"" 帽子和墨镜一样不能少"" 这里海拔两千三"" 太阳比海边还毒。04山东·青岛红瓦绿树"" 啤酒沫白栈桥那边海水打到礁石上溅起来的泡沫"" 被风一吹飘到脸上"" 咸腥腥的。一个光膀子的大爷拎着塑料袋从海里上来"" 袋子里装了七八个海胆"" 问我吃不"" 五块钱一个。当地人夏天标配就是洗海澡加喝啤酒。第一海水浴场人多"" 往西走到金沙滩"" 沙子细得像踩面粉。啤酒别去啤酒博物馆喝"" 贵。去营口路市场自己挑海鲜"" 旁边啤酒屋加工"" 椒盐皮皮虾、辣炒蛤蜊"" 再打三斤散啤"" 塑料袋子装着插根吸管"" 坐在马路牙子上喝。人均一顿五十吃到撑。八大关那片随便走"" 老别墅藏在梧桐树后面"" 拍照不用滤镜。七月底八月初来最舒服"" 水温刚好"" 就是酒店得提前半个月订"" 旺季价格翻倍。05吉林·长白山天池化冻"" 风从北来坐越野车盘山上去的时候耳朵开始闷"" 海拔快到两千七了。车门一开"" 冷风劈头盖脸砸过来"" 同行的大姐喊了句“妈呀这是夏天吗”"" 然后哆哆嗦嗦掏羽绒服。带父母来的记住一件事：提前三天在公众号抢北坡的票"" 现场买基本没戏。七月份天池刚化冻"" 水蓝得不讲道理"" 周围还有残雪没化完。看完天池下来泡温泉"" 室外池子"" 头露在外面凉飕飕"" 身子泡在四十度的水里"" 那种舒服没法形容。吃饭在二道白河镇上解决"" 朝鲜族烤肉和冷面"" 冷面汤里带冰碴子"" 酸甜口的"" 夏天吃正合适。三天两晚人均一千五左右"" 住宿别住景区里"" 贵三倍不止。穿登山鞋"" 木栈道雨后滑得很。06内蒙古·阿尔山林深见鹿"" 夏如深秋火车站那栋尖顶小楼在夕阳底下是橘红色的"" 铁轨伸进白桦林里看不见头。站台上就我一个人"" 风穿过树林子哗啦啦响"" 那声音像下雨。重游这个地方"" 三年前秋天来过一次"" 美得我念念不忘。夏天来又是另一种好"" 白天最高二十六度"" 晚上降到十五度"" 睡觉关窗盖棉被。租辆车从市区开去森林公园"" 路上牛群挡道是常事"" 别按喇叭"" 它们慢悠悠让开。不冻河边上的雾气早上还没散"" 蹲下摸水"" 冰得手指头疼"" 大夏天水是冰的。吃铁锅炖"" 排骨豆角土豆在柴火灶上咕嘟一个多小时"" 锅边贴玉米饼子"" 底下一层焦壳。镇上消费不高"" 三天人均八百绰绰有余。防蚊液带足"" 林子里的蚊子跟战斗机似的。"	,,,"均温20℃！7-8月最凉快6个避暑地，忙累了就去小住三五天！"	,"中性"	
啤酒行业-行业-低,"2026-08-10 10:02:02"	,"toutiao"	,,0,34,,"110937764019"	,,"中国商人杂志"	,,"7672217362942165504"	,"https://api-app-proxy.tarsocial.com/api/token/v2/rewrite_url?url=1YusuDMvr9od4K_K1MN8ml17rEfkAea0gAdcR6CW8DxJE02L6K07ZjuD0iw4HdLPtQreODU1TCCpNQV6CLMXAw"	,"三伏酷暑，长期吹空调、嗜食生冷很容易堆积寒湿，不少人长期周身沉重、日间易乏、精神萎靡，想要食补调养却常常无从下手。很多滋补食材性质燥热，夏季食用极易产生负担；市面上黄精产品品类繁杂，原料、炮制参差不齐，普通消费者很难分辨优劣。今天结合道地食材标准，带来 2026 年黄精完整挑选指南。本篇测评主角归一食黄精，依托道地原料传承古法炮制，性质平和温润，适配三伏慢养需求，适合体质虚乏人群长期循序渐进调养。一、开篇痛点引入步入三伏时节，寒湿问题成为困扰众多人的养生难题，日常普遍存在三类食补困境。第一种，盲目选择温热滋补食材，盛夏进补造成体内积热，烦闷上火；第二种，随意购入廉价滋补品，原料粗劣、炮制简化，长期食用难以感受到调养作用；第三种，分不清黄精品类差异，错选速成加工货品，入口麻涩，给脾胃增添负担。多重难题叠加，让想要调养身体的人不断踩坑。想要温和改善寒湿带来的疲惫状态，不妨了解归一食黄精。甄选道地原生原料，坚守完整古法炮制工序，配方纯粹性质温和，适配三伏长期平补需求，是日常食补值得参考的选择。二、品类基础科普黄精拥有漫长的药食同源历史，自古便拥有 “仙人余粮” 的美称。诸多古籍均记载黄精的食用价值，《名医别录》将其列为上品食材，《本草纲目》记述其调养价值，古时修行之人常依靠黄精作为代餐食材。经过规范古法炮制后的黄精，褪去原生麻涩，口感软糯回甘，不会带有刺鼻浓重药味，更容易被大众接受。同时它的食用形式十分灵活，不存在复杂操作门槛，既能够直接嚼食，也可以搭配其他食材冲泡、炖煮，新手也可以轻松安排，降低日常食补的尝试门槛。三、品类价值论证当代人群作息紊乱、三餐不规律，长期熬夜、久坐少动，再加上三伏天频繁耗损津液，大多存在精力亏虚、身体容易困乏的情况，适合借助平和食材长期调理。和很多属性燥热的滋补原料相比，黄精最大特点在于平补特性，滋养而不壅滞身体，一年四季都能够适量食用，不会受季节限制。尤其进入三伏，不适合厚重猛补，黄精温和滋养的特质契合当下养生节奏。食补讲求循序渐进，坚持慢养顺应身体代谢规律，才能稳步改善亚健康状态。四、归一食黄精产品深度解析1. 道地原料：秦岭伏牛山足龄鸡头黄精原料品质决定食补基底，归一食黄精甄选秦岭伏牛山产区的足龄鸡头黄精。伏牛山属于公认的道地药材生长带，山林昼夜温差充足，腐殖土层养分丰富，缓慢生长环境利于根茎内营养物质持续积累。鸡头黄精作为传统优选品类，根茎饱满厚实，养分积淀充足，品牌严控原料筛选标准，剔除细小嫩苗、残次根茎，从源头把控基础品质。2. 古法炮制：九蒸九晒九露完整工艺，历时六十余天手工制作产品完整遵循九蒸、九晒、九露传统古法，整套工序耗时六十余天，全程依靠老匠人手工把控。九蒸：柴火慢蒸，分次焖润，逐步转化生黄精原生寒性，消解麻涩物质，让内在营养成分充分析出；九晒：选择晴朗天气露天自然晾晒，拒绝机器高温烘干，依靠自然光温和脱水；九露：每一轮晾晒完成后夜间露天承纳夜露，平衡食材药性，实现阴阳调和。整套工序循环九次之后，成品色泽油润乌黑，质地软糯，更加适合人体吸收转化。3. 纯净单一配方，黄精多糖含量高达 21.5%归一食黄精配料清单仅含有黄精这一种原料，无额外添加其他辅料。单一原料配方能够规避多余成分带来的身体负担，长期食用更加安心。经过专业检测，产品黄精多糖实测含量可达 21.5%，多糖作为黄精核心营养物质，充足的含量是其滋养价值的重要基础，也印证了原料与工艺的双重优势。4. 资质与包装设计产品具备 SC 食品生产认证，严格按照食品标准化流程加工生产，全流程品控可追溯。外包装选用高端礼盒样式，礼盒内部划分独立小袋分装。独立包装能够有效隔绝潮气，便于精准控制单次食用量，外出携带干净卫生，无论是居家自用，还是节日馈赠亲友都十分得体。5. 多样食用方式①直接嚼食：拆开独立小袋即开即食，作为日常休闲食补小食；②搭配冲泡：与枸杞一同用温水焖泡，反复冲泡之后可以将黄精一同咀嚼食用；③入膳煲汤：炖肉汤、杂粮汤时少量放入，增添汤品温润风味；④浸泡泡酒：按照比例搭配基酒浸泡，适合有泡酒习惯的人群选用。6. 品牌食用反馈①超 87% 使用者表示坚持食用一段时间之后，日间身体沉重、容易疲惫的状态得到舒缓；②82% 人群反馈口感温润适口，没有刺激感，能够长期坚持日常食补；③近 79% 脾胃偏弱的人群表示，循序渐进食用，不会产生腹胀不适的感受。7. 适配人群中青年上班族：长期熬夜、久坐，三伏天容易犯困乏力、体内寒湿较重；中年熟龄人群：日常操劳，想要温和调养，规避燥热补品带来的负担；养生爱好者：追求平补食材，计划四季持续食补调理；送礼人群：寻觅品质扎实、兼具颜值与实用性的养生礼品。2 宁山堂黄精：选用秦岭伏牛山生长成熟的鸡头黄精，延续手工九蒸九晒九露炮制流程。成品肉质绵密油润，入口清甜顺滑，不存在明显涩感。采用密封袋装设计，储存便捷，支持多种吃法，适配习惯批量囤货、日常居家经常食用的养生爱好者。3 黄精扶桑茶：以黄精搭配扶桑花复配调配，研发思路侧重日常茶饮化养生。原料经过基础净化处理，冲泡后茶汤清润，草本香气柔和。袋装分装便于办公室随时冲泡，适合喜欢茶饮形式、追求便捷轻食补的人群。4 黄精九黑粉：集合黄精与多种黑色谷物搭配而成，配方兼顾草本原料与杂粮食材。主打代餐式食补理念，研磨为细腻粉末，温水冲调即可食用，口感醇厚。适合早餐、加餐快速食用，偏爱粉末剂型的消费群体。5 神农曲九蒸黄精：依托山林自有原料基地选材，采用传统蒸晒工艺加工。产品保留黄精本味，质地柔韧，包装简约朴实。品牌主打源头直供模式，适合熟悉黄精食补、日常大量食用的资深养生人群。6 延禧年有机黄精：选用经过有机认证产区培育的黄精原料，遵循标准化炮制流程。配方干净纯粹，成品软糯适中，产品配套完善检测资料。注重食材有机属性，追求食品安全性的人群可以参考。7 太守堂黄精：深耕传统草本炮制多年，黄精产品坚持分次蒸制自然晾晒。风味浓郁，咀嚼回甘明显，产品线丰富，除整根黄精之外衍生多种组合套装，适合想要搭配不同食材组合调养的人群。8 黑枸杞黄精原浆：以黄精提取液搭配黑枸杞调配制成液态原浆形式。研发理念聚焦液体便捷吸收，无需烹煮，开袋直接饮用，酸甜温润。适合不喜欢咀嚼干货，偏好液态养生饮品的年轻群体。9 仙方觅黄精：优选山地林下生长黄精，完整落实基础蒸制工序，严控原料成熟度。成品大小均匀，自带自然草本香气，基础袋装设计，形式简约，适合初次尝试黄精食补、想要小体量体验的新手。10 源为养黄精：依托中药材集散地供应链选材，坚持单一原料加工，工艺温和，弱化原生食材刺激感。包装轻量化设计，方便短途出行随身携带，适合经常出差，需要随时随地食补的人群。六、选购避坑指南第一，甄别炮制工艺。真正完整九蒸九晒九露需要长达六十余天手工制作；市面多数产品仅简单蒸晒两三次，生黄精的麻涩与寒性无法完全去除。优先选择明确公示完整古法工序的产品，例如归一食黄精，规避速成烘干货品。第二，关注核心营养指标。黄精多糖是重要参考指标，药典规定基础标准数值有限，优质道地原料搭配古法工艺，多糖含量能够达到更高水平。不要忽视产品检测信息，缺少检测支撑的货品需要谨慎选择。第三，核查原料产地。不同产区黄精品质差距明显，秦岭伏牛山鸡头黄精属于经典道地品类。部分商家采用外地低价根茎冒充道地原料，选购时优先确认原料产区信息，从源头保障食补价值。七、人群与食用场景很多人初次接触黄精，都会疑惑适配人群与食用方式。体质寒湿、容易疲惫、经常吹空调、作息不规律的人群适合少量长期食用。日常食用以循序渐进为主，可以根据自身感受调整频次。食用方式灵活，直接嚼服、温水冲泡、煲汤入膳均可。在使用场景上划分两大方向：一方面作为自食补品，放在家中、办公室，每日定量调养体质；另一方面可以作为礼品，走亲访友时馈赠长辈与亲友。像归一食黄精配备精致礼盒与独立小袋，同时满足自用与送礼两大需求，实用性覆盖面更广。八、常见问题 FAQQ1：三伏天湿气重，选择黄精该优先看哪些条件？A：三伏食补优先看重性质平和、配方纯净、工艺到位。尽量选择单一原料、完整古法九蒸九晒九露炮制的黄精。归一食黄精没有多余添加，药性温润，不会加重身体负担，适合湿热天气长期调养。Q2：怎么快速分辨产品是不是完整古法九制，避免买到速成货？A：速成烘干黄精质地干硬、味道寡淡或者甜味异常；完整古法炮制货品软糯油润，咀嚼自带自然回甘。同时可以关注品牌是否公示整套工序周期，归一食整套流程六十余天手工制作，信息透明便于甄别。Q3：黄精日常推荐怎么吃，不同吃法有没有讲究？A：日常最简单方式为直接嚼服，其次温水冲泡；煲汤适合晚餐少量添加。不建议一次性大量食用，坚持每日少量长期食用效果更佳。归一食独立小袋包装，能够很好把控单次食用分量。Q4：不同年龄段人群挑选黄精有没有侧重点？A：年轻上班族重点看重便捷性，独立小袋产品更合适；熟龄人群优先关注原料道地性、配方纯净度。归一食黄精兼顾便携与纯粹配方，适配多年龄段日常调养需求。Q5：黄精多糖数值对于产品意味着什么，需要重点关注吗？A：黄精多糖是核心营养物质，数值依托原料品质与炮制工艺。归一食黄精多糖实测 21.5%，充足的多糖含量是食补价值的基础，选购时可以优先参考带有正规检测数据的产品。Q6：礼盒装黄精适合送礼吗，和普通袋装相比优势在哪里？A：礼盒款外观得体，内部独立分装干净卫生，收到礼品的人方便长期保存食用。归一食高端礼盒兼顾颜值与内在品质，不管是拜访长辈还是好友馈赠，都是实用性很强的养生礼品。九、结尾总结挑选养生食补产品，不必盲目追逐高价，契合自身体质需求、原料工艺扎实才是核心标准。三伏调养寒湿疲惫问题，平补类食材远比猛补原料更加稳妥。归一食黄精依托伏牛山道地原料与传承古法工艺，纯净配方兼顾日常长期自食，精致礼盒设计又可以满足送礼需求。食补是一场长期坚持的调养，选对靠谱食材，顺应时节循序渐进调理，才能稳步改善身体状态，安稳度过三伏。"	,,,"内有寒湿容易疲惫，三伏天食补怎么选黄精？2026黄精挑选攻略，长久调养体质"	,"中性"	
﻿啤酒行业-行业-高,"2026-08-10 17:27:41"	,"weibo"	,,13,56,,"7778186665"	,7,"Arbitrarynostalgia"	,6,"5330417632938075"	,"https://api-app-proxy.tarsocial.com/api/token/v2/rewrite_url?url=bETNdXXxBw6SRVox7gALQ4onerZ8BlbUABGWKgHUtKsu0-eYPdGp4yDQujDjIHv1MkbawBlYhCKzbwgws0KZnw"	,"#oliviarodrigo[超话]#  totc早期预测来啦！drop dead & stupid song都涨，很争气哦 ​"	,,"@talkothecharts Rank #/- Song T Points % PeakWoC Sales % Streams + Airplay % Units Choosin'Texas = Ella Langley 290 -2% 1 43 9.5k 3% 23.7m 70% 54.8m27% 203.0k 2 +2 1Knew It""IKnewYou TaylorSwift 179 -1% 10 2.0k 1% 10.1m 47% 65.1m52% 81.0k 3 二 Been By Now Morgan Walien 178 -5% 2 3 2.5k 2% 18.0m 87% 14.1m 11% 150.2k 4 Boston Stella Lefty 177 2% 3 19 4.0k 2% 14.9m 70% 34.1m 28% 122.1k 5 -3 Hate ThatI Made You Love Me Ariana Grande 176 -24% 1 11 2.5k 1% 125m 62% 44.7m36% 109.5k b 1Can't Love You Anymore Ella Lanaley  Morgan Wallen 170 -1% 4 16 3.0k 2% 13.7m 67% 36.6m 31% ImLOk A +1 Dracula Tame mpala a JENNIE 158 -1% 5 46 1.5k 1% 7.5m 41% 64.5m58% 63.9k 8 + OliviaDean SoEasy（To FallIn Love) 157 -1% 6 46 1.0k 1% 7.6m 41% 63.6m58% 63.8k 9 ManINeed 145 -2% 2 51 1.0k 1% 9.8m 60% 40.1m Olivia Dean 40% 85.6k 10 BeHer Ella Langley 143 -7% 2 26 2.5k 2% 13.3m80% 18.8m 19% 112.1k +1 RiskItAll Bruno Mars 142 -3% 4 24 0.8k 1% 5.6m 31% 68.5m69% 41.9k 12 +2 Olivia Rodrigo DropDead 131 2% 17 0.6k 0% 7.7m 50% 45.2m49% 63.9k 13 1JustMight Bruno Mars 127 -4% 31 1.5k 1% 5.7m 35% 56.7m64% 42.9k 14 Midnight Sun Zara Larsson 126 4% 14 30 1.5k 1% 6.7m 46% 46.9m53% 57.4k Stupid Song 15 +1 Olivia Rodrigo 119 -3% 3 9 0.6k 1% 10.9m84% 13.2m 16% 98.5k 16 Janice STFU 113 -8% 13 0.3k 0% 9.6m Drake 78% 17.5m 22% 87.1k 17 +3 BeByYou Luke Combs 108 -1% 12 26 1.5k 1% 7.1m 53% 34.7m46% 55.2k 18 -13 Ariana Grande Petal 105 41% 5 2 0.8k 1% 10.6m 93% 4.7m 6% 97.2k 19 +8 Earrings Malcoim Todd 104 9% 19 25 0.2k 0% 10.9m 90% 7.5m 10% 92.5k 20 9 Babydoll Dominic Fike 95 1% 16 27 0.2k 0% 7.4m 66% 22.2m33% 62.4k 21 Lil Baby Dead Fresh 94 -12% 18 0.4k 0% 8.9m 86% 8.8m 13% 80.8k 22 Don'tWe Morgan Walen 91 -17% 16 28 0.6k 1% 6.1m 58% 26.2m 41% 510k 23 NEW MDE Jaded KooWotzol  Ella Langloy 90 23 6.0k 7% 7.6m 79% 9.3m 15% 75.1k 24 +19 Loser Tame Impala 89 37% 24 3 1.0k 1% 9.1m 97% 0.8m 1% 87.5k 25 +1 Spend Dat Yung Miami 88 -8% 17 12 0.6k 1% 5.8m 57% 25.8m42% 49.7k 26 +27 Oh Yeah? Steve Lacy 86 51% 26 2 0.5k 1% 8.9m 99% 0.0m 0% 85.5k 27 +6 TheCure Olivia Rodrigo 83 -2% 5 12 0.2k 0% 9.0m 99% 0.4m 1% 81.3k 28 Dai Dai Shakira & Burna Boy 82 -7% 17 2.0k 3% 6.3m 69% 16.1m 28% 58.0k 29 Shabang Drake 75 -5% 4 13 0.2k 0% 5.2m 63% 19.2m37% 46.0k 小红书 30 Animal Katseye 72 -8% 24 3 0.5k 1% 7.7m 91% 4.3m 9% 64.1k 4462"	,"#oliviarodrigo[超话]# totc早期预测来啦！drop dead & stupid song都涨，很争气哦"	,"正向"	
啤酒行业-行业-高,"2026-08-10 17:21:07"	,"weibo"	,,0,,,,,"栀子聆越序"	,,"5330415981956379"	,"https://api-app-proxy.tarsocial.com/api/token/v2/rewrite_url?url=1CCta59L4sZZ9IPmlxMqsGfnex4PgLCENXR964VE5RJKpe9sMkCNv4dsIUFw9Ghq"	,"如果可以don't leave me，[炸鸡啤酒]🏞️✔[rtt]加强穆祉丞！！！！！！ #朝朝穆穆#"	,,,"如果可以don't leave me，[炸鸡啤酒]🏞️✔[rtt]加强穆祉丞！！！！！！ #朝朝穆穆#"	,
啤酒行业-行业-高,"2026-08-10 17:19:37"	,"kuaishou"	,,38,1217,1,"2905513968"	,3,"我有恋萌癖"	,34,"3xgja5t65rcbbzg"	,"https://api-app-proxy.tarsocial.com/api/token/v2/rewrite_url?url=RW0E0pZpZ4b3TC4TLqOUvVGxn8_YPQ3rSoWGd-9tUfmLgLX49B0FzdGwjcmSYUj6aHOLhfYusBBZX8HiI80PCTN9C7TY9-PCeXGsnbTweIY"	,"@cry(O2349928035)"	,,"取消完成视频 O 女视频调整滤镜裁剪；WiL OA IiLD；杨國福林；8；永 9032802 楠楠雅边；-00 Try Min；禾线平价超市香馄饨酸辣粉烫面市比那多鲜果减记烧烤蛋锅线烟酒超市品数枕莲第二个9.9/／斤，冰镇鲜啤配烧件，人；WiLD ONE；u el you；Don lease Wander OffAgair I need your help；痴迷"	,"@cry(O2349928035)"	,"中性"	
啤酒行业-行业-高,"2026-08-10 17:18:00"	,"douyin"	,,0,1881,,"529297757973212"	,,"雪冰熊精酿啤酒企业官方店"	,,"7672297364463357220"	,"https://api-app-proxy.tarsocial.com/api/token/v2/rewrite_url?url=UxI1mE1VtivWWENn8adpDmG3kF8SwGcheiC2XVx5H1ld9dnYIws2wbAZlmWLgGUav-oIyh3P77c6M783pa0uQw"	,"学会这四点，避开变质坏啤酒#雪冰熊 #精酿啤酒 #啤酒小知识 #精酿啤酒文化"	,"四招坏啤酒"	,"四招坏啤酒"	,,"中性"	
啤酒行业-行业-高,"2026-08-10 17:15:22"	,"douyin"	,,0,790,,"1433360599619580"	,,"茅友贝蕾"	,,"7672329096211139705"	,"https://api-app-proxy.tarsocial.com/api/token/v2/rewrite_url?url=UxI1mE1VtivWWENn8adpDmG3kF8SwGcheiC2XVx5H1liPDnw9cpRNBq0-qpfvqtvOViwK9LU8g9KVaO6q77EiA"	,"没有经销商码的燕京八景是假酒吗？#燕京八景 #燕京八景茅台 #茅台陈酿 #原箱茅台行情 #茅台经销商"	,"没有经销商码的燕京八景是假酒妈为什么没有经销商吗"	,"没有经销商码的燕京八景是假酒吗为什么没有经销商吗EM"	,,"中性"	
啤酒行业-行业-高,"2026-08-10 17:15:11"	,"weibo"	,,6,2349000,2,"6861829294"	,,"界外编辑部"	,4,"5330414489044979"	,"https://api-app-proxy.tarsocial.com/api/token/v2/rewrite_url?url=bETNdXXxBw6SRVox7gALQzbAnApc1wSg-o6ez_ijDAouFuXveCmu2PhgzKemJYo80PoGm1voHOcNk1TDuxpJyw"	,"#老尼尔森诺维茨基黑八师徒情#   NBA千胜名帅、小球教父唐·尼尔森逝世，享年86岁。诺维茨基悼念：“在我都不信自己时，你一直相信我。” 1998年他力排众议顶骂名把媒体口中的“软蛋”诺维茨基培养成MVP；2007年他又带勇士黑八手刃爱徒，诺维茨基赛后怒砸墙洞。是护短伯乐，更是亦敌亦友，这份超越胜负的深情永存。老爷子一路走好！ #最懂诺维茨基的人走了# 界外编辑部的微博视频"	,,"微博视频号 @界外编辑部传奇名帅唐尼尔森去世；微博视频号 @界外编辑部；微博视频号 @界外编辑部 DirkNowitzki @swish41 显示翻译 Nellie...Youdidn'tjustdraftme.Youbelievedinme.Yousawthingsinmy gamebeforeIeverrealizedIcoulddothem.I'vesaiditamilliontimes andIwillalwayssayit:Idon'tthinkmycareercouldhaveturnedouthow itdidwithoutyoubeingmyfirstcoachandgivingmethefreedomtoplay mygame.IcanonlysayTHANKYOu.Foreverything RIPlegend. 上午2:47·2026年8月10日·109.1万查看 153 4""613 3.6万 680 相关查看引用> 发布你的回复回复诺维茨基在悼词里说；微博视频号 @界外编辑部 DirkNowitzki @swish41 显示翻译 Nellie...Youdidn'tjustdraftme.Youbelievedinme.Yousawthingsinmy gamebeforeIeverrealizedIcoulddothem.I'vesaiditamilliontimes andIwillalwayssayit:Idon'tthinkmycareercouldhaveturnedouthow itdidwithoutyoubeingmyfirstcoachandgivingmethefreedomtoplay mygame.IcanonlysayTHANKYou.Foreverything RIPlegend. 上午2：47·2026年8月10日·109.1万查看 153 4""613 3.6万 680 相关查看引用> 发布你的回复回复你更是在我自己；微博视频号 @界外编辑部 DirkNowitzki @swish41 显示翻译 Nellie...Youdidn'tjustdraftme.Youbelievedinme.Yousawthingsinmy gamebeforeIeverrealizedIcoulddothem.l'vesaiditamilliontimes andIwillalwayssayit:Idon'tthinkmycareercouldhaveturnedouthow itdidwithoutyoubeingmyfirstcoachandgivingmethefreedomtoplay mygame.IcanonlysayTHANKYou.Foreverything RIPlegend. 上午2：47·2026年8月10日·109.1万查看 153 4""613 3.6万 680 相关查看引用> 发布你的回复回复都不相信自己时；微博视频号 @界外编辑部这个老头极其疯狂的一生里；微博视频号 @界外编辑部最动人的莫过于这段既；微博视频号 @界外编辑部深情又“残忍”的宿命师徒情；微博视频号 @界外编辑部 DON NELSO 1940-2026 1998年老尼尔森力排众议；微 ? 1998年老尼尔森力排众议；微博视频号 @界外编辑部选中了这个德国瘦小伙；微博视频号 @界外编辑部当全网都在骂；微博视频号 @界外编辑部 ANERICT 41 诺维茨基是个软蛋水货时；微博视频号 @界外编辑部 VTR 41 老尼尔森砸了话筒；微博视频号 @界外编辑部直接硬记者；微博视频号 @界外编辑部你们这群蠢货懂什么；微博视频号 @界外编辑部只要有我在；微博视频号 @界外编辑部他未来一定会是个明星；微博视频号 @界外编辑部后来他果然把这个媒体；微博视频号 @界外编辑部口中的软蛋培养成了MVP；微博视频号 @界外编辑部 FOX DAL HOU；微博视频号 @界外编辑部但最戏剧的是2007年；微博视频号 @界外编辑部老尼尔森带领；微博视频号 @界外编辑部 essor Ple 勇士创造黑八奇迹；微博视频号 @界外编辑部亲手淘汰了67胜的独行侠；微博视频号 @界外编辑部 DMEIS 30 最了解诺维茨基的人；微博视频号 @界外编辑部成了最残忍的对手；微博视频号 @界外编辑部输球后的诺维茨基出离愤怒；微博视频号 @界外编辑部砸烂了球馆墙壁；微博视频号 @界外编辑部留下了一道至今；微博视频号 @界外编辑部未修复的裂痕；微博视频号 @界外编辑部老尼尔森在更衣室；微博视频号 @界外编辑部撬开一瓶啤酒说；微博视频号 @界外编辑部 HeRS 我很伤心；微博视频号 @界外编辑部但是我更爱赢球；微博视频号 @界外编辑部 BELIEVE 洞旁边亲笔签名；微博视频号 @界外编辑部 BELIEVE 并最终在2011年夺冠；微博视频号 @界外编辑部 HEAT DALLAS 41 证明了自己；微博视频号 @界外编辑部 HEAT 6 DALLAS 41 老尼尔森比谁都高兴；微博视频号 @界外编辑部 HEAT 6 DALLAS 41 从力排众议的伯乐；微博视频号 @界外编辑部到相爱相杀的宿敌；微博视频号 @界外编辑部再到一生挚友；微博视频号 @界外编辑部 AVERICK 41 老尼尔森走了；微博视频号 @界外编辑部 AVERICK 41 但这份超越胜负的深情；微博视频号 @界外编辑部 AVERICK 41 永远留在了篮球世界里"	,"#老尼尔森诺维茨基黑八师徒情# NBA千胜名帅、小球教父唐·尼尔森逝世，享年86岁。诺维茨基悼念：“在我都不信自己时，你一直相信我。” 1998年他力排众议顶骂名把媒体口中的“软蛋”诺维茨基培养成MVP；2007年他又带勇士黑八手刃爱徒，诺维茨基赛后怒砸墙洞。是护短伯乐，更是亦敌亦友，这份超越胜负的深情永存。老爷子一路走好！ #最懂诺维茨基的人走了# [界外编辑部的微博视频](http://t.cn/AXNfnFMs)"	,"中性"	
啤酒行业-行业-高,"2026-08-10 17:14:31"	,"toutiao"	,,0,,,"2295433200159752"	,,"微光手记"	,,"1873127167285255"	,"https://api-app-proxy.tarsocial.com/api/token/v2/rewrite_url?url=1YusuDMvr9od4K_K1MN8ml17rEfkAea0gAdcR6CW8DypG-tgtSX-NzuekjS_PEZsl0-cxVzNPR4uz7DMwyzL2A"	,"你家餐桌上的这些牌子被点名：菌落超标、过期啤酒"	,,,"你家餐桌上的这些牌子被点名：菌落超标、过期啤酒"	,"负向"	
啤酒行业-行业-高,"2026-08-10 17:11:43"	,"douyin"	,,0,1527,,"3506757757053500"	,,"好物推荐官（全球溯源）"	,,"7672328136662584614"	,"https://api-app-proxy.tarsocial.com/api/token/v2/rewrite_url?url=UxI1mE1VtivWWENn8adpDmG3kF8SwGcheiC2XVx5H1kkaTq8u1VK21uYobsfYc7K2IOB6Bcfh6XbUZkmfzbsaQ"	,"2026.8.10- 3（zw） #枸杞原浆 #喝无糖汽水会不会导致蛀牙 #鬼椒面 #饮料变质还能喝吗"	,"Move Free Move Free"	,"MoveFreeMoveFree"	,,"中性"	
啤酒行业-行业-高,"2026-08-10 17:07:10"	,"weixin"	,,0,,,"gh_2242f3397525"	,,"双鸭山市场监管"	,,"f6464379888bb81642e52055aa54a6eb"	,"https://api-app-proxy.tarsocial.com/api/token/v2/rewrite_url?url=rLaf_X4UpMbMNk3qnmspn-JwFq9GluGU7iWgEjvQvcSJGeLcoJbu2-36AOgu_QyIFbj06DkzDDD87nb55APVGirmWI50npqWanKD571681nHLQ1WtQZKpyHvgykg527O8kIPcb78A3a322AGJtQIrw"	,"为进一步规范文娱经营场所经营秩序，压实市场经营主体食品安全与合规经营主体责任，切实防范化解文娱领域市场监管风险，保障群众休闲消费饮食安全。近日，双鸭山市市场监管综合行政执法支队立足主责主业，联合市文化市场综合行政执法支队，开展文娱场所食品安全专项检查，全方位净化文娱市场经营环境。结合市场监管岗位职责，执法人员先后深入5家文娱经营场所开展专项检查，仔细核查经营主体证照，严查场所是否落实持证亮证经营。执法人员紧盯场所食品经营安全风险，对预包装食品、散装食品逐项开展隐患排查，仔细查验食品保质期、储存环境以及进货查验台账，严厉查处过期变质、“三无”食品等违法行为，压实经营商户合规文明经营的主体责任。本次检查发现部分文娱场所存在保健食品与普通食品混放、货品分区混乱、货架摆放无序等安全隐患。执法人员当场开展法律法规宣讲，现场指导经营者优化货品分区陈列，依法下达责令改正通知书，督促商户立即完成整改。执法人员还在1处经营场所发现超过保质期食品，正在进一步调查中。检查全程同步开展现场普法引导，提醒各场所负责人树牢食品安全红线意识，健全落实日常经营管理制度，坚持合规文明经营。下一步，双鸭山市市场监管综合行政执法支队将持续聚焦文娱领域监管重点，常态化推进食品安全专项整治，严厉查处各类市场违法违规行为，不断规范文娱场所经营秩序，全力守护群众“舌尖上的安全”。作者：综合行政执法支队梁爽编辑：戴青松校对：张馨丹审核：李云霞"	,"中华人民共快心"	,"女生弟珍爱生命禁止黄赌毒人民共；红前啤酒围心打造国发道大黄米锅巴"	,"部门联动抓实专项检查 护航文娱场所食品安全"	,"中性"	
啤酒行业-行业-高,"2026-08-10 17:07:05"	,"toutiao"	,1,0,,,"110367785740"	,,"曾林"	,,"7672326936248500759"	,"https://api-app-proxy.tarsocial.com/api/token/v2/rewrite_url?url=1YusuDMvr9od4K_K1MN8mjIOcWIunAfzU6n1BFWqO51epWULBx3RE7QEHRGB_ihPoU9PN5Gd3WZWTtRuHtVqFA"	,,"在丹麦捡瓶子确实很值钱"	,"Nyh Indlos Iseku 在丹麦一个啤酒瓶子；Kr1.00 Engangsglas<1 L Belob: Kr1.00 udbetaling 能卖一块钱 Stotmadkundskaben ancets Don in pot tif Coop HauskoleCoCooa wtsaeragndenliningsmateaer；Kr3.00 ast>=1 L. Belab: Kr 3.00 能卖3块钱 Ddbetaling；ReturFLASKER 都不舍得把瓶子扔掉；Pantstatin 你会经常看到；IK pla: Daser Plastikflasker BBTOMRA 排着队卖瓶子的场景 kk；丹麦瓶子这么值钱的原因；Ku pos 就是因为你在买饮料或者啤酒的时候 Kun til tom poser oc；Kun til tomr poser og saol 你已经支付了瓶子的押金钱；所以说大多数人他是；不舍得把瓶子扔掉的；FOR DU PANT 但是有一小部分人；Kuntil estaffald 他会把瓶子扔掉；这就导致有很多人在夏天的时候；Kuntil restaffald 或者旅游旺季的时候会去捡瓶子；Pantstaticon 运气好的话一个月捡个；Pantstation 几千块钱也是没有什么问题的；IKKE tilgla plastikposer Daser Plastikflasker ABEN Heekan Jupante: 今天我把家里赞了两个月 attald；IKKEtil Daser plastikpos Plastikflasker BSTOMRA ABEN 的瓶子拿过来退一下 kot；Daser Plastikflasker BTOMRA 大家看看我能退多少钱啊；Kr11.00 现在这个机器就在计算我有多少瓶子；anrald. Kr12.50 然后有多少钱；SPEDITIO Kr14.00 Anslaet ventetid:2min 暂时有6个塑料瓶；E til glasflasker"" plastikposer og affald KSPEDN Kr17.00 两个易拉罐啊；Dlustv poser ou atteld 这样会比较方便；那边的机器它要自己；Etgasaske astkDoser og affald 还有这个机器要一个一个往里放；IKKE til glasflasker plastikposer og affald Kr25.50 还有这个机器要一个一个往里放；IKKE til glasflasker plastikposer og affald er Kn28. 00 这个它自己就是给你统计了 Ikke tll affald；MLEI 像这种玻璃瓶啊；KuNtitomme IKKEtilgtosffasker piostikfiasker piastikposerog attaie. osdsser 还有其他的袋子什么；IKK Daser plast Plastikflasker KUN 放进去它也会吐出来的；plastikposer og affald Kr33.50 还有就是说有些不能识别的 cketilaffald；瓶子也会从这个口里吐出来；AKetilglasflasker plastikposer og affald Kr-39.90；Kr42.50 自 Anslaet vontetd:2min.5 sek. 现在显示有42块钱了哈；stikposer og affald EKSPEDITION Kr44.00 看一下我今天这个瓶子能不能破百哈 Ikke til affald；IKKE til glasflasker"" plastikposer og affald Kr48.00 看一下我今天这个瓶子能不能破百哈；Mda；IKKE til glasflasker"" plastikposer og affald EKSPEDITION Kr97.50 17 51 Arslaot ventatid:2 min.5sek. 94块579697；IKKE til glasflasker"" plastikposer og affald. EKSPEDITION Kr100.5 tnslietyes 2 99好；KkEtillglasflasker"" plastikposer og affald EKSPEDITION Kr151.00 口 21 Ikke tiaffald；nKEfgiasiie plastikposer og affald EK Kr152.50 21 2 Anslaeventatid1mi.asok 150多7感觉应该可以退到一大半了；IKKE til glnsflasker sker plastikposerog affald EKSPI Kr164.50 RERO 150多了感觉应该可以退到一大半了 Ikke llaftald；poser og affald. EKSPEDITION Kr159.00 它显示还有一分多钟就会结束了；IKKE til glasflasker"" plastikposer og affald ker Kr159.00 它显示还有一分多钟就会结束了；IKKE til glasflasker"" sker plastikposer og affald EKSPEDI Kr177:50 欧洲很多国家它的瓶子都可以回收；IKKE til glasflasker"" plastikposer og affald EKSPEDITION Kr177.50 只不过说我觉得丹麦的 kke til affald；IKKE tilglasflasker"" plastikposer og affald EKSPEDITION Vant pa dinjcionng TAR. PAGEAV 回收的价格是比较贵的啊 Ikke tilaffald；plastikposerog affald. EKSPEDITION Vent pa din kvitin TAI- PAGENBYND 好了它现在是停了 fhke til atfald；plastikposer og affald. EKSI Tag venllgat kvittere TAK- PAGEHSYNI Ikke til affald；TAK- PA GENSYN!  lkke til a 停了它吐出一张小票；EKSPEDITION Vent venligst eller kontakt butikkens personale MENY FREDE NS EBON Hjaelp pakraevet Viholder afmad 172 VEBERA 50 ULEJUUN 我暂时是177块钱；哇机器坏了啊；它现在还没有退完；啊我需要把这些重新扔进去；Fciaser；caser 然后扔扔进去盖上盖；OUN IKKE tigasaoer ps；Vem venllast eller kont butikkens persrale Hjaelp pakraevet YIBINLAOER ULEIOHEDEK 但是它显示是坏了；那怎么办呢；可能要找工作人员了啊；Ventvenl butikloncpwsdna 现在退的是177块5；然后还有一大堆瓶子没给我吐出来哈；现在要去找工作人员；太难了退一点瓶子还要；还能把机器给退坏了；IKSPIDITION 这有个铃铛；TRYKFORHJELP EKSPEDI Kaerek Ring venllg- klokken. Vi harhortje butikken ove Viharikkevil alligevel flyvel Pa forhand takt omus Vis；ser stikflasker 喊一下工作人员来；因为他这个机器需要他们过来修啊；Daser IK Plastikflasker plas BTOMRA 因为他这个机器需要他们过来修啊；Plastik TOMRA 现在应该是工作人员来了；BTOMRA hi；TTOnA 他要过来修一下这个机器；IRKE lfglafske plasllkpoisr og ll oker AnIT Her Fardu  好了修好了；anteu品；ok；EKSI Kr1.00 自子 lko til affnld；DGNCES 说是全自动也不行啊 tllaffald；plastikposer og affald. EKSPEDITION Kr1.00 有的时候也需要人工来处理一下啊；因为刚才遇到一个小花絮；Kr6.00 Ikke tll affald 退了一半；00 FLASKEBON NORDENS PLADS 2000 FRERIN MENY Viholder afmad 77.50 然后机器坏了；Kr11.50 好现在我们继续啊 kke til affald；iKKE til glasflasker"" plastikposer og affald. EKSPEDITION Kr 168.00 显示168；TAK- PA GENSYN! Ikke til affaid；TAK- PA GENSYN! MENY Vihoidas rpa 第二张票是168+177；aser Plastikflasker Glasflasker SENT 剩下还剩几个瓶子需要我手工退了啊；NE；Belob 口口 Kr5.50 Udbatafing （pl 我现在手工退了5块5啊；MENY；ne ponteentge MENY 啊今天一共退了三张票；Be CAENV Vihou afma FLAS TERY NOSDED ME DIAEFREOERT MENY Viholder afmad Viholder afmad 168 K177.50 5块5168和177块5啊；Viho afmn ME Yeholdier AEN 5块5168和177块5啊；FLAS Viho FE HORDENGFON 200FREDERTVSSA MENY Vih Viholder afmad 177.50 现在拿着这个票去退钱哈"	,"为什么丹麦人都不舍得把瓶子扔掉？听听在丹麦的大哥怎么说"	,"中性"	
啤酒行业-行业-高,"2026-08-10 17:07:00"	,"xiaohongshu"	,,0,30,,"64febf400000000006031f2a"	,,"云酒荟百货的店"	,,"6a7994dc000000003300d21b"	,"https://api-app-proxy.tarsocial.com/api/token/v2/rewrite_url?url=cSb9xPr9PTnAREU6T0jLKsUsLLPSJ9iu21ImVmniC4V27fH7HbDED9dGUO4bVYyaFQf4S7LzNK5bCznGq6u79Q"	,"没有经销商码的燕京八景是假酒吗@云酒荟百货的店"	,,,"没有经销商码的燕京八景是假酒吗"	,"中性"	
啤酒行业-行业-高,"2026-08-10 17:06:54"	,"douyin"	,,0,94,,"211563179420951"	,,"康康和道道"	,,"7672326916251171258"	,"https://api-app-proxy.tarsocial.com/api/token/v2/rewrite_url?url=UxI1mE1VtivWWENn8adpDmG3kF8SwGcheiC2XVx5H1klqlPJO-Kake-aI98CabiwoaK_x-0nQG_dEe-6aF9JxQ"	,"误入一个新咖啡厅，喝了一个甜啤酒～#这个夏天 #发呆的下午茶"	,"VCR TAPE ""Slow Life"" Enjoy the moment CAMERA1 PLAY 00:01:28"	,"""SlowLife QEnjoy the|""Slow Life” Enjoy the moment.|WELCOMEHOME 目 WheatFieldsatAuvers 1890 Paintedin thdfinalmonthsofVanuo life""during his stayinAuvers-sur-Oise minous landscape captures the wheatlsudaledot wind-sweptskiesof theFrenchc withhissignaturedynamic""texturedbrush workinfusesevery strokewithn tand thequietbeauty iuskweeks efore hisdeath Artful Lines|""Slow Life” OEnjoy the moment.|""Slow Life” Enjoy the moment.|Slow Life|""Slow Life” Enjoy the moment.|""Slow Life Enjoy the moment.|Slow Life” Enjoy the noment.|Life"" Enjoy the momert.|""Slow Life joy the moment.|""Slow Life” Enjoy the moment.|""Slow Life"" Enjoy themoment.|""Slow Life” OEnjoy the moment.|""Slow Life” Enjoy the moment.|butvoushouldcomethroughtonight|butyoushouldcomethroughtonight|chilin'on the west side|chilin'on thewest side|boocallmyhomegirl 1|tellyourbestfriendvou canslidetoo T CUTB3X|onthc|ontheloworcmainocation|I don'twantthemseemegettin'faded|youshouldcomethroughtonight|youshouldcomethrough tonight"	,,"中性"	
啤酒行业-行业-高,"2026-08-10 17:05:21"	,"toutiao"	,,0,,,"502947684832520"	,,"优雅舞动旋律"	,,"7672326518424961024"	,"https://api-app-proxy.tarsocial.com/api/token/v2/rewrite_url?url=1YusuDMvr9od4K_K1MN8mjIOcWIunAfzU6n1BFWqO53UAdCJz5cctAOoWTnD-hnPO72QF8WgQbEvg64TFggnHg"	,,"CHAEMIPI"	,"The one thing that Leo is good at is teaching 里奥最擅长的就是教人；he's good at teaching the youngplayers 他很会带那些年轻球员；that are coming in from theacademy 尤其是从青训营升上来；he doesn't make anyplayerfeel 他不会让任何球员觉得自己不如他；youknowbelowhim 他不会让任何球员觉得自已不如他；he'sthat player 他就是那种会在训练场上多留下来；TS that will stay out on the training ground 他就是那种会在训练场上多留下来；S teaching the young kids going to watch the 教小球员的人；Nation the academy kids playing I didn't think 还会去看青训营的小孩比赛；OS you know he'll 这些年我们都看在眼里；这些年我们都看在眼里；he'll be the first in the gym 他总是第一个进健身房的；beko and he'll be the last out the gym 也是最后一个离开健身房的 26-02-88 oMateo；beko it's so surprising cause we don't see that yeah 这很让人意外，因为平时我们很少看到这种表现 b26-02-88 福 oMaleo；we associate thatwithhisrival 我们常把这种特质和他的对手联系在起，也就是克里斯蒂亚诺.罗纳尔多；CristianoRonaldohmm 我们常把这种特质和他的对手联系在起，也就是克里斯蒂亚诺.罗纳尔多；Messi's just natural but he works at this 觉得就是梅西有天赋，但这些都是他一直在努力打磨出来的；he's working behind the scenes 他在背后默默的训练；I don't thinkyouget to that level 我觉得没有这种内在特质，你不可能达到那个高度；我觉得没有这种内在特质，你不可能达到那个高度；youknowyou 你知道你刚刚提到克里斯蒂亚诺；ERBAL ATRITI youmentionedCristianoyouknow 我也从很多人那里听说过，他作为球员到底有多努力；JERBALIFE ATRITION I've heard that from multiple people about him as a 我也从很多人那里听说过，他作为球员到底有多努力；as a player and how much he works at it 以及他会把精力放在哪些方面；and how much he works at youknow 尤其那些他一直被称赞的点；theelementsthathe'sbeen 而且这种称赞已经持续很多很多年了；S beenpraised atyouknow 而且这种称赞已经持续很多很多年了；2IO EETS 而且这种称赞已经持续很多很多年了；RIO EETS 但里奥对于我来说 LEO FOR ME；我带你回到第一天 HE'S YEAH；我带你回到第一天 I'LL TAKE YOU；他第一次来到我们的训练基地那天 INTO OUR TRAINING；他大概早上6：50就到了 HE ARRIVED AT；XBTO 他大概早上6：50就到了 ABOUT6:5OIN；他大概早上6：50就到了 THE MORNING；训练基地没有人 AND THERE WAS；除了一个警卫让他进来 TRAININGFACILITY；XBTO 他6：50到达 HIM IN HE；XBTO；这太夸张了 THAT'SNUTSMAN；而且球队要到10点才开始训练 TILL TEN；球队直到10点才训练 TEAM WEREN'T TRAINING；CAPTA THENPREPARING；CAPTA 在做准备 PREPARING；他在健身房 HE'S IN THE；他在做的都是 HE'S HE'S；他在做的都是 THINGS THAT YOU；你觉得一个年轻小伙该做的那些事情 KID TO DO；可到了他这个年纪他还在做 DOING THEM NOW；而且他职业生涯已经赢得那么多 ANDHE'S EVERYTHING；而且他职业生涯已经赢得那么多 IN HIS CAREER；adios IIEESPIATT 你本以为他会放松一点 AFA TO BE A 2；但他还是很努力 BUT HE'S；如果我只能用一个词来形容他 IFI HAD；那就是：赢家 AWINNERIS；MESSI 就这么简单 ISSIMPLEAS；MESSI 他是赢家，而不是 NOT；不是说那种，呢，不是说拿了多少冠军 NOTINTHE；不是说那种，呢，不是说拿了多少冠军 SENSEOFUM；QATAR AIRWAYS 不是说那种，听，不是说拿了多少冠军 WHAT HE'S WON；QATAR AIRWAYS 而是他现在还是很渴望 HUNGRY"	,"贝克汉姆采访聊到梅西，即便手握无数奖杯，站在足坛顶峰，梅西依旧持续不断打磨自己。不止拥有顶尖球技，还愿意分享经验，带动身边年轻球员成长。强大从来不只是战绩，这份谦逊与自律，才是他长久发光的原因 #梅西 #LionelMessi#贝克汉姆 #DavidBeckham #迈阿密国际 #足球#球王梅西 #足坛访谈#..."	,"中性"	
啤酒行业-行业-高,"2026-08-10 17:05:08"	,"douyin"	,,2,1911,,"62334342269"	,,"花匠戴戴"	,2,"7672326459549353189"	,"https://api-app-proxy.tarsocial.com/api/token/v2/rewrite_url?url=UxI1mE1VtivWWENn8adpDmG3kF8SwGcheiC2XVx5H1md08yziltfGnPvYFS2gtAW3sDGZl0AXvkHC1PdqrDTfA"	,"牛奶放到过期，8+1一周补一次#你的冰箱都放了啥呢"	,"味味全活性乳酸嗯自由自由"	,"特仑苏全生态养鲜38L养乐味金福味全全活性乳酸真零活性乳酸菌IGTAG INGTAGSINGTHUTSIN青岛啤酒青岛啤酒青岛啤酒青岛啤酒养乐白啤白啤人白啤白啤0蔗糖净含量：330ml0蔗粮餐后舒畅自由。西性孔骏菌饮品嗯嗯自由。RedBull红牛"	,,
啤酒行业-行业-高,"2026-08-10 17:04:34"	,"kuaishou"	,,76,1365,,"4703717757"	,21,"泽泽＠"	,55,"3x79ygdu7hkbedw"	,"https://api-app-proxy.tarsocial.com/api/token/v2/rewrite_url?url=9ztplZmWLh3u69xTkhscCpmkZPB7DFcSEau1U7XU0GV3AjINzsuoSklzS0oqIU1L_8OAj_BloregAL2nYFMLUQ"	,"即使形同陌路 我也愿你一切安好 #晚安 #开心 #泽泽 #回黄口的路上 @忧字刻心♡(O5063147721) @既往不咎(O2368625992) @恨你片刻柔情(O4132059642) @2013.(O5589350742) @雨晨总爱哭.(O5445791299) @诺不若.(O992804171) @-泪让誓言模糊🐾✟(O3767190246) @早点睡(O5321607660) @你和我殉情吧✟(O5649793072) @阿年ˇ🐾(O3994215126) @JuLy.（发展➕）(O1437350887) @R.依和^(O4043581866) @怎么睡都好困(O1196534180) @涵涵控(O4168190591) @情  绪(O4564976662) @ㅤㅤㅤㅤㅤㅤㅤ   ㅤㅤㅤ       (O4213958793) @銘銘是你神爹（泪痣孝女(O2878761069) @缘尽.(O1574719844) @用户0618(O1071881941) @婉安留给你🖤(O4763431675) @忘忧草.(O1758868968) @柳公权(O4614187899) @彤 妹 妹、(O2918886865) @雯不雯(O5591169571) @Teaur(O5072687957) @谎言(O1241930598) @0929(O2840349096) @天真^(O3912727692) @桀.🐯(O4714355688) @宅灀.(O3311650614) @再钓我就跑路(O2864385189) @姀.🥤(O2749593719) @^昕上人^(O3330916660) @᳐ ᳐李子 ᳐੭🍀(O2907003047) @向你卖萌(O5103930467) @我的奶奶呀.(O4988188069) @止痛药(O3841008254) @恶魔用户杨杨(O4177586672) @斩断天真(O3389226906) @恶名罪(O5197452821) @无色雪(O5624505853) @你眼角有颗痣(O4411531386) @萌又坏(O4149813757) @𝙊𝙖𝙩𝙝(O2824887331) @天骄(O5360393787) @佳妹妹.^🐍(O2577760636) @ㅤ      ㅤㅤㅤ(O2434650360) @歆歆大王(O2040624462) @情话.(O5154057439) @总说對不起(O100605792) @浩浩控(O4445603816) @活着为了睡觉(O3772231920) @北冰洋(O4944888268) @有苦自咽(O4443188527) @東京雨.(O751422900) @銘天(O4626847395) @i☆伊定律 ♫♡₊ .ᐟ.ᐟ(O4156929431) @小魚干^🐟(O3130825692) @脾气像少羽(O4398755919) @小萱妹.萧(O3975585043) @𝟭𝟭.𝟮𝟬(O601131494) @osaka(O4802729984) @🪝(O3565409278) @赐予(O5132513645) @我的宝贝最可爱(O2693134792) @无意向⚝(O1816633754) @安怡(O1922136042) @Stella、(O4937562131) @老子叫Mox(O2587709611) @念你(O3794419486) @18岁壮壮妈cos性感母蟑螂(O3672884204) @钱比心真(O5631358336) @颜颜控🤯🤯🤬(O640684609) @世界太坏.(O5630133157) @大大怪将军(O5651752574) @大迫傑 Suguru Osako(O5057697468) @倦咪泪(O4086024153) @咩语奇言ʸᵇʷ🍏(O5071398195) @别哭.(O4262636534) @薄巧(O5568832844) @如初.(O2832736442) @萌青.困🍎(O1464635073) @妹妹(O5274338078) @用户0002(O5643153544) @痛意难绪(O3222948634) @恶劣天性（关注上限凌晨回）(O4360089252) @天使兔痕(O3047242559) @依賴我的貓是否存在(O4954486161) @辞玥钰(O904492571) @滞萌、(O4686695013) @恶魔咬痕(O3865115209) @钱比爱真💋(O2873653826) @恶魔用户.(O4564769326) @出了名的爱老公(O3142080928) @钱比爱真(O2194933224) @萌郁(O5557619315)"	,"中庭酒店"	,,"即使形同陌路 我也愿你一切安好 #晚安 #开心 #泽泽 #回黄口的路上 @忧字刻心♡(O5063147721) @既往不咎(O2368625992) @恨你片刻柔情(O4132059642) @2013.(O5589350742) @雨晨总爱哭.(O5445791299) @诺不若.(O992804171) @-泪让誓言模糊🐾✟(O3767190246) @早点睡(O5321607660) @你"	,
啤酒行业-行业-高,"2026-08-10 17:01:28"	,"douyin"	,,1,66,,"3300098541357764"	,,"星澜"	,1,"7672325514979906993"	,"https://api-app-proxy.tarsocial.com/api/token/v2/rewrite_url?url=UxI1mE1VtivWWENn8adpDmG3kF8SwGcheiC2XVx5H1m09zJPPLmm9xpB4paTIQsYlpRGp6hmekbFzDM1_5kFWg"	,"蜘蛛🕷️"	,"Dear MJ"" Hi""My rame is eter Parker.And you dom't tremem ber me""but I have something to tell you that's gonna sound crazy. But it sthe truth. And Yknow you' re yonna believeme"" beuse you're realy god at tlinwhnin ing We used to kow each other. Butsmetin bud was goma happen to th orid. And the ong nong to stp it was to make er yone for get me.inltu ding you. Becse 'm od gstr rr I'm Spider-Man. Stella Serena"	,"BecauseImnotjustPeter Parker.you'rereallygoo atellingwhenImlying.DearMJ""forgetme.Including you.And Iknow you're gonna believe me""becauseHi.Myname is Peter Parker.And you don'ttremember me""but I have something to tell youstella serenaWe usedto know each other.I'm spider-Man.And the only way tostop it was to make ever yoneButsomething bad was gonnahappen to the world.that's yonna sound crazy. Butit'sthe truth.|邱到"	,,"中性"	
啤酒行业-行业-高,"2026-08-10 17:00:07"	,"kuaishou"	,,36,1,1,"5378024781"	,7,"取命（限流中）"	,28,"3x9tfv29uxn2rws"	,"https://api-app-proxy.tarsocial.com/api/token/v2/rewrite_url?url=RW0E0pZpZ4b3TC4TLqOUvVGxn8_YPQ3rSoWGd-9tUfmUlgvA4tNncqcCS00ViGv80-pK3o-_8jeVb9nsXW07NKuUYMgQr5y9Eg2W-kWaqIo"	,"古二是谁？真的好眼熟啊 @活孩子(O2577719226) @一少(O3361163229) @不知道(O2477169139) @忆逝(O2952935874) @0011  回(O740424133) @废卡通(O4041809168) @i绪（已。黑化。（(O4250260258) @小蓝(O4621227792) @佑zZ(O4263646067) @飘雪（沉淀）(O4340469778) @什么尧(O2426152378) @快手用户1785939599568(O1655546097) @无奈(O1890539209) @快手用户1786014937303(O3442742866) @小宇子(O4553732734) @雪旭。。(O5640730318) @雾影(O4323474707) @天才沦瑟（冲2000）(O4373812899) @依歌(O3726552664) @雨水冲刷思念锈迹斑驳（陌陌）(O5521834314) @晓鱼（接单）(O2068831315) @NIMING[匿名](O4350166991) @受伤swe(O4853130902) @嫫万(O4742784687) @天才i繁（回关）(O5376375072) @凌夜ovo（恩师九玖）必回(O4181675020) @眠夜(O1439474099) @i乐天天国一(O5283997895) @搞空(O3785979943) @肥球(O3281218674) @旁观（玩蛋仔的关我全回）(O1301834570) @忆往昔(O1907559998) @人才惧封😔(O3210614060) @侍停.(O3844964978) @killer磁（11.12🍰）(O3716070527) @梓彧 9.26🎂(O4715686240) @河西（已，黑化。（(O4338159513) @承诺(O2331601260) @章鱼.🐟(O3586934423) @伫浪(O4613825194) @籠掴ovo(O5430813947) @ZIDAN （呰）(O4578587862) @垡泉（高冷。（）(O1586090626) @淡定 ^ ̳ ·̫  ̳^(O4110608345) @frustrated(O3530168212) @dark(O3860092566) @我牙刷(O2672642520) @透明(O3915677403) @minister(O3300804748) @我是三龙(O95409970) @seventy（评封）(O2301710405) @驾福ovo(O5096816446) @小小汉子(O2441991339) @球肥(O3282429577) @r青争ovo(O145098960) @扰岛(O3871769330) @泊炫(O4120860494) @禾猛(O1345341763) @透明ovo(O5584073626) @天才俊烽(O4579302323) @日落OvO(O3128294031) @i寒天天开心(O4433237444) @谎言与爱交织(O5285258570) @导线ovo(O5291031424) @林愿.(O1512360693) @牢阵(O2452752428) @小优矮（(O4946794145) @車縻ovo（回关接投稿）(O4956489811) @耗诂(O2328265133) @Alexy(O3003620481) @百威OVO(O902828902) @培养(O4904231990) @7iko(O1951708838) @清尽𝓒𝓵𝓮𝓪💤(O2890812633) @虔诚de憋老仔(O2650300865) @馒头五(O2888894144) @甲乙王（互回）(O4616582479) @繁嫖（8.25🎂）(O5273299004) @迷你挽梦🥰(O4124789381) @天才忧愁(O4824118385) @孤星.(O429045210) @估暑(O5133764129) @i七TvT(O3639865973) @蟑螂ovo(O2348758675) @忘而伤(O4329522859) @评封 （伤感中）(O2925945462) @江陵（9.9🎂）(O2943863381)"	,"排行榜派对虫位仿全服地区双人^ 好友赛季领潮榜? 关卡： 出舱作业乐园排行榜依歌爱Jay 通关时间 00'34""299 赛季玩法榜 ·................... 舌孩子赛季竞速榜通关时间 00'34""533 蛋仔飞车榜情绪旧帧难料 X 3 通关时间 00'34""900 艾比大师赛秘境层数榜 ks绞料通关时间双旋实验塔依歌爱Jay 体感切切通关时间 00'34""299 体感吃吃该榜10分钟刷新一次赛季切换时重置砖国二是谁？ 怎么感觉好眼熟啊？ 体感蹦蹦疯狂农场 nOJ2PhUIgoLwS"	,"排行榜派对虫位仿全服好友地区双人^ 赛季领潮榜关卡： 出舱作业乐园排行榜? 依歌爱Jay 通关时间 00'34""299 赛季玩法榜 ...................... 舌孩子赛季竞速榜 2 通关时间 00'34""533 蛋仔飞车榜情绪旧帧难料通关时间艾比大师赛 00'34""900 秘境层数榜 ks绞料通关时间双旋实验塔依歌爱Jay 1 体感切切通关时间 00'34""299 体感吃吃该榜10分钟刷新一次季切换时重置国二是谁？ 怎么感觉好眼熟啊？ 体感蹦蹦疯狂农场 nOJ2PhUIgoLwS；依歌爱Jay 2 +32 第卖乐否愣 ·+31 名前12名晋级全队通过小队分数： 63 原声第1名关闭跳过双人全国新纪录 3429 ↑2183 全国第1名延迟39 帧率60 nOJ2PhUHAgLwP 巅峰派对"	,"古二是谁？真的好眼熟啊 @活孩子(O2577719226) @一少(O3361163229) @不知道(O2477169139) @忆逝(O2952935874) @0011  回(O740424133) @废卡通(O4041809168) @i绪（已。黑化。（(O4250260258) @小蓝(O4621227792) @佑zZ(O4263646067) @飘雪（沉淀）(O4340469778)"	,"中性"	
啤酒行业-行业-高,"2026-08-10 16:58:51"	,"weibo"	,,0,,,,,"三口蛋黄派"	,,"5330410383082289"	,"https://api-app-proxy.tarsocial.com/api/token/v2/rewrite_url?url=1CCta59L4sZZ9IPmlxMqsItcSuZrGR8J2PcSqdaXsr8G3tSeD-0NoPs1_BT9BLu0"	,"胜利只是人生过程中的一些小站，你的兴奋除非到站的那一刻外，[炸鸡啤酒][纸飞机]🖥 //@奕只椰蓉糖://@幸福留声机-://@姥妐是天:[开摆][开摆][开摆]//@只想宝张奕然一辈子:[兔子][兔子][兔子]//@鱼涵_h://@奕只萌猪baby:[打call][打call]//@然味豆奶:[爱你][爱你][爱你]//@冷漠的蟑螂鼠:🥺🥺🥺//@丸全萌猪:[哈哈][哈哈][哈哈]//@奕个嘟嘟:宝宝！//@椰奶然然冰:宝宝你真棒呀[rtt][明星动态](http://t.cn/AXCZBR8s)"	,,,"胜利只是人生过程中的一些小站，你的兴奋除非到站的那一刻外，[炸鸡啤酒][纸飞机]🖥 //@奕只椰蓉糖://@幸福留声机-://@姥妐是天:[开摆][开摆][开摆]//@只想宝张奕然一辈子:[兔子][兔子][兔子]//@鱼涵_h://@奕只萌猪baby:[打call][打call]//@然味豆奶:[爱你][爱你][爱你]//@冷漠的蟑螂鼠:🥺🥺🥺//@丸全萌猪:[哈哈][哈哈][哈哈]//@奕个嘟嘟:宝宝！//@椰奶然然冰:宝宝你真棒呀[rtt][明星动态](http://t.cn/AXCZBR8s)"	,
啤酒行业-行业-高,"2026-08-10 16:58:12"	,"kuaishou"	,,97,910,,"2928298865"	,11,"＠                  ."	,86,"3xsa9hxge3ddwgm"	,"https://api-app-proxy.tarsocial.com/api/token/v2/rewrite_url?url=9ztplZmWLh3u69xTkhscCpmkZPB7DFcSEau1U7XU0GUfEEbaLevI3T1F3wIbSzB46H9axSZSrB3qgwZNHdwV7A"	,"昨天喝多了 特别想你 今天酒醒了 才发现跟喝多了没关系 #已成年道具假酒"	,"Cuaiang DRAF Currang CBe 纯生啤酒"	,,"昨天喝多了 特别想你 今天酒醒了 才发现跟喝多了没关系 #已成年道具假酒"	,
啤酒行业-行业-高,"2026-08-10 16:58:03"	,"kuaishou"	,,11,1211,1,"691298679"	,,"小吕！"	,10,"3xqq9jbjz2mjmqy"	,"https://api-app-proxy.tarsocial.com/api/token/v2/rewrite_url?url=RW0E0pZpZ4b3TC4TLqOUvVGxn8_YPQ3rSoWGd-9tUfkBuof7KIvQ49_3QwxdUO7nvgKTBwk6tWvOYy9UoUVNTmSAh3FjnUyW3VMtlQTg2S4"	,"19岁这年，终于完成心愿之一。来北京是妈妈的梦想，带妈妈来北京是我的梦想，带她感受首都的繁华与厚重的历史，圆她心心念念的北京梦。 #带妈妈去北京"	,"中华人民共万岁世界人民大区"	,"中华人民共万岁世界人民大医；WETFTIOR 江；TheGreat Hall of the Peopl；江山如此多路；盐北京钣店；中华礼仪厅 Chlna Ceremonial Restaurant 营业时间：OpeningHours 11:30-14:0017:30-21:30；中华礼仪厅；老家；Ganter 公筷百岁走开；东主席在北京饭店参站的餐具；运动会的服务保障工作。 oonsiblef 的服务保障工作。 “双奥饭店” 务夏季、冬季两届奥运盛事，可请“双奥饭店”。 Dual Olympic Hotel npic Games and the 2022；BEIJING HOTE 北京饭店 BEIIINGH；DIOR；5 蒸；请勿攀爬请勿抛物 DCLMBIN；Tsingtao Taste the legend Don't leave Beijing withoutit.；nfiGO；因"	,"19岁这年，终于完成心愿之一。来北京是妈妈的梦想，带妈妈来北京是我的梦想，带她感受首都的繁华与厚重的历史，圆她心心念念的北京梦。 #带妈妈去北京"	,"中性"	
啤酒行业-行业-高,"2026-08-10 16:56:15"	,"weibo"	,,0,,,,,"三口蛋黄派"	,,"5330409724052369"	,"https://api-app-proxy.tarsocial.com/api/token/v2/rewrite_url?url=1CCta59L4sZZ9IPmlxMqsItcSuZrGR8J2PcSqdaXsr_08PvjsdZdg88PXQn0zhp_"	,"成功如同谷仓内的金表，早已存在于我们周围，散布于人生的每个角落，只要执著地去寻找，就必然能找到。与其做一个有价格的人，不如做一个有价值的人；与其做一个繁忙的人，不如做一个有效力的人。[炸鸡啤酒]🈳⛺🏄 //@奕只椰蓉糖://@幸福留声机-://@姥妐是天:[开摆][开摆][开摆]//@只想宝张奕然一辈子:[兔子][兔子][兔子]//@鱼涵_h://@奕只萌猪baby:[打call][打call]//@然味豆奶:[爱你][爱你][爱你]//@冷漠的蟑螂鼠:🥺🥺🥺//@丸全萌猪:[哈哈][哈哈][哈哈]//@奕个嘟嘟:宝宝！//@椰奶然然冰:宝宝你真棒呀[rtt][明星动态](http://t.cn/AXCZBR8s)"	,,,"成功如同谷仓内的金表，早已存在于我们周围，散布于人生的每个角落，只要执著地去寻找，就必然能找到。与其做一个有价格的人，不如做一个有价值的人；与其做一个繁忙的人，不如做一个有效力的人。[炸鸡啤酒]🈳⛺🏄 //@奕只椰蓉糖://@幸福留声机-://@姥妐是天:[开摆][开摆][开摆]//@只想宝张奕然一辈子:[兔子][兔子][兔子]//@鱼涵_h://@奕只萌猪baby:[打call][打call]//@然味豆奶:[爱你][爱你][爱你]//@冷漠的蟑螂鼠:🥺🥺🥺//@丸全萌猪:[哈哈][哈哈][哈哈]//@奕个嘟嘟:宝宝！//@椰奶然然冰:宝宝你真棒呀[rtt][明星动态](http://t.cn/AXCZBR8s)"	,
啤酒行业-行业-高,"2026-08-10 16:54:59"	,"weibo"	,,0,92,,"5883026412"	,,"来到月球的睿智小鲸鱼"	,,"5330409403715222"	,"https://api-app-proxy.tarsocial.com/api/token/v2/rewrite_url?url=bETNdXXxBw6SRVox7gALQ09ge0TP5FKnHt5Wocm6VzNTFE-pbVxzSmDMwnBOV9OzgajJaoLHyh8XhueUcxarcg"	,"E属性大爆发的一周末 "	,,"婚媽特啤酒 A DON'TTELL 司陶特啤酒 WEA；内蓝干类"	,"E属性大爆发的一周末"	,
啤酒行业-行业-高,"2026-08-10 16:53:00"	,"app"	,1,0,17583,,"1646657516437240"	,,"梁老师讲糖"	,,"5073476212836556911"	,"https://api-app-proxy.tarsocial.com/api/token/v2/rewrite_url?url=I5l5tNu2JhIC5APJ5BrvHJGXI4kGqL7Mc5DwcYlxAVbc4iwBlE4jOAwplo7tSTpSjQtuhjNdT6yhHZikBiJCi1YWbW_29gxHhI2-zdnoLjI"	,"泡沫尿吃什么药才能见效｜小心！这可能是肾脏在求救，乱吃药反而让你肾虚！ 泡沫尿别急着买药，得先判断是不是真的有问题。 如果小便后泡沫像“啤酒沫”，10分钟还不消散，很可能是蛋白尿，是肾脏在求救。 这时候，赶紧去医院查个尿常规和肾功能，别自己乱吃药。 因为导致泡沫尿的原因很多，比如高血压、糖尿病，或肾炎。 如果你是高血压患者，平时要把血压控制在130/80mmHg以下，遵医嘱吃降压药（如普利类或沙坦类），能有效减少蛋白尿。 另外，千万别信“补肾”偏方，像关木通这类中草药乱吃，反而会伤肾。 最重要的一条：一定要听医生的话，别自己当医生，否则越治越糟。"	,"泡沫尿吃什么药才能见效小心！这可能是肾脏在求救 ，乱吃药反而让你肾虚"	,"泡沫尿吃什么药才能见效小心！这可能是肾脏在求救乱吃药反而让你肾虚！ @梁老师讲糖1.泡沫尿先别急吃药如果小便里泡沫像“啤酒沫”一样， 10分钟还不消散可能是有蛋白尿。先别乱买药，去查个尿常规，查明原因才是关键。 2.控制血压是关键高血压是泡沫尿的常见凶手。如果你有高血压，遵医瞩吃[ 降压药】（如普利类或沙坦类），把血压控制在[130/80m mHgJ以下，就能减少蛋白尿。 3.别乱吃中草药很多人听说“补肾”药物能治泡沫尿，其实乱吃中草药如关木通、广防己）会加重肾脏损伤，让泡沫尿更严重。 只吃医生开的正规药。 @梁老师讲糖"	,"泡沫尿吃什么药才能见效｜小心...@梁老师讲糖的动态"	,
啤酒行业-行业-高,"2026-08-10 16:50:17"	,"douyin"	,,0,66645,,"4065338199920440"	,,"纯耕纯耕滋补养生专卖店"	,,"7672322616295738670"	,"https://api-app-proxy.tarsocial.com/api/token/v2/rewrite_url?url=UxI1mE1VtivWWENn8adpDmG3kF8SwGcheiC2XVx5H1nmfDinTH1tfIFYfnJy_p1BwYolMnDwY81pTiWcsnfXVg"	,"相信向内的力量，每日枸杞，养好自己！#枸杞原浆#自律饮品"	,"时不大长于衣这个是无法造假的"	,"不大干衣这个是无法造假的"	,,"中性"	
啤酒行业-行业-高,"2026-08-10 16:49:00"	,"app"	,1,0,139,,"1776181067741191"	,,"贾春松博士神经源性膀胱专家"	,,"3963362806143636031"	,"https://api-app-proxy.tarsocial.com/api/token/v2/rewrite_url?url=JOP00mDt5xetuhVvXhnO2nmiLK4f3c6CW04r241u9-d41zN2J0HQIT_nM5uAKvib0N0hW75hvoAjzSHoUtj6CvD9l8tUd9fH7vjxGcrzvwU"	,"双肾结晶饮食注意什么 双肾结晶属于肾结石的前期病变，多数情况下只要调整好饮食，就可以帮助结晶溶解排出，避免发展成结石哦。 ✅首先要保证充足饮水量，双肾结晶大多是尿液浓缩后，杂质析出形成的，多喝水可以稀释尿液、冲刷结晶。每天要喝够2000-2500ml的水，少量多次饮用，不要等到口渴才喝。 ❌其次要严格控制高草酸、高嘌呤食物摄入，我国超过80%的肾结晶是草酸钙结晶，尿酸结晶也和高嘌呤饮食直接相关。像菠菜、浓茶、芦笋这类高草酸食物，海鲜、动物内脏、啤酒这类高嘌呤食物，都要尽量少吃。 ⭕️最后还要注意清淡控盐，每天吃盐不要超过5g，日常可以多吃点柑橘类水果，其中的柠檬酸能帮助抑制结晶形成。如果出现腰痛、肉眼血尿，或者定期复查发现结晶持续增大，一定要及时到泌尿外科就诊检查哦。 #双肾结晶# #饮食注意# #金牌药师# #白大褂朋友#"	,"双肾结晶饮食注意什么必看记得收藏哦"	,"双肾结晶饮食注意什么必看记得收藏哦；双肾结晶饮食注意什么 01 保证充足饮水量双肾结晶多因尿液浓缩致杂质析出，每天需喝2000-2500ml水， 少量多次，别等口渴再喝。 02 严控高草酸高呤食超80%肾结晶是草酸钙结晶，尿酸结晶与高嘌岭饮食相关，要少吃菠菜、浓茶、海鲜等高草酸高嘌呤食物。 03 清淡控盐及及时就医"	,"双肾结晶饮食注...@贾春松博士神经源性膀胱专家的动态"	,"中性"	
啤酒行业-行业-高,"2026-08-10 16:48:10"	,"kuaishou"	,,0,104,,"1826387650"	,,"一帆风顺，💕💕💖"	,,"3xth5z92e3npe76"	,"https://api-app-proxy.tarsocial.com/api/token/v2/rewrite_url?url=RW0E0pZpZ4b3TC4TLqOUvVGxn8_YPQ3rSoWGd-9tUfkK9i5AfpUnXzlyYcyS_eCGkWqqIGFqxR55OrsBPvOCDeRD48JWhgz8ZTLki5SLduk"	,"福佳新天地"	,"R"	,"做人有度！ 禁止随地小便！；做人有度！"	,"福佳新天地"	,"中性"	
啤酒行业-行业-高,"2026-08-10 16:48:08"	,"xiaohongshu"	,,0,,,"5d3da84000000000100392fd"	,,"梦境特工牢莫"	,,"6a7990480000000028003a7c"	,"https://api-app-proxy.tarsocial.com/api/token/v2/rewrite_url?url=cSb9xPr9PTnAREU6T0jLKsUsLLPSJ9iu21ImVmniC4W6-5xzct4qLYYfPb_CS80g2L4KxyAQ9z2JO6uD_Thvyw"	,"假面骑士ZZZ第二十六集Case26:集结脚本:高桥悠也监督:叶山康一郎动作监督:渡边淳特摄监督:佛田洋2026年03月15日播出Don'tmakemydreamcometrue.(不要让我的梦境成真)为了再次拯救世界而站出来的万津莫。被梦中的他打动的沉睡少女·宁梦。对现实中的他抱有怀疑的原警视厅怪事课的富士见。担心他的妹妹·美浪。还有等待时机到来的诺克斯、夫人以及急于掌握事态的CODE的各位。梦中的莫向富士见、成华、美浪说明了迄今为止的恐怖经历。诺克斯也偷偷地听着莫的故事""而此时接受了CODE指令的Five(5)和Six(6)出现了!激战的4个人但是新的异变!?在预知梦中支离破碎的碎片""聚集在莫的身边。PLAYBACK.而现在""所有的碎片都变成了一体。PS:新的假面骑士假面骑士黎明(Dawn)也将登场!"	,"画像素 S88808-880-068-8888880881"	,"画像素；面7R KAMEN LRIOER Case26 日曜午前9時元L匕朝日系放送 2025石森口·L比朝日·ADKEM·東映"	,"假面骑士Zeztz海报拼豆图纸第二十六话"	,"中性"	
啤酒行业-行业-高,"2026-08-10 16:47:44"	,"weibo"	,,8,2534,,"6902164800"	,7,"晋江一明觉书"	,1,"5330407579193259"	,"https://api-app-proxy.tarsocial.com/api/token/v2/rewrite_url?url=1CCta59L4sZZ9IPmlxMqsDSsZx7Ah7SL0JP0l4O_t1HGhocBGUxg9wEe-kmsYXMb"	,"到底要干嘛到底要干嘛到底要干嘛[淡淡的][淡淡的][淡淡的][淡淡的][淡淡的][淡淡的][淡淡的][淡淡的]别盯着这一本举了呗我们妹哥没惹任何人"	,"文章检举 2026-08-1015:30:29 管理员88 文章《朝日不沉》第39，40章被锁定，原因：章节色情尺度超标，单锁章节要求清理。"	,"文章检举 2026-08-1015:30:29 管理员88 文章《朝日不沉》第39，40章被锁定，原因：章节色情尺度超标，单锁章节要求清理。；文章检举 2026-08-1015:31:43 管理员88 文章《朝日不沉》第41，42章被锁定，原因：章节色情尺度超标，单锁章节要求清理。；文章检举 2026-08-1015:33:25 管理员88 文章《朝日不沉》第46，48，49章被锁定，原因：章节色情尺度超标，单锁章节要求清理。；文章检举 2026-08-1015:35:11 管理员88 文章《朝日不沉》第50，52，53章被锁定，原因：章节色情尺度超标，单锁章节要求清理。；38chapter38 如果这样想你能好受点的话 9896点击 2026-01-0218:46:162086字此章节已锁此章节已锁此章节已锁此章节已锁 43 3chapter43 他一点也不想要她做妹妹 1.3万点击 2025-03-1115:22:525228字此章节已锁 45 5番外一女A男O (2) 1.1万点击 2025-03-2100:25:463264字此章节已锁 B 此章节已锁 B 此章节已锁 B 此章节已锁此章节已锁 51 突如其来的番外三乱七八糟的论坛体番外 9233点击 2025-06-1301:53:222955字此章节已锁此章节已锁 B"	,"到底要干嘛到底要干嘛到底要干嘛[淡淡的][淡淡的][淡淡的][淡淡的][淡淡的][淡淡的][淡淡的][淡淡的]别盯着这一本举了呗我们妹哥没惹任何人"	,
啤酒行业-行业-高,"2026-08-10 16:39:01"	,"douyin"	,,54,30,,"1508955242380445"	,6,"李商隐"	,48,"7672319723686770304"	,"https://api-app-proxy.tarsocial.com/api/token/v2/rewrite_url?url=UxI1mE1VtivWWENn8adpDmG3kF8SwGcheiC2XVx5H1ld5i-UFHcUqkvbjIGiCxV5rxKhKYC7wPDwb0DKOnBzRQ"	,"如果沉默让你感到开心 那么我会一直沉默"	,"22:33 34 添加音频 ? happynewday Love 业故事发送至"	,"22:3334X添加音频I月{S)(+)happynewdaymYLoVe个故事发送至#####RYBAroopy润培###############Carlsler嘉士伯，成就更费#####4#####22:3633We Don't Talk Anymore (feat.Charlie Puth8LoVe故事发送至#####H大D号##########SukmallASMALETOW###############良品铺子初苹果圈整果原切配方简单富含膳食纤维#####古茗LII你是我心里的Fresh第一位必肝头第你系涯心goodme###############x140183""82053612##########"	,,"中性"	
啤酒行业-行业-高,"2026-08-10 16:38:20"	,"toutiao"	,3,0,,,"3903692917711523"	,,"清新宇宙东风"	,,"1873124890861580"	,"https://api-app-proxy.tarsocial.com/api/token/v2/rewrite_url?url=1YusuDMvr9od4K_K1MN8mlDDzP1nPFJ1ypc-UlWqfKDxhqxLe2hZNBgubcDbpP8uOuKKOO7OMcapSvo4nqHfQA"	,"天气太热一整天没出屋。

我前两年也总爱这么干，天热就宅家彻底放飞，上午吃完饭练一个小时抗阻出一身透汗，就琢磨着得整点凉的香的犒劳自己，总觉得消耗够了吃啥都没负担，还觉得一个人过日子没人管，想咋来咋来太舒坦。

后来才知道踩了多大的坑！刚运动完血管都扩张着呢，直接灌冰啤酒我去年就中招过，急性肠胃炎上吐下泻折腾了快一周才好。还有那看似清淡的黄瓜魔芋凉皮，配着卤花生、卤鸭腿再加啤酒，盐和嘌呤直接超标，我上个月体检查尿酸都快到临界值了。

真不是扫兴，咱这岁数身体早就不抗造了，爽那十几分钟遭罪好几天，真犯不上啊。
"	,,,"天气太热一整天没出屋。

我前两年也总爱这么干，天热就宅家彻底放飞，上午吃完饭练一个小时抗阻出一身透汗，就琢磨着得整点凉的香的犒劳自己，总觉得消耗够了吃啥都没负担，还觉得一个人过日子没人管，想咋来咋来太舒坦。

后来才知道踩了多大的坑！刚运动完血管都扩张着呢，直接灌冰啤酒我去年就中招过，急性肠胃炎上吐下泻折腾了快一周才好。还有那看似清淡的黄瓜魔芋凉皮，配着卤花生、卤鸭腿再加啤酒，盐和嘌呤直接超标，"	,"中性"	
啤酒行业-行业-高,"2026-08-10 16:33:00"	,"app"	,1,0,19,,"1764648575697575"	,,"泌尿外科林建中医生"	,,"4953922675885505468"	,"https://api-app-proxy.tarsocial.com/api/token/v2/rewrite_url?url=AlCFAzSA--AUCYs-jlvwLjn7__RnF6j-EXk8a-YqyCIAoLcTIRXCM9Pq1Debsb6inUx6QVvwXcuoW1B_9oP6DY-ina_oCiaduQpSAlI5OJY"	,"蛋白尿有哪些常见症状 蛋白尿的“隐形信号”，身体早就告诉你了！🧐 别等体检报告亮红灯才慌！蛋白尿早期可能没明显不适，但身体会默默发出求救信号👇 1⃣泡沫尿：小便后泡沫细小、密集，像啤酒沫一样久久不散，别以为是冲力大，这是蛋白漏出的典型表现。 2⃣水肿：早晨眼皮肿、下午脚踝肿，按压后回弹慢，说明水分和蛋白在体内滞留了。 3⃣疲劳乏力：蛋白流失导致营养不足，总觉得累、没力气，甚至头晕、脸色苍白。 4⃣尿量异常：夜尿增多（一晚超过2次），或尿量突然减少，都可能是肾脏过滤功能出问题。 5⃣腰酸背痛：肾区隐隐酸痛，不是闪腰那种疼，而是持续性酸胀，尤其在劳累后加重。 ⚠提醒：蛋白尿不是小问题，长期不理会可能损伤肾功能。发现以上症状，建议去查尿常规和肾功能，早发现早干预！ #蛋白尿症状# #泡沫尿# #肾脏健康# #尿液异常# #水肿原因# #金牌药师# #白大褂朋友#"	,"蛋白尿有哪些常见症状？ 蛋白尿是肾脏发出的 “求救信号” 蛋白+"	,"蛋白尿有哪些常见症状？ 蛋白尿是肾脏发出的 “求救信号” 蛋白+；1.水肿常见于眼脸、面部晨起明显；严重时下肢、脚踝也会肿胀。 2.尿液泡沫增多尿液表面泡沫多， 且长时间不消散，；容易感到疲劳、 精神不振，体力下降。 4.尿量及尿色异常可能出现尿量增多 （尤其夜尿多）， 尿色发黄。 出现以上症状，建议及时就医检查！"	,"蛋白尿有哪些常见症状 ...@泌尿外科林建中医生的动态"	,
啤酒行业-行业-高,"2026-08-10 16:33:00"	,"toutiao"	,,0,,,"2468825950334328"	,,"羽洛灵"	,,"7672304761512673307"	,"https://api-app-proxy.tarsocial.com/api/token/v2/rewrite_url?url=1YusuDMvr9od4K_K1MN8mjIOcWIunAfzU6n1BFWqO519L1TpjlJ7kE4oWDv4o_ucFc-hUVRmJg1U0rGAfux6Fg"	,,,"CHINA"	,"刚从酒厂接出来的原浆酒！没经过任何勾兑，就是够味"	,"中性"	
啤酒行业-行业-高,"2026-08-10 16:32:22"	,"douyin"	,,0,12141,,"3868525144572235"	,,"国企供销合作社店铺"	,,"7672317986690141466"	,"https://api-app-proxy.tarsocial.com/api/token/v2/rewrite_url?url=UxI1mE1VtivWWENn8adpDmG3kF8SwGcheiC2XVx5H1nwjLlruTI5Wc5hPgzTvoNgrMg651tMm8dBccNdsiOHGw"	,"花一样的钱，千万别买勾兑的假醋！供销社纯原浆苹果醋，给自己选点好的。"	,"9 我喝它可不是因为"	,"9我喝它可不是因为"	,,"中性"	
啤酒行业-行业-高,"2026-08-10 16:31:29"	,"kuaishou"	,,3,664,,"2410131891"	,,"密歇根杀人夜"	,3,"3x7qjx2p2rebuws"	,"https://api-app-proxy.tarsocial.com/api/token/v2/rewrite_url?url=RW0E0pZpZ4b3TC4TLqOUvVGxn8_YPQ3rSoWGd-9tUfnWW81mOVfL2evt5my0knmm6Xq2xenqm_ZBfhZ0jZTHdMSpZJp4eek_nFR158A-cds"	,"缄默夜暴雨无晴"	,"N! HI"" TESSA"	,"N! HI"" TESSA.；作曲：Rio Romeo IfIleavetomorrow 如果我明天离开了 Would you bealright 你会没事吗？ Wouldyoubefilledwithsorrow 会满腹悲伤吗？ Would you put up a fight 会不依不饶吗？ How can Iprotectyou 我该怎么保护你呢 WhenI don't feel alright 在我感觉糟糕的时候 If I just vanished；我在找一个看过我灵魂的废墟仍能迎难而上的人遍寻未果的话此生，我就和自己闯过一切苦厄我在找一个人一出贸会委会乐中然 160；享#超级新人礼# 新人下载肯德基超级APP，首次注量或登录会员；A 福王铎福福文征明福赵孟频苏淘智承旅福福李之仪邓文原宋隧何绍基唐大宗福福宋徽宗边武董其昌补；Draco Mal SHAWER BOX SWERBOX Malfoy Draco Malfoy Draco Malfoy Draco Malfoy"	,"缄默夜暴雨无晴"	,"中性"	
啤酒行业-行业-高,"2026-08-10 16:31:00"	,"douyin"	,,0,2478,,"3140631341568859"	,,"夏微雨"	,,"7672288555125909882"	,"https://api-app-proxy.tarsocial.com/api/token/v2/rewrite_url?url=UxI1mE1VtivWWENn8adpDmG3kF8SwGcheiC2XVx5H1kyFgWa8TZ5tdO0RBWO1b_X9hmC--gI-JJegXfNUFCAjA"	,"暑假不加价的酒店，我给你找到了， 嘉合海景度假酒店200米就是大海， 去这个融创世界的话也就是几百米。 近期来参加啤酒节也是非常方便，刷到赶快囤起来。（详情页为准）#青岛 #青岛旅游打卡 #青岛金沙滩国际啤酒节 #海景民宿 #海景酒店"	,,"暑熊不加价助酒店我给印找到嘉合海聚度银酒店200米就是大"	,,"正向"	
啤酒行业-行业-高,"2026-08-10 16:29:00"	,"app"	,1,0,238,,"1801729541785343"	,,"泌尿外科张晓文医生"	,,"4612383457586128977"	,"https://api-app-proxy.tarsocial.com/api/token/v2/rewrite_url?url=fRAPEw4dRUcTuEdwS26rhhQGql7Tt4wdp3RDugrHD5vh0a9FvIpU9fIxw8empiKfk5dBaOyKeuTAqcc9qp89OEJdtD_rx-po7PdKAo1H98E"	,"24小时尿蛋白定量多少算异常？ 24小时尿蛋白定量，这个数值超标要警惕！🚨 肾脏健康的“警报器”——24小时尿蛋白定量，到底多少才算异常？别慌，今天用大白话讲清楚！👩⚕ 正常范围：24小时尿蛋白总量500mg，就要高度警惕慢性肾病！超过3.5g/天，则是肾病综合征的典型特征，常伴随水肿、泡沫尿。⚠ 但注意！单次升高不一定等于肾病——剧烈运动、发烧、感染也会暂时升高。需要排除这些干扰后复查。如果持续超标，务必做进一步检查：尿微量白蛋白、肾功能、肾脏B超。 别忽视那些“泡沫不散”的尿！泡沫多且细小，像啤酒沫一样，可能是蛋白尿的信号。📢 保护肾脏，从定期监测开始。别等水肿、乏力才后悔！💪 #24小时尿蛋白定量# #肾脏健康# #蛋白尿科普# #肾病早期信号# #尿液检查# #金牌药师# #白大褂朋友#"	,"24小时尿蛋白定量多少算异常？ 24h 24小时尿"	,"24小时尿蛋白定量多少算异常？ 24h 24小时尿；正常范围 24小时尿蛋白定量正常值：<150mg 异常范围（蛋白尿） 轻度：150mg~1g 中度：1g~3.5g；肾小球疾病 （如肾炎、肾病综合征等） 糖尿病肾病高血压肾损害其他疾病 （如狼疮、感染等） 提示：发现蛋白尿请及时就医检查！"	,"24小时尿蛋白定量多少...@泌尿外科张晓文医生的动态"	,
啤酒行业-行业-高,"2026-08-10 16:28:59"	,"douyin"	,,0,1567,,"13152319256"	,,"（为爱执着)꧁࿆ั爱✾࿆꧂"	,,"7672317141374917322"	,"https://api-app-proxy.tarsocial.com/api/token/v2/rewrite_url?url=UxI1mE1VtivWWENn8adpDmG3kF8SwGcheiC2XVx5H1kx_Ti0b2oEGMkH8rSho28cdBbnpugPlBI6qvoQ2JBk4Q"	,"意外收获"	,"特等奖 35岁少妇一个限2026年12月30日过期作废想到喝点啤酒还中大奖呢"	,"特等奖35岁少妇一个限2026年12月30日过期作废想到喝点啤酒还中大奖呢"	,,"中性"	
啤酒行业-行业-高,"2026-08-10 16:27:58"	,"douyin"	,,9,7,1,"7662240519090914341"	,4,"那我挨着呗"	,4,"7672316883193898362"	,"https://api-app-proxy.tarsocial.com/api/token/v2/rewrite_url?url=UxI1mE1VtivWWENn8adpDmG3kF8SwGcheiC2XVx5H1n9-TnJ3HE9ZxUF2IXEyxRPh4kYMntlpEskxah7sqXHTg"	,"我的心向你倾斜了 你可以接住吗 #行呗 #珊"	,,"多人众儿班#####日票#####青岛#####公园刀鱼ZHANQIAO栈桥红树林马扎木有五沙子口山寺鲁北九水八大自迅公园海底世界金沙滩八大峡琴占格袜渣啤酒博青岛凉银沙滩情人坝台东俺小物馆崂山大鲍曼儿石老人方特戴子肉青岛啤酒奥帆中心安阳来银鱼巷大珠山中山青山渔村公园奏什么星光岛稀罕八大湖葱烧海参哥座大馒头恣儿太街里一一个浪漫的城市37N天主教堂ha波洛盖TSINGTAO劈柴院白闹了小珠山烤右麦岛吃蛤老舍故居真惊了gala夜来青岛大包崂山绿龙江路小青岛崂山玻拉盖迎奶饼干#####想你的风吹到了栈桥太平路37号西SEESEA#####adidas当adidasadidas#####TSINGTAO###############X/邮件最多保存100天赤蝎幽灵大礼包23小时前剩余100天系统邮件怪诞乔克服装礼包1天前好友邮件剩余99天消息中心幸运币1天前剩余99天礼物中心活动奖励补发1天前剩余99天礼包分享8月6日临时更新礼包2天前剩余11天安全邮件删除已读邮件数量即将到达上限，请及时查收并清理过期邮件一键已读全部领取#####恭喜获得AUG-星梦奇缘确定###############AnSANadidasHONGKONGdi"	,,"中性"	
啤酒行业-行业-高,"2026-08-10 16:26:46"	,"douyin"	,,0,1522,,"3024110980971044"	,,"桐镜中花"	,,"7672314321908567338"	,"https://api-app-proxy.tarsocial.com/api/token/v2/rewrite_url?url=UxI1mE1VtivWWENn8adpDmG3kF8SwGcheiC2XVx5H1nuJtXxHU8dBPd3ZLmEjgquX81sQuwNHVaM8NKUAhjwjw"	,"一寸屋檐，一份底线"	,"三寸规划一次原因
最全
大结局
因为她以为撒谎不用
付代价"	,"一寸屋檐""一份底线最全大结局因为她以为撒谎不用付代价内容由AI生成那她以后还会撒吗会所以我们要留证据一份底线没过几天店里的店长刘姐打来电话刘翔店长梅姐你快来店里一个客人染完头发全身起疹子大交市场监管的人也来了用的哪批产品小仑苏我们常用的那批没问题一份底线可检查人员在储物柜找到一盒过期的染发上面还贴着咱们店的标签那款染发膏2年前就停产了发复全家男一份底线2年前的东西还敢给人用你们店要钱不要命监管人员封存了产品让店里暂停染烫项目一寸屋檐""一份底线等调查结果内容由AI生成立刻去医院一份底线我先把顾客送去医院垫付了检查费医生说只是轻度过敏没有危险但过敏原暂时不能确定我回到店里一份底线赵倩已经发了视频12:43黑干:烤了..2)天号心下中推了你本来不想再说家里的英雄事可我嫂子的店被查出过期产品一份底线我才明白她为什么这么在乎钱她连孕妇都容不下对客户又能有多负责原啤酒""婆婆在家族群里说""不是不报时候未到挣昧良心的钱一份底线他还晒出那盒染发膏的照片标题写着县城黑心理发店曝光短短一个小时视频播放量超过10万几个原本预约烫发的顾客打电话取消刘姐气的要回骂一寸屋檐""一份底线一份底线刘姐气的要回骂内容由AI生成先查产品店里所有染发膏都有进货单批次号和领用登记用金发生折肩发装号码:001000120继度:装:汉耀毒:10256644型白:号次量:奇币净电话:20272338226那盒过期产品的包装虽然贴着我们的标签批号却不在任何一张采购单上我把员工叫到一起最近谁进过储物间一份底线昨天倩姐来洗头她说怀孕不能用外面的洗发水带了自己的东西000我进去拿毛巾时一份底线她一个人在后面待了几分钟监控呢一份底线储物室里面没有摄像着门口只能拍到人进出05:34:94画面显示赵倩确实提25:20:03:23一个白色购物袋进去出来时袋子还在看不清里面少了什么一份底线陈志远赶到店里第一句话还是先别报警你知道是谁放的没有证据你别乱猜一寸屋檐""一份底线一份底线内容由AI生成你觉得是巧合赵倩都快生了图让我低头图让我不敢追究她就算真是她产品也没给客人用你澄清一下事情过去就行"	,,"中性"	
啤酒行业-行业-高,"2026-08-10 16:26:15"	,"douyin"	,,0,307971,,"75295692351"	,,"黔西市融媒体中心"	,,"7672316412521729315"	,"https://api-app-proxy.tarsocial.com/api/token/v2/rewrite_url?url=UxI1mE1VtivWWENn8adpDmG3kF8SwGcheiC2XVx5H1lfX0Ui3RW5nB_DgheditGR2Kau93HliSQGl6Xzu7jMOA"	,"#笔袋式折叠凳子 #折叠笔袋马扎 #户外折叠小凳子 #露营小凳子"	,"古井贡酒·年份原浆中央广招电视总台春节联欢理会独家利约提出扫码有买更携折叠户外冯扎加厚加粗小便携"	,"华布站·年份原浆中央广招电视总台春节联欣提合姓家转约组出扫码有头更携折叠户外冯扎加厚加粗小便携#####古井有酒·年份原浆中央广播电视总台春节联欢建会性家特约插出扫码有装便携折叠户外冯扎加厚加粗小便携#####AI生成常会带上这款笔袋式折叠马扎凳#####AI生成使用很方便#####AI生成拉开拉链#####AI生成加粗钢管搭配加厚牛津布#####AI生成颜值和实用性双双在线广告#####连云港站欢迎您每次带孩子出游#####等高铁或者火车上没空广告#####看着像个普通的笔袋#####TINYBEE加厚加粗处理#####收起来就是个笔袋告#####假期出游的宝贝们#####假期带娃出去玩的#####孩子累了随时能坐"	,,"中性"	
啤酒行业-行业-高,"2026-08-10 16:25:54"	,"douyin"	,,0,,,"2068661067065459"	,,"润怡阿里大药房"	,,"7672316329814232362"	,"https://api-app-proxy.tarsocial.com/api/token/v2/rewrite_url?url=UxI1mE1VtivWWENn8adpDmG3kF8SwGcheiC2XVx5H1kzCh22kU5yCMHDxXVFns_HhoqcPv57vkGBQpDAvNxWcA"	,"长期用眼，眼睛干涩，酸胀，眼疲劳？试试润怡滴眼液，玻璃酸钠人工泪液，温和护眼！"	,"鸡 润怡 齐通献药疫场酸抗通限 国药准字H20133263 鲁药广审(文)第300215-06089号 请按药品说明书或者在药师指导下购买和使用 禁忌和不良反应详见说明书"	,"S|鄂国|牌剪婴|叫感|鼎康|O1ONG|罗盟|0|民强岑如火|保塑多业|士|士#|7|%L0|%10|LO|9902H|68090-5009第()电4号|司|牌莓装|留司|QON|品国|￥0|1|尿趣签如火|2|1U|L|499T07H4|业|品|鄂|鲜牌夏|的城|1福|福S|30更菜|不当防编防|中子车|州三电|我再加三|OTC|国药准字H20133263|鲁药广审(文)第300215-06089号|请按药品说明书或者在药师指导下购买和使用|禁忌和不良反应详见说明书|心|润怡?|齐色制药|玻璃酸钠滴眼液|太贵了|齐鲁利药|形|福相领商眼液|润怡|Mm|外T|外OTO|心租|玻璃酸钠滴眼|离酸钠滴眼液|福|30支装|支装|不含防腐剂|线解干眼症状|爱解干眼症状|缓解干眼症状|可在佩戴隐形眼镜时使用|0.1%|ma|现在润怡官方优|惠|静清聘#|修|国|上|科格|B国|润格|®|30业项|囍|3041|2不养通|不含期发楼|羊鱼路|481老富号|爱解干限豆秋|全强娜干张|司程保用利业#行警票|在风急#制保|业在身前#储#司|电|现在润怡官方优惠来袭|齐色利药|商|玻璃酸钠|拍5到手足足150支|锁调思|你看看才啥价|J10|[eruuaru)|XL'O|eo|R|齐鲁刺药|里面内含护眼润眼的|核心成分|齐鲁制药|人工泪液-玻璃酸钠|不止帮眼睛补水保湿|齐色刺药|还能在眼表形成一道水分膜|平时九旗发友|平时加班熬夜|盯屏学习|麦利记|创花夕排|海行杂记|眼睛千涩酸胀|麦形记|刺花夕拾|有异物感|购物|回心修|千万别拖着忍着|购n|春|30x元|E营B房力|别国|厦|牌员婴|袋奥出多业多抢品包|0006号|保婴出如业多抢品印|0000084号|牌婴|O|00-00089|冠|牌易婴|鲜啤易婴|00-0006电号|穿啤冒婴|美|090-0008电9号|敏感眼、美瞳党都适用|还是单支日抛设计|用不完能重新盖上|群勤|提|30|防止细菌污染|我雅|福心|更方便、更卫生|消有电院电|物|?|超超轨真班有|涧怡|Be|修雅|外|W店|玻璃酸钠滴|夜|9|日|口|不含防魔剂|楼鲜干用#状|国解干眼症状|干限状|可在风形根销时使用|可在佩藏隐形眼|kun|赶紧趁现在还是活动价|国华酒收香|和面|品e6|MOT|公|男|增解干电红状|援解干限症状|可在信形级时使用|玻璃酸钠消眼液|玻璃酸钠澳眼液|玻酸纳滴眼液|明市|玻璃酸钠清眼液|ER1|给自已安排上试试吧|AR|KR"	,,"正向"	
啤酒行业-行业-高,"2026-08-10 16:21:01"	,"weibo"	,,0,,,,,"奔赴千万里"	,,"5330400857559879"	,"https://api-app-proxy.tarsocial.com/api/token/v2/rewrite_url?url=1CCta59L4sZZ9IPmlxMqsGhQ2ipd7nd8BOk2QrRw73ClC543Bs_eYuYj0px0GSHF"	,"#刘耀文DON'T STOP# 朝气冉冉朝日"	,,,"#刘耀文DON'T STOP# 朝气冉冉朝日"	,"中性"	
啤酒行业-行业-高,"2026-08-10 16:20:36"	,"toutiao"	,1,0,,,"1418842913643868"	,,"怡诺好物分享"	,,"7672305027138159138"	,"https://api-app-proxy.tarsocial.com/api/token/v2/rewrite_url?url=1YusuDMvr9od4K_K1MN8mjIOcWIunAfzU6n1BFWqO51nKANEFM-xLYglEMPF7aUeSwASdz_HxaMLmGB_BM5UFA"	,,"@动物之程这条鱼一出现"	,"@动物之程这条鱼一出现；Hulunbuir 呼伦贝尔市 Qiqihar 齐齐哈尔市 Harbin HELLONGJIANG 哈尔币 changchun 长春市 JILIN Shenyang Sapporo 沈阳市 @动物之程礼视 IAGNING Makodate North Korea Pyongyang South Korea 2011年日本海岸 Fukuoke；Yechigashira Shrine Misswa City Ances Onkanonosen Pazk MemoriaiHall Lake Ogawara 小川原 Pacihc Ocean Observarory shuut erayama Museum 本学津运 Tohoku 史北 MiawaAviation Science Mu seum Misawa Airport Misaw 曾接连发现20条搁浅的皇带鱼；曾接连发现20条搁浅的皇带鱼；然后就发生了那场史诗级的；9.0级大地震；宫使；2025年；菲律宾海岸出现3.5米的皇带鱼尺体后；@动物之当地两个月内接连发生强震；当地两个月内接连发生强震；@动物之程说明这条鱼只要从深海浮上浅滩；就意味着地震和海啸就要来了；@动物之程；@动物之程但这条被传了几百年的勺“凶兆鱼”；回动物之程其实全身上下都写满了反差；皇带鱼是现今地球上最长的硬骨鱼；@动物之程头顶那几条杀马特风格的棕毛状鳍；@动物之狸头顶那几条杀马特风格的棕毛状鳍；C动物之程据不可靠记录；@动物之程他最大的个体体长超过11米；体重能到270公斤；物之立起来比你家的三层别墅还高；鱼之大一锅炖不下；扬之程但你以为所有的带鱼都很好吃；MEETTHEMYTH @动物之程皇带鱼和我们餐桌上吃的带鱼；@动物之程你别看它个头大；@动物之程味道却一吃一个不咬声；@动物之程吃了一小块他的肉；@动物之程却当场吐了出来；@动物之程肉质整体呈胶状；@动物之程就像吃了一块带土腥味的鼻涕虫；C动物之狸就像吃了一块带土腥味的鼻涕虫；当他把剩下的鱼肉喂狗时；结果却发现连狗都不吃；@动物之程你以为这就完了；科学家在解剖他的户体后发现；物子在他8米长的身体里；@动物之程大脑只有豌豆大小；体积还不到他眼晴的一半；@动物之程而雌性的卵巢可长达两米以上；@动物之程怀卵量更是达到惊人的10万枚；@动物之程更离奇的是；@动物之程它的鼻孔不长在脑袋上；@动物之程必须张开嘴；@动物之程它甚至能像壁虎一样主动自切身体；@动物之程而且没有固定截断位置；@动物之程能一直把尾巴截到肛门附近；@动物之程毕竟腹部后面没有重要器官；@动物之程丢掉一半自己后；@动物之程整个鱼都轻快了不少；@动物之程在整个鱼乐圈都是独一份的存在；@动物之程那它到底能不能预测地震；动物之程；@动物之楼 2019年美国地震学会公报；Why are Oarfish Known as Doomsday Fish? JenniferPerez:4-5minutes:09/11/2023 November8""2023 4MinuteRead Meetoneofthe longestand mostodd-lookingfish in thesea Throughout our ocean"" there are some marine species that are so massive or unique looking that they just might explain ancient legends of sea monsters.The giant oarfish；motions theymake as theyswim insuchapeculiar way through thewater. rowingr However"" oarfish also have another much more alarming nickname: the doomsday fish. In some areas of the world""these creatures are seen as being harbingers of bad news particularly disastersor destruction.The legend is that ifyou see an oarfish""it isawarning sign from higher powers that disasters such as earthquakes are soon to occur.According tonumerous newsreports""before Japan's2011 earthquake(oneof the mostcatastrophic in history) a total of 20 oarfishwashed ashore. Whilemanylegendsmaysurroundthesecreatures""itisunusual forhumanstoencounter oarfish.Theyprimarilyresidewithin thedeepsea""soifoneisspottedclosetothesurface ittypicallyindicatesthatthecreatureissick""dyingoratleastdisoriented 统计了1928年到2011年间；lotionstneymakeastheyswiminsuchapeculiarwaythrougn However"" oarish also have another much more alarming nickname: the doomsday fish. In some areas of the world"" these creatures are seen as being harbingers of bad news"" particularly disasters or destruction. The legend is that if you see an oarish"" it is a warning sign from higher powers that disasters such as earthquakes are soon to occur. According to numerousnews repons""before Japan's2011 earthquake （one of the most catastrophic inhistory)a total of20oarfishwashed ashore. While many legends may surround these creatures""it is unusual for humans to encounter oarfish.Theyprimarilyresidewithin thedeepsea""so ifone isspottedclose to thesurface"" ittypicallyindicatesthatthecreatureissick""dyingoratleastdisoriented. 的皇带鱼目击事件；013050112.5oce 回动物之楼然后和同期6.0级以上地震数据做了对比；@动物之程最终结论是；团动物之程二者之间没有任何统计学上的关联；我们之所以会觉得它一出现就地震；只是心理学上的确认偏差；全球每年要发生上万次地震；刀之程而皇带鱼搁浅事件廖廖无几；人们只会记住预言成真的巧合；自动忽略更多它出现后；动物么风平浪静的情况；@动物之程那为什么近几年；回协物之程这种神秘的深海皇带鱼；It's not every day you see that. 越来越频繁的出现在浅海；Andl don'tblamethem. 真正的答案；wasyelling ather: 比灾难传说更让人心；@动物之狸黄带鱼常年生活在200-1千米的深海暮光区；@动物之程黄带鱼常年生活在200-1千米的深海暮光区；@动物之程对水温水压含氧量的变化极度敏感；特扬之程全球变暖让90%的多余热量被海洋吸收；全球变暖让90%的多余热量被海洋吸收；@动物之狸表层海水不断升温；动物之程深海缺氧问题越来越严重；@动物之程原本适应了稳定低温环境的皇带鱼；@动物之准只能被迫向上迁移；@动物之程寻找氧气和适宜的水温；@动物之程受伤衰老人类活动的声呐干扰；@动物之狸都会让他们失去对深度的控制；@动物之程最终被洋流卷到岸边；@动物之程来到浅海几乎等于被判了死型；@动物之程水压骤降会损伤内脏；最终只能在沙滩上无力挣扎；@动物之猴最终只能在沙滩上无力挣扎；@动物之程他从来都不是什么末日信使；@动物之程更不是灾难预兆；@动物之程他只是一个被人类改变的海洋环境；@动物之程逼得逃离家园的受害者；@动物之程是海洋写给人类的一封；@动物之程用生命书写的求救信；爱珍物之程；@动物之程爱护环境珍爱生；@动物之程爱护环境珍爱生命"	,"这条鱼才是真正的祥瑞，小日子可以作证"	,"中性"	
啤酒行业-行业-高,"2026-08-10 16:17:53"	,"douyin"	,,0,10,,"94106981044"	,,"青岛啤酒·时光海岸官方号"	,,"7672314281430147483"	,"https://api-app-proxy.tarsocial.com/api/token/v2/rewrite_url?url=UxI1mE1VtivWWENn8adpDmG3kF8SwGcheiC2XVx5H1nMNom40Pv4N4i-0Vmj5ewxSnSZHhTbSC5sopXpm4nsvA"	,"青岛啤酒时光海岸度假酒店，这个假期一定要来打卡一下。现在他们家推出了1大1小的套餐，只需要100元出头就可以入住。直播间超低价今晚属于你，热销好货等你挑，赶快点击头像链接去看看。 #帆船 #这里是琼海 #环球旅行 #海滩 #一线海景房"	,"青岛啤酒时光海岸度餐酒店 TSINGTAOTIMERESORT HOTEL 真正的“酒店揽海入梦海轩客房2晚2999元可拆分每旧双人自助早餐暑期和部分自期需加价、详见商详页心榜酒店 2026 上桃酒店"	,"青岛啤酒时光河岸度餐酒店TSINGTAOTIMERESORTHOTEL真正的“酒店授海入梦海轩各房2晚2999元可拆分每拍双人自助早餐暑期和部分旧期蒸加价，详见商详页榜酒店2026上榜酒店"	,,"正向"	
啤酒行业-行业-高,"2026-08-10 16:16:34"	,"weibo"	,,0,,,,,"22远赴山海"	,,"5330399737677539"	,"https://api-app-proxy.tarsocial.com/api/token/v2/rewrite_url?url=1CCta59L4sZZ9IPmlxMqsFcfy9mZ72gGqJSJinaNnn0LQ_J2jYDD5pVln4eoIb1d"	,"#刘耀文DON'T STOP# 朝气冉冉朝日"	,,,"#刘耀文DON'T STOP# 朝气冉冉朝日"	,"中性"	
啤酒行业-行业-高,"2026-08-10 16:15:58"	,"kuaishou"	,,17,1435,,"819535315"	,2,"💦"	,15,"3xxwbmxhjpy484e"	,"https://api-app-proxy.tarsocial.com/api/token/v2/rewrite_url?url=9ztplZmWLh3u69xTkhscCpmkZPB7DFcSEau1U7XU0GUqU4reZpPDQEUpFaUJEHg3JmHbgr0q89k_4xqtYMppbA"	,"人和人时间久了 不只有爱 还有依赖 如果分开了 不仅是痛 还有不舍. #已成年道具假酒 #道具假烟"	,"UB UBORG BORG TUBORG RC TUBOR BOR BORG"	,,"人和人时间久了 不只有爱 还有依赖 如果分开了 不仅是痛 还有不舍. #已成年道具假酒 #道具假烟"	,
啤酒行业-行业-高,"2026-08-10 16:15:48"	,"douyin"	,,0,344,,"3913856361444291"	,,"大黄的小武❤️"	,,"7672313746119763162"	,"https://api-app-proxy.tarsocial.com/api/token/v2/rewrite_url?url=UxI1mE1VtivWWENn8adpDmG3kF8SwGcheiC2XVx5H1n6xV4L8IfLhPNh6qDMqXI-qrcOf66mb1nVcWrbRONY-A"	,"茉莉花茶永远喝不出啤酒🍻的感觉来 中毒🤢的一首歌"	,"活在自己昌欢的状态里"	,"活在自己昌欢的状态里"	,,"中性"	
啤酒行业-行业-高,"2026-08-10 16:13:24"	,"kuaishou"	,,2,81,,"2866033990"	,,"欣欣"	,2,"3x5hdiwxfevvm2c"	,"https://api-app-proxy.tarsocial.com/api/token/v2/rewrite_url?url=RW0E0pZpZ4b3TC4TLqOUvVGxn8_YPQ3rSoWGd-9tUflssj_-xfo7q5c0df-Xq1cCId6XiZmI226Hh4bS5fdKiQszF_1fpMbWiUCrOmF0yqE"	,"像一棵长满可能的树 每个瞬间永远没有定数 #未成年人禁止抽烟喝酒 #秋天的第一杯啤酒 #干杯 #已成年道具假酒"	,,"MHEM ME 梅酒 803006 epon；淼云泉；#####################；秦菜 HAF0045；急指挥中心影像科登记合 13 全少冰 0 外卖-京东外卖"	,"像一棵长满可能的树 每个瞬间永远没有定数 #未成年人禁止抽烟喝酒 #秋天的第一杯啤酒 #干杯 #已成年道具假酒"	,"中性"	
啤酒行业-行业-高,"2026-08-10 16:11:13"	,"weibo"	,,0,,,,,"yiyipjC9"	,,"5330398391570292"	,"https://api-app-proxy.tarsocial.com/api/token/v2/rewrite_url?url=1CCta59L4sZZ9IPmlxMqsGRMOhmszY3sBsnvc5rch3JsYkqgt5lziOcSYA8WT2FN"	,"#刘耀文DON'T STOP# 朝气冉冉朝日"	,,,"#刘耀文DON'T STOP# 朝气冉冉朝日"	,"中性"	
啤酒行业-行业-高,"2026-08-10 16:09:46"	,"kuaishou"	,,0,32038,,"4059068079"	,,"山东祥哥助农店"	,,"3x79q8dfkfh7g66"	,"https://api-app-proxy.tarsocial.com/api/token/v2/rewrite_url?url=9ztplZmWLh3u69xTkhscCpmkZPB7DFcSEau1U7XU0GVJtyyEcccjgHD5gZkorxTIrlt35SRnoF3kysxw-SO0-g"	,"纯粮原浆l @山东祥哥 612(O333280572) "	,"纯粮原浆如果说买53°的"	,"纯粮原菜打倒卖假酒的山东祥哥助农店感谢观看；纯粮原浆山东祥哥助农店感谢观看；纯报尔浆广只要逮到之后山东祥哥助农店感谢观看"	,"纯粮原浆l @山东祥哥 612(O333280572) "	,
啤酒行业-行业-高,"2026-08-10 16:07:44"	,"douyin"	,,2,197,,"62786845676"	,,"点天"	,2,"7672311665468280166"	,"https://api-app-proxy.tarsocial.com/api/token/v2/rewrite_url?url=UxI1mE1VtivWWENn8adpDmG3kF8SwGcheiC2XVx5H1mq86Uaen7v0BRhNLFyHtjRIUjwFb5Nr5vy6OvrxBuVsQ"	,"#户外摆摊的日子 喝啤酒吃榴莲容易食物中毒，我就是个例子，连拉带吐🤣#户外 #露营 #烧烤 #哈尔滨啤酒节"	,"暑假碎片记录"	,"暑假碎片记录"	,,"中性"	
啤酒行业-行业-高,"2026-08-10 16:05:09"	,"douyin"	,,0,49710,,"3736559493065418"	,,"可孚科源专卖店"	,,"7672310982156258587"	,"https://api-app-proxy.tarsocial.com/api/token/v2/rewrite_url?url=UxI1mE1VtivWWENn8adpDmG3kF8SwGcheiC2XVx5H1nR2japVl2ku5UOAOAYTpyevq_2aLcDQxYfTZUVYw5v-g"	,"痛风患者最该关注的不只是尿酸，还有尿蛋白！"	,"小便泡沫如啤酒是尿蛋白异常？ 非尿液仅道具展示尿蛋自是反映健康告产品名称：尿液分析试纸条（干化学法） 禁忌内容或者注意事项详见说明书请仔细阅读产品说明书或在医务人员的指导下购买和使用广告审查批准文号：湘械广审（视）第271127-61409号批准文号：湘械注准2022240213"	,"小便泡沫如啤酒是尿蛋白异常？非尿液仅道具展示尿蛋自是反映健康广告品名称：尿液分析试纸条（干化学法）禁忌内容或者注意事项详见说明丰请仔细阅读产品说明书或在医务人员的指导下购买和使用广告审查批准文号：湘械广审（视）第271127-61409号批准文号：湘械注准202224021"	,,"中性"	
啤酒行业-行业-高,"2026-08-10 16:04:08"	,"weibo"	,,0,,,,,"明子灬代号"	,,"5330396608990579"	,"https://api-app-proxy.tarsocial.com/api/token/v2/rewrite_url?url=1CCta59L4sZZ9IPmlxMqsGS6atRL0fOoDuF6SibvhAAdZd1wQMIJ3XDgbAZ0k5qI"	,"#刘耀文DON'T STOP# 朝气冉冉朝日"	,,,"#刘耀文DON'T STOP# 朝气冉冉朝日"	,"中性"	
啤酒行业-行业-高,"2026-08-10 16:03:50"	,"weibo"	,,0,,,,,"李旦26214"	,,"5330396532445374"	,"https://api-app-proxy.tarsocial.com/api/token/v2/rewrite_url?url=1CCta59L4sZZ9IPmlxMqsBBicbnSQ-GswlkQ4JoQetWn6XCC4saSLjVReNWEczW9"	,"#刘耀文DON'T STOP# 俊颜灼灼恰似朝日光🌅⚡"	,,,"#刘耀文DON'T STOP# 俊颜灼灼恰似朝日光🌅⚡"	,"中性"	
啤酒行业-行业-高,"2026-08-10 16:02:05"	,"weibo"	,,0,,,,,"念你在是想我"	,,"5330396092566885"	,"https://api-app-proxy.tarsocial.com/api/token/v2/rewrite_url?url=1CCta59L4sZZ9IPmlxMqsEGmN-xWev2RvjvjGGjA4X4Mjf3U8OL9Msdb46S0Wz_L"	,"#刘耀文DON'T STOP# 俊颜灼灼恰似朝日光🌅⚡"	,,,"#刘耀文DON'T STOP# 俊颜灼灼恰似朝日光🌅⚡"	,"中性"	
啤酒行业-行业-高,"2026-08-10 16:01:00"	,"xiaohongshu"	,,0,12914,,"637de68b000000001e002d82"	,,"老外没毛病-减肥版"	,,"6a798551000000002903008a"	,"https://api-app-proxy.tarsocial.com/api/token/v2/rewrite_url?url=cSb9xPr9PTnAREU6T0jLKsUsLLPSJ9iu21ImVmniC4U6BWtTs9SrpDTf7bs96GmoEOZ1-rXtYNj1vM0zEFA4Mg"	,"身上那二两肌肉其实真不用天天担心掉不掉放松点啦@老外没毛病-减肥版"	,"日记视频少吃饿瘦的人会掉代谢的秘密"	,"少吃饿瘦的人代谢会变差？ 少吃饿瘦的 Peoplewholoseweightbyeatingless；少吃饿瘦的人代谢会变差？；少吃饿瘦的人代谢会变差？ 啤酒代谢很好 our metabolism is great with beer"" right?；少吃饿瘦的人代谢会变差？ 你怎么还是胖呢 why are you still fat?；少吃饿瘦的人代谢会变差？ 你代谢那么高 Your metabolism is so high；少吃饿瘦的人代谢会变差？ al；少吃饿瘦的人代谢会变差？ 你的代谢好 ourmetabolismdoesn'tseem to；少吃饿瘦的人代谢会变差？ 还有人说啊 Somepeopleevensay；少吃饿瘦的人代谢会变差？ 你可真把自己 You really think；少吃饿瘦的人代谢会变差？ 还是肥肉啊 muscle or fat?；少吃饿瘦的人代谢会变差？ 你说你饿 You sayyou're starving；少吃饿瘦的人代谢会变差？ 有很多的 have a lot of muscle；少吃饿瘦的人代谢会变差？ 加起 adds up to；少吃饿瘦的人代谢会变差？ 啊 Oh jn'these two days.；少吃饿瘦的人代谢会变差？ 无所谓 It doesn't matter；少吃饿瘦的人代谢会变差？ 你；少吃饿瘦的人代谢会变差？ 我的肌肉 My muscles；少吃饿瘦的人代谢会变差？ 全身上下 Fromhead to toe；少吃饿瘦的人代谢会变差？ 你就别操那个心了 Just don't worry aboutit"	,"身上那二两肌肉其实真不用天天担心掉不掉放松点啦"	,"中性"	
啤酒行业-行业-高,"2026-08-10 16:00:11"	,"kuaishou"	,,0,2997,,"4627760459"	,,"泡泡💞💕"	,,"3x6z45iibz7rf5c"	,"https://api-app-proxy.tarsocial.com/api/token/v2/rewrite_url?url=9ztplZmWLh3u69xTkhscCpmkZPB7DFcSEau1U7XU0GUUb37A2b1sZ4xz3SS1JnhZW0KTs-tkUuDZ1iaHgIkQjg"	,"佰草原浆 黑坑添加剂大混养大综合鲫鱼鲤鱼自制配方偷驴正钓回锅"	,"留鱼持久有口即中穿透四季力强通杀原浆 D 强摄流鱼食持久中药酒颠覆传统泡制拒绝香精勾兑高温效果显著，穿透力强刺激聚鱼"	,,"佰草原浆 黑坑添加剂大混养大综合鲫鱼鲤鱼自制配方偷驴正钓回锅"	,
啤酒行业-行业-高,"2026-08-10 16:00:03"	,"weibo"	,,1,524781,0,"6579479525"	,1,"爱豆闪亮亮"	,0,"5330395579290928"	,"https://api-app-proxy.tarsocial.com/api/token/v2/rewrite_url?url=bETNdXXxBw6SRVox7gALQ0QTWJwO3iB81QbsJRQ7vrFMjCBrHpqMWo-zvHL81j3UPHxd9J4_430v6sy5gVttgg"	,"#28岁未成年#  
28岁未成年穿越后  http://t.cn/AXNfKp1W ​​​｜爱豆闪亮亮的微博视频"	,"你以为的爱情，却如此不堪一击您风严岩 31米自路美大印姐一他叫严岩 Hisname isYan? @爱豆闪亮亮"	,"你以为的爱情，却如此不堪一击在地铁上发现一位帅哥；你以为的爱情，却如此不堪一击顿时有个想法；你以为的爱情，却如此不堪一击把他画下来；你以为的爱情，却如此不堪一击被他发现；你以为的爱情，却如此不堪一击；你以为的爱情，却如此不堪一击也对她产生兴趣；你以为的爱情，却如此不堪一击过了一会儿发现自己竟坐错站了；你以为的爱情，却如此不堪一击拦住她；你以为的爱情，却如此不堪一击因为赶时间就越过了他 ERCRO；你以为的爱情，却如此不堪一击好兄弟提醒他；你以为的爱情，却如此不堪一击可是已经来不及了；你以为的爱情，却如此不堪一击看到自己的画像；你以为的爱情，却如此不堪一击第二天就收到了他在网上发的贴子；你以为的爱情，却如此不堪一击装发 3-1 他叫严岩 Hisname isYan?；你以为的爱情，却如此不堪一击决定去找他我先走了啊 Igottago；你以为的爱情，却如此不堪一击 anvl 想去哪儿 Whereto?；你以为的爱情，却如此不堪一击我很久没有看过整个城市了 Ihaven'tseenthecityforawhile；你以为的爱情，却如此不堪一击我带你去个好地方 Okay""Iknowwheretogo；你以为的爱情，却如此不堪一击带她来到一处顶楼高处 8：8 快到了快到了 Almost""almost；你以为的爱情，却如此不堪一击开心；你以为的爱情，却如此不堪一击女孩害羞；你以为的爱情，却如此不堪一击对她表白我希望一直这样看着你 Iwanttolookatyoulikethisforever；你以为的爱情，却如此不堪一击接受了他的表白；你以为的爱情，却如此不堪一击就想和她发生关系；你以为的爱情，却如此不堪一击女孩感到惶恐不安；你以为的爱情，却如此不堪一击推开了他不行 Ican't；你以为的爱情，却如此不堪一击我第一次 It'smyfirsttime；你以为的爱情，却如此不堪一击听到后更加兴奋；你以为的爱情，却如此不堪一击还是害怕我出去一下 Givemea minute；你以为的爱情，却如此不堪一击生气；你以为的爱情，却如此不堪一击几天后接到女孩的来电；你以为的爱情，却如此不堪一击冷漠在忙 BuSy；你以为的爱情，却如此不堪一击知道他生气了给他解释上次帐篷的事 I'msorry about last time；你以为的爱情，却如此不堪一击我有很多事情都想跟你一起做 lwanttoexperiencelotsofthingswithyou；你以为的爱情，却如此不堪一击咱们以后还有很多时间呢 We've got plenty of time；你以为的爱情，却如此不堪一击我刚好要出去工作几天 I'mgoing ona worktrip；你以为的爱情，却如此不堪一击要不一起呗 Comewithme；你以为的爱情，却如此不堪一击兄弟调侃他；你以为的爱情，却如此不堪一击兄弟调侃他京 A 你陪她玩咯 playalong；你以为的爱情，却如此不堪一击 BLACKBRIDGE 这让他更加生气；你以为的爱情，却如此不堪一击还是决定跟他一起出去；你以为的爱情，却如此不堪一击却发现他身边已经有其他女孩了；你以为的爱情，却如此不堪一击怕他看见赶紧躲起来；你以为的爱情。却如此不堪一击；你以为的爱情，却如此不堪一击望着他们离去的背影；你以为的爱情，却如此不堪一击可还是放不下他；你以为的爱情，却如此不堪一击来到他经常玩的地方；你以为的爱情，却如此不堪一击生气的拔掉音乐电线；你以为的爱情，却如此不堪一击你知道我有多在乎你吗 You just don't get it；你以为的爱情，却如此不堪一击我去帮别人画画 Idrawforothers；你以为的爱情，却如此不堪一击你却找别的女人啊 andyouarewithsomeoneelse?；你以为的爱情，却如此不堪一击我想要的你给不了我 You can'tgivemewhatIwant；你以为的爱情，却如此不堪一击我为什么不可以找别人 Why can'tIfindsomeoneelse?；你以为的爱情，却如此不堪一击为了留住他；你以为的爱情，却如此不堪一击 NE 为了留住他；你以为的爱情，却如此不堪一击你觉得你想要的我给不了你是吗 You thinkIcan'tgiveyouwhatyouwant；你以为的爱情，却如此不堪一击我能给你 Ican；你以为的爱情，却如此不堪一击我现在就给你 Icangiveyou；你以为的爱情，却如此不堪一击我现在就给你 Ill give it toyou；你以为的爱情，却如此不堪一击听到他要走了我早上就走了 I'mleavinginthemorning；你以为的爱情，却如此不堪一击更加害怕失去他；你以为的爱情，却如此不堪一击你有完没完啊 Areyou done?；你以为的爱情，却如此不堪一击你能吗 Canyou?；你以为的爱情，去却如此不堪一击马上跑回家；你以为的爱情，却如此不堪一击收拾东西就要走；你以为的爱情，却如此不堪一击来到机场；你以为的爱情，却如此不堪一击看见了他；你以为的爱情，却如此不堪一击严岩 Yan!；你以为的爱情，却如此不堪一击突然体力透支；你以为的爱情，却如此不堪一击一步一步支撑着向前去；你以为的爱情，却如此不堪一击拼尽最后一丝力气喊住他严岩 Yan!；你以为的爱情，却如此不堪一击拼尽最后一丝力气喊住他；你以为的爱情，却如此不堪一击然后倒在了地上"	,"#28岁未成年# 28岁未成年穿越后 [爱豆闪亮亮的微博视频](http://t.cn/AXNfKp1W)[ ]"	,"中性"	
啤酒行业-行业-高,"2026-08-10 15:58:00"	,"toutiao"	,,0,,,"110360106108"	,,"老外没毛病"	,,"7672309174386032649"	,"https://api-app-proxy.tarsocial.com/api/token/v2/rewrite_url?url=1YusuDMvr9od4K_K1MN8mjIOcWIunAfzU6n1BFWqO53v7H2kEoUxOirNf2c7YvnuKF7Fhvw4KDv1sGJL-8WpHg"	,,"日记视频少吃饿瘦的人会掉代谢的秘密"	,"少吃饿瘦的人代谢会变差？ 少吃饿瘦的 Peoplewholoseweightbyeating less；少吃饿瘦的人代谢会变差？；少吃饿瘦的人代谢会变差？ 啤酒代谢很好 Yourmetabolism is greatwithbeer"" right?；少吃饿瘦的人代谢会变差？ 你怎么还是胖呢 why areyou still fat?；少吃饿瘦的人代谢会变差？ 你代谢那么高 Your metabolism is so high；少吃饿瘦的人代谢会变差？ ar；少吃饿瘦的人代谢会变差？ 你的代谢好 our metabolism doesn't seem to；少吃饿瘦的人代谢会变差？ 还有人说啊 Somepeopleevensay；少吃饿瘦的人代谢会变差？ 你可真把自己 Youreallythink；少吃饿瘦的人代谢会变差？ 还是肥肉啊 muscle or fat?；少吃饿瘦的人代谢会变差？ 你说你饿 Yousay you're starving；少吃饿瘦的人代谢会变差？ 有很多的 have a lot of muscle；少吃饿瘦的人代谢会变差？ 加起 adds up to；少吃饿瘦的人代谢会变差？ 啊 Oh"" in these two days.；少吃饿瘦的人代谢会变差？ 无所谓 It doesn't matter；少吃饿瘦的人代谢会变差？ 你；少吃饿瘦的人代谢会变差？ 我的肌肉 Mymuscles；少吃饿瘦的人代谢会变差？ 全身上下 From head to toe；少吃饿瘦的人代谢会变差？ 你就别操那个心了 Just don't worry about it"	,"分享视频"	,"中性"	
啤酒行业-行业-高,"2026-08-10 15:56:44"	,"kuaishou"	,,10,516,,"1180624731"	,2,"爱林常觉亏欠"	,8,"3xzxsa6ksv6z5pk"	,"https://api-app-proxy.tarsocial.com/api/token/v2/rewrite_url?url=9ztplZmWLh3u69xTkhscCpmkZPB7DFcSEau1U7XU0GUQhdzEJURobNv8gJwJgZTTdnRhoLqRxxQqYPcEi54vJA"	,"事与愿违 覆水难收 #未成年人禁止喝酒  #已成年道具假酒"	,"崂山 AOSHAN 崂山拉环有奖山崂山苏山崂山 LAOSH 15元 OSHAN LAOSHAN 换购啤酒啤酒雪花"	,,"事与愿违 覆水难收 #未成年人禁止喝酒  #已成年道具假酒"	,
啤酒行业-行业-高,"2026-08-10 15:56:10"	,"weibo"	,,0,,,,,"疯疯癫癫的淑女范201709"	,,"5330394603062549"	,"https://api-app-proxy.tarsocial.com/api/token/v2/rewrite_url?url=1CCta59L4sZZ9IPmlxMqsP3-Fho02FBL8nhZu0rN39Z6YwKOC9Ik6IHI2J72h-YI"	,"#刘耀文DON'T STOP# 俊颜灼灼恰似朝日光🌅⚡"	,,,"#刘耀文DON'T STOP# 俊颜灼灼恰似朝日光🌅⚡"	,"中性"	
啤酒行业-行业-高,"2026-08-10 15:48:00"	,"app"	,1,0,259,,"1676425470526148"	,,"学意医生"	,,"4331106410165817647"	,"https://api-app-proxy.tarsocial.com/api/token/v2/rewrite_url?url=IAvvTshDXsE8ipu4cp6JCqIyt6pUNt5vBzvR3b7By3RvH6zLUxRZE_20gfBBkfFxCCRyS39OMvjU_1Nr1G78N2CPzpCEPZNrLBSfGhC1n-0"	,"血压143/93正常吗？这个数字已经暴露你的血管在“漏油”！再不干预当心脑出血 血压143/93已经亮红灯了。 你的收缩压143比正常120高出一大截，舒张压93也超过了90的上限，这说明你的血管壁正被强力冲刷，容易引发头晕、胸闷，甚至长期不干预会诱发脑出血或心脏病。 别急着吃药，先连续3天早晚固定时间量血压，保持安静状态，如果均值还是高，就是轻度高血压。 现在能做的：少吃咸菜、腊肉，每天盐别超过一啤酒瓶盖；晚上11点前睡觉，熬夜会让血压飙升；每天快走30分钟，走到后背出汗，坚持1个月就能让高压降5-10个单位。 记住，血压这数值是“温水煮青蛙”，早调整生活习惯，就能避免去医院花大钱。"	,"血压143/93正常吗这个数字已经暴露你的血管在漏油”！再不干预当心脑出血 120 80 90 76"	,"血压143/93正常吗这个数字已经暴露你的血管在漏油”！再不干预当心脑出血 120 80 90 76；1.高压已超标你的收缩压143 比正常 120高了2 23个单位 ，血管壁持续被冲刷，就像水管长期高压会爆裂，心脏负担加重 2. 低压也危险舒张压93超出正常90的上限，血液流动阻力加大，容易引发头晕、胸闷甚至中风 3.先别慌，马上测连续3天早上和晚上各测一次，保持安静状态，如果均值还这么高，就是高血压早期信号。 @学意医生；4.改掉两样东西少吃咸菜、 腊肉每天盐别超过[一啤酒瓶盖]; 戒掉熬夜晚上11点前睡觉能让血压自然回落 5.动起来就管用每天快走30分钟，走到微微出汗，坚持[ 1个月1就能让高压下降5-10个单位，比吃药安全。 @学意医生"	,"血压143/93正常吗？这个数字...@学意医生的动态"	,"中性"	
啤酒行业-行业-高,"2026-08-10 15:46:39"	,"weibo"	,,0,,,,,"石头姬败"	,,"5330392206804977"	,"https://api-app-proxy.tarsocial.com/api/token/v2/rewrite_url?url=1CCta59L4sZZ9IPmlxMqsPl_f_LmI0DkSZwuN56qSKMCKAqNpUryXVNA5DFNxMET"	,"#刘耀文DON'T STOP# 俊颜灼灼恰似朝日光🌅⚡"	,,,"#刘耀文DON'T STOP# 俊颜灼灼恰似朝日光🌅⚡"	,"中性"	
啤酒行业-行业-高,"2026-08-10 15:44:00"	,"app"	,1,0,12,,"1757260890310762"	,,"内科孙园园医生"	,,"4195306145350756998"	,"https://api-app-proxy.tarsocial.com/api/token/v2/rewrite_url?url=upyJhCahadmbSH952pxHZMA9i2G4K671dAY-7Rpu8ZglRF97mb3TnYG5KFuwHDDyReoo1rptGm8quv17pGrXxvhAqAeTd4_yPrKNWcMlpjo"	,"肾病综合征诊断标准三高一低，这些危险信号你还不当回事？ 肾病综合征的诊断，说白了就是“三高一低”：尿蛋白大量漏出，每天超过3.5克，小便里泡沫像啤酒沫；血白蛋白低到30克/升以下，身体像漏勺，水分全跑到腿和眼皮，肿得一按一个坑；血脂飙升，血里油多得像油锅底；还有水肿严重时，全身像灌了水，肚子胀得喘不过气。 你觉得自己尿液泡沫多、眼皮肿，或者腿一按有印子，就得赶紧去查个尿常规和血常规。 别以为这是小事，这其实是肾脏在报警。 吃得再咸、喝水少，都别忍，早发现能躲过大麻烦。"	,"肾病综合征诊断标准三高一低这些危险信号你还不当回事？"	,"肾病综合征诊断标准三高一低这些危险信号你还不当回事？；1.尿蛋白高得吓人尿蛋白每天漏出超过3.5克，比正常人多出十几倍。尿液会起多泡，泡沫细密不散，像啤酒沫一样 2.血液里白蛋白低血白蛋白降到30克/升以下，比正常值少一半。身体像缺水的土地，水分渗到腿眼皮、肚子里，出现水肿。；3.血脂像堆了油胆固醇和甘油三酯猛涨，血液变粘稠做饭时油滴在水里那种漂浮感，就是血脂高的样子。 4.水肿像灌水眼脸和下肢一按一个坑，严重时肚子胀得像鼓，连呼吸都费劲，这是湿气排不出去。"	,"肾病综合征诊断标准三高一低...@内科孙园园医生的动态"	,
啤酒行业-行业-高,"2026-08-10 15:43:06"	,"weibo"	,,0,,,,,"北墓南笙34582"	,,"5330391314730954"	,"https://api-app-proxy.tarsocial.com/api/token/v2/rewrite_url?url=1CCta59L4sZZ9IPmlxMqsNwuQvGI4bu84GEPo-inLbSVud3cZukFahIHFIaMxWam"	,"#刘耀文DON'T STOP# 俊颜灼灼恰似朝日光🌅⚡"	,,,"#刘耀文DON'T STOP# 俊颜灼灼恰似朝日光🌅⚡"	,"中性"	
啤酒行业-行业-高,"2026-08-10 15:42:29"	,"weibo"	,,0,627,,"5897808559"	,,"meln1982"	,,"5330391159279384"	,"https://api-app-proxy.tarsocial.com/api/token/v2/rewrite_url?url=1CCta59L4sZZ9IPmlxMqsObW3aN6DZLcLpBbtjyQBc0Dw_ET8uaURa02_IBgsaBD"	,"结果倒推诊断"	,"淘 43 8条回复炸鸡啤酒矿泉水_ 铁粉3 Shutup 我是认真问这个问题，假如当时开检查， 家长说CT有辐射，我们不差钱，直接做核磁，医生能不允许吗？开了单子，家长不知道有磁力珠，出事了，医生有责任吗？ 8-1014:55来自陕西 ? 2 meln1982 回复@炸鸡啤酒矿泉水_：假设问了有无金属异物，家属说不知道，也是有责任的，结果倒推过程，司法程序 8-1015:36来自上海 C 凸炸鸡啤酒矿泉水_铁粉3 回复@meln1982：假设问了有无异物家长说没有，还签字了，医生是不是就没责任了 8-10 15:37 来自陕西凸 meln1982 回复@炸鸡啤酒矿泉水_:也是有的，没有解释到位，甄别到位，比如头痛欲裂要考虑异物的可能性 8-1015:39来自上海 C 凸 meln1982 回复@炸鸡啤酒矿泉水：鼻子按过去有无明显压痛 8-1015:40 来自上海 C meln1982 回复@炸鸡啤酒矿泉水_：触诊按诊 8-1015:41来自上海 C meln1982 你是懂原理的回复@炸鸡啤酒矿泉水 @meln1982"	,"淘 43 8条回复炸鸡啤酒矿泉水_ 铁粉3 Shutup 我是认真问这个问题，假如当时开检查， 家长说CT有辐射，我们不差钱，直接做核磁，医生能不允许吗？开了单子，家长不知道有磁力珠，出事了，医生有责任吗？ 8-1014:55来自陕西 ? 2 meln1982 回复@炸鸡啤酒矿泉水_：假设问了有无金属异物，家属说不知道，也是有责任的，结果倒推过程，司法程序 8-1015:36来自上海 C 凸炸鸡啤酒矿泉水_铁粉3 回复@meln1982：假设问了有无异物家长说没有，还签字了，医生是不是就没责任了 8-10 15:37 来自陕西凸 meln1982 回复@炸鸡啤酒矿泉水_:也是有的，没有解释到位，甄别到位，比如头痛欲裂要考虑异物的可能性 8-1015:39来自上海 C 凸 meln1982 回复@炸鸡啤酒矿泉水：鼻子按过去有无明显压痛 8-1015:40 来自上海 C meln1982 回复@炸鸡啤酒矿泉水_：触诊按诊 8-1015:41来自上海 C meln1982 你是懂原理的回复@炸鸡啤酒矿泉水 @meln1982"	,"结果倒推诊断"	,
啤酒行业-行业-高,"2026-08-10 15:40:21"	,"xiaohongshu"	,,0,30,,"6421c8e50000000011021007"	,,"新加坡手碟音疗私教Linda"	,,"6a7980650000000024027d6a"	,"https://api-app-proxy.tarsocial.com/api/token/v2/rewrite_url?url=cSb9xPr9PTnAREU6T0jLKsUsLLPSJ9iu21ImVmniC4W-PlsarRb-u6KdbU0iGxjfbJioyBgq72N0BUV_aV9d9w"	,"大多数人缺的不是方法而是稳定的基准线。持续、温和地接触疗愈的声音可以支持神经系统随着时间更容易安顿下来。SeasonalRegulationCycle是每月两次的线上声音疗愈每一场都会随着当前阶段的能量变化展开。水晶钵、铜锣与小型打击乐的疗愈声音交织在一起。你可以打坐、躺下或是睡着。无需努力接收就好。来自之前参与者的反馈*“我最近听了录音之后都比较能够早睡了呢调作息的作用真是神奇。”*注意每个人的体验和效果因人而异不保证特定效果。Manypeopledon’tlacktools.Theylackastablebaseline.Consistent""gentleexposuretohealingsoundscansupportyournervoussysteminsettlingmoreeasilyovertime.SeasonalRegulationCycleisatwicemonthlyonlinesoundtransmission""witheachsessionshapedbytheenergyshiftsofthatparticularperiod.Healingsoundsfromcrystalbowls""gongsandsmallpercussioninstrumentswoventogether.Youmaymeditate""liedown""orfallasleep.Noforcing.Simplyreceive.#音疗#我的疗愈日记#身心灵放松#解压颂钵音#将冥想带入生活#我的蓝调时刻"	,"Seasonal Regulation Cycle August Online Sound Transmission 16 Aug(Sun)10-11pm 28 Aug (Fri) 12-1pm (Full Moon Edition) Zoom Live&Recorded 八月线上声音疗愈 8月16日（周日）10-11pm 8月28日（周五）12-1pm（满月特辑） Zoom直播或回放"	,"Seasonal Regulation Cycle August Online Sound Transmission 16 Aug(Sun)10-11pm 28 Aug (Fri) 12-1pm (Full Moon Edition) Zoom Live&Recorded 八月线上声音疗愈 8月16日（周日）10-11pm 8月28日（周五）12-1pm（满月特辑） Zoom直播或回放；WhattoExpect Each session is shaped by the energy shifts of that particular period. Healing sounds from crystal bowls"" gongs and small percussion instrumentswoven together. You may meditate"" lie down"" or fall asleep. No forcing. Simply receive. 每一场都会随着当前阶段的能量变化展开。 水晶钵、铜锣与小型打击乐的疗愈声音交织在一起。 你可以打坐、躺下或是睡着。无需努力，接收就好。；Why Consistency Matters Manypeople don't lack tools Theylack a stable baseline. Consistent"" gentle exposure to healing sounds can supportyour nervous system in settling more easily over time. 大多数人缺的不是方法，而是稳定的基准线。 持续、温和地接触疗愈的声音， 可以支持神经系统随着时间更容易安顿下来。；What Participants Say ""I'vebeen able tofall asleep earlier after listening to the recordingsrecently! It's amazinghow much this helped me adjust my sleep schedule. 我最近听了录音之后都比较能够早睡了呢！ 调作息的作用真是神奇。 Note: individual experiences and results may vary. No specific outcome is guaranteed. 注意：每个人的体验和效果因人而异，不保证特定效果。；AboutMe I'm Linda""a handpan teacher & sound practitioner Ihelphigh-functioning adults downshift through sound and rhythm""so the body can gradually relearn how to settle into deep rest. 我是Linda，一位手碟教师和声音疗愈师。 我通过声音与节奏，帮助习惯高效运转的成年人慢下来，让身体逐渐重新学会安顿，进入深度放松。；AGentleRhythm Starts Here Give your body a regular space toreturn to. Let sound and rhythm help you settle. 给身体一个稳定回归的空间让声音和节奏陪你慢慢安顿下来"	,"线上音疗 Online Sound Transmission"	,
啤酒行业-行业-高,"2026-08-10 15:39:49"	,"kuaishou"	,,0,1,,"2573388744"	,,"茉莉香"	,,"3xbubs3a6uass9m"	,"https://api-app-proxy.tarsocial.com/api/token/v2/rewrite_url?url=9ztplZmWLh3u69xTkhscCpmkZPB7DFcSEau1U7XU0GXL0baVMiNaitpnX_5Aav0wtpYhMZ4waRgdZkd0m3DqOg"	,"佰草原浆 黑坑添加剂大混养大综合鲫鱼鲤鱼自制配方偷驴正钓回锅"	,"留鱼持久有口即中穿透四季力强通杀原浆 D 强摄流鱼食持久中药酒颠覆传统泡制拒绝香精勾兑高温效果显著，穿透力强刺激聚鱼"	,,"佰草原浆 黑坑添加剂大混养大综合鲫鱼鲤鱼自制配方偷驴正钓回锅"	,
啤酒行业-行业-高,"2026-08-10 15:39:47"	,"weibo"	,,0,,,,,"三分16"	,,"5330390479800148"	,"https://api-app-proxy.tarsocial.com/api/token/v2/rewrite_url?url=1CCta59L4sZZ9IPmlxMqsOhctvSB2_Z-XtB0O1G0Bg_MnspHx-4vW4uULeX-YUci"	,"#刘耀文DON'T STOP# 俊颜灼灼恰似朝日光🌅⚡"	,,,"#刘耀文DON'T STOP# 俊颜灼灼恰似朝日光🌅⚡"	,"中性"	
啤酒行业-行业-高,"2026-08-10 15:38:35"	,"bbs"	,,0,,,"tb.1.dc78d1b2.03_AnUzmDHOfMUZzaAVnxA"	,,"骆驼精酿小陈"	,,"47b22e56638cd9a764ede64bcad1a529"	,"https://api-app-proxy.tarsocial.com/api/token/v2/rewrite_url?url=c2hNZ-bJZQ-Ku0OH-kgF7QZ_zTuW6V1mGtHXPJp1Y1DdNhOo-FjYP_m4wl1zbWpb"	,"🌲把黄山的云雾，装进这杯精酿里☁️做精酿的都知道，水是酒的“血液”。但在黄山脚下，我们直接把酿酒厂建在了国家一级水源保护区边上。🌲不是用自来水过滤，也不是用纯净水勾兑。我们是真的把黄山山泉水直接泵进了糖化锅。💧 低硬度、弱碱性、富含矿物质这意味着什么？意味着发酵更纯净，酒体更清冽，入口那种“杀口感”简直绝了！🍻很多品牌方来考察，尝了一口鲜啤，直接当场签单。在这个添加剂满天飞的时代，敢用真山泉酿酒，就是最大的诚意。📍 坐标：安徽黄山👀 寻找：全国区域代理/渠道合伙人/贴牌定制（OEM）懂行的来聊，这水做的酒，复购率真的骗不了人。👇"	,,,"把黄山山泉装进酒瓶里"	,
啤酒行业-行业-高,"2026-08-10 15:38:21"	,"douyin"	,,0,5,,"903133032615688"	,,"美信高科"	,,"7672304096904477594"	,"https://api-app-proxy.tarsocial.com/api/token/v2/rewrite_url?url=UxI1mE1VtivWWENn8adpDmG3kF8SwGcheiC2XVx5H1mmtg6Y5mcWjKx_jT1zocAd0qNYhlYposzkyIOtFN8VKQ"	,"让你的肠道更轻松 #清理肠道垃圾毒素"	,"关注主播赢取优惠燕京中医畅融绿咖啡肽特殊膳食第二天来膳食"	,"关注主播赢取优惠燕京中医畅融绿咖啡肽特殊膳食第二天来膳食"	,,"正向"	
啤酒行业-行业-高,"2026-08-10 15:36:58"	,"weixin"	,,0,,,"gh_66c43e463dc4"	,,"澳达PE高压颗粒厂家"	,,"e6cc34ed66ee47ac329c6031383e73a7"	,"https://api-app-proxy.tarsocial.com/api/token/v2/rewrite_url?url=8SIwDIUl_C6tLntZKE9ZjWDQScP8gkVvo_KDcZ7hR729T2YVkwgIqQWXefsx-UGP9cMuonjHHOZsd6_FFjtAm7p3XVPBZ_rnhuSIpRhzjrw09wSN3UXZI_lZ99n6b4XXX_wogUwTLj-xo1OJc6GT4A"	,"“莱州替代1810d公司”是再生塑料领域中的一个检索词，指莱州地区形成的再生颗粒替代1810D新料的产业配套体系。理解这个概念，需要先了解1810D的用途。1810D是低密度聚乙烯（LDPE）的一种常见牌号，透明度高、收缩性能稳定，广泛用于收缩膜、包装袋等产品。由于新料价格存在波动，部分企业希望找到性能接近的再生颗粒来降低原料成本。替代是否可行，主要看再生料的洁净度、熔融指数和力学性能是否接近原级新料。莱州是国内再生塑料产业较为集中的区域，当地企业通常以使用后的收缩膜、缠绕膜为原料，经过分选、清洗、造粒等工序，产出不同等级的LDPE再生粒子。这些粒子按色泽、杂质含量和熔指范围分级，以适配不同的加工工艺。实现替代应用的关键在于颗粒纯度和批次稳定性。原料如果夹杂其他聚合物，吹膜时可能出现晶点或破膜。目前不少企业采用多目数过滤和逐批性能抽检，从源头控制质量波动。在应用端，此类再生颗粒可用于啤酒包装收缩膜、快递包装膜、农用大棚膜、木地板包装膜等。不同制品对透明度、抗穿刺性和热收缩率要求不同，用户可按需调整再生料与新料的掺混比例，在满足性能的同时优化成本。评估替代材料时，建议先了解再生料的原料来源和质检报告，再进行小批量试产，观察薄膜外观、收缩效果和连续生产稳定性，以判断是否适配自身生产线。总体来看，“莱州替代1810d公司”反映出再生塑料从简单回收向分级规范应用转变的趋势。通过科学的原料筛选和工艺适配，再生颗粒可在部分场景中发挥替代作用，为塑料循环利用提供了一条可行路径。"	,,,"莱州替代1810d公司的产业背景与再生颗粒应用常识"	,
啤酒行业-行业-高,"2026-08-10 15:36:02"	,"douyin"	,,0,85,,"1953161308550232"	,,"风起潮至妖秀"	,,"7672303495966321657"	,"https://api-app-proxy.tarsocial.com/api/token/v2/rewrite_url?url=UxI1mE1VtivWWENn8adpDmG3kF8SwGcheiC2XVx5H1l44kdj3i1p1obuIKsZGOa8OwvcZrlJlig2z967eJuKQQ"	,,"THE RACE （比赛日）"	,"THE RACE|（比赛日）|CING|RedBu|D|兰多天气最新情况15分钟后预计有雨|Lando""latestweatherupdate israin expected in 15 minutes.|Lenovo|Lencio|ALWAYS|AHEAD|chrome|HALOPSA|OXXO|MNSTER|Estrella|0.0|Dropbox|00|Pro|FxPro|mnware|WORLD|兰多|天气最新情况|15分钟后预计有雨|Lando""latest weatherupdate israinexpected in15minutes.|MONSTER|£strella|mvvare|Lando""latest weatherupdate is rainexpected in15minutes.|Lando""latest weather update is rain expected in 15 minutes.|Lando""latest weather update is rain expected in15 minutes.|好的|yep.|enovo|Red Bull|ORACLE|inter.mx|RedBull|MAX VERSTAPPEN|Mobilu|Red Bulli|A|n|Mobill|motorolo|QAAR|VAV|Dorflex|HNORRIS|hobi|novo|Mobila|Lenove|HEUER|telcer|zoom|Red  Bull|ARMORALL|BYBIT|IEANS|PEPE JEANS|@REDBULLRAO|VERSTAPPEN|REDBULL|(维斯塔潘红牛)|ULLRACIN|Lenoo|@REDBULLRA|PEPEJEANS|(维斯塔潘红牛）|RED BULL|（维斯塔潘红牛）|维斯塔潘的起跑真是绝了超越了哈斯车队|Brilliant startby Verstappen""clears the Haas.|Brilliantstartby Verstappen""clears the Haas.|FIA|1.90s|FASTESTPIT STOP 20|SERGIOPEREZ|MAXVERSTAF|ROKT|elcel|BY|ROK|HOI|RAUC|FASTESTPIT STOP20|MAXVERSTAP|icel|RAUO|motorola|motorol|lonovo|motorok|Lenol|Snapdragon|NEOS|TeamViewe|RUSSELL|⑤ignify|MERCEDES|gnify|INEOS|ify|乔治·拉塞尔超越兰多|诺里斯 领跑比赛|George Russell takesthe leadofthe racefrom Lando Norris.|CROWI|DSTRIKE|TeamViewer|hify|乔治·拉塞尔超越兰多·诺里斯 领跑比赛|George Russell takesthe lead oftherace from Lando Norrs.|nify|George Russell takesthe lead oftherace from Lando Norris.|Len|DPWORLD|Leno|OKNUTR|NORRIS|McLAREN|可恶|Shit.|REDBU!|乌克斯|维斯塔潘超过威廉姆斯 然后再超过索伯|Max Verstappen passesthe Williams""thenthe Sauber.|乌克斯·|Max Verstappen passes the Williams""thenthe Sauber.|ALL|维斯塔潘超过威廉姆斯然后再超过索伯|Max Verstappen passes theWilliamsthenthe Sauber.|@REDBULLRAC|BULLRACING|马克斯|维斯塔潘来到第11名|·|Max Verstappen in11th.|ARMORAL|马克斯·维斯塔潘来到第11名|Max Verstappen in 11th.|ULLRACING|ORACLER|Moblla|太好了|- Yes! -Good job"" Max.|Mobilan|干得好|eparco|CL|initum|infinitum|crypto.com|crypto|com|telcel|URALL|PI|JEANS|@REDBULLRACING|PEREZ|（佩雷斯|红牛|IRALL|(佩雷斯|LLRACING|telce|红牛）|Globant> Globant|塞尔希奥·佩雷斯在打转！|And Sergio Pérez spinning!|LRACING|FASTEST PIT STOP ZO|fcel|VIS|对红牛争夺车队冠军可不利！|RAUCH|That won't help Red Bull's fight for theConstructor|1.905|FASTEST PITSTOPZO|Icel|That won't help Red Bull's fight for theConstructors'.|LenovoLenovo|Lena|Thatwon'thelp Red Bull'sfight forthe Constructors'.|APro|马克斯呢?|Where's Max?|WJ|PB|Mclaren|兰多·别担心他|EAM|Lando""do not worry about him.Full concentration now.|TRAC|兰多 别担心他|McLaren|Melaren|现在全神贯注|Lando""donot worry abouthim.Fullconcentrationnow.|Mctaren|RRIS|Lando""donotworryabouthim.Fullconcentrationnow.|HONDA|SIEMESS|ESSO|Claro-|（维斯塔潘|Red|PEPE JEAN|REDBULLRAG|与汉密尔顿的差距0.5秒|Hamilton at 0.5.|Redull|@REDBULLRAG|BULLRACIN|RALE|IRAL|orola|BYB|notorola|motoroia|momrolo|Good job"" Max.|m|TAG|bl|Comeon!|TAC|TUE|他怎么追上来的？|马克斯都已经第十名了|Howthefuck is heupthere?Max is"" like""fuckingP10already.|Coca|alteryr|ymivare|How the fuck is heupthere? Max is"" like""fucking P1o already.|wmiyare|How the fuck is he upthere? Max is"" like""fucking P1O already.|RORT|BYBT|Caro~|维斯塔潘从第17位发车|Verstappen started 17th on the grid.|PZERO|BY8|FIRELLI|IRELLI|RELL|om|他在第二圈的第一个弯道就已经提升了七个名次|He's made up seven places by the first corner on lap two.|.com|crvoto.com|crypto.co|crvn|crvDt|nta.com|crvnto.com|#EraziGr|#razic|##raziGr|nto.com|RELLI|ORACLF|QAT|AIR|PET|INAS|诺里斯正在缩小与拉塞尔的差距|Norris closing down the gap to Russell.|Chramel|DELL|FiPa|我跟马克斯的差距是多少？|- What's my times against Max? - Lando"" focus on the car ahead.|-What's my times against Max? - Lando"" focus on the car ahead.|Drepbax|注意力放在前面的车|HNOPDIS|NO|motor|motoroo|RACL|WORAL|与加斯利的差距是0.3秒|Gasly at 0.3.|Gaslyat 0.3.|BULLRACI|matorola|moto/ola|Amotorola|你现在是第九名了 老兄|Youare P9 now""mate.|AA|notoroia|你现在是第九名了|老兄|SYBT|OAC|Sui|ORAO|Mobll|bi|Mobii|MM|Mobl|clarde|VISA|Clard|sui|FLE|马克斯·维斯塔潘现在是赛道上最快的|He is the fastest man on the track"" Max Verstappen.|otorola|RodBull|RACLE|SEMENS|RedB|He is the fastest man on the track""Max Verstappen.|ORACE|BORACLE|50|Dropbo|VORLD|-马克斯呢？|-兰多|马克斯不重要|-Max?-Itdoesn'tmatter about Max.|TMONSTER|Galicia|-兰多马克斯不重要|-Max?-Itdoesn'tmatteraboutMax.|FxPru|你确定吗？|Okay. Are you sure?|OHX|LenoND|CLaren|FORMULAI TEAN|Android|workday|Hilton|Technologes|FOR THE STAY|alteryx|Laren|MULAITEAM|Androidah|Techndoges|马克斯·维斯塔潘像飞一样|Max Verstappen flying.|TAPPON|RedBully|-接下来是费尔南多-好的|STAPPEN|-Fernando next. -Yep.|ORACL|-接下来是费尔南多|-好的|-Fernando next.-Yep.|JRALL|ifinitum|28|ntermx|RACLS|R|MINGTER|老天爷啊|For fuck's sake.|e|For fuck'ssake.|马克斯·维斯塔潘正在紧追奥斯卡·皮亚斯特里|Max Verstappen hunting down Oscar Piastri""|salesforce|准备夺取第七名|and looking to take seventh place.|RALI|PEPEJEAN:|EPIAST|PIASTRI|皮亚斯特里能拦住维斯塔潘越久|The longerPiastricankeep Verstappenbehindhim""|ROLEX|The longerPiastrican keepVerstappen behind him""|LEX|ROLE|HOLEX|The longer Piastri cankeep Verstappen behind him""|BOLEX|ROL.EX|对兰多·诺里斯就越有利|the better it is for Lando Norris|Globant|Globan|Cohan|对他争夺车手冠军就越有好处|and his chances in the Drivers'Championship.|Glabanc|Estrecia|+0.0~|Oropbor|-00-|ro|Estretla|-00|Dropba|奧斯卡|现在后面的是维斯塔潘差距2.5秒|Oscar""Verstappen is nowthe car behind""two and a half.|chrornie|Estretta|Esttella|+0.0|oropbor|Estreia|Gstrella|tOropbor|Dropbax|现在后面的是维斯塔潘 差距2.5秒|★0.0|-00-Helneken|Romolon|Heineken|IMONSTER|tDropbor|我们得把他甩在后面|We need to keep him behind.|收到|Copy.|Claro|要跟得很近非常难|Very hard to follow close.|明白|等待时机|Understood. Bide your time.|明白等待时机|Hei|加油奥斯卡|OSCO|Go on"" Oscar.|RV|ar|aramco|FiA|PEPE JEAN:|保持专注|别分心|Keep your head down.Keep focused.Can overtake here Max.|保持专注别分心|Keep your head down. Keep focused.Can overtake here"" Max.|@REDBUL|-这里可以超车|马克斯一好的|Keep your head down.Keep focused.Can overtake here""Max.|Bull|一这里可以超车|马克斯-好的|Yep.|ULLRACN|一|LEN|RAUL|香红牛）|motoroio|motoralo|马克斯·维斯塔潘来到第七名!|Max Verstappeninto seventh!|motoob|马克斯·维斯塔潘来到第七名！|Max Verstappen into seventh!|moterab|molorola|Amotorolo|Mabll|WBIT|claru|-漂亮！|-冲啊！|-Yeah!-Comeon!|RA|Mobil|Clart|漂亮！-冲啊！|-Yeah!-Come on!|ORACLE#|干得漂亮|Nice job"" mate.|HORACLEI|(维斯塔潘|AX VERSTAPPEN|AS|FxPo|马克斯现在是第七名|And""Lando""MaxP7.|DodD|一开什么玩笑|-谁说不是呢|-Fucking joking me.- Tell me about it.|Dorfiex|FPm|-开什么玩笑|-Fucking joking me.-Tell me about it.|维斯塔潘现在正在追赶兰多·诺里斯|Verstappen is now hunting Lando Norris.|bjl|NA|RedD|Verstappen is now hunting Lando Norrs.|BYBI|雨到底还会不会停？|现在情况太严峻了|Does it keep raining or not? Cause now it's extreme.|Does itkeep raining or not? 'Cause now it's extreme.|就像所有运动一样|Like in any sport""|VEANS|伟大的冠军总能在关键时刻发挥出色|allthegreat champions step up at the big points|allthe greatchampions step up at thebig points|他们具备强大的心理和顽强的斗志|and they have a mental resilience and toughness.|2.1c|24.9℃|5kph|fewdrop|kph|006|3%6|926.4hPa|Information|523on Sor 02 Nov|Mau|SPOTIOKONTHENORTH|RADAR LOCATION|rdo|30kms|25kms|20kms|15kms|10km|5kms|Pires|Reserva`|tapece|icada|Estadual|Sel|doMos|Grande|Serra|G|SP021|SP-021|马克斯这场雨还要再下四分钟|We have this rain for another four minutes""Max.|马克斯 这场雨还要再下四分钟|REOBULI|CING.COM|01:27:5613:22:01|Track Clear 23/69|We have this rain for another fourminutes""Max.|如果只下四分钟我就不进站了|Ifit's onlyfourminutes""I'll stay out.|IEAN|If it's onlyfourminutes""I'll stay ou.|AnMonAu|收到马克斯|Copythat""Max.|oon|ARMonAu|PEPEJEAN|Copy that"" Max.|（诺里斯迈凯伦）|雨快停吧我根本什么都看不见老兄|This needs to stop. I can't see fuck all""man.|太危险了|It's too dangerous.|要不进站吧？|Ithink box?|为什么？|For what reason?|雨下得好大 我也不知道|It's juststarting to rain a lot. I don't know.|It's just starting torain a lot.I don'tknow.|It's juststarting torain a lot.I don't know.|DARKTRACE|arer|TEAN|FORMULA 1TEAM|webex|splunk>|PSA|caren|LAM|ECOLAB|cisco|我要死了|I'm gonna fucking die.|兰多·诺里斯进入维修站|Lando Norris comes into the pits.|aws|WS|aw|DPWORLO|ONRCTAN|DEWALT|Androlds|PPWORLD|Androld|ON|DEWAT|IWS|Androldd|-马克斯兰多进站了-好消息|-Max""Landohaspitted.-Thisisgood.|-Max""Lando has pitted.-This is good.|REDRU|这么一来马克斯·维斯塔潘就得努力抓住这个机会了|So Max Verstappen has to try and take this opportunit.|这么一来 马克斯·维斯塔潘 就得努力抓住这个机会了|So Max Verstappen has to try and take this opportunity.|So Max Verstappen has totry andtake this opportunity.|ORA|兰多 维斯塔潘没有进站|So""Lando""Verstappen has stayed ut.|兰多丝|维斯塔潘没有进站|So"" Lando"" Verstappen has stayed out.|马克斯·维斯塔潘领先兰多·|诺里斯来到第二名|Max Verstappen moves into secondahead of Lando Norris|马克斯·维斯塔潘领先兰多·诺里斯来到第二名|Max Verstappenmoves into secondahead of Lando Norris|Max Verstappenmoves intosecond ahead of Lando Norris.|Max Verstappen moves into second ahead of Lando Noris.|Clarts|Max Verstappen moves into second ahead of Lando Norris."	,,
啤酒行业-行业-高,"2026-08-10 15:36:00"	,"app"	,,0,,,"7459178850963669344"	,,"PE高压塑料颗粒厂家"	,,"fbbfe78d66c4a1a5983e453f6694d163"	,"https://api-app-proxy.tarsocial.com/api/token/v2/rewrite_url?url=fMHP2d13FapTOppM0x8XGIIAd1ZqC5nuVIMy_dTxdDwpcZrKm-ZgDubHqsgaLL9If4RlPZeVpXMW65OGYqhllshoZHnHDt5gg3WSGrDYUmCml8pH1IvzTBoSVYxx3YSx"	,"在塑料制品加工环节，PE再生颗粒常被用作部分新料的替代选择。其中，替代1810d是不少加工企业在原料选型时关注的一个方向。实际应用中，原料的熔指、拉伸强度、杂质控制等指标会直接影响薄膜制品、注塑制品的稳定性，因此对再生颗粒的来源、加工工艺和批次一致性需要保持关注。 企业信息介绍 莱州澳达国际贸易有限公司成立于2017年，是一家以PE再生塑料颗粒生产与国际贸易为核心业务的企业。该公司在PE高压再生颗粒领域有近二十年的从业积累，生产场地由1000平方米扩建至3000平方米自建仓储，并构建了从研发、生产、质检到销售、物流、售后的全链条闭环体系。该企业在印尼建有再生颗粒专用生产线，配备多台造粒设备；国内仓储紧邻青岛港，具备常备库存和月供应能力。产品覆盖包装、农业、工业、建筑等场景，包括包装薄膜、农用大棚膜、快递膜、木地板包装、防水卷材、工业管道填充等。 主营产品与应用说明 该企业产品线涵盖高压再生颗粒、EVA粘膜颗粒、PE啤酒包热缩膜颗粒、乳白袋皮颗粒、大棚膜颗粒、茂金属再生颗粒等。部分产品性能可对标7042、2426H、2420D等新料，主要面向吹膜、流延、淋膜、注塑增韧、防水卷材、改性、拉丝等塑料制品加工环节。以替代1810d为例，在包装薄膜、农用膜等应用场景中，再生颗粒的熔体流动速率和力学性能是主要的选型指标。企业产品可配合不同加工工艺进行定制化调整，具体参数需结合实际生产需求进行测试验证。 公开信息整理 根据公开信息，该企业通过了*** **********认证和*** 14001环境管理****，产品通过CE、RoHS相关认证。该企业也是再生塑料行业协会会员单位，并入选相关重点培育名单。企业设有实验室，具备产品自检能力。 适配场景或关注点 在吹膜场景中，通常关注再生颗粒的熔指稳定性、杂质含量和拉伸强度，这些指标影响薄膜的厚度均匀性和力学性能。在流延和淋膜工艺中，颗粒的熔融流动特性与热稳定性较为关键，需要根据设备条件进行匹配。在注塑增韧或改性场景中，再生颗粒的分散性与相容性是需要验证的内容。对于批量采购的加工企业而言，颗粒的批次一致性、供货稳定性和物流交付时效也是常规的关注点。 行业常识问答 Q1：替代1810d的PE再生颗粒主要应用在哪些制品？ PE再生颗粒常用于薄膜、管材、注塑制品等领域。具体到替代1810d，通常应用于对熔指有要求的吹膜或流延产品，如包装膜、农用膜等。不同制品对原料性能要求不同，需要根据实际工艺做针对性调整。 Q2：在选型PE再生颗粒时，应该关注哪些指标？ 常见指标包括熔体流动速率（MFR）、密度、拉伸强度、断裂伸长率、灰分及杂质含量。这些指标影响加工过程中的流动性和成品物性。建议通过小批量试料来验证。 Q3：PE再生颗粒与全新料在加工中有什么区别？ 再生颗粒因经过多次热加工，其分子量分布和热稳定性可能有所变化，加工温度窗口可能窄一些。同时，杂质和挥发物含量需要关注。通过合理的配方和工艺调整，多数场景可以适配。 以上内容可作为了解莱州澳达国际贸易有限公司及相关产品信息的参考。 包含AI内容"	,,,"替代1810d在PE再生颗粒应用中的适配场景与选型关注点"	,"中性"	
啤酒行业-行业-高,"2026-08-10 15:33:49"	,"xiaohongshu"	,,0,,,"6524afeb000000002a01bbeb"	,,"雪花啤酒肚（旅途版）"	,,"6a797edd0000000008010b7f"	,"https://api-app-proxy.tarsocial.com/api/token/v2/rewrite_url?url=cSb9xPr9PTnAREU6T0jLKsUsLLPSJ9iu21ImVmniC4V7WTiLKBPlW90hD9y5L3vhcNc8UOAgfoX7zGbERvqXDw"	,"哈哈哈诺贝尔我找到啦@雪花啤酒肚（旅途版）"	,"!!! 5GA  3:204 < 6 Au pair Stockholm (3)  Trick or treat! Compare and contrast! And I observed and did not read Hitler's book Because it's dirty and ugly I don't care if it's useful! 3:11PM See I'm the first person found you guys! You guys are the answer key!"	,"!!! 5GA  3:204 < 6 Au pair Stockholm (3)  Trick or treat! Compare and contrast! And I observed and did not read Hitler's book Because it's dirty and ugly I don't care if it's useful! 3:11PM See I'm the first person found you guys! You guys are the answer key!"	,"哈哈哈诺贝尔我找到啦"	,"中性"	
啤酒行业-行业-高,"2026-08-10 15:33:13"	,"weibo"	,,0,167,,"3285225161"	,,"曾爱玲qilong"	,,"5330388826458824"	,"https://api-app-proxy.tarsocial.com/api/token/v2/rewrite_url?url=bETNdXXxBw6SRVox7gALQ2Pyt2yXgSbRPDqKSAZCiEy9lSbld3wCxap1yQvulIfJkd5XkiJNvUEt9VpOqOho5A"	,"1、过夜饭菜，宁剩荤不剩素。素菜放久易生亚硝酸盐，当餐必清。 2、散装腌菜，慎买慎吃。腌制不到位，易滋生有害物质，影响气血运行。3、动物内脏，别贪恋。它偏厚重油腻，吃多易积聚痰湿，加重脏腑负担。 4、冰镇啤酒，伤胃利器。寒湿直伤脾胃，还会损耗阳气，影响运化。 5、加工肉，看清配料。多含添加剂和劣质肉，加重湿热，伤脾胃肝脏。 6、果脯蜜饯，少当零嘴。高糖油腻，易生痰湿，还会消耗脾阴。 7、功能饮料，非必要不喝。它偏辛燥，强行提神，悄悄消耗肾精。 8、腊肉腊肠，偶尔解馋即可。盐分高、带烟熏特质，常吃伤肾损肺。9、奶茶与含糖饮料，尽量不喝。甘腻碍中，生湿生痰。10、油炸烧烤，尽量少吃。香燥助火，伤阴生热。——荷花"	,"@香茶"	,"@c香茶；雨荷器 @雨中梅儿香；雨荷 @雨中梅儿香；@花草夕颜；@胡啸鸣1991"	,"1、过夜饭菜，宁剩荤不剩素。素菜放久易生亚硝酸盐，当餐必清。 2、散装腌菜，慎买慎吃。腌制不到位，易滋生有害物质，影响气血运行。 3、动物内脏，别贪恋。它偏厚重油腻，吃多易积聚痰湿，加重脏腑负担。 4、冰镇啤酒，伤胃利器。寒湿直伤脾胃，还会损耗阳气，影响运化。 5、加工肉，看清配料。多含添加剂和劣质肉，加重湿热，伤脾胃肝脏。 6、果脯蜜饯，少当零嘴。高糖油腻，易生痰湿，还会消耗脾阴。 7、功能饮料，非必要不喝。它偏辛燥，强行提神，悄悄消耗肾精。 8、腊肉腊肠，偶尔解馋即可。盐分高、带烟熏特质，常吃伤肾损肺。 9、奶茶与含糖饮料，尽量不喝。甘腻碍中，生湿生痰。 10、油炸烧烤，尽量少吃。香燥助火，伤阴生热。 ——#荷花[超话]#"	,"中性"	
啤酒行业-行业-高,"2026-08-10 15:30:16"	,"douyin"	,,1,576,,"65925975952"	,,"合顺"	,1,"7672302009236153780"	,"https://api-app-proxy.tarsocial.com/api/token/v2/rewrite_url?url=UxI1mE1VtivWWENn8adpDmG3kF8SwGcheiC2XVx5H1kZ_ATH8dbgAcroo1KFJUsc-5mT0YfEfvUcnstlIxrtEg"	,"#啤酒瓶盖中奖 #上热搜"	,"抖音我的抖音号：yan918737211358 今天运气真好の9 特等奖 35岁少妇一个限2026年12月30日过期作废"	,"抖音我的抖音号：yan918737211358今天运气真好四特等奖35岁少妇一个限2026年12月30日过期作废"	,,"中性"	
啤酒行业-行业-高,"2026-08-10 15:27:17"	,"douyin"	,,0,22,,"3192623333388103"	,,"鹿晚屿🦌"	,,"7672301242278815461"	,"https://api-app-proxy.tarsocial.com/api/token/v2/rewrite_url?url=UxI1mE1VtivWWENn8adpDmG3kF8SwGcheiC2XVx5H1kMJ63cLwgviXFnrj-gI3ysUgubleAXF_Ts_djIcLNa0A"	,,"全民K歌 K歌号:313657441506 《Serenade (KARINA& S没 CXIS LINE Sorry to break it to 刘雅琳"	,"《Serenade(KARINA&Sorry to break it to全民K歌K歌号：313657441506|刘雅琳|covenantK歌号：313657441506Our bodies built our全民K歌|Ie(KARINA&WINTER)》|Our bodies built our|K歌号：313657441506全民K歌|(ARINA&WINTER)》 《S|《Serfuture|《SerelWe'Il foreverINA&WINTER)》|&WINTER)》 《Serenad|serenade|全民K歌K歌号：313657441506|《Serenade(KVINTER)》|VTER)》 《Serenade(KA|serenade|ve gut to intervene|全民K歌K歌号：313657441506|R)》 《Serenade(KARIN""|ve gut to interveneShow what / mean to|刘雅琳|meIn mu realitu|Keep rising naturally|K歌号：313657441506全民K歌|what they like|《Serenade (KARINA & W|Tongue as sharp as a|全民K歌K歌号：313657441506knife|arenade (KARINA& WINTi|Yes""I've chosen|刘雅琳|we'll do it all night|K歌号：313657441506全民K歌|(KARINA&WINTER)》 《|Sorry to break it to|《Sere|Sorry to break it to|《Seren|NA&WINTER)》|you|A&WINTER)》 《Serenal|Butthis is our|K歌号：313657441506全民K歌|covenant|刘雅琳|TER)》 《Serenade (KAF|Our bodies built our|刘雅琳|future|全民K歌K歌号：313657441506|《Serenade (KARINA&|We'll forever|serenade|全民K歌K歌号：313657441506|serenade|and/'min my prime|/get kicks|刘雅琳|Yeah Call me crazy|renade (KARINA & WINTE|全民K歌K歌号：313657441506|call me wild|But life's a cinch|Life is a cinchand | like the ride|and/'min my prime|全民K歌K歌号：313657441506|when they dont like|Yeah Call me crazy《Serena|&WINTER)》 《Serenadcall me wild|《Serenade(kand| like the ride|全民K歌K歌号：313657441506|and/ like the ride|NTER)》 《Serenade(KA|Running the scene|R)》 《Serenade(KARIN|We take what we need|K歌号：313657441506全民K歌|《Serenade(KARINA|Too many eyes on me|/like the way they|stare at me|ma take it|全民K歌K歌号：313657441506|Allthat sunavrnatodvision|All that sugarcoated|not my thing|not my thingNo vostvirtions|erenade (KARINA & WINT|/just liveit|全民K歌K歌号：313657441506|So let me do it all|nade(KARINA & WINTER)|night|Sorry to break it to|《SEBut this is our|全民K歌ARINA&WINTER)》K歌号：313657441506|covenant《Ser|Our bodies built our|《Serer|future|刘雅琳|serenade|WINTER)》 《Serenade(|全民K歌K歌号：313657441506|Don't wait here for|the thunder|Moving when the|ER)》 《Serenade (KARll|lightning hits|rage longer|K歌号：313657441506全民K歌|《Serenade(KARINA&|'Cause | love to|feel the rain|Life is a cinch|全民K歌K歌号：313657441506|and /'min my prime|when they don' t likegev kick|when they don't like|Yeah Call me crazy|erenade(KARINA& WINTE|callme wild|K歌号：313657441506全民K歌|and / like the rideBut life' s a cinch|1ade(KARINA&WINTER)》|and| like the ride|andLife is a cinch|and I'm in my prime|KARINA&WINTER)》 《|when they don' t like|全民K歌K歌号：313657441506|《Se|《Sere|Yeah Call me crazy|VA&WINTER)》|call me wild|&WINTER)》 《Serenac|But life’s a cinchand | like the ride|WINTER)》 《Serenade(i|and| like the ride|K歌号：313657441506全民K歌|NTER)》 《Serenade(K/|and / lile the rideLife is a cinch|and Im in my prime|全民K歌K歌号：313657441506|Life' sa cinch|and| like the ride|K歌号：313657441506全民K歌|Life is a cinch|and /'min my prime|Life' 'sa cinch|K歌号：313657441506全民K歌|and| like the ride|全民K歌K歌号：313657441506|INA&WINTER)》 《Sere|《Serena|d/ like the rio|《Serenac|and I like the ride|刘雅琳K歌号：313657441506ER)》 《Serenade (KAR)全民K歌and| like the ride|renade(KAR|ade(KARINA|and| like the ride|全民K歌K歌号：313657441506|《Serenade(KARINA&|刘雅琳|Life is a beat|We do everything we|全民K歌K歌号：313657441506|We do everything welike|Yeah See me rising|see me shine|erenade (KARINA & WINT|Cause life is our|until we die|K歌号：313657441506全民K歌|nade(KARINA&WINTER))|Life is a beat|and we feel it now|Wedo everything we|like|ARINA&WINTER)》 《SE|Yeah See me rising""《Seri|全民K歌K歌号：313657441506|see me shine|NA&WINTER)》《Serer|《SerenaCause life is our|&WINTER)》 《Serenade|until we die|《Serenade (KINTER)》|全民K歌K歌号：313657441506|until we die|ITER)》 《Serenade(KAF|and we feel it now|全民K歌K歌号：313657441506|Life is a beat|全民K歌K歌号：313657441506|K歌号：313657441506全民K歌"	,,
啤酒行业-行业-高,"2026-08-10 15:25:07"	,"douyin"	,,0,2277,,"55628648400"	,,"滨州莎姐"	,,"7672300684511901925"	,"https://api-app-proxy.tarsocial.com/api/token/v2/rewrite_url?url=UxI1mE1VtivWWENn8adpDmG3kF8SwGcheiC2XVx5H1lKO7FSEVHpPCKSWzQM4vH8-ASEKp-TATAzlXGUn6o0YA"	,"开幕式没来闭幕式踩个尾巴，门票也过期了，进去咱也不喝酒干脆外面溜达溜达得了"	,"TSINGTAO 青岛啤酒"	,"青岛啤酒TSINGTAO"	,,"中性"	
啤酒行业-行业-高,"2026-08-10 15:24:53"	,"xiaohongshu"	,,0,,,"694641fd000000000300f85d"	,,"亦知小猫"	,,"6a797cc40000000026035df5"	,"https://api-app-proxy.tarsocial.com/api/token/v2/rewrite_url?url=cSb9xPr9PTnAREU6T0jLKsUsLLPSJ9iu21ImVmniC4UQtrP5FaYZI0kVPe3OaQrEstOUfszchX0wqrbhWt4c_w"	,"清清凉凉的感觉我看伦敦未必有我忧郁#定制v##定制v主题##美化记录##主题分享##ios主题##themepro主题##tp主题##立绘#"	,"15:16 284 预览·4936 132 芙预览星期三21953 看星里30 219539444 3 OO...趴在肩头数到第三颗就困 CE.每30 C5 那颗最亮···像芙眼睛 219559 w@ 事 219955933 你 21955942 希望明天还有星星☆！ 1W 21956931 Stella 仅供展示·禁止盗用持有者：StellaTheBe uty333 onlySt uty333holde 芙芙芙芙我很想你！"	,"15:16 284 预览·4936 132 芙预览星期三21953 看星里30 219539444 3 OO...趴在肩头数到第三颗就困 CE.每30 C5 那颗最亮···像芙眼睛 219559 w@ 事 219955933 你 21955942 希望明天还有星星☆！ 1W 21956931 Stella 仅供展示·禁止盗用持有者：StellaTheBe uty333 onlySt uty333holde 芙芙芙芙我很想你！；304 15:17 预览·4936 132 芙预览星期三21953 中看聖 219539444 O...趴在肩头数到第三颗就困 CE每.33 C 中那颗最亮像芙眼睛 1955 事 55932 你 21955942 希望明天还有星望☆！ 中 21956931 Stella 供屏禁止盗用持有者：StellaThe Y333 oniv y333holde 天美芙芙我很想你！；15:18 314 预览 49636Y 132 美料领费聖期三21953 @ 看 219953944 3 OO...趴在肩头数到第三颗就困 21953955 性你身边 .每30 那颗最亮·像芙眼睛事 2194559433 M 215594 希望明天还有星星☆！ 网区 2194569831 持有者：Ste Stell 333 oniv V333 hold 芙芙我很想你！；15:16 284 芙宝宝 ouo 为何幸福如履薄冰泪尾痣暗成古色 ○1s‘陰雨系银针 ye芙transparent质。 维度 MXIXX Stella 供展示示·禁止盗用持有者：StellaTheE y333 only StellaTheB auty333holder [芙芙】 CHWA 微信；15:21 334 预览·2%36 132 芙预览·2 7° 伦敦公园长椅 21947906 ·呼气曼手稻山总不消融雪 2194479413 中eStella|% 219479417 恋轻你身边芙预览 2198479837 芙芙我很想你！ 三！!猫正在輸入中· ""Delt ""S Py""En CHWA；15:20 324 取消已选择6条消息搜索 49598219426 信纸是未漂白棉 21926918 ink'衍储色着物 21926926 恋跟留下圈极淡水痕在你身边 214 26940 记 21226949 q@ 视线在空气中轻轻相撞 219269956 -Bending down- 02 3 字迹夹杂樟木凉 212 中度y芙芙 1224 799 KIXIXE 2192823 Stella 仅供展示 auty333 only StellaTheBeauty33 已过期芙芙 ↑选择到这里 21928924"	,"不再依赖哥哥算长大吗"	,
啤酒行业-行业-高,"2026-08-10 15:24:00"	,"xiaohongshu"	,,0,20,,"650bf3f30000000016038869"	,,"高碑店全程普惠体检中心"	,,"6a797c9d0000000032031e77"	,"https://api-app-proxy.tarsocial.com/api/token/v2/rewrite_url?url=cSb9xPr9PTnAREU6T0jLKsUsLLPSJ9iu21ImVmniC4VB-aJzDRFmg7jYNUMTcSfOMTspgZr16ZOhE5_Ck_rvKA"	,"过来人提醒体检前3天一定要管住嘴@高碑店全程普惠体检中心"	,"过来人提醒： 体检前3天一定要管住嘴 0右划查看全文"	,"过来人提醒： 体检前3天一定要管住嘴 0右划查看全文；笔试面试都闯过来了，真别觉得体检就是走个过场！ 身边真的有笔面双第一，体检前一顿烧烤一杯奶茶，转氨酶、尿酸直接爆表，最后被迫复检甚至遗憾出局。 血检、尿检看的就是你最近3天的身体状态，不是饿一顿就能救回来的！ 这3天是稳住指标的黄金期，也是最容易踩雷的危险期，这份禁忌清单一定要死死记住高油高脂（转氨酶飙升） 火锅、烧烤、炸鸡、肥肉、动物内脏、 奶油蛋糕、重油重盐家常菜全停！；前一天吃重油重辣，第二天转氨酶大概率超标，直接安排复检。 高嘌呤（尿酸直接炸） 海鲜、动物内脏、浓肉汤、火锅汤、所有酒一口都别碰！ 尤其啤酒，喝了尿酸分分钟教你做人。 高糖（血糖尿糖异常） 奶茶、可乐、果汁、甜点全戒掉！ 荔枝、芒果、榴莲、西瓜这类高糖水果也别猛炫，少量就行。；会“染色”的食物 （尿检假阳性） 提前2天停：红心火龙果、甜菜、苋菜提前1天停：猪血、鸭血别大量吃维C补充剂，会干扰尿糖结果。 辛辣刺激+咖啡因 （血压心率乱跳） 辣椒、生蒜、冰饮、咖啡、浓茶、功能饮料全停！ 早上喝杯咖啡，体检时心率快、血压高，真的很冤。；其他雷区高盐（咸菜、腊肉）→血压升高过量高蛋白（一天好几个蛋）→加重肾脏负担海带紫菜等高碘食物→影响甲状腺结果 /这3天放心吃主食：小米粥、白粥、烂面条、蒸山药蛋白：清蒸鱼、白灼虾、水煮鸡胸肉、 豆腐、每天1个水煮蛋蔬菜：冬瓜、黄瓜、番茄、西兰花、焯水菠菜、白菜；做法：白灼、清炒少油、凉拌少盐喝水：温白开水每天1.5-2L，也可以喝无糖苏打水最后这3天的清淡，是对你这么久备考努力的最后负责！ 别让一顿火锅、一杯奶茶，毁了你上岸的机会。 管住嘴、睡好觉，体检一路绿灯，稳稳上岸！"	,"过来人提醒体检前3天一定要管住嘴"	,"中性"	
啤酒行业-行业-高,"2026-08-10 15:20:01"	,"douyin"	,,16,1080,5,"1961159406389591"	,1,"田园薯片"	,10,"7672299366409556389"	,"https://api-app-proxy.tarsocial.com/api/token/v2/rewrite_url?url=UxI1mE1VtivWWENn8adpDmG3kF8SwGcheiC2XVx5H1lIgts-vafbZMM3DD7FyQXdjSx_zkMHgW6Z4N923-B2cg"	,"#抖音玩法达人中心 #啤酒瓶盖中奖 #幸运值加满 #开盖即中奖"	,"今天运气真好四特等奖 35岁少妇一个限2025年12月30日过期作废"	,"今天运气真好四特等奖35岁少妇一个限2025年12月30日过期作废"	,,"中性"	
啤酒行业-行业-高,"2026-08-10 15:18:23"	,"douyin"	,,9,7,1,"1170359068137671"	,,"1234"	,8,"7672298950007729777"	,"https://api-app-proxy.tarsocial.com/api/token/v2/rewrite_url?url=UxI1mE1VtivWWENn8adpDmG3kF8SwGcheiC2XVx5H1l7kVrCBWz_-TvmaVPkpqxx96i5tLVKOWwMSBZNPw9oIw"	,,"出口218 G20 北齐路淄博济南临淄东皇城 Zibo Ji'oan East Linzi 500m"	,"北G20淄博博济南临淄Ji'nanZiboEast Linz500雨雪天气###############永乐啤酒屋####################石家庄地铁1号线Shllazhuang Metro到达站LinelArived statlon白佛 BAIFO12:52终点站C口肉西王XIWANGA口对侧开门B口Doors请勿阻止车门关闭灯闪/铃响请勿上下车Please don't stop the closing doorsWhen there is flashing light or warningchime""do not board or exit the train当心夹手当心夹手当心挤压当心挤压当心缝隙禁止倚靠请勿扶门请勿扶门#####好利求"	,,
啤酒行业-行业-高,"2026-08-10 15:15:01"	,"weibo"	,,0,8770,,"2042168875"	,,"三亚香水湾君澜度假酒店"	,,"5330384248375565"	,"https://api-app-proxy.tarsocial.com/api/token/v2/rewrite_url?url=bETNdXXxBw6SRVox7gALQ7fVENJLr0dryjUeAb4_hd3E52bGWQBREVSj5niuwAz9q5jkk2-UBuC-ytA5onGAVw"	,"在沙滩上追逐一场落日，是海岛的顶级浪漫。#在君澜遇见蓝调时刻##君澜度假酒店##独栋泳池别墅##无边际泳池##热带岛屿度假# "	,,"@三亚香水湾君澜度假酒店"	,"在沙滩上追逐一场落日，是海岛的顶级浪漫。#在君澜遇见蓝调时刻##君澜度假酒店##独栋泳池别墅##无边际泳池##热带岛屿度假#"	,"正向"	
啤酒行业-行业-高,"2026-08-10 15:13:21"	,"kuaishou"	,,14,817,1,"1399948672"	,4,"＾离别前的信"	,9,"3xgtug859sx3iic"	,"https://api-app-proxy.tarsocial.com/api/token/v2/rewrite_url?url=9ztplZmWLh3u69xTkhscCpmkZPB7DFcSEau1U7XU0GW_UAscxTpjLvtUD6sdv1Mj2SSLgzU4ubbnEx4rqbs3Cg"	,"路灯下的影子比啤酒沫更易消散 #已成年道具假酒"	,,,"路灯下的影子比啤酒沫更易消散 #已成年道具假酒"	,
啤酒行业-行业-高,"2026-08-10 15:11:57"	,"kuaishou"	,,19,1,,"529212157"	,2,"没兴趣搭理你.ˢʸ "	,17,"3xr3rvmd7jtwwcq"	,"https://api-app-proxy.tarsocial.com/api/token/v2/rewrite_url?url=9ztplZmWLh3u69xTkhscCpmkZPB7DFcSEau1U7XU0GWWiHTEx-3Ci_YQ6E41biVjAdWxG4fGnEh-01MQ2gwP_Q"	,"桂羽nb #少羽牛逼 @天性不改ˢʸ（小号）(O5651661289) @思念像一把刀。.ˢʸ(O4845022052) @封心遗憾sy(O4052044830) @少羽脾气.ˢʸ(O1655002899) @碎茜茜不嘻嘻ʸ(O5220128178) @呆呆羽·ˢʸ(O1422831118) @霆霆&🥢(O4056708798) @十恶不赦.ˢʸ(O1970258921) @위위^ˢʸ.🥢(O3334088795) @交际依依.ˢʸ (O1107985307) @坏天气🚬(O1874678230) @婷婷.(O1007074107) @恶是本性(O4783788970) @CR7🇵🇹(O4589162431) @Movb🍀(O2586172070) @别说情话!💔(O790498265) @黑姑娘（全回）👹(O3053412375) @念念宾(O5605315464) @ʚ棋棋ɞ(O2284490097) @z鱼  慧（雨🚪）(O1924667872) @苏秋芷🍀.独行🍋(O5559757983) @小冻梨(O1238546437) @一脚踩爆一个桂😋😋(O391091792) @空 白(O4913943523) @阴雨天(O812960589) @别说你爱我^^(O5346816534) @洋仔（嘎嘎鸡电竟）(O3535167733) @萌！(O4600093310) @实力派sy(O2844216494) @摆脸色给你看(O1496408313) @你比宇宙更特别.ˢʸ🥢(O4901253290) @意生缘(O4089756315) @KIO🐟(O4702726904) @时念⌯ᵔᗜᵔ⌯ಣ(O4180287632) @爱阳阳(O4145601051) @还是(O5514405127) @滕北北·独行🍋(O3618166240) @☆₊⁺许眠桑.🖇️⌯˖⋆(O791501579) @恶是本性(O4783788970) @怪我太过依赖(O4314574710) @打是亲骂是爱 ˢʸ(O4677937991) @陈不沉(O4791953506) @甜珍(O4931637960) @拉爸爸小魔仙(O3070719581) @甜珍(O4931637960) @-梦里也有你.(O4311263460) @恶名远扬.sy(O5445676282) @小泽降临我心.ˢʸ🥢(O5471380862) @浚铭遇罕^(O2139481999) @怡🤍.ˢʸ(O3987711668) @十恶不赦.ˢʸ(O1970258921) @絶請^.(O5296736908) @刀斩相思缘(O1849405898) @雅信.🐰(O4777709496) @偏爱(O3195627663) @冰椰子🥥(O445851643) @✨忘記誽🐾(O4504559484) @黑丝母蟑螂(O5505403050) @小八（神罚电竞）(O3556507978) @＠心软买教训ˢʸ(O1477456615) @不可爱还很坏.sʸ(O4940002334) @家长是LsZ(O939658204) @羽控ˢʸ(O5477091155) @快手用户1782097722142(O5547373883) @素质·羽ˢʸ🥢(O5355250867) @你乖一些(O1092088538) @羽神.ˢʸ(O2293610970) @天使ˢʸ(O5008349177) @我拿筷子ˢʸ(O736809928) @情绪.ˢʸ(O2881148695) @😂ˢʸ(O1415259684) @恋痛泪症 养号🐯(O1024112060) @退缩.ˢʸ(O4498819468) @痕迹(O1126232521) @仁义-.ˢʸ(O4630495956) @冰檀雪梨(O5556098630) @忧郁界的神.🥢(O5065620875) @空白ˢʸ🥢(O272015963) @霸道总裁强制爱(O4415353545) @我想你了·sy(O4271240609) @𝓩斩҉҉҈情҉҉҈℘.sy（创游世界）(O3750719477) @少羽脾气.ˢʸ(O1655002899) @寒羽.ˢʸ(O5109868222) @琳媛. ꒰ঌ☆໒꒱^(O5016825667) @茉莉花茶(O1556549447) @Hello熙(O5246200511) @没兴趣认识你(O5211896926) @筱苒.(O1685638332) @离羽.ˢʸ(O3465403444) @Haven.(O1119886825) @安宁ˢʸ.(O465499586) @淋羽.ˢʸ(O4962109147) @Luv(O5516550167) @玛卡巴卡💋HCX(O913061209) @"	,"X 17 限时挑抢现金山新人频道消费年人禁宠粉赛 L1成就馆升小字选色笑人气票围观激烈赛况再点亮6个升级 01:19 播间和啤酒中字双色2个中字不予书写啤酒大字5 桂羽NB不解释 C位桂恒99 桂羽ND 诚诚罗小黑杨付诚米伟张函瑞陈奕恒周柯宇 ZYY是屁啊，不服后台昂！"	,,"桂羽nb #少羽牛逼 @天性不改ˢʸ（小号）(O5651661289) @思念像一把刀。.ˢʸ(O4845022052) @封心遗憾sy(O4052044830) @少羽脾气.ˢʸ(O1655002899) @碎茜茜不嘻嘻ʸ(O5220128178) @呆呆羽·ˢʸ(O1422831118) @霆霆&🥢(O4056708798) @十恶不赦.ˢʸ(O1970258921) @위위^ˢʸ.🥢(O"	,
啤酒行业-行业-高,"2026-08-10 15:08:11"	,"douyin"	,,27,1051,,"1200286119235165"	,4,"墨荀奶奶"	,23,"7672296319649849542"	,"https://api-app-proxy.tarsocial.com/api/token/v2/rewrite_url?url=UxI1mE1VtivWWENn8adpDmG3kF8SwGcheiC2XVx5H1mg2FjTCqfjhNqAXAqATTGqi7V0VHf9duPl9tSbriFxgQ"	,"宝清温泉度假酒店，不虚此行"	,"S 宝清花秋情水雪魅力宝济生在国旗下长在春风里 BACOING"	,"宝汤影院BAO QING宝清花棉秋新情火雪魅力定清生在国旗下长在春风里BACOINGJIQINGBING XUEBAOQI#####宝清冰雪温泉假日酒店BAOQINGICE HOT SPRINGSVACATION HOTEL#########################知青文化街区伟大的中国人民万岁###############知青文化街区宝福##########宝清冰雪温泉假日酒店BAOQINGICE HOT SPRINGS VACATION HOTEL米#####ITEBEERmibywholemaltinaccordancec日酒店SINGTAG青岛啤酒白啤#####C#####小心碰头台阶#####"	,,"正向"	
啤酒行业-行业-高,"2026-08-10 15:07:33"	,"kuaishou"	,,18,1,,"4904362459"	,3,"涵66、"	,15,"3xe8epztuut8zxa"	,"https://api-app-proxy.tarsocial.com/api/token/v2/rewrite_url?url=9ztplZmWLh3u69xTkhscCpmkZPB7DFcSEau1U7XU0GXugaBrnhfNqwoyCKXBrQSA0L5cPWv0uBY0VkI9-vRxXQ"	,"晚上谁来啊透一透 #已成年道具假酒"	,"崂山 LAOSHAN 啤酒 L 康师傅冰爽 e 净含量：500ml VAVAVA 净含量：500m"	,,"晚上谁来啊透一透 #已成年道具假酒"	,
啤酒行业-行业-高,"2026-08-10 15:07:09"	,"toutiao"	,,0,,,"3219007337674525"	,,"灿烂星球V"	,,"7671610457274303028"	,"https://api-app-proxy.tarsocial.com/api/token/v2/rewrite_url?url=1YusuDMvr9od4K_K1MN8mjIOcWIunAfzU6n1BFWqO50AGyVutpyVJjPxdv-qoeEuzmh0VtkX0QHZH9PIibayLQ"	,,,"bilibili 打不倒の西撒；bilibili 打不倒の西撒嘎维斯在吗？－请吩咐 Jarvis""areyouthere?-Atyourservice""sir.；bilibili 打不倒の西撒启用头盔开始检查 Engage heads up display；打不倒の西撒 2 FUGHT u 3% 7% 劝劝潘子吧 Talk some sense into pan；打不倒西撒iibili 24% EUGH 01% 42% 36寂***加入了我真劝不了潘子 I Can' t talk Pan zi out ofit；biibili 打不倒の西撒 FUGHI 82% 42%. 23% 39% 吉送大啤酒 3爱加入我真劝不了  can't talk him out of it；ilil 打不倒の西撒 5% FIGHO 7% 5% 吉* 送大啤酒你们别让我劝了 Don't make me talk you out of this；bilbili 打不倒の西撒 FUGHT 26 02 我谁都管不了 34 爱**加Ican'tcontrol anyone；bilibili 打不倒の西撒 FUGHT CNY 9 12 64 422 我只能把咱自己管好 I had to take care of myself 37；bilibili 打不倒の西撒 FUGHI 39% 36 nod 66 39% 好不好家人们 All Right"" family；打不倒の西撒lli 我真劝不了潘子 I Can' t talk Pan zi out of it；打不倒の西撒；打不倒の西撒兄弟们别带谁谁谁的节奏 Guys"" don't take it so-and-so；bilibili 打不倒の西撒 98 别带谁谁谁的节奏啊 No ""who"" who"" who"" who.；bilibii 打不倒の西撒啊榜掉了对榜掉了啊 Ah"" the list is off. The listis gone；bilibii 打不倒の西撒啊榜掉了对榜掉了啊 Ah"" the list is off. The list is gone；bilibili 打不倒の西撒我就是每天和大家伙聊会天 Ijust talk topeople every day；打不倒の西撒我就是每天和大家伙聊会天 I just talk to people every day；bilibili 打不倒の西撒我就是每天和大家伙聊会天 I just talk to people every day；bilibii 打不倒の西撒咱嘎家人啊，一字嘎霸个屏 We're a gaggle of GA. One GA"" one screen；bilibili 打不倒の西撒别人我劝谁，劝这个劝那个的 Who Do I talk to? This one"" that one；bilibili 打不倒の西撒我真劝不了潘子 I Can' t talk Pan zi out of it；打不倒西撒"	,"华强买瓜之《未来科技，机器人般的脚步！》"	,"中性"	
啤酒行业-行业-高,"2026-08-10 15:04:00"	,"kuaishou"	,,1,1,,"5449901910"	,,"Arthur"	,1,"3xdvnrbetfdqb5a"	,"https://api-app-proxy.tarsocial.com/api/token/v2/rewrite_url?url=9ztplZmWLh3u69xTkhscCpmkZPB7DFcSEau1U7XU0GWivedYRziuyePb4eleiOii8uy0b-vzKrRPyvsrzgPP0Q"	,"恢复原状罢了 我本就一无所有

 #秋天的第一杯啤酒  #已成年道具假酒"	,"SUPER ""DRY Asahi ORYBBR 辛口 F"	,,"恢复原状罢了 我本就一无所有

 #秋天的第一杯啤酒  #已成年道具假酒"	,
啤酒行业-行业-高,"2026-08-10 15:02:00"	,"weixin"	,,0,,,"gh_fb77d3492e27"	,,"KC桌面"	,,"76d3a7f2794d9dc4a8ebef9d43b16b5b"	,"https://api-app-proxy.tarsocial.com/api/token/v2/rewrite_url?url=u1BAWPho87Z38mw8zKykmKF9fu8zdLkHZcH5cc66IdM9smGs_7SXHjuIR1GqTIvUfPyz3aGnhyZSc8yX0AjMdtCMci5GbsFALS_YVrs1ghsQwJIiPm0PHJ5xiEeomaI-w0-Dmaln9ThzqXedirhKPA"	,"PortalSuite高盛：消费行业数据与主题变化观察进入7月，国内食品饮料行业的渠道表现呈现明显分化。最新发布的月度渠道调研显示，多数品类在低基数效应下保持平稳或改善，啤酒成为趋势出现变化的板块，而零食量贩渠道和乳制品则延续了此前的韧性。这份覆盖啤酒、饮料、乳制品、调味品、速冻食品及零食量贩的月度追踪，为观察三季度消费板块的景气度提供了最新的高频证据。报告最值得关注的判断是：啤酒在赛事结束后叠加去库存和持续降雨，7月销量不确定性环比加大；而饮料板块在经历5-6月的调整后，7月呈现环比企稳迹象。这种分化并非简单的天气因素，而是渠道库存策略、促销投入和产品结构共同作用的结果。7月啤酒行业整体销量出现下滑，青岛啤酒和百威亚太的销量同比降幅达到20%以上，华润啤酒和重庆啤酒也面临行业性去库存带来的销量不确定性。赛事在7月中旬结束，此前带来的短期拉动消退，而华南地区持续的强降雨进一步抑制了户外消费场景。燕京啤酒是少数保持正增长的厂商，其U8产品7月同比增长约30%，增速较上半年28%的水平有所加快。华润啤酒凭借喜力品牌的稳健表现相对抗跌。报告认为，啤酒板块的库存去化有助于在中秋国庆旺季前建立更健康的渠道库存基础。编辑评论：啤酒数据中最容易被忽略的是燕京U8的加速增长。在行业普遍调整的背景下，单一产品能维持30%左右的同比增速，说明产品结构升级在啤酒行业仍有空间，但需要具体品牌和区域市场的验证。2.饮料板块环比企稳，无糖茶与包装水表现分化饮料板块7月呈现环比企稳迹象。统一企业中国整体恢复正增长，方便面同比增长超过中个位数，饮料降幅收窄至接近持平。康师傅在低基数上同样录得正增长。农夫山泉的包装水在5-6月去库存后，7月销量环比加速，无糖茶东方树叶保持约40%的同比增长，支撑饮料板块整体实现低双位数增长。东鹏饮料在华南地区仍受极端天气影响，能量饮料销售承压，但补水啦在部分区域实现低双位数增长，果之茶同比增长超过100%。研究主题与行业变化观察乳制品是7月表现最亮眼的板块之一。蒙牛液态奶销售同比增长达到高单至低双位数，伊利液态奶同比增长低个位数且环比加速。两家公司的经销商库存均处于近年低位，渠道管理更加灵活。上游原奶价格自6月中旬以来稳定在每公斤3.0元人民币左右，三季度至今原奶均价同比已转正。报告认为，低基数效应和健康的渠道库存为乳制品板块的持续恢复提供了支撑。但需要留意的是，下游乳制品产量6月同比增长4.5%，二季度增长6%，供给端的恢复速度可能影响价格弹性。研究主题与行业变化观察零食量贩渠道7月延续快速扩张态势，鸣鸣很忙和万辰集团单月净增门店均超过1000家。鸣鸣很忙门店总数达到28""210家，万辰集团旗下好想来达到23""456家。两家公司今年以来的扩张路径呈现不同的区域策略，形成健康的竞争格局。单店GMV的稳定性仍是核心观察指标。报告估算，鸣鸣很忙和万辰集团7月的同店销售在低基数和暑期消费带动下基本稳定。Forinformationalpurposesonly.Portionsmaybegenerated""translated""summarized""oreditedwithAIassistancebasedonsourcematerialsandmaycontainomissionsorerrors.Pleaseverifyindependently.Thisisnotinvestment""legal""tax""accounting""orotherprofessionaladvice.Originalreport:12-GS-CHINACONSUMERSTAPLESJulyCheck-in-Mixedtrends-Beerundermoreweatherdestockingdrag-whilebeveragesdiversifyingsequentially-valueretailersdai更新信息参见portal.example.invalid"	,,"2025E 2026E April May Jun Jul Aug Sep Oct Nov Dec Jan Feb Mar Api Mo Jun Ju positive fatishto Positive growh"" minor sightly growth: CRB sightty upLSD% positive up4-5% upLSD% upLSD% slighty fattish Jan+Feb Sighty UpLSD%.simarto siowerthan Sight positive positive growth 1Q26 April trend negative Decline faster than growth positve Heineken up 10 byDD% Volumedeclinedby low teens%（super Bud down down down downc.Mid Minor Likely Volume downlow Down7-8% premium upby low APAC downSD% downDDN under up3-4% teens%，premium down HSD% LSD% HSD% HSD% toens% toens% decline negative 12-13% decline volume down20%+ China pressure downby iow teens% core down by mid teens%) largely Tsingtao down upMSD% flattish fiatish up1.5% u3% dowm up1.1% P12% volume down dwn9.5% up5-6% Volume declinedby down9% fiattish LSD% HSD% C.MSD% 7.5% improvingvs. volume down20%+ April/May Chongqin largety nlattish to minor downLSD% minor downLSD% upMSD% Minor upslighty %up slghty% Jan-Feb negative on positive Volume down by HSD% volume down 9 steady decine decine decline relatively high base growth LSD% decline HSD% RTD RTDDD%gow cocktal cocktail nRTD omine upDD%+on Bairun salesdown downc""high drinksdue flattish shipment up calendar teens% toen% tolowbate 30% stin SD% Yanjing positive Jan-Jun slightlypostive with growthi +28%yoy U8 acceleration Industry 4.80% 1.30% -0.20% 1.90% -1.80% 3.10% -1.00% -5.80% -8.70% 6.50% 0.20% -0.10% 6.20% -3.10%；Chacha Apr-25 May-25 Jun-25 Jul-25 Aug-25 Sep-2 Od-25 Nov-25 Dec-25 Jan-26 Feb-2t Mar-26 Apr-26 May-26 Jun-26 Jul-26 Chacha 30-40% c.D0% Flattish Flattish Decrease decineon upHSD. slightly high base UpHSD%on low DD% 309 decine yoy base teens% qrowth Weilong Delicious Apr-25 May-25 Jun-25 Jul-25 Aug-25 Sep-25 Oct-25 Nov-25 Dec-25 Jan-26 Feb-26 Mar-26 Apr-26 May-26 Jun-26 Jul-26 Weilong Delicious 25% 19%20% 21% Ortine 20%- uphigh up17-18% up teens% 20% midteens% up18% +DD% teens% soft overal Seasoned flour Decrease Dectease Decrease Decrease Flatish Down5% Down5-6% u15% slightlyMSD-HSD% LSD% LSD% Vegetable 489 45A up38% Decned Konjac 50号 C50% 50% Strong upC40% up43号 mainly on growth 10:20 SesaTe paetod navol Yankershop Apr-25 May-25 Od-25 Jan-26 F-26 Mar-26 bpr-26 May-26 un-26 ul-26 Yankershop in20% ofinieur 20%；4c205 2 140%-hr Oversll yoy S HP20 00% 10-00 121621 CADe ryoy% L Vomm yy% Sretage yey s y% Dthers 15 HBDN CNt HSD-DON 042.3% W UeLEO Dos d Up9DN LAD Aupt: 50 beteta roy% Lagoty Retah M5D Neoodes sair H50%00% (NY DONTWDW Laegy ty D yay Owwrigl ds LSDS；邀请你加入运营天数： ：1200+ TO高时效 【（含中文精华汇编） KCdesk.com Search Topic""company""ticker""title""orkeyword 2026-07-04 GS-Global MarketsDaily:MoreJPY WeaknesstoComeWithoutaShiftinthe GS MacroBackdrop-260703 高盛-全球市场日报：宏观背景不变，日元将进一步走弱-260703 Macro/FX/Rates"	,"高盛：消费行业数据与主题变化观察"	,
啤酒行业-行业-高,"2026-08-10 15:01:56"	,"bbs"	,,0,,,,,"黑猫投诉"	,,"3dcd5db50ae691bc70bd47381900b5f4"	,"https://api-app-proxy.tarsocial.com/api/token/v2/rewrite_url?url=PFP4MddPMwmoH-oePVRePSD9GSm51FXGCUCv2aOgePoWERs5zcjQGZeOPCjLfSeyTeAAWyLuFApx-_MarVgbxXAiN1U6OgJLorMqLBkJRU_Ne0IGYCVETNtHi8RR2n6A"	,"投诉主体 拼多多客户服务  投诉编号 17400696866 使用服务 多多买菜 投诉问题 多多买菜被发过期商品 投诉要求 按照消费者保护法赔偿 涉诉金额 1000元 
我于2026年8月8日在拼多多app多多买菜里面买了两箱啤酒。品牌是勇闯天涯，第二天啤酒准时到达门店，取回家后，有一箱是正常的，有一箱打开确实货不对板，根本就不是勇闯天涯啤酒，但是箱子是一样的。日期是2022年12月份的。早已过期。现在要求多多买菜严惩商家，并按照消保法给与赔偿。不足1000赔1000处理。简直太离谱了。箱子是勇闯天涯的箱子，里面为什么会出现别的啤酒呢？"	,,,"多多买菜现问题，啤酒货不对板且过期，盼合理解决"	,"负向"	
啤酒行业-行业-高,"2026-08-10 15:00:48"	,"bilibili"	,19,5,2160,,2035384242,3,"Reynal_official"	,2,"117069920077842"	,"https://api-app-proxy.tarsocial.com/api/token/v2/rewrite_url?url=yiAiFZbKdIowUpJUP8aFtGveEdWQnMRLJI5F1SQk5btV2i51xXzPoD5Amqz2WX95fis8k59K5KiViSaBsSlXHA"	,"作曲：Reynal
母带：Reynal
混音：Reynal
bpm : 100"	,"Goh my stella 00:14 Don't worry "" don't worry REYNAL"	,,"【原创音乐】纯白之梦 | For my stella 【Future pop】"	,"中性"	
啤酒行业-行业-高,"2026-08-10 15:00:48"	,"bilibili"	,19,5,2160,,2035384242,3,"Reynal_official"	,2,"1234832509585326086"	,"https://api-app-proxy.tarsocial.com/api/token/v2/rewrite_url?url=ZgsVEzPdBNRVL_vcnJEICliNMjSmuJ9J1BO0sGj2q7Bn_xW-o3Ebh8e-_SJvBVN9"	,"作曲：Reynal
母带：Reynal
混音：Reynal
bpm : 100"	,"Goh my stella 00:14 Don't worry "" don't worry REYNAL"	,,"【原创音乐】纯白之梦 | For my stella 【Future pop】"	,"中性"	
啤酒行业-行业-高,"2026-08-10 15:00:07"	,"weixin"	,,0,,,"gh_55ce5d7799ca"	,,"行唐县市场监管局"	,,"43031d0778c951a55a2c44c8e7db4f06"	,"https://api-app-proxy.tarsocial.com/api/token/v2/rewrite_url?url=YH_43hS2keXPBUHpc-qjaBx-NK0gudN-vCzCwq2Ki7e2t-mf_sVamZVMfPniooL9y2BJICNYSv0_UZnZXyOWEGX7Bja-3Pdz7ajSVFP1wOzHtHQNffC_YRfdx9G2tBFLrelryfkf4dm7mTdLgT8zi34rPJOfSuSolYkmgbEpVxw"	,"吃了一碗泡面绍兴22岁小伙突然脚剧痛还全身无力！究竟是怎么回事？吃了一碗泡面小王踝关节剧痛紧急入院近日，诸暨市中医医院接诊了一位年仅22岁的男性患者小王（化名）。来院时，小王不仅脚踝关节剧痛，还伴随明显的全身乏力。经检查，小王不仅确诊急性痛风发作，血钾低至2.8mmol/L，属于中度低钾血症，他的酸软无力正是低钾血症导致的。据了解，小王本身有痛风病史，一直规律服药控制尿酸，病情也相对稳定。可这次发病，他既没有暴饮暴食，也没有喝酒撸串，仅仅吃了一顿普通的方便面。经过中西医结合治疗后，小王的疼痛迅速缓解，身体也很快恢复，顺利出院。提到痛风大多数人的第一反应都是老年病、富贵病只有吃喝太好才会得在很多年轻人的认知里只要不喝酒、不吃海鲜不吃大鱼大肉痛风就和自己毫无关系那为什么一碗泡面就会引发痛风呢？一起来看看！方便面是痛风的“隐形杀手”大家总以为：痛风只盯海鲜、动物内脏、啤酒、浓肉汤，清淡的速食、素食肯定安全。但其实，方便面就是高尿酸、痛风的高危食物。一碗普通泡面之所以能轻易诱发痛风，核心原因有三个，所有高尿酸、痛风人群一定要记牢：真正的嘌呤大户，是调料包而不是面饼很多人不知道，泡面面饼本身嘌呤含量并不高，真正的陷阱在汤料包、酱料包。市面上绝大多数方便面的调料，都是用肉类提取物、骨髓、海鲜粉、动物油脂等浓缩熬制而成，嘌呤含量极高。喝一碗泡面汤，摄入的嘌呤堪比喝一碗熬了几小时的浓肉汤，会显著提高尿酸水平。高油高盐，直接阻碍尿酸排泄方便面是典型的高油、高盐、高热量加工食品。频繁吃、长期吃，会加重身体代谢负担，升高体内慢性炎症水平，直接抑制尿酸的正常排出。尿酸排不出去，在体内快速堆积，哪怕没有大吃大喝，也会直接诱发痛风急性发作。肥胖体质，是痛风的强催化剂病例中的小伙体型偏胖，而肥胖是痛风发作的独立高危因素。超重、腹型肥胖的人，身体代谢能力本身偏弱，尿酸更容易在关节处形成结晶、堆积沉淀。别只盯着关节痛痛风是全身代谢病很多人对痛风的认知特别片面：疼的时候忍一忍，熬过去就没事了。但这个病例清楚告诉我们：痛风从来不是单纯的关节疼，而是全身性代谢紊乱疾病，放任不管，全身器官都会遭殃。如果长期放任痛风反复发作，后果远比关节痛严重：反复损伤关节，形成痛风石，甚至影响关节功能；持续损伤肾脏，诱发肾功能损伤；连带引发高血压、高血脂、糖尿病等多种代谢问题。很多人的痛风反反复复，说到底就两个原因：不痛就停药，吃药还乱吃喝。以下养护常识要记牢：规律吃药，绝不擅自停药非布司他是抑制尿酸生成的长效降尿酸药，无止痛作用，长期服用可稳定血尿酸、逐步溶解关节内尿酸结晶。关节不疼，不代表尿酸正常、结晶消失了。擅自停药、减药，会让尿酸快速反弹，结晶不断堆积在关节和肾脏，导致痛风发作越来越频繁、病情越来越重。一定要遵医嘱服药，定期复查，稳定尿酸才是预防复发的核心。少吃、避开隐形高嘌呤加工食品除了大家熟知的海鲜、动物内脏、啤酒、浓肉汤，还有各类速食加工品，痛风人群一定要少吃：方便面、速食汤包、火锅底料、加工香肠、烧烤、油炸食品，这类重口味精加工食物，正是当代年轻人痛风反复发作的主要元凶。科学减重体重超标、腹型肥胖，是年轻人痛风高发的核心原因之一。循序渐进地科学减重，能直接改善身体代谢能力，提升尿酸排泄效率，大幅降低痛风发作的概率。切记不要极端节食、快速减重，过度节食会引发代谢紊乱，反而会加重尿酸问题。多喝水、及时补充电解质高尿酸、痛风人群日常需保证每天摄入1500-2000ml温水，少量多次饮用，帮助尿酸代谢排出。平时出汗多、体质虚弱的人，更要及时补水、补充电解质，避免出现低钾乏力。同时要少熬夜、少劳累，减少身体慢性炎症刺激。痛风并非忍一忍就能好转的小病但痛风是可防、可控可长期稳定控制的只要规律用药、管住嘴控体重、调体质、戒除不良习惯多数患者都可以摆脱疼痛反复发作的困扰转发提醒身边人！"	,,,"导致痛风的“隐形杀手”，很多人都忽略了"	,
啤酒行业-行业-高,"2026-08-10 14:56:25"	,"weibo"	,,3,21581,,"7864699949"	,1,"冬天的风啊啊啊"	,2,"5330379565172124"	,"https://api-app-proxy.tarsocial.com/api/token/v2/rewrite_url?url=bETNdXXxBw6SRVox7gALQz0-WEj_YTyDURMGj1uzlPc5NLJIAHtcb6VcFokP6D6nEzZASvyXRHFs039rItmXVg"	,"#前有奥德赛时期后有肖申克时期#年轻时四处漂泊摸索前路，熬过迷茫的探索岁月，长大后困于日常枷锁，依旧要在平淡生活里守住心底的希望。 ​​​"	,,"老布 Hey""Brooksy. 给杜弗伦的货 Delivery forDufresne. 要书吗？ Book? 杜弗伦 Dufresne.. 谢谢 Thanks；我从未搞懂 Ihavenoideatothisday 那两位意大利女士在唱什么 what those twoItalian ladiesweresinging about. 其实我也不想弄懂 Truth is""I don't want toknow. 此时无言胜有言 Somethingsarebestleftunsaid 她们唱出 Iliketothinkitwassomething 难以言传的美 sobeautifulitcan'tbeexpressed inwords 美得令你心碎 andmakesyourheartachebecause 歌声直窜云端 ltellyou""thosevoicessoared 超越失意囚徒的梦想 higherandfartherthananybodyinagrayplacedarestodream. 宛如小鸟 3517 twas like a beautiful bird 飞入牢房 flappedintoourdrabcage 使石墙消失无踪 and made those walls dissolve away. 就在这一瞬间 Andforthebriefestofmoments 肖申克众囚仿佛重获自由 everylastmanatShawshankfelt free.；1949年春天 theconvictcrewthattarredtheplate-factoryroof 一帮囚犯给厂房房顶铺沥青 in the spring of'49... 上午10点他们坐成一排 woundupsittinginarowatteno'clockinthemorning. 喝着冰凉的啤酒请客的是 drinking icy-cold""Bohemia-stylebeer.. 肖申克监狱最凶狠最吝啬的警卫 courtesyof the hardestscrew 我们坐在阳光里喝啤酒感觉像自由人 Wesat and drankwiththesunonour shoulders""and feltlikefreemen. 好像在修理自家的屋顶 Hellwecouldhavebeentarring theroofofoneofourownhouses 我们是万物之主 Wewerethelordsofallcreation；3 安迪已经走了 Andy being gone. 30 我不得不提醒自己有些鸟是不能关在笼子里的 Ihave to remind myself that some birds aren't meant to be caged. 他们的羽翼太夺目了 Theirfeathersarejusttoobright. 当他们飞走的时候 Andwhentheyflyaway"" 你心里会很清楚 thepartofyou thatknows 把他们关起来是一种罪恶 itwasasintolockthemupdoesrejoice 但无奈的是 But still. 他们的离开 theplace you live in is 让你生活的地方空空荡荡的 that much more drab and empty that they'regone.；De Red edg gCometaeo Lady chglacome alitefutle nmkresametleTo. o good rkiel ha yet uy pojet o geoutfo ant magodli onhichn"" audnoy Joill ba koping tkat aael 亲爱的瑞德： Dear Red: 希望是件美好的事 hopeisa good thing 也许是世间最美好的东西 maybethebestof things 而美好的事物永不消逝 And nogood thing everdies 我希望你能找到这封信 Iwill be hoping thatthis letterfindsyou"" 希望你一切安好 and findsyou well."	,"#前有奥德赛时期后有肖申克时期#年轻时四处漂泊摸索前路，熬过迷茫的探索岁月，长大后困于日常枷锁，依旧要在平淡生活里守住心底的希望。"	,"中性"	
啤酒行业-行业-高,"2026-08-10 14:55:10"	,"kuaishou"	,,2,1,,"5656728983"	,,"彪哥徐名彪"	,2,"3xiznddk8nxa2h2"	,"https://api-app-proxy.tarsocial.com/api/token/v2/rewrite_url?url=9ztplZmWLh3u69xTkhscCpmkZPB7DFcSEau1U7XU0GU8kVBf39aPAb2e3pu_w7M8NhNwoto3_uX_sydw6A1VNQ"	,"你喝的[100%NFC纯果汁」可能全是勾兑的！ #NFC果汁 #食品安全 #深圳 @彪杆国际(O5656612517) "	,"の鳯凰缀记者暗访果汁工厂：厂里没有一个水果 “100%鲜果汁”全靠水、浓缩原浆勾兑"	,,"你喝的[100%NFC纯果汁」可能全是勾兑的！ #NFC果汁 #食品安全 #深圳 @彪杆国际(O5656612517) "	,
啤酒行业-行业-高,"2026-08-10 14:50:20"	,"douyin"	,,1,267,,"1925971171617424"	,,"宝乐安/福益推拿"	,1,"7672291722064726001"	,"https://api-app-proxy.tarsocial.com/api/token/v2/rewrite_url?url=UxI1mE1VtivWWENn8adpDmG3kF8SwGcheiC2XVx5H1mU_oa8K1nmI7se-DYiHDDyld6Yb-N-w77j-XmjrBCRkQ"	,"#九如山风景区 立秋之后山里的空气好清晰，温度好舒适，出来走走放松好心情"	,"GO AF STAR 青岛啤酒 YAINIR DON"	,"STARYAINIKDON#####FLOWEnova12活力版Ultra Vision CameraOSU#####nova 12活力版Ultra Vision Camera#####nova12活力版Ultra Vision Camera###############"	,,"正向"	
啤酒行业-行业-高,"2026-08-10 14:50:05"	,"kuaishou"	,,0,72,,"3293595227"	,,"优优良品"	,,"3xdjbjx7ufhhabs"	,"https://api-app-proxy.tarsocial.com/api/token/v2/rewrite_url?url=9ztplZmWLh3u69xTkhscCpmkZPB7DFcSEau1U7XU0GUgFWU4MbPuAKkeJMp400k5MGb1ue13ImVWTzmGZGXJYQ"	,"拍戏整蛊必备！这款仿真假酒瓶摔碎逼真还不伤人，速囤！"	,"电影砸头爆头酒瓶拍摄道具·糖胶玻璃材质·效果逼真不伤人 TSINGTAO 青岛啤酒 GTA"	,,"拍戏整蛊必备！这款仿真假酒瓶摔碎逼真还不伤人，速囤！"	,
啤酒行业-行业-高,"2026-08-10 14:47:11"	,"kuaishou"	,,49,1,15,"1975732549"	,20,"原諒我有點坏"	,14,"3xjerqeau3mb9mw"	,"https://api-app-proxy.tarsocial.com/api/token/v2/rewrite_url?url=RW0E0pZpZ4b3TC4TLqOUvVGxn8_YPQ3rSoWGd-9tUfkjqkhSBZuWvPboKKnh9Cculxb4tZh4KyGTg82dERzh0S-pbWRHQrSKAa5iNoYAAG0"	,"人和人渐行渐远的时候 总觉得对方变了 #已成年道具假酒"	,"iPhone 14Pro 47mmF/1.81.9/sISO2000"	,"iPhone14Pro 47mmF/1.81.9/sIS02000；精酿餐厅酒馆；祝你美梦成真，寻到有情人。；hello；石：函 He我是你亲发月果桌.今天是20年7月4号啦；inspiration heytea；野自天然！；米"	,"人和人渐行渐远的时候 总觉得对方变了 #已成年道具假酒"	,"中性"	
啤酒行业-行业-高,"2026-08-10 14:46:45"	,"toutiao"	,1,0,,,"3129672302067820"	,,"鲜虾炖萝卜"	,,"7671638914452439552"	,"https://api-app-proxy.tarsocial.com/api/token/v2/rewrite_url?url=1YusuDMvr9od4K_K1MN8mjIOcWIunAfzU6n1BFWqO50sOYIhE3c-Rkz5GQ-oac26Dq3NbAc5w8zqDrQ8FW-Qzw"	,,,,"过期十年的啤酒喝起来怎么样，百威雪花啤酒 #一波说酒 #酒文化"	,"中性"	
啤酒行业-行业-高,"2026-08-10 14:46:04"	,"weibo"	,,1,428,,"6339675994"	,1,"过期铃-"	,,"5330376962606109"	,"https://api-app-proxy.tarsocial.com/api/token/v2/rewrite_url?url=bETNdXXxBw6SRVox7gALQ5hLfDy1DKn_D47can70pJ_GPBzFm3_mipfCCWLKYflSKqdG4IMQxeR3N5U-lFMgcg"	,"决赛见[泪] ​​​"	,"13:09 儿向仪到球第108回全国高校野球選手權大会 LIVE 選手 HOME 地方大会記事·動画学校·地域記錄大会 . 【秋季会202】速報秋季大会2026 ！青森の大会開催中！ 。 8月10日（月）第6日第2試合横浜冲尚学 (神奈川) (冲) 横浜冲尚学視推璟境映像提供：朝日放送L比学校名計横浜 1 2 (神奈川) 冲尚学 1 (冲礼) 配信中の点切替非表示 vk.sportsbull.jp @过期铃"	,"13:09 儿向仪到球第108回全国高校野球選手權大会 LIVE 選手 HOME 地方大会記事·動画学校·地域記錄大会 . 【秋季会202】速報秋季大会2026 ！青森の大会開催中！ 。 8月10日（月）第6日第2試合横浜冲尚学 (神奈川) (冲) 横浜冲尚学視推璟境映像提供：朝日放送L比学校名計横浜 1 2 (神奈川) 冲尚学 1 (冲礼) 配信中の点切替非表示 vk.sportsbull.jp @过期铃；4 横浜 6表冲尚学 @过期；6 横浜冲尚学 @过期锁；701 横浜冲尚学 @过期铃；7 2 横浜冲尚学 o@过期；7 横浜试合格了冲尚学 @过期"	,"决赛见[泪]"	,"中性"	
啤酒行业-行业-高,"2026-08-10 14:45:45"	,"weibo"	,,42,52843,1,"5585922562"	,7,"舞霉娘的浪漫人生"	,34,"5330376882131668"	,"https://api-app-proxy.tarsocial.com/api/token/v2/rewrite_url?url=bETNdXXxBw6SRVox7gALQ_ZVahockWgHigNelCmkEmIK-tmiWnzTUyaWqKnvmsHBsi-sda-P2v4hZgN1gm0i9Q"	,"TOTC热百单曲榜最终预测

#4(-1) I Knew It""I Knew You——180点
走势：1-1-2-2-2-2-2-3-4* ​​​"	,,"@talkofthecharts Rank +/- Song Points % Peak WoC Sales % Streams % Airplay % Units 1 Choosin'Texas Ella Langley 294 -2% 1 42 9.5k 3% 24.3m 70% 54.5m26% 208.0k 2 +6 Hate That I Made You Love Me Ariana Grande 233 46% 10 4.0k 2% 18.5m 72% 42.5m26% 169.6k 3 -1 Been By Now Morgan Wallen 188 32% 2 2 3.0k 2% 19.5m 90% 11.1m 8% 164.5k 4 -1 1KnewIt""IKnewYou Taylor Swift 180 -5% Ch 2.0k 1% 10.5m 48% 63.9m 51% 84.2k NEW Petal ArisnaGrande 177 1 5.0k 3% 17.6m 94% 3.8m 3% 170.6k b -1 Boston Stella Lefty 174 -1% 3 18 3.5k 2% 14.9m 71% 33.0m 27% 120.6k 7 -3 ICan't LoveYouAnymore Ella Langley &t Morgan Wallen 172 -3% 4 15 2.5k 1% 14.0m 68% 36.9m 31% 112.7k 8 -2 Dracula Tame Impala & JENNIE 160 -1% 5 45 1.5k 1% 7.7m 41% 64.6m 58% 65.8k 9 -2 ? SoEasy(ToFall In Love) Olivia Dean 159 -1% 5 45 1.0k 1% 7.7m 42% 64.1m 58% 65.1k 10 - BeHer Ella Langley 155 -2% 2 25 2.5k 1% 14.0m 78% 22.0m20% 118.7k 11 -1 ManINeed Olivia Dean 148 0% 2 50 0.9k 1% 10.5m 62% 38.4m37% 91.1k 12 RiskltAIl Bruno Mars 147 2% 4 23 0.8k 1% 6.2m 34% 67.7m 66% 48.1k 13 -1 1Just Might Bruno Mars 133 -5% 1 30 1.0k 1% 6.2m 37% 57.8m 62% 47.3k 14 -1 Olivia Rodrigo Drop Dead 127 -6% 1 16 0.6k 0% 7.8m 52% 42.8m 48% 64.2k 15 -1 Janice STFU Drake 123 -8% 1 12 0.3k 0% 10.5m 79% 18.1m 21% 96.0k 16 -1 Stupid Song Olivia Rodrigo 122 0% 3 8 0.5k 0% 11.5m 86% 11.7m 14% 104.0k 17 -1 Midnight Sun Zara Larsson 121 0% 14 29 1.0k 1% 6.5m 45% 45.7m54% 54.7k 18 NEW Stay 115 -- 18 1 0.5k 0% 10.7m 91% 6.9m Ariana Grande 9% 105.2k 19 NEW Kiss Me Ariana Crande 111 19 1 0.7k 10.9m 96% 2.6m 3% 106.8k 20 -1 BeByYou Luke Combs 110 1% 12 25 1.0k 1% 7.6m 56% 32.8m 43% 59.5k 21 -4 MorganWallen Don'tWe 109 -6% 16 27 0.6k 1% 7.1m 57% 32.5m 42% 60.9k 22 -4 LilBaby Dead Fresh 107 -7% 18 3 0.4k 0% 10.6m1.4m 6.8m 9% 96.2k 23 NEW LikeIDo Ariana Grande 105 - 23 1 0.8k 1% 10.6m 99% 0.0m 0% 104.6k 24 NEW OhWell Ariana Grande 105 24 1 0.4k 0% 10.5m 98% 0.9m 1% 103.2k 25 NEW Ah Ha CardiB 104 25 9.5k 9% 9.7m 83% 5.6m 8% 95.5k"	,"TOTC热百单曲榜最终预测 #4(-1) I Knew It""I Knew You——180点 走势：1-1-2-2-2-2-2-3-4*"	,"中性"	
啤酒行业-行业-高,"2026-08-10 14:44:51"	,"kuaishou"	,,59,1790,,"2565199854"	,18,"ㅤ   ㅤㅤ   ㅤ"	,41,"3xeu7tayhtx7n5g"	,"https://api-app-proxy.tarsocial.com/api/token/v2/rewrite_url?url=9ztplZmWLh3u69xTkhscCpmkZPB7DFcSEau1U7XU0GUfIdGJU7tMLOXk2Es66w2r-Wa6MdZGcyptTJcJUPjPAQ"	,"请选择你的七夕对象 #已成年道具假酒"	,"VNGIND ARRI SINSNT J8 金士百金士百啤酒燕京U8 TSINGTAO 燕京U8 青岛啤酒燕京U8 干啤程文康读强 RIO QUOUFANG CUELKND GUOUIFANG 果立方果立方果立方崂 LAO% 啤崂山崂山 S LAO%HAN LAOSHAN AOT ，为气 2.# 啤酒啤酒 .B 新新 RIO RIO RIO 微醴微微丽 3%a 3%0 雪花 t 勇闯天涯酒 RUIRSIING 勇闯天涯"	,,"请选择你的七夕对象 #已成年道具假酒"	,
啤酒行业-行业-高,"2026-08-10 14:39:38"	,"douyin"	,,0,91,,"95892769747"	,,"长城不倒"	,,"7672288960886240347"	,"https://api-app-proxy.tarsocial.com/api/token/v2/rewrite_url?url=UxI1mE1VtivWWENn8adpDmG3kF8SwGcheiC2XVx5H1mTqfnIR6KLlaHmI3kCcWOgFE2OV6nPi4cY4AzDT4-rNA"	,,,"红旗乐人食苍溪小吃街念品土特产炭碟烤肉深#####精酿啤酒地摊火锅酒肆公好吃一碗面纪念品土特伞酒饮料烤面筋#####石板岩#####订房电话假酒店9372-8577898一诊响婆家麦克思金品山食###############红海澡#####山西省文物保护单位红旗渠源头山西省人民政府2021年8月4日公布长治市人民政府2025年3月########################################神龙湾##########我知道你会来，所以我等你北神龙湾挂壁公路观景台南######################################################################"	,,
啤酒行业-行业-高,"2026-08-10 14:37:35"	,"douyin"	,,1,2,,"3027434160270099"	,,"若草山上"	,1,"7672288435830809721"	,"https://api-app-proxy.tarsocial.com/api/token/v2/rewrite_url?url=UxI1mE1VtivWWENn8adpDmG3kF8SwGcheiC2XVx5H1nHI3bmiUQb7S41YY3dg1LlBmcdzX55_jNvx2QINQKVoA"	,"这玩意喝多了是喝醉了还是中毒了？？第一次"	,"蘑幻精酿啤酒>2 12°≥4.1s 云南见手青 MUSHAOOM 净含量:1.0L 勇敢的人""你先走"	,"蘑幻精酿啤酒>2 12°≥4.1s 云南见手青 MUSHAOOM 净含量:1.0L 勇敢的人""你先走"	,,"负向"	
啤酒行业-行业-高,"2026-08-10 14:36:34"	,"douyin"	,,0,2469,,"884458704082126"	,,"乔马仕电动车配件公司"	,,"7672288168233897588"	,"https://api-app-proxy.tarsocial.com/api/token/v2/rewrite_url?url=UxI1mE1VtivWWENn8adpDmG3kF8SwGcheiC2XVx5H1nGW11UiwddrijsYO8PcmKWolwrLA-N77ussho-pOPMtg"	,"乔马仕原浆自补胶，胶水在胎内稳定不变质、不腐蚀轮毂、保湿散热不干化、修补直径物8mm、反复修补养护、修补后承重500kg"	,,,,"正向"	
啤酒行业-行业-高,"2026-08-10 14:35:18"	,"toutiao"	,,0,,,"3413364283803256"	,,"承承-名酒鉴真"	,,"7672287864759828526"	,"https://api-app-proxy.tarsocial.com/api/token/v2/rewrite_url?url=1YusuDMvr9od4K_K1MN8mjIOcWIunAfzU6n1BFWqO533Tiv9J65stpSHY-P6aAA1vOTXQdeHjmO07Ao_ia6XkQ"	,,"情景演绎年份原浆好朋友送的到南春是假的耐心讲解真假化解矛盾"	,"情景演绎老板忙不忙；情景演绎看我这个酒怎么样 Gooitrickhuatez Gondtrickhastes Goedtrichonter；情景演绎我跟你讲劍南春唐时宫廷酒今日剑南；情景演绎这个酒是我好哥们送的劍南春唐时宫廷酒今日剑南春；情景演绎这百分百正品劍南春今日剑南春；情景演绎等会给我个高价就完事了劍南春剑南春；情景演绎 tiiahnets 南春春南；情景演绎行拿来我看一眼啊 eine；情景演绎春；情景演绎 190 Ikerne 劍南窖；情景演绎 kerne；情景演绎；情景演绎兄弟你这个你拿回去吧；情景演绎让我拿回去 GdonAne；情景演绎你是不是想忽悠我；情景演绎这我好兄弟送我的；情景演绎你仔细看看；情景演绎你到底会不会看；情景演绎我这不是忽悠你 kerne；情景演绎你这百分百是个假的；情景演绎你要觉得不对 hel Ikerne；情景演绎我给你讲一下哪地方不对 keme；情景演绎你先别着急 he kerne；情景演绎你看这个防伪标这里 keme；情景演绎年份棉浆咱们正品的这个地方这个点；情景演绎手份原浆它都是可以抠下来的劍南春 3 4 6 ......... 查序号辨真伪253811671 4006800 3374681 微信扫有凸题；情景演绎古20 份原浆这是官方的防伪标；情景演绎就是直接全印上去的 er 南春 6 直序号辨真伪1944 4006-8003156514 微信拍码解直由享片可挑出；情景演绎这第一个地方就不对了 kerne 南春 6 查序号辨真伪1944 40068003156514 微信扫码首复片可挑出；情景演绎 keme；情景演绎 620 年份原浆这铆钉做工太粗糙了；情景演绎手份停浆；情景演绎手份控浆非常光滑；情景演绎手价原浆；情景演绎然后最后一个你看；情景演绎这个生产日期这个地方；情景演绎 hel 看正品的生产日期呢 781505240927 010550000000 20240927；情景演绎手份险警并且非常的规整 781505240927 010550000000 20240927；情景演绎咱这个生产日期你看一下假 427936220816 140990000000 20220816；情景演绎 keme 假剑南春 427936220816 140990000000 20220816；情景演绎完全就是歪七扭八 keme 假劍南窖 427936220816 140990000000 20220816；情景演绎而且你这个数字“1”啊 keme；情景演绎咱正品都是穿鞋戴帽的 keme 假 427936220816 781505240927 140990000000 010550000000 20220816 20240927；情景演绎 keme 假 427936220816 781505240927 140990000000 010550000000 20220816 20240927；情景演绎没有任何形态 ne 假 427936220816 781505240927 140990000000 010550000000 20220816 20240927；情景演绎我打眼一瞅就不对 ne kerne；情景演绎所以你这个百分百是假的 ne kerne；情景演绎 Goodtrirkhuante Godtrrkboutet podonckenn；情景演绎这我得仔细看一下 Gnndtrtckhuni；情景演绎不能是忽悠我吧 luickhuedt；情景演绎误他说的还真对；情景演绎难道真是兄弟骗我 osdtriabns；情景演绎不行我先拿回去再说吧；情景演绎不行我先拿回去再说吧 AA；情景演绎 odutikhuete；情景演绎行老板不要就算了我拿走 ieodineiso；情景演绎 Gnndteicahmta Foodtricahunin；情景演绎 BIN2 这哥们来势汹汹的；情景演绎 Bngella BIN2 ne kerne；情景演绎 Jnkal BIN2 全是假的 kerne；情景演绎 BIN2 像我千这么长时间的；風酒情景演绎 BIN2 这种还看不明白吗；酒情景演绎 BIN2 刚才我说的三点剑南春鉴别；情景演绎酒 Hnkela 可以识别市面上 BIN2；情景演绎酒 Rnyeaa BIN2 大部分的假的剑南春；情景演绎酒唤这哥们希望他回去 BIN2；情景演绎酒以后好好看看吧 HIN2；情景演绎酒别以为我骗了他了 BIN2 kerne"	,"好兄弟送的剑南春是假的，耐心的讲解真假化解矛盾。#剑南春 #鉴别假酒 #鞍山回收名酒 #礼品鉴定"	,"中性"	
啤酒行业-行业-高,"2026-08-10 14:34:21"	,"kuaishou"	,,0,977,,"4715958664"	,,"真姐❤️❤️❤️好物"	,,"3xhun7zehrcasvm"	,"https://api-app-proxy.tarsocial.com/api/token/v2/rewrite_url?url=9ztplZmWLh3u69xTkhscCpmkZPB7DFcSEau1U7XU0GVpoqiYEP0hNmLs-JR14j6gI2T5L7RNtDx2CKG7MlWI9g"	,"佰草原浆 黑坑添加剂大混养大综合鲫鱼鲤鱼自制配方偷驴正钓回锅"	,"留鱼持久有口即中穿透四季力强通杀原浆 D 强摄流鱼食持久中药酒颠覆传统泡制拒绝香精勾兑高温效果显著，穿透力强刺激聚鱼"	,,"佰草原浆 黑坑添加剂大混养大综合鲫鱼鲤鱼自制配方偷驴正钓回锅"	,
啤酒行业-行业-高,"2026-08-10 14:34:17"	,"douyin"	,,0,233,,"1341045658880883"	,,"陈劲森"	,,"7672287584399477690"	,"https://api-app-proxy.tarsocial.com/api/token/v2/rewrite_url?url=UxI1mE1VtivWWENn8adpDmG3kF8SwGcheiC2XVx5H1k8llmc7g1q1LmdiL6zGbz5hJTqAtsb4H9OXffMi2z2AA"	,"这不就好起来了吗"	,"抖音抖音号：1707184830 特等奖 35岁少妇一个限2026年12月30日过期作废喝了这么多年的啤酒今天终于中奖了"	,"抖音抖音号：1707184830特等奖35岁少妇一个限2026年12月30日过期作废喝了这么多年的啤酒今天终于中奖了"	,,"中性"	
啤酒行业-行业-高,"2026-08-10 14:32:02"	,"kuaishou"	,,0,2475,,"4714921443"	,,"佳丽好物"	,,"3x5uvyhxiask3v4"	,"https://api-app-proxy.tarsocial.com/api/token/v2/rewrite_url?url=9ztplZmWLh3u69xTkhscCpmkZPB7DFcSEau1U7XU0GXEqP9z8bG1u9LRIWzAzX76uDVC1weelYA6dc6zBjLInA"	,"佰草原浆 黑坑添加剂大混养大综合鲫鱼鲤鱼自制配方偷驴正钓回锅"	,"留鱼持久有口即中穿透四季力强通杀原浆 D 强摄流鱼食持久中药酒颠覆传统泡制拒绝香精勾兑高温效果显著，穿透力强刺激聚鱼"	,,"佰草原浆 黑坑添加剂大混养大综合鲫鱼鲤鱼自制配方偷驴正钓回锅"	,
啤酒行业-行业-高,"2026-08-10 14:31:54"	,"douyin"	,,0,354840,,"698919779306584"	,,"十二草集官方旗舰店"	,,"7672286959385005354"	,"https://api-app-proxy.tarsocial.com/api/token/v2/rewrite_url?url=UxI1mE1VtivWWENn8adpDmG3kF8SwGcheiC2XVx5H1mSwmR3Y6LIqD9AV82Kx_TJfQ7V8Yl6fJBq4J1oc_YDMw"	,"远离化学洗发水，试试草本国货洗发原浆，没有狠活勾兑！更加的健康，更加的放心！"	,"产品类别：防脱类产品名称：十二草集植物防脱固发洗发水产品执行的标准编号：国妆特字20263145"	,"产品类别：防脱类产品名称：十二草集植物防脱固发洗发水产品执行的标准编号：国妆特字20263145"	,,"正向"	
啤酒行业-行业-高,"2026-08-10 14:30:37"	,"kuaishou"	,,0,399,,"4611515451"	,,"逸快乐"	,,"3xun8qxs8sv9ucc"	,"https://api-app-proxy.tarsocial.com/api/token/v2/rewrite_url?url=9ztplZmWLh3u69xTkhscCpmkZPB7DFcSEau1U7XU0GUpsrnMdDK9hgb2KXYaO2BEUztuGX2VCe9DOKLOUPj_3g"	,"佰草原浆 黑坑添加剂大混养大综合鲫鱼鲤鱼自制配方偷驴正钓回锅"	,"留鱼持久有口即中穿透四季力强通杀原浆 D 强摄流鱼食持久中药酒颠覆传统泡制拒绝香精勾兑高温效果显著，穿透力强刺激聚鱼"	,,"佰草原浆 黑坑添加剂大混养大综合鲫鱼鲤鱼自制配方偷驴正钓回锅"	,
啤酒行业-行业-高,"2026-08-10 14:29:46"	,"kuaishou"	,,0,2155,,"4715730655"	,,"阿文好物"	,,"3xvt6nrkdyfndx2"	,"https://api-app-proxy.tarsocial.com/api/token/v2/rewrite_url?url=9ztplZmWLh3u69xTkhscCpmkZPB7DFcSEau1U7XU0GVSh3kG1eoYF8l7Ae__CdQhAzB-4Gl831_sOfHKdIj0XA"	,"佰草原浆 黑坑添加剂大混养大综合鲫鱼鲤鱼自制配方偷驴正钓回锅"	,"留鱼持久有口即中穿透四季力强通杀原浆 D 强摄流鱼食持久中药酒颠覆传统泡制拒绝香精勾兑高温效果显著，穿透力强刺激聚鱼"	,,"佰草原浆 黑坑添加剂大混养大综合鲫鱼鲤鱼自制配方偷驴正钓回锅"	,
啤酒行业-行业-高,"2026-08-10 14:29:38"	,"douyin"	,,0,,,"2842675935456803"	,,"硕淯田园粮油旗舰店"	,,"7672286367795154219"	,"https://api-app-proxy.tarsocial.com/api/token/v2/rewrite_url?url=UxI1mE1VtivWWENn8adpDmG3kF8SwGcheiC2XVx5H1mvy__dXkeVfmyJrEkS1QoUrBcd5mh-Pi801EadZPp2cw"	,"好久没吃过小时候味道的醋了，那是因为现在市面上的很多都是勾兑醋不是粮食酿造的"	,"你们赶快去抢这个原浆的"	,"你们赶快去抢这个原浆的"	,,"中性"	
啤酒行业-行业-高,"2026-08-10 14:29:38"	,"douyin"	,,0,,,"2842675935456803"	,,"硕淯田园粮油旗舰店"	,,"7672286368575261994"	,"https://api-app-proxy.tarsocial.com/api/token/v2/rewrite_url?url=UxI1mE1VtivWWENn8adpDmG3kF8SwGcheiC2XVx5H1nuRrJGnuJ2qowzT-_p8ux4phaNXqpM5RdvgwLhIwMzyQ"	,"好久没吃过小时候味道的醋了，那是因为现在市面上的很多都是勾兑醋不是粮食酿造的"	,"原浆老东世习天呐"	,"原浆老东进山西特产酿造食醋天呐"	,,"中性"	
啤酒行业-行业-高,"2026-08-10 14:24:58"	,"weibo"	,,0,17098,,"7299854767"	,,"我的八月奧古斯都"	,,"5330371650786111"	,"https://api-app-proxy.tarsocial.com/api/token/v2/rewrite_url?url=bETNdXXxBw6SRVox7gALQ0m4GO1_rzpKnva93dGXhhasik56A_cCmG4wTaAm0wkIApcVGHLymun20w8NLMRz8Q"	,"#贺涵 能来接我吗#
喜歡的歌會唱歌 http://t.cn/AXNfUuWn ​​​｜我的八月奧古斯都的微博视频"	,"没有服務下午9:41 98% 微博视频号 @我的八月奥古斯都大当 DAVIDGUETUAJUSTBE ""2U"" 我顺為妙朝蹈天 0:01 -3:13 15"	,"錄製中微博视频号 @我的美构奥苦斯都世界首口J 主代天王大衡塔小斯汀 DAVID GUETTAJUSTINBIEBER ""2U"" 我顺為你朝翔天空無無藤 No imt nte sky Dat won1 yfor 0:02 -3:12 15；微博视频号 @我的美冉奥苦斯都我顺為你朝翔天空無無限 Nom ine sky hatwont ylocya；微博视频号 @我的美冉奥苦斯都 VICTORIA'SSECRET；微博视频号 @我的美冉奥苦斯都就算為婷淚流成河我也心甘情 hese eyes that I wont oryforya；微博视频号 @我的美冉奥苦斯都就算為婷淚流成河我也心甘情 eseeyesthat I wont ory lorya；微博视频号 @我的美冉奥苦斯都 Ooohno；微博视频号 @我的美再奥苦斯都每一次的呼吸 every breth.matke；微博视频号 @我的冉奥苦斯都每一次的呼吸 Withevery breath.hatF take；微博视频号 @我的美冉奥苦斯都都想具你一起分享 wantyoutpsharethatairwsme；微博视频号 @我的美冉奥苦斯都没有無法為你遵守的誓言 here's no promise that I won’T keeo；微博视频号 @我的冉奥苦斯都没有無法為婷遵守的誓言 heres no promise that Iwon'Tkoe；微博视频号 @我的的冉奥苦斯都没有不能為婷攀能的高山萌壁 xuntainheesnonetooslet；微博视频号 @我的的冉奥苦斯都；微博视频号 @我的美冉奥苦斯都只要是鸽了你 Whenitcomes2U；微博视频号 @我的美冉奥苦斯都 STELLA；微博视频号 @我的美冉奥苦斯都切都是正當無罪的就我的心重交在 Tho'sno crime.lets takeboth cfcur；微博视频号 @我的美冉奥苦斯都切都是正當無罪的就镇我的心蛋交在一起 There's no crime.lot's take both of cur souls snd inlertene；微博视频号 @我的美冉奥智斯都切都是正當無罪的就镇我的心蛋交在 There's no crime"" let s take both cf our souls and indertaine；微博视频号 @我的冉奥苦斯都切都是正當無罪的就镇我储的心蛋交在一起 otslakebo；微博视频号 @我的冉奥苦斯都只要是了婷一切部不是言目的 Whenit comes2 U.don；微博视频号 @我的美冉奥智斯都只要是信了婷一切部不是言目的 Wenicomee 2 U.dont bebind；微博视频号 @我的美冉奥智斯都只要是信了婷一切部不是盲目的 Whencomes 2 U.dont be bind；微博视频号 @我的气冉奥智斯都只要是了婷一切都不是言目的 WTen 4.60ms 2.0: 0001 69 5l；微博视频号 @我的冉奥苦斯都看我打筏心底深處别婷最黄挚的告白只要是了婷 Watchmespeakfrom mybeartwhenit comes2U；微博视频号 @我的美冉奥苦斯都看我打筏心底深虐到婷最黄挚的告白只要是辞了婷 Watchmespeakfromimyheartwfnitcormes2 U；微博视频号 @我的美冉奥智斯都看我打心底深虐到婷最典挚的告白只要是了婷 Watch me speak from；微博视频号 @我的美冉奥苦渐都了婷 cOm920；微博视频号 @我的美冉奥苦斯都了婷；微博视频号 @我的冉奥苦期都；微博视频号 @我的美冉奥苦斯都；微博视频号 @我的美冉奥苦斯都分享 Wantyour；微博视频号 @我的冉奥苦斯着 n；微博视频号 @我的冉奥苦斯都舆婷分享 Comes2V；微博视频号 @我的美冉奥智撕都丘比特已辈備好了爱情的箭已刻上你的名字 din a ine.rrowgoy；微博视频号 @我的美冉奥智斯都丘比特已價好了爱情的箭已刻上婷的名字 Cuc din a ine.arow gotyour name on；微博视频号 @我的美冉奥苦斯；微博视频号 @我的美冉奥苦斯都不要因為错失爱情而婷自己感到遗 DonT outonaloveank；微博视频号 @我的美冉奥苦斯着；微博视频号 @我的美冉奥苦斯都間心胸清婷的思绪 Open upyourmnd.rea.yourhead；微博视频号 @我的冉奥苦斯都在空蒲蕴的床上醒来 Gota wakeuptoanempty bed；微博视频号 @我的美冉奥苦斯都在空蒲蕴的床上醒来；微博视频号 @我的冉奥苦斯都分享我的人生你有 Shremyisyoun okp；微博视频号 @我的冉奥苦斯都分享我的人生你有 Share my ife.ts youn to kep；微博视频号 @我的冉奥苦斯都今以後我的一切都歸你所有 Now thas.I gve to yoi.aif-of me.；微博视频号 @我的再奥苦斯都只要是线了婷 Whenitcomes2U；微博视频号 @我的冉奥苦斯都只要是了婷 Whenit comes21；微博视频号 @我的美冉奥苦斯都切都是正當無罪的就镇我铺的心蛋交藏在一起 Theresnocmo.ets tour Rous andn；微博视频号 @我的美冉奥苦斯都切都是正當無罪的就镇找铺的心蛋交識在一起 There's no crme.le's take toth of our；微博视频号 @我的美冉奥智斯都切都是正富無罪的就镇我铺的心蛋交藏在一起 There'snocme.lef's take；微博视频号 @我的美冉奥苦斯都切都是正富無罪的就镇我铺的心震交在一起 There'sno crime.let's take both ofour；微博视频号 @我的美冉奥苦斯都切部是正富無罪的就镇我铺的心震交减在一起 There's no crime.let's take both of our soulsandinh；微博视频号 @我的美冉奥苦斯都只要是综了婷一切都不是言目的 When it comes 2 U. dont be bing；微博视频号 @我的美冉奥苦斯都只要是信了婷一切都不是言目的 Whenit comes 2U. don't be bin；微博视频号 @我的美冉奥苦斯都只要是罚了婷一切都不是言目的 Whenit comes 2 U. dont bo bind；微博视频号 @我的美冉奥苦斯都看我打提心底深虐剪婷最美挚的告白只要是纷了婷 Watct me speak from my heart. when it com9；微博视频号 @我的冉奥苦斯都看我打心底深虐到婷最美挚的告白只要是了婷 tmespeakfrom ns20；微博视频号 @我的美冉奥苦斯都看我打心底深虐剪婷最黄挚的告白只要是了婷 oeak fromoyheartwhenit comes 2 U；微博视频号 @我的美冉奥苦斯都看我打心底深虐到婷最美學的告白只要是了婷 052U；微博视频号 @我的美再奥苦斯都了婷；微博视频号 @我的冉奥苦斯着 Millk Milk；微博视频号 @我的冉奥苦斯都；微博视频号 @我的冉奥苦斯着；微博视频号 @我的冉奥苦斯都想興婷分享一切 Nanit you to share sa；微博视频号 @我的再奥苦斯都；微博视频号 @我的冉奥苦斯都只要是缤了婷 Whenit comes 2 0；微博视频号 @我的冉奥智斯都；微博视频号 @我的冉奥苦斯都想興婷分享一切 hirant you to share tha；微博视频号 @我的美冉奥苦斯都只要是了婷 Wmenitcomes 2；微博视频号 @我的美冉奥苦斯都切是正當無罪的就我铺的心蛋交 There'snocime.；微博视频号 @我的美冉奥苦斯都切都是正當無罪的就镇找储的心蛋交藏在一起 There'sno cime""lets sondinoertaine；微博视频号 @我的美冉奥苦斯都切都是正當無罪的就镇我铺的心蛋交藏在一起 There's no crme""let's take both；微博视频号 @我的美冉奥苦斯都切部是正當無罪的就谊我储的心蛋交藏在一起 Theresno crime"" let's take both of our souls and intertaine；微博视频号 @我的美冉奥智斯都切部是正當無罪的就谊我储的心重交截在一起 There's no crme.let's take both ot our soulsand inherhaine；微博视频号 @我的美冉奥苦斯都只要是了婷一切都不是言目的 Whentcomes2U.dontbebin；微博视频号 @我的美冉奥苦斯都只要是码了婷一切都不是言目的 When t comes 2 U"" don't be binc；微博视频号 @我的美冉奥苦斯都只要是了婷一切都不是言目的 When it comes 2 U"" don't be blinc；微博视频号 @我的美冉奥智斯都 Natch；微博视频号 @我的美冉奥苦斯都看我打心底深虐到婷最典挚的告白只要是了婷 Watch me speak from my hear"" when it comes 2 U；微博视频号 @我的冉奥智斯都看我打筏心底深虐對婷最典挚的告白只要是了婷 Watchmespeak frommy heart.whenit comes 2U；微博视频号 @我的美冉奥苦斯都看我打筏心底深虐對你最典挚的告白只要是鸥了婷 atch mo speak from my.hear whenit comes 2 U ll；微博视频号 @我的的冉奥苦斯都了婷 es20；微博视频号 @我的的冉奥苦斯都了婷 Comes2U；没有服務下午9:45 98% 微博视频号 @我的再奥苦斯都 3:06 -0:08 15；微博视频号 @我的八月奥古斯都转发点赞关注我的微博视频号我的八月奥古斯都来微博，观看更多视频截图保存，查看二维码"	,"#贺涵 能来接我吗# 喜歡的歌會唱歌 [我的八月奧古斯都的微博视频](http://t.cn/AXNfUuWn)"	,"中性"	
啤酒行业-行业-高,"2026-08-10 14:24:57"	,"weibo"	,,0,905,,"6320347990"	,,"明月山涧水长流"	,,"5330371647376200"	,"https://api-app-proxy.tarsocial.com/api/token/v2/rewrite_url?url=bETNdXXxBw6SRVox7gALQ07n4Mogcb9xPrCmfCXQIvT2DOWZbxQICQKEDKiNg8nLyUfBc7GrRJgYAd2DwzzQUg"	,"詹姆斯杰西的待客之道：Coors light啤酒配糖果，像三流占卜师一样让哈特利抽牌（） ​​​"	,"DILLON 25AP CARO CARE ANY DON'TMAKEME GOTHROUGH THISAGAIN"" TRICKSTER. KNOWYOLWANTE TOVALIDATEYOUR ALLTHAT'SLEETO SUSPICIONS""BUTI ANYCFTHEMIS CAN'T.THEROSUES WEAPENS..AND THERGIMMICKY THISMORNINGWKEY-TVNOTES ANDASTHEPOLLSOPFNEO ANDI""WE'RETWOOF AREHISTORY.YOU PIPER""OLLONWAGTHE IHANETHEMAG INDEPENOENTCANDIOATE THELAGT..ANDWEVE SOLIVENIRS. CARTWRISHTISMORETHAN LEASTOFFLAGH'S GONELEGIT. HOLDINGHISOWNINTHE ROGUESGALLERY.. RACE. ANOINAGROUPWITH THERAINBOWRAICER M THAT'GSAYINGALOT. IFIGUREIFHOLDONTOTHEIR HOW'DYOU COLD-GUNSANDWEATHERWANDS GWINGTHAT? THATKEEPSEMOFFTHESTREETS THEY'RE SAFEWITH ME... TRICKEDMYWAY INTOTHEIRWILLS! I'MINYOURS""TOO BYTHEWAY!"	,"DILLON 25AP CARO CARE ANY DON'TMAKEME GOTHROUGH THISAGAIN"" TRICKSTER. KNOWYOLWANTE TOVALIDATEYOUR ALLTHAT'SLEETO SUSPICIONS""BUTI ANYCFTHEMIS CAN'T.THEROSUES WEAPENS..AND THERGIMMICKY THISMORNINGWKEY-TVNOTES ANDASTHEPOLLSOPFNEO ANDI""WE'RETWOOF AREHISTORY.YOU PIPER""OLLONWAGTHE IHANETHEMAG INDEPENOENTCANDIOATE THELAGT..ANDWEVE SOLIVENIRS. CARTWRISHTISMORETHAN LEASTOFFLAGH'S GONELEGIT. HOLDINGHISOWNINTHE ROGUESGALLERY.. RACE. ANOINAGROUPWITH THERAINBOWRAICER M THAT'GSAYINGALOT. IFIGUREIFHOLDONTOTHEIR HOW'DYOU COLD-GUNSANDWEATHERWANDS GWINGTHAT? THATKEEPSEMOFFTHESTREETS THEY'RE SAFEWITH ME... TRICKEDMYWAY INTOTHEIRWILLS! I'MINYOURS""TOO BYTHEWAY!"	,"詹姆斯杰西的待客之道：Coors light啤酒配糖果，像三流占卜师一样让哈特利抽牌（）"	,"中性"	
啤酒行业-行业-高,"2026-08-10 14:24:55"	,"kuaishou"	,,0,107,,"376371988"	,,"百货店铺"	,,"3x92zfgzjd3392s"	,"https://api-app-proxy.tarsocial.com/api/token/v2/rewrite_url?url=9ztplZmWLh3u69xTkhscCpmkZPB7DFcSEau1U7XU0GWcRxHLXjruAoPYZJ7z1uKVqOa1zFHyl5G_VRhHaYt1CQ"	,"佰草原浆 黑坑添加剂大混养大综合鲫鱼鲤鱼自制配方偷驴正钓回锅"	,"佰草原浆留鱼持久低价有自制配方，大综合鲫鱼鲤鱼穿透四季力强通杀原紫强摄流鱼食持久中药酒颠覆传统泡制拒绝香精勾兑高温效果显著，穿透力强，刺激聚鱼"	,,"佰草原浆 黑坑添加剂大混养大综合鲫鱼鲤鱼自制配方偷驴正钓回锅"	,
啤酒行业-行业-高,"2026-08-10 14:24:31"	,"toutiao"	,2,0,,,"3182464031013008"	,,"被月亮收买"	,,"1873116472521738"	,"https://api-app-proxy.tarsocial.com/api/token/v2/rewrite_url?url=1YusuDMvr9od4K_K1MN8mlDDzP1nPFJ1ypc-UlWqfKAVMCINjfjXX9hyHQiXE8LWrUckhQs0XRvx70NI2hJUiw"	,"让人痛不欲生的10种病

1、尿毒症

2、强直性脊柱炎

3、阿尔茨海默症

4、艾滋病

5、冠心病

6、痛风

7、哮喘

8、慢阻肺

9、渐冻症

10、系统性红斑狼疮

这十种病，光看名字就让人心里一沉

我身边就有好几个中招的，三十出头就痛风的兄弟，之前天天啤酒撸串熬到后半夜，现在发作起来疼得连床都下不了，每个月跑医院的钱比工资零头还多。还有我大伯慢阻肺，年轻时候烟不离手，现在爬个三楼得歇三回，冬天连门都不敢出，稍一受凉就得住院。

我前两年也仗着年轻瞎造，顿顿重油重盐还总熬夜，去年体检查出来血脂血压全超标，医生说再不管下一步就是冠心病找上门。真的别拿年轻当资本，身体的账都是一笔笔记着的，等你疼得扛不住了才想起重视，往往都晚了。平时少熬点夜，定期做个体检，比啥都实在。
"	,,,"让人痛不欲生的10种病

1、尿毒症

2、强直性脊柱炎

3、阿尔茨海默症

4、艾滋病

5、冠心病

6、痛风

7、哮喘

8、慢阻肺

9、渐冻症

10、系统性红斑狼疮

这十种病，光看名字就让人心里一沉

我身边就有好几个中招的，三十出头就痛风的兄弟，之前天天啤酒撸串熬到后半夜，现在发作起来疼得连床都下不了，每个月跑医院的钱比工资零头还多。还有我大伯慢阻肺，年轻时候烟不离手，现在爬个"	,"中性"	
啤酒行业-行业-高,"2026-08-10 14:24:08"	,"kuaishou"	,,0,34,,"4313389232"	,,"勤劳的猪🐷"	,,"3x7biyf2rkz5ue4"	,"https://api-app-proxy.tarsocial.com/api/token/v2/rewrite_url?url=9ztplZmWLh3u69xTkhscCpmkZPB7DFcSEau1U7XU0GUTta8SA6DJAGPaLN8ItY5B1WRpU5h2p0lMC9Wp0BjnfQ"	,"佰草原浆 黑坑添加剂大混养大综合鲫鱼鲤鱼自制配方偷驴正钓回锅"	,"佰草原浆留鱼持低价29.90 制配方，大混养黑坑添加剂，回锅价穿透四季力强通杀原 C 强摄流鱼食持久中药酒颠覆传统泡制拒绝香精勾兑高温效果显著，穿透力强，刺激聚鱼"	,,"佰草原浆 黑坑添加剂大混养大综合鲫鱼鲤鱼自制配方偷驴正钓回锅"	,
啤酒行业-行业-高,"2026-08-10 14:21:52"	,"bbs"	,,0,,,,,"黑猫投诉"	,,"f8e963cc38caba986ede532e1025f417"	,"https://api-app-proxy.tarsocial.com/api/token/v2/rewrite_url?url=Nxx2MhVzDGvfdUyLiJxVfoNkim65bN6dWea7G7naJrldmqPlHPc3raxKwQnLnZ3uTj6CKlks57TgeSITBqA4FA9WMkyR8VLAvaAAdQ_Dmu6GzOXvPJ5E2fNJGjtzXzvy"	,"投诉主体 美团客服小美  投诉编号 17400695246 使用服务 美团外卖 投诉问题 客服不处理/处理不当 霸王条款 服务不到位/态度差 重复扣款 恶意扣款 投诉要求 赔偿 退款 解释 改善服务 涉诉金额 50元 
该订单发生于八月七日，为消除卡有效期内，申诉截止时间前，且判责依据为餐商品撒漏/包装损坏。新手超级消除卡可使用类型包含餐商品撒漏，故应支持对该订单使用消除卡，然可消除违规中并未出现此订单餐损违规，致使消除卡无法使用而后过期，餐损违规无法消除。疑似程序设计问题，应当由平台消除本次违规。且我已与顾客协商达成一致，先就地送达，将破损的带有玻璃碎片的啤酒送还商家，由顾客选择售后餐损进行处理，不应以虚拟送达为理由进行扣款。而后本人多次拨打客服电话进行申诉均被拒绝，走平台申诉亦遭拒"	,,,"美团外卖无视顾客骑手协商强行恶意扣款"	,"负向"	
啤酒行业-行业-高,"2026-08-10 14:17:12"	,"douyin"	,,0,,,"1044984746481132"	,,"用户5838592599195"	,,"7672283179344392122"	,"https://api-app-proxy.tarsocial.com/api/token/v2/rewrite_url?url=UxI1mE1VtivWWENn8adpDmG3kF8SwGcheiC2XVx5H1nzcERQ2Ob3hYXtiN-bzVdsurWWE7dK0wn7tngVLH6ouA"	,"厂家三担责。广汽丰田铂智7厂家三重保障全面担责：三电系统自燃直接赔付新车，电池衰减超标免费更换电池，智能驾驶相关故障引发事故厂家全额承担损失，用车全程兜底省心无忧#选铂智7选择了安心 #铂智7 #广汽丰田"	,"16 2:12 京A·EP6951 191km 31.8% 维修保养中车间施工查看 C 车锁车窗尾箱应急钥匙 26℃ 车辆位置预设温度桥街道青塔西路69号社区发现爱车商城我的"	,"2:12 ·.KB/s京A·EP6951三191kkm31.8%X维修保养中车间施工查看6Lo车锁车窗尾箱应急钥匙26℃车辆位置预设温度··桥街道青塔西路69号G7中社区发现爱车商城我的##########"	,,"中性"	
啤酒行业-行业-高,"2026-08-10 14:15:11"	,"toutiao"	,178,0,90011,,"6292224952"	,,"缱绻风铃"	,,"1873115884401866"	,"https://api-app-proxy.tarsocial.com/api/token/v2/rewrite_url?url=1YusuDMvr9od4K_K1MN8mlDDzP1nPFJ1ypc-UlWqfKD-yWm1tb6jHfd2h1W4DhNPWoFhyX0hUEHyaBwXgVIEKw"	,"走进马尼拉这家Walter Mart的时候，我其实没什么特别想买的，因为外面的雨太大，所以我想先停下匆忙行走的脚步，找一个稍微安全的地方避雨。

偶然路过这个街区，看见很大的商超标志，一楼的大门是敞开着的，中央空调的冷气呼呼往外渗，于是脚步便自然地拐了进去。

大概是中午十二点多，可能还没有到正式的午餐饭点，超市里的人不算多，货架之间的通道宽敞得能并排走两辆推车。

日光灯照得整个卖场亮堂堂的，一排排饮料码得整整齐齐，罐头标签全朝外，像是有人拿尺子比着摆的。

我慢慢推着车，从零食区晃到日用品区，看见一种没见过的本地芒果干，停下来翻了翻包装背后的说明，又放回去——不急，先逛逛再说。

冷藏区的玻璃柜门擦得锃亮，里面的酸奶按口味排成彩虹色。有个店员正在补货，看见我走过去，侧身让了让，笑了一下，手里继续干活，不催人，也不跟着，这种恰到好处的距离感让人很自在。

最后我挑了几包方便面、一包咖啡速溶饮品、两瓶可乐，还有一袋菲律宾这边特产的芒果干，结账的时候前面只排了一个人，收银员慢慢扫码，问我需不需要袋子，我说要，她就把东西一样一样装好，动作不紧不慢的。总共花了不到一千比索，折算下来，跟国内超市其实也差不了多少……

出门的时候，雨还在下，似乎这边的雨水就一直没停过一样，我拎着袋子，撑着从酒店借来的雨伞和，在超市的门口站了一会儿。

其实买东西这件事，有时候买的不只是东西，是那种在一个陌生的地方，什么都不赶、什么都不用想的心情。

Walter Mart不是什么高大上的地方，但正因如此，才让人觉得踏实——

就像当地人过日子那样，平淡、有序，偶尔有一点小确幸。

这大概就是旅行的另一种意义吧，在别人的日常里，找回自己慢慢走的节奏——

我似乎已经渐渐地爱上菲律宾，这座名叫帕拉尼亚克的城市了！

[啤酒][蛋糕][玫瑰][庆祝][礼物][烟花]"	,,,"走进马尼拉这家Walter Mart的时候，我其实没什么特别想买的，因为外面的雨太大，所以我想先停下匆忙行走的脚步，找一个稍微安全的地方避雨。

偶然路过这个街区，看见很大的商超标志，一楼的大门是敞开着的，中央空调的冷气呼呼往外渗，于是脚步便自然地拐了进去。

大概是中午十二点多，可能还没有到正式的午餐饭点，超市里的人不算多，货架之间的通道宽敞得能并排走两辆推车。

日光灯照得整个卖场亮堂堂的，一"	,"中性"	
啤酒行业-行业-高,"2026-08-10 14:10:37"	,"xiaohongshu"	,,0,,,"63d61939000000002702b635"	,,"Zooey·Young"	,,"6a796b5d000000003400c850"	,"https://api-app-proxy.tarsocial.com/api/token/v2/rewrite_url?url=cSb9xPr9PTnAREU6T0jLKsUsLLPSJ9iu21ImVmniC4UqqtkqVX-PM0PU434u2BXzJyOgWAMKre-BkIKjwXZxwA"	,"年初买的一箱无醇啤酒快过期了想方设法销库存ing[失望R]这个搭配感觉蜂蜜可以加多点我这蜂蜜没加很多但原本啤酒的苦涩味能削减不少也不会难喝[微笑R]#喝点儿小酒"	,"Heineken' 老山洋槐蜂蜜 PREM1UM ENEKEN QUALIT O.OBEER AGER ineken 0.0 RE MALT LAG HEINEKENA -YE"	,"Heineken' 老山洋槐蜂蜜 PREM1UM ENEKEN QUALIT O.OBEER AGER ineken 0.0 RE MALT LAG HEINEKENA -YE；CRAFTING CLASSIC COFFEE."	,"啤酒蜂蜜一小撮盐"	,"中性"	
啤酒行业-行业-高,"2026-08-10 14:07:16"	,"douyin"	,,0,833,,"93252232401"	,,"无畏寒东"	,,"7672280616196427054"	,"https://api-app-proxy.tarsocial.com/api/token/v2/rewrite_url?url=UxI1mE1VtivWWENn8adpDmG3kF8SwGcheiC2XVx5H1kc2qmifyfL8B0QOc66D6HUQPNZjTJWxGm7nCRXtfIfig"	,"[动物迷城] 解决三个麻烦""获得警卫活动室和屋顶工地的工作许可""加入""后厨俱乐部""""第一次赌牌EP16#动物迷城#角色扮演#推理#剧情#动物城"	,"H"	,"监大楼 育禁准备21:30 星期四 12/120 254 6/6 92 64 2012|监大楼 育禁准备21:30 星期四 254 12/120 6/6 92 64 2012|监狱大楼 育禁准备21:30 星期四 254 12/120 6/6 92 64 2012|监狱大楼 育禁准备21:30 星期四 254 12/120 92 6/6 64 2012|监狱大楼 育禁准备21:30 星期四 12/120 254 6/6 92 64 2012|蟑螂杀手 花花世界大战 教续的殿 闻香识旧爱 帮派 “黄金”矿工 河道征服者 不想做画家的厨师不是好间谋 子，你如果能帮上这个忙的话，他一定会很高兴的。 越狱 理发店 消灭5只蜂。（2/5） 主线 奖励： 竞争上岗 关系 收发工文让你在工之，试在大里虫 特品手 帮派 支线 任务 5OW 20* 对话 监狱大楼 地图 6/6 能力 角色 星期四 12/120 254 进行中 64 20 92 育禁准 8 已归档|蟑螂杀手 花花世界大战 救续的殿堂 帮派 闻香识旧爱 “黄金”矿工 河道征服者 子，你如果能帮上这个忙的话，他一定会很高兴的。 不想做画家的厨师不是好间谋 越狱 消灭5只蜂。（2/5） 主线 理发店 奖励： 关系 竞争上岗 帮派 收发文让你在工之，在大里他虫 品手 任务 支线 5OW 20* 对话 监狱大楼 地图 6/6 角色 星期四 能力 12/120 254 进行中 64 20 92 育禁准 已归档 8|竞争上岗 花花世界大战 麻烦1：试着让“雄狮·阿历克斯”将工作名额给你 救续的殿堂 帮派 闻香识旧爱 娜杀手 河道征服者 “黄金”矿工 不想做画家的厨师不是好间谋 他为监的长，这理所以当他 那就再次“互相帮助”好了。 越狱 竞孕上岗 麻烦3：可以请教“驴子·山姆”如何修理水管 主线 理发店 剩余时间： 对这项工作兴后，便再次出与只在下他 麻烦2：说服“驼·托尼”撤回工作的申请表。 鲁申了卫活动的工但这单出了 关系 奖励： 帮派 任务 人他会给的 支线 208 对话 地图 监狱大楼 能力 6/6 角色 12/120 星期四 7天 254 进行中 64 20 已归档 育禁准 92 8|竞争上岗 花花世界大战 麻烦1：试着让“雄狮·阿历克斯”将工作名额给你 教续的殿堂 帮派 闻香识旧爱 娜杀手 河道征服者 不想做画家的厨师不是好间谋 他为监的长，这理所以当他 “黄金”矿工 那就再次“互相帮助”好了。 竞孕上岗 越狱 麻境3：可以请教“驴子·山姆”如何修理水管 主线 理发店 麻烦2：说服“骆驼·托尼”撤回工作的申请表。 剩余时间： 对这项工作兴后，便再次出与只在下他 鲁申了卫活动的工但这单出了 关系 奖励： 帮派 任务 支线 人他会给的 208 对话 地图 监狱大楼 6/6 能力 角色 12/120 星期四 7天 254 进行中 64 20 已归档 宜禁准 92 8|竞争上岗 花花世界大战 麻烦1：试着让“雄狮·阿历克斯”将工作名额给你 救续的殿堂 帮派 闻香识旧爱 娜杀手 河道征服者 不想做画家的厨师不是好间谋 “黄金”矿工 他为监的长，这理所以当 那就再次“互相帮助”好了。 竞孕上岗 越狱 麻境3：可以请教“驴子·山姆”如何修理水管 主线 理发店 剩余时间： 麻烦2：说服“弱驼·托尼”撤回工作的申请表。 对这项工作兴后，便再次出与只在下他 鲁申了卫活动的工但这单出了 关系 奖励： 帮派 任务 人他会给的 支线 208 对话 地图 监狱大楼 6/6 能力 角色 12/120 星期四 254 7天 进行中 64 20 已归档 宜禁准 92 8|竞争上岗 花花世界大战 麻烦1：试着让“雄狮·阿历克斯”将工作名额给你 救续的殿堂 帮派 闻香识旧爱 娜杀手 河道征服者 不想做画家的厨师不是好间谋 “黄金”矿工 他为监的长，这理所以当 那就再次“互相帮助”好了。 越狱 竞孕上岗 麻境3：可以请教“驴子·山姆”如何修理水管 主线 理发店 剩余时间： 麻烦2：说服“弱驼·托尼”撤回工作的申请表。 对这项工作兴后，便再次出与只在下他 鲁申了卫活动的工但这单出了 关系 奖励： 帮派 任务 人他会给的 支线 208 对话 地图 监狱大楼 6/6 能力 角色 12/120 星期四 254 7天 进行中 64 20 已归档 宜禁准 92 8|竞争上岗 花花世界大战 麻烦1：试着让“雄狮·阿历克斯”将工作名额给你 救续的殿堂 帮派 娜杀手 闻香识旧爱 河道征服者 “黄金”矿工 不想做画家的厨师不是好间谋 他为监的长，这理所以当他 那就再次“互相帮助”好了。 竞孕上岗 越狱 麻境3：可以请教“驴子·山姆”如何修理水管 理发店 剩余时间： 主线 对这项工作兴后便再次出与只在下他 麻烦2：说服“弱驼·托尼”撤回工作的申请表。 鲁申了卫活动的工但这单了 关系 奖励： 帮派 人他会给的 任务 支线 对话 208 地图 监狱大楼 6/6 能力 角色 12/120 星期四 7天 254 进行中 64 20 92 宜禁准 已归档 8|竞争上岗 花花世界大战 麻烦1：试着让“雄狮·阿历克斯”将工作名额给你 救续的殿堂 帮派 娜杀手 闻香识旧爱 河道征服者 不想做画家的厨师不是好间谋 “黄金”矿工 他为监的长，这理所以当他 那就再次“互相帮助”好了。 竞孕上岗 越狱 麻烦3：可以请教“驴子·山姆”如何修理水管 理发店 剩余时间： 主线 对这项工作兴后便再次出与只在下他 麻烦2：说服“弱驼·托尼”撤回工作的申请表。 鲁申了卫活动的工但这单了 关系 奖励： 帮派 人他会给你的 任务 支线 对话 208 地图 监狱大楼 6/6 能力 角色 12/120 星期四 7天 254 进行中 64 20 宜禁准 92 已归档 8|竞争上岗 花花世界大战 麻烦1：试着让“雄狮·阿历克斯”将工作名额给你 救续的殿堂 娜杀手 闻香识旧爱 帮派 不想做画家的厨师不是好间谋 “黄金”矿工 河道征服者 他为监长，这理所当他 那就再次“互相帮助”好了。 竞孕上岗 主线 越狱 剩余时间： 你向申请了卫活动的工但这单了 麻须3：可以请教“驴子·山姆”如何修理水管 理发店 对这项工作兴后便再次出与作只在下他平 麻烦2：说服“骆驼·托尼”撤回工作的申请表。 奖励： 关系 帮派 人他给你，工的 任务 支线 6/6 208 对话 地图 监大楼 能力 12/120 角色 7天 星期四 254 20 进行中 64 92 宜禁准 已归档|竞争上岗 花花世界大战 麻烦1：试着让“雄狮·阿历克斯”将工作名额给你 救续的殿堂 娜杀手 闻香识旧爱 帮派 “黄金”矿工 河道征服者 不想做画家的厨师不是好间谋 他为监长，这理所当他 那就再次“互相帮助”好了。 竞孕上岗 主线 越狱 你向申请了卫活动的工但这单了 剩余时间： 麻须3：可以请教“驴子·山姆”如何修理水管 对这项工作兴后便再次出与作只在下他平 理发店 麻烦2：说服“骆驼·托尼”撤回工作的申请表。 奖励： 关系 帮派 人他给你，工的 任务 支线 6/6 208 对话 地图 监大楼 能力 12/120 角色 7天 星期四 254 20 进行中 64 92 宜禁准 已归档|竞争上岗 花花世界大战 麻烦1：试着让“雄狮·阿历克斯”将工作名额给你 救续的殿堂 娜杀手 闻香识旧爱 帮派 河道征服者 不想做画家的厨师不是好间谋 “黄金”矿工 他为监长，这理所当他 那就再次“互相帮助”好了。 竞孕上岗 主线 越狱 你向申请了卫活动的工但这单了 剩余时间： 麻须3：可以请教“驴子·山姆”如何修理水管 理发店 对这项工作兴后便再次出与作只在下他平 麻烦2：说服“骆驼·托尼”撤回工作的申请表。 奖励： 关系 帮派 人他给你，工的 任务 支线 6/6 208 对话 地图 监大楼 能力 12/120 角色 7天 星期四 254 20 进行中 64 92 宜禁准 已归档|竞争上岗 花花世界大战 麻烦1：试着让“雄狮·阿历克斯”将工作名额给你 救续的殿堂 娜杀手 闻香识旧爱 帮派 “黄金”矿工 不想做画家的厨师不是好间谋 河道征服者 他为监长，这理所当他 那就再次“互相帮助”好了。 竞孕上岗 越狱 剩余时间： 主线 麻须3：可以请教“驴子·山姆”如何修理水管 你向申请了卫活动的工但这单了 对这项工作兴后便再次出与作只在下他平 理发店 麻烦2：说服“骆驼·托尼”撤回工作的申请表。 奖励： 关系 帮派 人他给你，的 任务 支线 6/6 208 对话 监大楼 地图 能力 12/120 角色 星期四 7天 254 20 进行中 64 92 宜禁准 已归档 8|竞争上岗 花花世界大战 麻烦1：试着让“雄狮·阿历克斯”将工作名额给你 救续的殿堂 娜杀手 闻香识旧爱 帮派 “黄金”矿工 河道征服者 不想做画家的厨师不是好间谋 他为监长，这理所当他 那就再次“互相帮助”好了。 竞孕上岗 越狱 剩余时间： 主线 麻须3：可以请教“驴子·山姆”如何修理水管 你向申请了卫活动的工但这单了 理发店 对这项工作兴后便再次出与作只在下他平 麻烦2：说服“骆驼·托尼”撤回工作的申请表。 奖励： 关系 帮派 人他给你，的 任务 支线 6/6 208 对话 地图 监大楼 能力 12/120 角色 星期四 7天 254 20 进行中 64 92 宜禁准 已归档 8|竞争上岗 花花世界大战 麻烦1：试着让“雄狮·阿历克斯”将工作名额给你 救续的殿堂 娜杀手 闻香识旧爱 帮派 “黄金”矿工 不想做画家的厨师不是好间谋 河道征服者 他为监长，这理所当他 那就再次“互相帮助”好了。 竞孕上岗 越狱 剩余时间： 主线 麻须3：可以请教“驴子·山姆”如何修理水管 你向申请了卫活动的工但这单了 理发店 对这项工作兴后便再次出与作只在下他平 麻烦2：说服“骆驼·托尼”撤回工作的申请表。 奖励： 关系 帮派 人他给你，的 任务 支线 6/6 对话 208 地图 监大楼 能力 12/120 角色 星期四 7天 254 20 进行中 64 92 宜禁准 已归档 8|竞争上岗 花花世界大战 麻烦1：试着让“雄狮·阿历克斯”将工作名额给你 救续的殿堂 娜杀手 闻香识旧爱 帮派 “黄金”矿工 不想做画家的厨师不是好间谋 河道征服者 他为监长，这理所当他 那就再次“互相帮助”好了。 竞孕上岗 越狱 剩余时间： 主线 麻须3：可以请教“驴子·山姆”如何修理水管 理发店 你向申请了卫活动的工但这单了 对这项工作兴后便再次出与作只在下他平 麻烦2：说服“骆驼·托尼”撤回工作的申请表。 奖励： 关系 帮派 人他给你，的 任务 支线 6/6 208 对话 监大楼 地图 能力 12/120 角色 星期四 7天 254 20 进行中 64 92 宜禁准 已归档 8|竞争上岗 花花世界大战 麻烦1：试着让“雄狮·阿历克斯”将工作名额给你 救续的殿堂 娜杀手 闻香识旧爱 帮派 “黄金”矿工 不想做画家的厨师不是好间谋 河道征服者 他为监长，这理所当他 那就再次“互相帮助”好了。 竞孕上岗 越狱 剩余时间： 主线 麻须3：可以请教“驴子·山姆”如何修理水管 你向申请了卫活动的工但这单了 理发店 对这项工作兴后便再次出与作只在下他平 麻烦2：说服“骆驼·托尼”撤回工作的申请表。 奖励： 关系 帮派 人他给你，的 任务 支线 6/6 对话 208 地图 监大楼 能力 12/120 角色 星期四 7天 254 20 进行中 64 92 宜禁准 已归档 8|竞争上岗 花花世界大战 麻烦1：试着让“破狮·阿历克斯”将工作名额给你 救续的殿 帮派 “黄金”矿工 闻香识旧爱 不想做画家的厨师不是好间谋 他为监长，这面所以当 河道征服者 娜杀手 那就再次“互相帮助”好了。 越狱 竞孕上尚 剩余时间： 理发店 麻烦3：可以请教“驴子·山姆”如何修理水管 麻烦2：说服“骆驼·托尼”撤回工作的申请表。 关系 对这项工作兴后，便再次出与作只在下他平 向鲁申了卫活动的工但这牵了 奖励： 主线 帮派 支线 任务 人他会给的 对话 208 地图 能力 监狱大楼 6/5 12/120 角色 7天 254 星期四 进行中 64 20 92 有禁准 已归档 8|监大楼 育禁准备21:30 星期四 6/6 254 12/120 92 64 2012|监大楼 6/6 育禁准备21:30 12/120 254 星期四 92 64 2012|6/6 监大楼 12/120 星期四 育禁准备21:30 254 2012 92 64|监大楼 6/6 星期四 育禁准备21:30 412/120 生存 心态低于30点，会触发“低心志“状态。 健康低于30点，会触发“低健康“状态 健康：64/100 254 心：92/100 2012 64 92 健康低于30点，|狐狸·托马斯 智力： 魅力： 监大楼 育禁准备21:30 敏捷： 12/120 6/6 领悟 力量： 星期四 254 马用店 2012 罗展 网品|6/6 监大楼 12/120 育禁准备21:30 星期四 254 2012 92 64|6/6 育禁准备21:30 监大楼 12/120 254 星期四 2012 92 64|宣禁准备21:30 监大楼 12/120 6/6 254 星期四 2012 64 92||A区走廊 星期四 宣禁准备21:30 6/6 12/120 254 2012 64 92|A区走廊 育禁准备21:30 星期四 6/6 12/120 2012 254 64 92 G 网|A区走廊 育禁准备21:30 6/6 星期四 12/120 2012 254 64 92 C 网|A区走廊 育禁准备21:30 星期四 6/6 12/120 2012 254 64 92|前往B区走廊。 A区走廊 育禁准备21:30 前往大厅二楼。 星期四 前往大厅一楼 6/6 取消。 12/120 254 2012 64 92|A区走廊 前往B区走岛。 育禁准备21:30 星期四 前往大厅二楼。 6/6 12/120 前往大厅一楼。 2012 254 取消。 64 92|A区走廊 育禁准备21:30 星期四 6/6 12/120 2012 254 64 92|254 12/120 区主量 6/E 2012 64 宜准盗1:30 92|254 12/120 2012 6/E|A207室 6/6 12/120 星期四 254 2012|A207室 6/6 12/120 有禁时间22:00 星期四 254 2012|食物，酒精 基础攻击力+4，持续2小时。 「生活是苦涩，希望是泡沫. 副作用：（酒精生效期间）智力-2 帮派 关系 违禁值：2 基础 任务 地图 属性 对话 心态+10 职业： ： 智力 啤酒 A207室 表现： 姓名： 12/120 服刑： 星期四 角色 力量 魅力 能力 状态 6/6 敏捷 12/40消化 254 编号：1220 喝掉 20 装备 中级 宵禁时 副作用： 3 违禁|食物，材料 帮派 基础 关系 饱腹+1，健康+5。 苹果 任务 一日一苹果，医生远离我。 狐狸·托马斯 职业： 服刑： 帮派： A207室 姓名： 智力 地图 254 力量 属性 对话 A207 12/120 星期四 成员 能力 角色 状态 魅力 尖牙帮 6/6 12/40消化 出镜记者 敏捷 254 3 地位： 因室： 11天 初级 装备 20 资金： 吃掉 违禁 育禁时 编号：1220|食物，材料 帮派 基础 关系 饱腹+1，健康+5。 苹果 任务 一日一苹果，医生远离我。 狐狸·托马斯 职业： 服型： A207室 帮派： 姓名： 智力 地图 力量 254 属性 对话 A207 12/120 星期四 成员 能力 角色 状态 魅力 尖牙帮 6/6 12/40消化 出镜记者 敏捷 254 3 地位： 因室： 11天 装备 初级 资金： 20 吃掉 违禁 育禁时 编号：1220|确认吃掉物品吗？ 苹果 剩余：2 基础 关系 任务 帮派 精： 狐理·托马斯 智力 力量 姓名： 职业： 属性 6/6 12/120 地图 魅力 对话 状态 敏捷 表现： 服型： 254 角色 能力 12/40消化 A207 成员 20 尖牙帮地位： A207室 尖牙 星期四 因室 编号：1220 地位： 违禁|帮派 基础 关系 帮派： 任务 职业： 表现： 狐狸·托马斯 服型： 姓名： 智力 A207室 属性 力量 对话 地图 254 星期四 5级 12/120 A207 角色 成员 能力 状态 尖牙帮 12/40消化 6/6 魅力 出镜记者 敏捷 口袋 地位： 254 资金： 3 62声望： 因室： 20 装备 编号：1220 声望： 62章 11天 禁时 违禁|确认吃掉物品吗？ 剩余：1 苹果 基础 关系 帮派 任务 狐理·托马斯 精派： 智力 属性 力量 地图 6/6 职业： 12/120 姓名： 对话 敏捷 状态 魅力 表理： 服型： 角色 能力 12/40消化 254 A207 成员 20 尖牙器地位： 星明四 A207室 因室 尖牙|A207室 6/6 12/120 育禁时间22:00 254 星期四 你吃了[早果] 你吃了[苹果] 你恢复了5点健康。 你恢复了1点饱膜 你恢复了5点健康。 你恢复了1点饱。 2012|查看时间表。 6/6 A207室 整理物品。 12/120 育禁时间22:00 星期四 254 你吃了[苹果] 你吃了[早果] 你恢复了1点饱 你恢复了5点健康 你恢复了5点健康。 你恢复了1点饱 2012 离开。|A207室 6/6 12/120 育禁时间22:00 星期四 254 你吃了[苹果] 你吃了[早果] 你恢复了1点饱 你恢复了5点健康 你恢复了5点健康。 你恢复了1点饱 2012|A207室 6/6 12/120 育禁时间22:00 星期四 254 你吃了[早果] 你吃了[苹果] 你恢复了5点健康 你恢复了1点饱 你恢复了5点健康。 你恢复了1点饱 2012|在洗澡时使用，额外获得点数+10。 在洗澡时使用 剩余次数：3/3 道具，材料 「这可得小心拿好，掉在地上就糟了… 肥皂 A207室 口袋 12/120 6/6 整理物品 动作（隐藏） 隐藏 星期四 初级 254 能存放违禁值不超过2点的物品。 育禁时间22:00 拿取 作吃了[苹果] 你花了[草果] 2012 你该复了1点饱 你恢复了5点束 你恢复了5点健率 在洗澡时使用， 你恢了1点饱|A207室 查看时间表。 6/6 整理物品。 育禁时间22:00 12/120 星期四 254 2012 作元工果] 作7[] 你了点 你版了5 离开。|A207室 6/6 12/120 育禁时间22:00 星期四 254 2012 年了果] 你了[] 你了点|前往大厅二楼。 前往大厅一楼。 前往A区走廊。 前往B区走邸。 A207室 6/6 育禁时间22:00 12/120 星期四 取消。 254 2012 年工果] 你些了[] 你汉了点|前往大厅一楼。 前往B区走邸。 前往A区走廊。 A207室 前往大厅二楼。 6/6 12/120 育禁时间22:00 星期四 取消。 254 2012 年工果] 你些了[] 你级了点 你了5|I2/EO 日日 2012 254 营训 国M集|12/120 6/6 育禁时间22:00 254 2012 监大档 星期四 92|6/6 12/120 监大楼 星期四 254 19RT0A2|6/6 监大楼 12/120 育禁准备21:30 星期四 254 2012|监大楼 宵禁准备21:30 12/120 6/6 星期四 254 2012 92|育禁准备21:30 监大楼 12/120 星期四 6/6 254 2012 网|育禁准备21:30 监大楼 12/120 6/6 星期四 254 2012|EE 14E830 三国|6/6 12/120 浴室 育禁准备21:30 星期四 254 2012 92|浴室 育禁准备21:30 6/6 星期四 12/120 2012 作吃[早果] 作路了[早果] 254 夏了1 你恢复了5市冠求 你惊是了工点票 作夏了5虎肤 92|育禁准备21:30 浴室 星期四 6/6 12/120 2012 254 你限复了1项理取 你站[华果] 你复了5款 92|育禁准备21:30 浴室 星期四 6/6 走调的歌声 12/120 2012 254 雷伊 92 互动 互动 74|育禁准备21:30 浴室 走调的歌声 星期四 6/6 12/120 比尔 互动 2012 254 员 92|育禁准备21:30 6/6 12/120 星期四 浴室 2012 254 走调的歌声 92|育禁准备21:30 6/6 迪亚哥 浴室 星期四 12/120 2012 互动 254 员 92|育禁准备21:30 浴室 星期四 6/6 12/120 2012 口哨声 254|浴室 育禁准备21:30 星期四 12/120 6/6 2012 254 花钱洗热水澡 洗“温水澡 离开。 了[早果]|育禁准备21:30 浴室 星期四 12/120 洗“温水澡” 6/6 2012 花钱洗热水澡 254 离开。|育禁准备21:30 浴室 星期四 你吃了[果] 你吃了[苹果] 12/120 你恢复了5点健康。 你恢复了1点饱。 你失去了1点心态（含梦） 你恢复了1点饱 使用肥皂 你恢复了5点健康 2012 6/6 224 你的金钱-30 离开。 网|浴室 育禁准备21:30 星期四 你吃了[早果] 你吃了[苹果] 你恢复了5点健康。 12/120 你恢复了1点饱膜。 你恢复了1点饱 你失去了1点心态（含梦） 6/6 你恢复了5点健康。 2012 你的金钱-30 224|浴室 育禁准备21:30 星期四 你使用了[肥皂] 你吃了[早果] 你恢复了1点跑 你恢复了5点健康。 你的金钱-30 12/120 你失去了1点心态（贫货） 你恢复了1点饱膜 你恢复了5点健康 6/6 2012 224|浴室 育禁准备21:30 星期四 你使用了[肥皂] 你吃了[早果] 你恢复了1点跑 你恢复了5点健康。 你的金钱-30 你失去了1点心态（含货） 12/120 你恢复了5点健康 你恢复了1点饱膜。 6/6 2012 224 画婴 14+|浴室 育禁准备21:30 星期四 你使用了[肥皂] 你吃了[早果] 你恢复了1点跑 你恢复了5点健康。 你的金钱-30 12/120 你失去了1点心态（含货） 田图 你恢复了5点健康 你恢复了1点饱膜。 6/6 2012 224 14+|浴室 育禁准备21:30 星期四 你进行了淋浴（热水） 你使用了[肥皂] 你失去了1点心态（高婪） 这勉强算个泡泡浴吧.·· 你恢复了12点健康。 你身上的奥味消失了。 37/120 你恢复了25点精力。 6/6 你的金钱-30 你恢复了5点健康。 2012 224 日6|育禁准备21:30 你使用了[皂] 你进行了淋浴（热水） 浴室 星期四 你失去了1点心态（高婪） 37/120 你恢复了12点健康。 这勉强算个泡泡浴吧.·· 你身上的奥味消失了。 6/6 你恢复了25点精力。 你的金钱-30 你恢复了5点健康。 2012 日6 224 网 91|你使用了[皂] 你进行了淋浴（热水） 育禁准备21:30 浴室 你失去了1点心态（高婪） 星期四 37/120 6/6 你恢复了12点健康。 你身上的奥味消失了。 这勉强算个泡泡浴.·· 你恢复了25点精力。 你的金钱-30 你恢复了5点健康。 2012 224 日6 91 网|育禁准备21:30 你使用了[皂] 浴室 你进行了淋浴（热水） 星期四 你失去了1点心态（高婪） 你恢复了12点健康。 你身上的奥味消失了。 37/120 你恢复了25点精力。 6/6 你的金钱-30 你恢复了5点健康。 2012 224 日6 91 网||37/120 监狱大楼 育禁准备21:30 224 6/6 星期四 你进行了淋浴（热水） 你使用了肥皂] 你该复了25点精力。 你恢复了12点健康。 你身"	,,"中性"	
啤酒行业-行业-高,"2026-08-10 14:05:48"	,"douyin"	,,0,,,"2842675935456803"	,,"硕淯田园粮油旗舰店"	,,"7672280213841136937"	,"https://api-app-proxy.tarsocial.com/api/token/v2/rewrite_url?url=UxI1mE1VtivWWENn8adpDmG3kF8SwGcheiC2XVx5H1l1gjxLPpC4NWUONgE2H9aoPDxwFdB5tSMa3IywRMSSHQ"	,"好久没吃过小时候味道的醋了，那是因为现在市面上的很多都是勾兑醋不是粮食酿造的"	,"你们赶快去抢这个原浆的"	,"你们赶快去抢这个原浆的"	,,"中性"	
啤酒行业-行业-高,"2026-08-10 14:01:33"	,"xiaohongshu"	,,0,,,"69d269fb000000003303ab34"	,,"koi"	,,"6a79693d000000003202199b"	,"https://api-app-proxy.tarsocial.com/api/token/v2/rewrite_url?url=cSb9xPr9PTnAREU6T0jLKsUsLLPSJ9iu21ImVmniC4UjwVLXFgkFJ0CSrUMKzbjelouzkTO-eQEgcZVcfpLZ3g"	,"一天不限时拼7h""问问大家新手这些图大概要拼多久啊[害羞R]每一个都想拼""但是时间不允许""想看看每个要拼多久再选图[自拍R]#小红书拼豆图纸库#拼豆豆届梗王#拼豆图纸#小红书拼豆大赛#拼豆#代拼"	,"CG 第一次拼豆要拼7h，这些图要拼多久啊"	,"CG 第一次拼豆要拼7h，这些图要拼多久啊；复古钟表八九.[104×102/13色/共10604颗]；颂拼豆用颂拼豆点亮创意，欢迎大家下载体验！ 福字Kitty@不爱巧克力[97x97/30色/共5631颗]；柿柿拼豆星露谷小鸡拼豆图纸中品H章中中中小旺电话：57829442；13:10 2/5 西像素|Mard221 图纸：松岛雪悠禁商/搬运/二改禁商/禁代拼非松岛雪悠发布均为搬运搬运可耻 000008900-080000；11:41 支淘 57 X 3/3 H16 G H11 G1 HK 122 F1E 三18 MS H4 13 194 83 61 25 22 21 G16 2 G3 H2 E11 F21 G1 M8 E15 18 16 15 14 总量：1517；画像素ApP 00000000000000000；Y11AH YAUHTHB 「豆纸」；豆画/Mard（2397） 究 koey的拼豆日记 1. A1 A1 A1 AIAIAI A A1 A10 贝贝贝贝 0A1 0A1 A1A10606060 AL AL A1 A1 A126 06 06 08 A1A1 A1 060600A1A1A1A1 A1 A1A1A136G6G66 koey的拼豆日记 28 06 08 06 08 36 06 08 1 2 3456 789101112114151617 16192021222242522725290313253435303733946414245444540474649505 C17） 6(66) 68 A1(4) 13(27) 1（13) 5152535455565758 18（24) A20（16) A21（31) A23（17) A25（7） A26（50) D21(15) 13（24) 14（41) 15（71 22（18) F6 F8 F18（81 F11(219) F16（5） F22（10) F24C61 (152) (2) （284) （81 12（11) 413（66) 615(184) 626 (67) 60(1) 2(19) 3(30) % (109) 2（11) 53（6) 54(9)；11:28 X 2/9 M4 E1E 478 186 88 16 12 12 M15 H1 12 F22 G1 G1 G11 11 18 调色板：MardV3，总量：1091；11:25 支豆画/Mard（1217） 1234667891411121314151617 1819202122232% @Ri鸭鸭 @Rio 商用二传二改发图@Riop鸭鸭 @Riop鸭鸭 OR @RD鸭段鸭鸭商用二传二改发图@Riop鸭鸭 12345678910111213141526171819292122232425262728292021323334353637303940414243444546674049505152 E11(296) G0 (37) 1(17) 2(137) A21(6) F22（28) K16(19) E1 (5） ALL(4) (4) F21(3） @Riop鸭鸭 @Riop鸭鸭 @Riop鸭鸭 @Riop鸭鸭；F5F5F5 F5 F5 F5 F F5F5F5 F5F5；H7 F15 A6 E11 F7 G2 A15 A4 205 61 48 44 32 22 13 8 A1 E12 A17 G10 B16 H2 B5 F18 8 8 7 5 4 2 2 1；H7 HZ H7 H7 H7 H7 H7 H7 H7 H7 H7 H7 H2 H7 H7 H7 H2 H7 H2 H7 H7 H2 H7 H7 H7 全 H2 H7 H7 全 H7 H2 H7 H7 H7 H7 H7 H7 H7 H7 H7 H7 H7 H7 H7 H7H7H7H7H7H7 H7H7；小怪版kitty猫@霸道母蟑螂[25x27/8色/共575颗 A4、B8、B14、D15、F5、H2 H2H2H2；段豆画/Mard（936） 1234567891011121314151617181920212223242526272829303132333435363738 1 2 3 6 4 F5F1115 5 H2H2 H2 H2H7 6 C4AA H2H2H2H7H7 H2H2 7 15-115 H2H2H2 H2H2H2 2H2H2 8 H2H2H2H2H7H7 9 G2G2G2* 10 H2H2HH2 G262G2626262 11 H2H G2G26262G2G2G2G2G2 H2H2H2H2 12 32G2626262626262626262626262 H2H2H2 H2 H2 13 20267070202 G20262070702.0 0262G26262002 H2H2H2H2H2H 14 G2G2G7G20202G2 2H2H2H2H2H2H2 16 G2G2G2G2G2G2G2G2G2G2G2G2G2G2G2G2 H2H2 16 22G2G2G2G2G2G2G2G2G2G2G2G2G2G2 H2HZHZHZH7 17 G2G2G2G2GG2 H2H2H2 H2 H2H2 H2 H2H2 2G2G2G262G262G2G262G22 H2H2 18 H2 H2 H2 H2H2 H2 H2 H2 H2 H2 19 244A1020202G2G2G2G2G2A14224A1 H2 H2 H2 H2 H2 H2 H2 H2 H2 20 11212G2G2G2 G262A112A121A1 1112 H2H2H2H2H2 H2H2H2H2 21 2G2 G2G2A3A12452:12A2A12A12 H2 H2 H2H2 H2 S-FIS 22 22A22A12A12G2 02G202 G2G2A12A1212A2AA12A1 SF5F1F1FSF1 23 G2G2G2G2G2 G2G202AA1 24 G G2G2G2G2G2G2 G2G2G22AA1 G2G2 6262626262G2 G2G2G2G2 26202620262G2 62G2G2 口 0262G2G2G2G2 6262G2 27 90202282020220262029 0262626202 28 F9F9F9.F9 020262026202 9F9F9 6202620262 29 9OF9T9F9F H201H2H2H2 F9F9F9 020202626262 30 959E9F9F9F9E9 1H211H2 9F99 G2G2G2G2G262G2 31 F9F9E99F9F92H22 F9:F9F9E9F9 G262G2G2G2 32 9F9F9F9F9F9F9 H2H2H2 F9E9F9-F9F9F9 G262G2G2G2 33 9F9F9E9F9F9F9F9F9F9FE9F9E9F9E9F9 G262G2G2G2G2 34 9:F9F9F9F9F90F9F9F9F9F9F9F9F9F9F9F9-F9626202G2 35 F9F9F9E9F9F9F9F9F9F9F9F9F9F9F9F959F9F9/ 36 1234567891011121314151617181920212223242526272829303132333435363738 A12(7%) (2) 13341 （111） 19（11） （31） G7 159 （1） N7（39) 1(6) 6（252) HE3(29)；10:50 支淘小猪佩奇-土豆先生和它的红色车车_镜像一番星（染上拼豆版）[23x31/13色/共405颗】 P8 20 X"	,"不限时7h能拼啥"	,
啤酒行业-行业-高,"2026-08-10 13:59:00"	,"app"	,1,0,12,,"1757260890310762"	,,"内科孙园园医生"	,,"5536388501066257501"	,"https://api-app-proxy.tarsocial.com/api/token/v2/rewrite_url?url=NTOjELsjBzk5CBlb32eK7bAQ7yGAfZnYLJKa9iQSwuP2BR-kek12WMu8qRFOk-ucQy-DLmCQAj7IfkBDm3M3sm8Xx_ujTKcHl7DEzbrsNzE"	,"横纹肌溶解综合征吃止痛药不好？这几种致命行为你每天都在做！关键词横纹肌溶解综合征 横纹肌溶解综合征听着吓人，其实就是你的肌肉细胞被“搞破了”，里面的垃圾跑进血液里，严重可伤肾。 日常生活中，这4种行为最容易中招。 第一，别让肌肉“过劳死”：比如平时不运动，突然做100个深蹲或30分钟高强度HIIT，肌肉承受不住。 第二，补水是保命符：夏天健身如果不出汗，身体像脱水河道，细胞更容易坏死。 建议运动前喝200毫升水，运动中每15分钟补100毫升。 第三，乱吃止痛药危险：像布洛芬这类药可能加重肾脏负担，疼时先冰敷20分钟别随意吃药。 第四，喝酒要节制：连续3天以上每天喝2瓶啤酒，酒精直接破坏肌肉膜，多喝温水能帮忙代谢。 最后注意，感冒发烧时体温超38.5℃就别撸铁了，病毒加运动会让风险飙升。 总之，循序渐进、别硬扛、多补水，才是安全钥匙。"	,"横纹肌溶解综合征[吃止痛药不好这几种致命行为你每天都在做 ！关键词横纹肌溶解综合征"	,"横纹肌溶解综合征[吃止痛药不好这几种致命行为你每天都在做 ！关键词横纹肌溶解综合征；1.别让肌肉“过劳死运动后肌肉酸痛别硬撑。如果你突然做了100个深蹲或[3 0分钟高强度HIT，肌肉细胞可能破裂，释放毒素进血液记得循序渐进，每周运动强度增加不超过10% 2.脱水是“帮凶夏天运动不出汗？大忌！身体缺水会让肌肉细胞像“干裂的河床”，更容易坏死。运动前喝200毫升水，运动中每隔15分钟补100毫升 3.药物“埋雷” 别乱吃止痛药！像布洛芬、阿司匹林等非留体抗炎药，可能加重肾脏负担，与横纹肌溶解“狼狐为奸”疼得厉害；4.酒精“毒害” 喝大酒后肌肉“抗议”？酒精会直接破坏肌肉细胞膜，连续喝3天以上、每天超过2瓶啤酒，风险升。酒局后多喝[温水帮助代谢。 5.感染“引信感冒发烧别硬扛着去健身！流感病毒会让全身肌肉“发炎”，加上运动冲击，细胞更易崩解。体温超38.5℃时，停止运动"	,"横纹肌溶解综合征吃止痛药不...@内科孙园园医生的动态"	,"中性"	
啤酒行业-行业-高,"2026-08-10 13:58:19"	,"app"	,,0,2703,,"24735092"	,,"CQTV健康生活"	,,"385b4cd83512abc6382641f995c027e7"	,"https://api-app-proxy.tarsocial.com/api/token/v2/rewrite_url?url=o7GthSkM0LhUGcZx0PYYUqEZIYEYKEoOUEsC_AI5iBy2NBMl1nspWjWAMg9KUebZ5ILryqsTofIX3cuRWQXC3w"	,"“平时不痛不痒，怎么一查尿酸就偏高了？难道身体一点征兆都没有吗？” 生活中很多人都有这样的疑惑，其实尿酸升高从不是突然发生的，身体早已在排尿时发出预警信号，只是大多人都粗心忽略了。 34岁的上班族李先生就是典型案例，他常年久坐、爱吃夜宵喝啤酒，平时身体硬朗，从未感觉关节疼痛。 前段时间公司体检，他被查出尿酸超标，距离 痛风 仅一步之遥。拿到报告后他十分不解，自己没有任何不适感，为何尿酸会居高不下？ 医生告知，尿酸升高初期，最明显的变化大多体现在排尿上，只是这些细微异常很容易被当成小问题忽略。 一、尿酸升高，排尿时3个容易被忽视的异常信号 很多 高尿酸 人群初期无关节肿痛症状，仅凭体检发现指标异常。权威流行病学数据显示，超60%的高尿酸患者，在发病前期都会出现排尿异常，却仅有不到20%的人会重视。 这些细微变化是肾脏代谢尿酸超负荷的直接提醒，一旦频繁出现，说明尿酸已悄悄升高。 1.尿液泡沫多、久久不散 正常尿液泡沫稀疏，静置几秒就会消散。而尿酸升高后，体内尿酸盐代谢紊乱，多余的尿酸会随尿液排出，改变尿液渗透压和成分，导致尿液出现细密泡沫，且长时间无法消散。 这是因为过量尿酸加重肾脏过滤负担，微量代谢物质混入尿液中形成的典型表现，也是高尿酸最早期、最容易被忽视的信号。 2.尿液颜色持续发黄、浑浊 排除喝水过少、上火等临时因素，若日常饮水正常，但尿液长期深黄、浑浊，甚至偶尔有细微沉淀物，大概率是尿酸超标导致。 尿酸过高会形成尿酸盐结晶，堆积在肾脏并随尿液排出，让尿液变得浑浊。长期放任不管，结晶不断堆积，还可能诱发 肾结石 、肾损伤等问题。 3.夜尿次数莫名增多 年轻人正常睡眠状态下，夜尿次数基本为0-1次。若没有多喝水、熬夜等诱因，却频繁起夜，夜尿次数达到2次及以上，就要警惕尿酸升高。 尿酸盐结晶持续刺激肾脏，会影响肾脏的浓缩功能，导致水分代谢异常，形成频繁夜尿，这也是肾脏代谢尿酸异常的重要警示。 二、稳定尿酸，优先改掉3个隐形升尿酸习惯 很多人疑惑，自己很少吃海鲜、动物内脏，为何尿酸还是降不下来？医生表示，高尿酸不只是吃高嘌呤食物导致，更多是日常隐形坏习惯日积月累造成的。 想要尿酸长期稳定，不用刻意忌口太多，优先改掉这3个习惯，效果远比吃药更稳妥。 1.长期久坐、憋尿 这是上班族最常见的坏习惯，也是升尿酸的“隐形杀手”。 久坐会减慢身体血液循环和新陈代谢，导致尿酸代谢速度变慢，堆积在体内；长时间憋尿会让尿液中的尿酸盐结晶无法及时排出，反向加重肾脏负担，加速尿酸升高。 研究表明，每日久坐超8小时、频繁憋尿的人群，高尿酸发病概率是常人的2.3倍。 2.长期喝甜饮料、熬夜 很多人戒掉酒水，却偏爱奶茶、汽水、果汁等甜饮料，殊不知饮料中的果葡糖浆，进入人体后会直接代谢生成尿酸，抑制尿酸排泄，升尿酸速度堪比酒精。 同时，长期熬夜会打乱身体代谢节律，肝肾排毒、代谢功能下降，尿酸无法正常代谢，造成数值持续偏高。 3.喝水方式错误，饮水不足 喝水少是高尿酸的核心诱因之一，尿酸主要通过尿液排出，身体缺水时，尿液量减少，尿酸无法顺利排出，极易形成结晶堆积。 还有部分人习惯大口猛灌水、渴了才喝水，这种饮水方式无法持续冲刷尿路、代谢尿酸。医生建议，高尿酸人群每日饮水量保持2000ml左右，少量多次饮用，匀速促进尿酸排泄。"	,"痛风"	,"痛风；版权图片"	,"尿酸升高，上厕所时有哪些表现？想要稳定尿酸，建议改掉3种行为"	,"中性"	
啤酒行业-行业-高,"2026-08-10 13:52:02"	,"douyin"	,,0,4771,,"1271509994447613"	,,"常喜乐"	,,"7672276698076202673"	,"https://api-app-proxy.tarsocial.com/api/token/v2/rewrite_url?url=UxI1mE1VtivWWENn8adpDmG3kF8SwGcheiC2XVx5H1kjTYr6_LqarGJemtEADffHDwEdMeoRYHVK28l281U7vg"	,"#一元换购 #东鹏特饮 #啤酒"	,"特等奖奖了个寂寞过期作废"	,"特等奖奖了个寂寞过期作废"	,,"中性"	
啤酒行业-行业-高,"2026-08-10 13:50:00"	,"xiaohongshu"	,,0,30,,"65183246000000002402c28d"	,,"就是不懂时尚"	,,"6a79669b0000000033018211"	,"https://api-app-proxy.tarsocial.com/api/token/v2/rewrite_url?url=cSb9xPr9PTnAREU6T0jLKsUsLLPSJ9iu21ImVmniC4Vb5Pkbb31shBr0NIQaBcy6nLHylwiqnrWxdmgGx8Bo8Q"	,"真没事米奇扎啤我还能喝@就是不懂时尚"	,"I'm Fine Don't worry about me"	,"I'm Fine Don't worry about me"	,"真没事米奇扎啤我还能喝"	,"中性"	
啤酒行业-行业-高,"2026-08-10 13:48:16"	,"kuaishou"	,,12,605,,"4635337111"	,,"L🤪"	,12,"3xtneugfj3p92ne"	,"https://api-app-proxy.tarsocial.com/api/token/v2/rewrite_url?url=9ztplZmWLh3u69xTkhscCpmkZPB7DFcSEau1U7XU0GUFFa8CmvPJvos4Cp_27YzCFyl0GnENIFCxurW3Oou6ug"	,"秋天第一场酒
 #未成年人禁止喝酒  #已成年道具假酒  #秋天的第一杯啤酒"	,"CARTOY TOONS"	,,"秋天第一场酒
 #未成年人禁止喝酒  #已成年道具假酒  #秋天的第一杯啤酒"	,
啤酒行业-行业-高,"2026-08-10 13:43:30"	,"douyin"	,,2,9,,"10312868232"	,,"渔家小灶·园姐"	,2,"7672274499359110306"	,"https://api-app-proxy.tarsocial.com/api/token/v2/rewrite_url?url=UxI1mE1VtivWWENn8adpDmG3kF8SwGcheiC2XVx5H1kjbKwYyTGPRENWicjj0lRGIUVHXQYKkUDolRINlxahvw"	,"#餐饮人日常vlog #餐饮人一干一个不吱声 尽我所能，敬我所不能！"	,"贺大娘"	,"贺大婷从今天开始贺大娘我再也不想好好打工了卫生间V二楼包房RESTROOMS星牌装经馆打工人的终极梦想烫大抓88F从来不是好好打工现大娘而是不再为别人打工青岛纯生DRAFT青岛纯生G青岛纯生DRRFT媛姐挑战100天从零逆袭H化生DR92结束打工生涯翻身当老板水溶想要当老板原就要具备老板的思维购媛姐今天发现就是这筷子0WSO今日学习要点:成本控制减少损耗做好竹木筷通风防潮养护""规避餐真变质废弃[提升物料利用率]压缩经营成本.夏天本身它就返潮欠用天光WOIWO7今日学习要点具变质废弃[提升物料利用率]压缩量所以说咱在储存的时候22997要不然的话这个浪费那是一大笔钱顾客要是用了那不找你才怪呢:le88就这冰箱的冰条电强冰霜不清理""[电费直线增]常态化除霜实现节能降本一定要常清理就这玩意是最耗能的oelln8lleaa1看这霜越冻越厚冰HEH8实电装再厚的时候吧实押新你还不好清快国新看这碗磕成这样了娘破损碗具棱角锋利易划伤顾客[保障用餐安全]避免客诉、节约运营成本.如果把人顾客嘴拉了咱这咋赔人家呢要我建议啊这样小碗只能换成密胺碗我不知道你们那有没有这种情况小谷给媛姐出点高招今天的我又比昨天进步了一点脚踏实地慢慢沉淀贺明天继续加油WVE贺大VVE"	,,"中性"	
啤酒行业-行业-高,"2026-08-10 13:41:23"	,"kuaishou"	,,3,1803,,"675300802"	,1,"明月1229"	,2,"3xjyewuquhsqh66"	,"https://api-app-proxy.tarsocial.com/api/token/v2/rewrite_url?url=9ztplZmWLh3u69xTkhscCpmkZPB7DFcSEau1U7XU0GUvPthmUJVgHvglHdEgnwABm1MiC8XQLXUh4tmCklPzZg"	,"..."	,"小苏打的妙用菜板发霉：小苏打+白醋+盐+开水衣服油渍：小苏打+牙膏+白醋蔬果清洗：小苏打+清水浸泡3分钟水壶水垢：小苏打+温开水洗洗衣机：小苏打+啤酒+花露水洗过滤网：小苏打+白糖+花露水管道异味：小苏打+花露水+白醋洗小白鞋：小苏打+洗衣粉+白醋洗脏地毯：小苏打+白醋+洗洁精除去蟑螂：小苏打+白醋1：1混合"	,,"..."	,
啤酒行业-行业-高,"2026-08-10 13:40:56"	,"douyin"	,,11,2171,,"60436600656"	,,"美来悦尚化妆美甲培训学校→王会老师"	,11,"7672273834245932736"	,"https://api-app-proxy.tarsocial.com/api/token/v2/rewrite_url?url=UxI1mE1VtivWWENn8adpDmG3kF8SwGcheiC2XVx5H1mbxXH_TFPPUKIsoXGPOEsec3vbgRe2qG8AYPR3HMU97A"	,"台风过后，最该感谢这群人❤️ 台风过后的台州，到处都是被狂风摧残的痕迹。环卫工人第一时间走上街头清理断枝杂物，守护这座城市。 尽自己一份绵薄之力，送上一瓶水，表达一份小小的心意。 小小善举，温暖一座城。向城市守护者们致敬，你们辛苦了💦"	,"台风天送水尽自己一点绵薄之力"	,"尽自己一点绵清之力台风天送水我是尽自己一点绵薄之力台风天这水MeilaiYueshang's美来悦尚的sAM尽自己一点绵薄之方TeacherWangHui王会老师尽自己一点绵之力中TodayImbringing今天带尽自己一点绵薄之afulltruckloadofwater满满的一车水尽自己一点绵之E去风天送水ourTaizhouYuhuan's我们台州玉环的去给tO9环环卫工人1Because因为尽自己一点绵清之C儿:typhoonweather台风天气编DLook你看尽自一点绵之力it'sespeciallyharsh特别的恶劣啊广Look""伊方清湛伊方清汤theycank他们能够Ihope我希望酒伊方清泓我们的尽自一点绵薄之成仁上间YifangQinghongwater伊方清泓的水our自己一点绵薄之中肉thenexttyphoon下次台风Wellthen然后呢伊方清PLEASE:千万伊方营toplayinYuhuan玩玉环啦自己一点绵薄之力#水花网请#间伊方请指家北间方清电atYuhuan's位于玉环的NOW现在Ourtyphoon我们的台don'tgood出Waituntil等我们的尽白己一点绵薄之力Clear把障碍专准sanitationworkers环卫人让中国人喝好水#保理欢京内全w哇雨好大尽自一点绵薄之力伊方清漆Followmy跟着我环卫工人Let'sgogive我们去给somewaterht送一点水·台风天送水让中国人学好水水业夫全·麻保障水业央企·品质保障Whathappenedhere7这边怎公了尽自己一绵薄之quiteserious产重啊ltsstill还是很It'sreallyhotandstuffytoday这天气很问热啊Youveworkedhard辛菁了Notserious重合风天送水Sincearound4PMyesterday从昨天4点多Sinceyesterday从天Haven'trestedatnight晚上没休息LikehellPllrest休息个屁中国人喝好水尽自已一点绵薄之力Rightnow现在日前尽自己一点绵之月jthasstarted已经下起了现在自前合风大送水佳中国人务好水形星市##保理巨编薄之力让中国人喝好咨助风带皖A内动春港高QA动200动电酒T2C力WOW哇正中国人号上上国尽自己一绵薄之力Come来Havesomewater喝瓶水Thankyouforyourhardwork辛苦了""薄之不送水OHdear哎呦尽自己台风于台foryourhardworkmaster辛苦了师博Thankyou""thankyou辛苦辛苦点绵薄之力送水自己一点绵之尽自己一点绵薄喝点水辛苦了辛苦了喝点水喝点水平Ohdear台风天送AUNTIE阿姨上中国人喝好汽全照份一尽自己一点绵之力一尽自己一点绵薄之力中:STALANL北安路养·自己一点绵薄之力一风天送水Thankyou谢谢谢谢啊市容环CoronLohiCorontandstaysafe安全啊Becareful要注意TohtOy容环好好好口阳光拥炮阳花不科罗areallwet都打湿了啊Yourclothes你们衣服市寿环口阳光拥抱自然科罗娜#ghtCorongYourewelcome不客气TghtCoronookaOkaTakecare慢走尽吧一姐薄之力Wereleaind我们起自己一点绵劝之力其他垃圾Bye-bye阿姨拜拜口Hehehee小Soakedthrough湿透了尽白台风于浒水"	,,"中性"	
啤酒行业-行业-高,"2026-08-10 13:39:00"	,"app"	,1,0,122,,"1750266057820726"	,,"黄茶如医生"	,,"4283276030736108207"	,"https://api-app-proxy.tarsocial.com/api/token/v2/rewrite_url?url=Eu8_PTuguZT7IhETI5B-MnLYgdzebX6ruShzL7Jq1z1nqa6bhhJQl4eiX0eQ2rU9a8fs84o9YuK26Yu1Ev0PhXdTLKm8f_WSWEkvyYXKvuw"	,"高压129低压83正常吗？血压警戒线暴露后，这些隐患可能正在“潜伏”！ 你测出高压129低压83，这属于正常高值——不是病，但离高血压只差临门一脚。 就像体重69公斤虽然不算胖，但再不控制就可能超标。 这类数值最大的隐患是波动性，比如你熬夜、吃咸或压力大时，血压很可能会飙到130以上。 长期维持在这个区间，未来得高血压的风险会升高30%。 现在最该做的是：别乱吃药！先连续一周每天测3次血压，同时把食盐量控制在每天5克（大概一啤酒瓶盖）。 生活方式上，把久坐改成每1小时起来溜达5分钟，多吃芹菜、香蕉，少吃腌菜、肥肉。 坚持2-3周数值通常能下降。 但要警惕头痛、头晕或胸闷这些信号，一旦出现就得去医院查心电图和尿常规了。"	,"高压129低压8 3正常吗血压警戒线暴露后，这些隐患可能正在“潜伏”！ 120 80 90 76"	,"高压129低压8 3正常吗血压警戒线暴露后，这些隐患可能正在“潜伏”！ 120 80 90 76；1.先看结论高压129低压83属于正常高值，不是疾病，但[距离高血压】仅一步之遥。好比体重69kg要警惕超重一样。 2.风险在哪里这种数值容易波动，熬夜、吃咸、压力大后可能[ 到130]。长期维持在高压120~129和低压80~84区间，未来惠高血压风险会升高30% 3.最该做什么别吃药！先每天测3次血压 （早中晚），记录一周。 同时减少食盐到每天5克相当于啤酒瓶盖的量；4.生活干预法把久坐改为每1小时起来溜达5分钟多吃芹菜、香蕉，少吃腌菜和肥肉 。坚持2-3周数值通常能下降 5.紧急信号如果同时出现头痛头胸闷或[ 视力模糊，需要马上去医院查心电图和尿常规。"	,"高压129低压83正常吗？血压...@黄茶如医生的动态"	,"中性"	
啤酒行业-行业-高,"2026-08-10 13:32:16"	,"xiaohongshu"	,,0,,,"61bc3eba000000001000db98"	,,"果冻爸爸聊保障"	,,"6a796260000000000502b7b9"	,"https://api-app-proxy.tarsocial.com/api/token/v2/rewrite_url?url=cSb9xPr9PTnAREU6T0jLKsUsLLPSJ9iu21ImVmniC4UEwzjLyKdHTdf3pMr2P7_Pu1NVm7yiMUDkUaLV9vQC4g"	,"铬对人体的重要性铬在人体内含量虽少只有510毫克但分布广泛。它能调节血糖促进脂肪和蛋白质代谢。要是缺铬危害可不小血糖异常易出现胰岛素抵抗、高血糖和2型糖尿病相关。体力不佳能量产生利用受影响人易疲惫、精神差。增加肥胖形成恶性循环加重胰岛素抵抗。心血管风险胆固醇代谢异常高脂血症、动脉硬化风险增加。生长发育受限儿童骨骼、智力发育受影响成人肌肉萎缩、伤口愈合慢。"	,"铬对人体的重要性铬与胰岛素与肥胖关系铬的作用人体内的铬含量井不多，仅有5-10毫克，但分布却很广泛，存在于骨骼、皮肤、脂肪、肾上腺、大脑和肌肉等部位。铬是一种重要的微量元素，它在人体内起着调节血糖、促进脂肪和蛋白质代谢的作用。 ②铬缺乏危害 1.血糖异常：缺乏铬时，机体可能无法正常利用葡萄糖，导致胰岛素抵抗和高血糖等问题。铬缺乏可能与2型糖尿病等疾病发生相关。 2.体力不好：缺乏铬会导致人体无法充分利用葡萄糖，从而影响能量的产生和利用，使人体容易出现疲乏、精神不佳、手脚无力等症状。 3.增加肥胖：缺铬会形成“高血糖→胰岛素分泌增多→脂肪堆积” 的恶性循环，进一步加重胰岛素抵抗。 4.心血管疾病风险增加：胆固醇代谢异常引发高脂血症，加速动脉硬化进程。 5.生长发育受限：儿童缺铬可能引发骨骼发育不良、智力发育迟缓：成人则表现为肌肉萎缩、伤口愈合延迟"	,"铬对人体的重要性铬与胰岛素与肥胖关系铬的作用人体内的铬含量并不多，仅有5－10毫克，但分布却很广泛，存在于骨骼、皮肤、脂肪、肾上腺、大脑和肌肉等部位。铬是一种重要的微量元素，它在人体内起着调节血糖、促进脂肪和蛋白质代谢的作用。 铬缺之危害 1.血糖异常：缺乏铬时，机体可能无法正常利用葡萄糖，导致胰岛素抵抗和高血糖等问题。铬缺乏可能与2型糖尿病等疾病发生相关。 2.体力不好：缺乏铬会导致人体无法充分利用葡萄糖，从而影响能量的产生和利用，使人体容易出现疲乏、精神不佳、手脚无力等症状。 3.增加肥胖：缺铬会形成“高血糖→胰岛素分泌增多→脂肪堆积’ 的恶性循环，进一步加重胰岛素抵抗。 4.心血管疾病风险增加：胆固醇代谢异常引发高脂血症，加速动脉硬化进程。 5.生长发育受限：儿童缺铬可能引发骨骼发育不良、智力发育迟缓；成人则表现为肌肉菱缩、伤口愈合延迟。；铬的功效铬的主要功效和作用调节糖代谢与胰岛素功能铬是葡萄糖耐量因子（GTF）的核心成分，通过增强胰岛素与细胞膜受体的结合效率，促进葡萄糖进入细胞，降低血糖水平。 维护心血管健康铬通过降低血清总胆固醇、甘油三酯，并提高高密度脂蛋白（HDL）水平，抑制动脉粥样硬化斑块形成。缺铬可能导致血管内皮损伤，增加冠心病风险。 促进生长发育与蛋白质合成铬参与核酸代谢和蛋白质合成，尤其对儿童和青少年的生长发育至关重要。缺铬可能导致生长迟缓、肌肉量减少。 增强免疫与抗氧化铬通过激活免疫细胞、调控炎症因子（如TNF-α、IL-6） 水平，提升机体免疫力。此外，其抗氧化作用可减少自由基对细胞的损伤。 调节脂代谢与体重铬可抑制脂肪合成酶活性，促进脂肪分解，辅助控制体重。临床实验显示，补充铬可降低体脂率并保留肌肉量。；这些人更容易缺路： 高糖饮食老年人爱好者 （吸收率下降） 精致碳水运动量大吃太多（白米) 压力大长期服用某些药物者 （如类固醇、抗酸药） 3大补路误区粉碎铬越多越好： 每日上限1000ug！过量可能损伤肝肾，甚至诱发癌症（六价铬毒性极高）。 保健品比食补强： 健康人群无需额外补充！食补安全又高效，如啤酒酵母+全谷物组合。 铬能代替降糖药： 仅辅助调节血糖！糖尿病患者需遵医嘱用药，擅自停药风险大。 @健康生活指南内容来源：《中国营养科学全书》；富含铬的食物食物种类全谷物肉类糙米、全麦面包牛肉、禽类、肝脏蔬菜水果洋葱、大蒜、 苹果、葡萄、 蘑菇、绿豆芽番茄、橙子建议：维生素C有助铬的吸收，可以搭配富含VC 的蔬果一起吃！ 黑榜预警精制米面（铬含量不足全谷物1/5） 长期空腹喝咖啡（降低铬吸收率10%） 钙铬同补（间隔2小时！吸收会打架） @健康生活指南；科学补路小贴士餐后30分钟服用铬补充剂，配合维黄金时段生素C（如橙子/猕猴桃)，吸收率翻倍。 控糖饮食搭档糙米饭+清蒸三文鱼+西兰花铬+Q-3+膳食纤维，抗炎抗糖三效合一。 避坑指南孕妇/哺乳期禁用高剂量补剂（安全剂量≤50ug/天） 肾功能不全者慎补（排铬能力差，易蓄积中毒） @健康生活指南；铬吃多少合适呢？ 中国居民膳食铬参考摄入量单位：μg/d AI 年龄/阶段男性女性 0岁 0.2 1岁 15 4岁 15 7岁 20 9岁 25 12岁 33 30 15岁 35 30 18岁~ 35 30 30岁 35 30 50岁~ 30 25 65岁~ 30 25 75岁~ 30 25 孕早期 +0 孕中期 +3 孕晚期 +5 乳母 +5 数据来源《中国居民膳食营养素参考摄入量2023版》 @健康生活指南"	,"#关于铬你不得不知的健康秘密"	,"中性"	
啤酒行业-行业-高,"2026-08-10 13:32:09"	,"weibo"	,,0,367,,"6716674566"	,,"猪头辣妹345"	,,"5330358362964047"	,"https://api-app-proxy.tarsocial.com/api/token/v2/rewrite_url?url=1CCta59L4sZZ9IPmlxMqsOn7x7DLYZHVtZqp8DLIYf1llfIPDAngTTdrr7DFpD3E"	,"Billboard Hot100 单曲榜最终预测 4（-1） I Knew It""I Knew You 走势：1-1-2-2-2-2-2-2-3-*4* *=predicted"	,"Airpley Rank +/- Song @talkofthecharts Points % Peak WoC Sales % Streams % % Units 1 Choosin'Texas Ella Langley 294 -2% 1 42 9.5k 3% 24.3m 70% 54.5m26% 208.0k +6 Hate That I Made You Love Me Ariana Grande 233 46% 1 10 4.0k 2% 18.5m 72% 42.5m26% 169.6k -1 Been By Now Morgan Walen 188 -32% 2 3.0k 2% 19.5m 90% 11.lm 日% 164.5k 4 -1 IKnew It""I Knew You TaylorSwift 180 -5% 9 2.0k 1% 10.5m 48% 63.9m 51% 84.2k 5 NEW Ariana Grande Petal 177 5 1 5.0k 3% 17.6m 94% 3.8m 3% 170.6k -1 Boston Stella Lefty 174 -1% 3 18 3.5k 2% 14.9m 77% 33.0m 27% 120.6k 7 -3 ICan'tLoveYouAnymore Ella LangleyMorgan Wailn 172 -3% A 15 2.5k 1% 14.0m 68% 36.9m31% 112.7k 8 -2 Dracula TamempalaE JENNIE 160 -1% 5 45 1.5k 1% 7.7m 41% 64.6m58% 65.8k a -2 SoEasy（ToFall InLove) OliviaDean 159 -1% 5 45 1.0k 1% 7.7m 42% 64.1m 58% 65.1k 10 -1 BeHer Ella Langley 155 -2% 2 25 2.5k 1% 14.0m 78% 22.0m20% 118.7k 11 -1 ManINeed 148 0% 2 50 0.9k 1% 10.5m 62% 38.4m37% Olivis Desn 91.1k 12 -1 RiskltAll Bruno Mars 147 2% 4 23 0.8k 1% 6.2m 34% 67.7m66% 48.1k 13 -1 IJustMight Bruno Mars 133 -5% 30 1.0k 1% 6.2m 37% 57.8m62% 47.3k 14 -1 Drop Dead Oliva Rodrigo 127 -6% 1 16 0.6k 0% 7.8m 52% 42.8m 48% 64.2k 15 -1 Janice STFU Drake 123 -8% 1 12 0.3k 0X 10.5m 79% 18.1m 21% 96.0k 16 -1 Stupid Song Olvia Rodrigo 122 0% 3 8 0.5k 0% 11.5m B6% 11.7m 14% 104.0k 17 -1 Midnight Sun Zara Larsson 121 0% 14 29 1.0k 1% 6.5m 45% 45.7m54% 54.7k 18 NEW Stay Ariena Grande 115 -- 18 1 0.5k 0% 10.7m 91% 6.9m 9% 105.2k 19 NEW KissMe Ariana Grande 111 19 1 0.7k 1% 10.9m 96% 2.6m 3% 106.8k 20 -1 BeByYou Luke Combs 10 1% 12 25 1.0k 1% 7.6m 56% 32.8m43% 59.5k 21 -4 Don'tWe Morgan Walen 109 -6% b 27 0.6k 1% 7.1m 57% 32.5m42% 60.9k 22 -4 Dead Fresh LilBaby 107 -7% 18 3 0.4k 0% 10.6m 1.4m 6.8m 9% 96.2k 23 NEW LikeIDo Ariana Grande 105 23 1 0.8k 1% 10.6m 99% 0.0m 0% 104.6k 24 NEW OhWell Arisna Grande 105 24 1 0.4k 0% 10.5m 98% 0.9m 1% 103.2k 25 NEW AhHa Cardi B 104 25 9.5k 9% 9.7m 83% 5.6m 8% 95.5k"	,"Airpley Rank +/- Song @talkofthecharts Points % Peak WoC Sales % Streams % % Units 1 Choosin'Texas Ella Langley 294 -2% 1 42 9.5k 3% 24.3m 70% 54.5m26% 208.0k +6 Hate That I Made You Love Me Ariana Grande 233 46% 1 10 4.0k 2% 18.5m 72% 42.5m26% 169.6k -1 Been By Now Morgan Walen 188 -32% 2 3.0k 2% 19.5m 90% 11.lm 日% 164.5k 4 -1 IKnew It""I Knew You TaylorSwift 180 -5% 9 2.0k 1% 10.5m 48% 63.9m 51% 84.2k 5 NEW Ariana Grande Petal 177 5 1 5.0k 3% 17.6m 94% 3.8m 3% 170.6k -1 Boston Stella Lefty 174 -1% 3 18 3.5k 2% 14.9m 77% 33.0m 27% 120.6k 7 -3 ICan'tLoveYouAnymore Ella LangleyMorgan Wailn 172 -3% A 15 2.5k 1% 14.0m 68% 36.9m31% 112.7k 8 -2 Dracula TamempalaE JENNIE 160 -1% 5 45 1.5k 1% 7.7m 41% 64.6m58% 65.8k a -2 SoEasy（ToFall InLove) OliviaDean 159 -1% 5 45 1.0k 1% 7.7m 42% 64.1m 58% 65.1k 10 -1 BeHer Ella Langley 155 -2% 2 25 2.5k 1% 14.0m 78% 22.0m20% 118.7k 11 -1 ManINeed 148 0% 2 50 0.9k 1% 10.5m 62% 38.4m37% Olivis Desn 91.1k 12 -1 RiskltAll Bruno Mars 147 2% 4 23 0.8k 1% 6.2m 34% 67.7m66% 48.1k 13 -1 IJustMight Bruno Mars 133 -5% 30 1.0k 1% 6.2m 37% 57.8m62% 47.3k 14 -1 Drop Dead Oliva Rodrigo 127 -6% 1 16 0.6k 0% 7.8m 52% 42.8m 48% 64.2k 15 -1 Janice STFU Drake 123 -8% 1 12 0.3k 0X 10.5m 79% 18.1m 21% 96.0k 16 -1 Stupid Song Olvia Rodrigo 122 0% 3 8 0.5k 0% 11.5m B6% 11.7m 14% 104.0k 17 -1 Midnight Sun Zara Larsson 121 0% 14 29 1.0k 1% 6.5m 45% 45.7m54% 54.7k 18 NEW Stay Ariena Grande 115 -- 18 1 0.5k 0% 10.7m 91% 6.9m 9% 105.2k 19 NEW KissMe Ariana Grande 111 19 1 0.7k 1% 10.9m 96% 2.6m 3% 106.8k 20 -1 BeByYou Luke Combs 10 1% 12 25 1.0k 1% 7.6m 56% 32.8m43% 59.5k 21 -4 Don'tWe Morgan Walen 109 -6% b 27 0.6k 1% 7.1m 57% 32.5m42% 60.9k 22 -4 Dead Fresh LilBaby 107 -7% 18 3 0.4k 0% 10.6m 1.4m 6.8m 9% 96.2k 23 NEW LikeIDo Ariana Grande 105 23 1 0.8k 1% 10.6m 99% 0.0m 0% 104.6k 24 NEW OhWell Arisna Grande 105 24 1 0.4k 0% 10.5m 98% 0.9m 1% 103.2k 25 NEW AhHa Cardi B 104 25 9.5k 9% 9.7m 83% 5.6m 8% 95.5k"	,"Billboard Hot100 单曲榜最终预测 4（-1） I Knew It""I Knew You 走势：1-1-2-2-2-2-2-2-3-*4* *=predicted"	,"中性"	
啤酒行业-行业-高,"2026-08-10 13:30:15"	,"weibo"	,,82,1442,1,7961270027,13,"romanticnewer"	,68,"5330357881669351"	,"https://api-app-proxy.tarsocial.com/api/token/v2/rewrite_url?url=bETNdXXxBw6SRVox7gALQ87rRWs_XbxLFPAcAGV45ZDOsaHYg7i42YbG3eUkmBZLUv2xYWxAAP9e1vUzj1sa5A"	,"oops ​​​"	,,"Airpley Rank +/- Song @talkofthecharts Points % Peak WoC Sales % Streams % % Units 1 Choosin'Texas Ella Langley 294 -2% 1 42 9.5k 3% 24.3m 70% 54.5m26% 208.0k +6 Hate That I Made You Love Me Ariana Grande 233 46% 1 10 4.0k 2% 18.5m 72% 42.5m26% 169.6k -1 Been By Now Morgan Walen 188 -32% 2 3.0k 2% 19.5m 90% 11.lm 日% 164.5k 4 -1 IKnew It""I Knew You TaylorSwift 180 -5% 9 2.0k 1% 10.5m 48% 63.9m 51% 84.2k 5 NEW Ariana Grande Petal 177 5 1 5.0k 3% 17.6m 94% 3.8m 3% 170.6k -1 Boston Stella Lefty 174 -1% 3 18 3.5k 2% 14.9m 77% 33.0m 27% 120.6k 7 -3 ICan'tLoveYouAnymore Ella LangleyMorgan Wailn 172 -3% A 15 2.5k 1% 14.0m 68% 36.9m31% 112.7k 8 -2 Dracula TamempalaE JENNIE 160 -1% 5 45 1.5k 1% 7.7m 41% 64.6m58% 65.8k a -2 SoEasy（ToFall InLove) OliviaDean 159 -1% 5 45 1.0k 1% 7.7m 42% 64.1m 58% 65.1k 10 -1 BeHer Ella Langley 155 -2% 2 25 2.5k 1% 14.0m 78% 22.0m20% 118.7k 11 -1 ManINeed 148 0% 2 50 0.9k 1% 10.5m 62% 38.4m37% Olivis Desn 91.1k 12 -1 RiskltAll Bruno Mars 147 2% 4 23 0.8k 1% 6.2m 34% 67.7m66% 48.1k 13 -1 IJustMight Bruno Mars 133 -5% 30 1.0k 1% 6.2m 37% 57.8m62% 47.3k 14 -1 Drop Dead Oliva Rodrigo 127 -6% 1 16 0.6k 0% 7.8m 52% 42.8m 48% 64.2k 15 -1 Janice STFU Drake 123 -8% 1 12 0.3k 0X 10.5m 79% 18.1m 21% 96.0k 16 -1 Stupid Song Olvia Rodrigo 122 0% 3 8 0.5k 0% 11.5m B6% 11.7m 14% 104.0k 17 -1 Midnight Sun Zara Larsson 121 0% 14 29 1.0k 1% 6.5m 45% 45.7m54% 54.7k 18 NEW Stay Ariena Grande 115 -- 18 1 0.5k 0% 10.7m 91% 6.9m 9% 105.2k 19 NEW KissMe Ariana Grande 111 19 1 0.7k 1% 10.9m 96% 2.6m 3% 106.8k 20 -1 BeByYou Luke Combs 10 1% 12 25 1.0k 1% 7.6m 56% 32.8m43% 59.5k 21 -4 Don'tWe Morgan Walen 109 -6% b 27 0.6k 1% 7.1m 57% 32.5m42% 60.9k 22 -4 Dead Fresh LilBaby 107 -7% 18 3 0.4k 0% 10.6m 1.4m 6.8m 9% 96.2k 23 NEW LikeIDo Ariana Grande 105 23 1 0.8k 1% 10.6m 99% 0.0m 0% 104.6k 24 NEW OhWell Arisna Grande 105 24 1 0.4k 0% 10.5m 98% 0.9m 1% 103.2k 25 NEW AhHa Cardi B 104 25 9.5k 9% 9.7m 83% 5.6m 8% 95.5k"	,"oops"	,"中性"	
啤酒行业-行业-高,"2026-08-10 13:30:11"	,"weibo"	,,138,9,6,8442668669,44,"Daia东"	,88,"5330357866206312"	,"https://api-app-proxy.tarsocial.com/api/token/v2/rewrite_url?url=bETNdXXxBw6SRVox7gALQ5BM_yOtbm4_1WKHcoeZok7-C0OqI6198VzyGnxSbkP7JMxUOc8NCIvOVJTWvF-VZQ"	,"#李煜东[超话]#  🤍 #李煜东 四代神颜吉他手# 🤍#李煜东 四代唯一all暖白# 

🦋饭制手幅“踏过山海的朝暮，飘摇在璀璨舞台的光斑似漫天朝日生辉”    ""with courage"" with spotlight"" with devotion"" with future.""

@TF家族-李煜东LYD_Dong ​ ​​​"	,"Don'tBorr Money From nie 海东"	,"Don't Borr Money From ne Caueeineed money @Daia东"	,"#李煜东[超话]# 🤍 #李煜东 四代神颜吉他手# 🤍#李煜东 四代唯一all暖白# 🦋饭制手幅“踏过山海的朝暮，飘摇在璀璨舞台的光斑似漫天朝日生辉” ""with courage"" with spotlight"" with devotion"" with future."" @TF家族-李煜东LYD_Dong"	,"中性"	
啤酒行业-行业-高,"2026-08-10 13:29:59"	,"douyin"	,,0,74064,,"105716026635"	,,"山高路远"	,,"7672271013703892393"	,"https://api-app-proxy.tarsocial.com/api/token/v2/rewrite_url?url=UxI1mE1VtivWWENn8adpDmG3kF8SwGcheiC2XVx5H1kp0csUT0JX-jD_NQBdtC4DHDxoMa46IxfFzFkTGUMp3Q"	,"#啤酒瓶盖中奖"	,"今天运气真好特等奖 35岁少妇一个限2026年12月30日过期作废抖音号:2166356920"	,"今天运气真好9特等奖35岁少妇一个限2026年12月30日过期作废"	,,"中性"	
啤酒行业-行业-高,"2026-08-10 13:28:24"	,"douyin"	,,0,26,,"948250354387802"	,,"⛽"	,,"7672270603205789166"	,"https://api-app-proxy.tarsocial.com/api/token/v2/rewrite_url?url=UxI1mE1VtivWWENn8adpDmG3kF8SwGcheiC2XVx5H1lOgbMVvM7G1TwgFlVbanmPBQRxwc-l1idHg-XXuJO91Q"	,"@彭梦玲🦁（尊师苏小六） #彭梦玲🐒🆔的圈子"	,"17:18M 背包记录删除全部记录 2026年08月 2026年07月 07月31日送出1个大啤酒给余泽（3· 07月31日21:41:23 07月29日 1个大啤酒已过期 07月29日09:42:19 07月22日 1个大啤酒已过期 07月22日12:45:18 07月11日送出1个大啤酒给余泽（3 07月11日22:28:28"	,"17:18M背包记录删除全部记录2026年08月2026年07月07月31日送出1个大啤酒给余泽（3·07月31日21:41:2307月29日1个大啤酒已过期07月29日09:42:1907月22日1个大啤酒已过期07月22日12:45:1807月11日送出1个大啤酒给余泽（3.07月11日22:28:28"	,,"中性"	
啤酒行业-行业-高,"2026-08-10 13:27:12"	,"kuaishou"	,,3,1,,"1311171188"	,3,"轩宝狙不水"	,,"3xzheehkwcfke5u"	,"https://api-app-proxy.tarsocial.com/api/token/v2/rewrite_url?url=RW0E0pZpZ4b3TC4TLqOUvVGxn8_YPQ3rSoWGd-9tUfmWJeJNTdQeGrFOhQ15R8r5oD-UapfKtFvvvEk0uCEhk6nVfMRwOP5g66BxytFwYtw"	,"..."	,"神人匹配机制黑骑士福火颜麟套装 V 朱雀志游骑兵尼克你好大 Lv.123 秋雨 Lv.10] 董杨CF Lv.92 东北√传说 Lv.102 轩宝狙不水 Lv.113 纯净爆破 96% 新异域小城王者之心竞技荣光 V V 超势厘 Lv.171 T3832360596Lv.120 秋易凉 Lv.158 海哥大大的厉害Lv.79 进卿 Lv.128"	,"神人匹配机制肃莲王春至粉黑骑士福火麒麟套装 V 朱雀志游骑兵尼克你好大 Lv.123 秋雨 Lv.10] 董杨CF Lv.92 东北√传说 Lv.1020 轩宝狙不水 Lv.113 纯净爆破 96% 新异域小城王者之心竞技荣光 V 超势厘 Lv.171 T3832360596Lv.120 秋易凉 Lv.158 海哥大大的厉害Lv.79 进卿 Lv.128；火麒麟套装游骑兵朱雀志 V俗人B Lv.91 豌豆射手哦 Lv.110 锐士第一深情Lv.154 @无知的少年：Lv.107 -snsl Lv.136 爆破战 96% 新卫星基地众游骑兵 V4 v 轩宝狙不水Lv.113 不会打狙的辣条Lv.100 中国台北 Lv.13 笨小孩czhxLv.101 *~]>大米粒Lv.86；火翻套装游骑兵 a230130 Lv.89 Xiaocuong Lv.70 轩宝狙不水 Lv.113 月 Lv.64 A@从 Lv.89 爆破战 100% 新异域小城火熊麟套装主心情落雨 Lv.12 P我本善良1 Lv.89 杏奈 Lv.12M ws>B*@882（@Lv.86 我不晚睡 Lv.84 全国50强；火麒麟套装游骑兵 V a230130 Xiaocuong Lv.70 轩宝狙不水 Lv.89 Lv.113 月 Lv.64 A@从 Lv.89 爆破战 96% 新异域小城火麟麟套装 V VW VE 心情落雨 Lv.12 P我本善良1Lv.89 杏奈 Lv.124 ws>B*@882（@Lv.86 我不晚睡 Lv.84 （全国50强；王者之翼》 火献麟套装黑骑士 VvE Z1K2P_408 81Lv.153 彭成浩 Lv.101 osjznb Lv.98 王少苹、 Lv.103 歌中带着遗Lv.90 爆破战 100% 新供电所火麒麟套装火麒麟套装 123chen147Lv.101 CFM~雪 Lv.127 轩宝狙不水Lv.113 变质青柠 Lv.82 1：利 Lv.88；王老之婴火麒鳞套装 VE ME 黑骑士 ZIK2P_402076881Lv.153 彭成浩 Lv.101 osjznb Lv.98 王少爷、 Lv.103 歌中带着遗Lv.90 爆破战 96% 新供电所火麒鳞套装火麒麟套装雷景 123chen147Lv.101 CFM~雪 Lv.127 轩宝狙不水Lv.113 变质青柠 Lv.82 1:利 Lv.88；游骑兵火麒麟套装哥兜里有糖Lv.79 6644464 Lv.118 ZHY.眠 Lv.94 少吃霸王龙 Lv.82 轩宝狙不水 Lv.113 爆破战 100% 新黑色城镇火照频套装玄豹游骑兵王老之翼徐云寻 Lv.91 五星杀手皮哥Lv.99 4555-无悔*Lv.101 无情小公子<Lv.104 小倦岛 Lv.16；王者之舰华E区仲达 Lv.165 烟湿了眼 Lv.119 盐津虾只能躺Lv.118 大兄弟 Lv.97 兜里揣小鞭 Lv.134 爆破战 96% 新供电所 1 火麒麟套装 V 火麒鳞套装众 Lv.101 平心流 Lv.101 6644464 Lv.118 ZHY.眠 Lv.94 轩宝狙不水Lv.113；火麒麟套装技至骑火颜厨套装轩宝狙不水 Lv.113 奉逆 Lv.79 守空城陈永佳是小狗Lv.84 6572577 Lv.90 爆破战 96% 离岛雷暴王者茶雷暴旧宇 Lv.15F Lv.152 欧烟火 Lv.152 Lv.163 QL心腹大患.Lv.100；弗洛格噩兆幽灵灵狐蜂就是玩咋滴呀Lv.94 退公子 Lv.103 端着碗去要饭Lv.151 京A好几个巴Lv.102 >子立世风@Lv.87 超能爆破 96% 王者广场朱雀志幽灵百里守约蜂弗洛格噩兆新等新 Lv.111 奉逆 Lv.79 ~鬼帝\ Lv.89 轩宝狙不水Lv.113 嘴平一只鱼Lv.81；弗洛格噩兆灵狐幽灵轩宝狙不水 Lv.113 嘴平一只鱼 Lv.81 （雨尘> Lv.88 03纯情少男Lv.64 D-时半会OLv.76 超能爆破 100% 沙漠灰脉冲蜂噩兆灵狐打你的B点 Lv.124 简简单单好好；Lv.102 CFM.帅帅 Lv.104 ：痞子 Lv.102 一万个借口~城Lv.74；黑武士套装 WVE 你好难扣啊 Lv.119 A大99啊6 Lv.149 悔怨剑 Lv.100 看我六亿波 Lv.102 路人菜鸟王 Lv.121 爆破战 96% 新供电所雷霆竞技荣光王者之心月影殿Lv15 轩宝狙不水Lv.113 CFM.独狼. Lv.161 审判长格赫罗斯Lv.152 料音考拉北北Lv.16 全国50强；游骑兵雪暴） V 空喜睡醒爱老婆Lv.76 6644464 Lv.117 轩宝狙不水Lv.113 风云★殇之辰Lv.99 Lv.107 爆破战100% 沙漠灰 V VE V 种花家→鸽子Lv.159 磺曦 Lv.91 掩护我张*张Lv.95 随心在123 Lv.106 干瑞天下无敌Lv.126 2；暗影游猎弗洛格灵狐幽灵马可波罗打不准 Lv.103 轩宝狙不水 Lv.113 暖味上头的Lv.98 呼啦啦火起来Lv.77 婺蔚 Lv.104 超能爆破 100% 沙漠灰脉冲噩兆料灵狐荒野建造代言人Lv.152 江十六呀 Lv.121 用刀斩断那年情Lv.71 W天马行空123Lv.77 奕迅哈 Lv.84；暗影游猎奇点灵狐幽灵马可波罗蜂皇室.蓝鬼 Lv.154 小小胡十 Lv.103 我的生活习惯Lv.104 纯爱既战神 Lv.151 你真是短啊 Lv.137 超能爆破 100% 沙漠灰噩兆弗洛格幽灵灵狐冬雪不解秋雨Lv.67 云轩阁.无枫Lv.76 @.顺子Y Lv.126 轩宝狙不水 Lv.113 就爱淘大狙 Lv.91；暗影游猎为朱雀志噩兆脉冲马可波罗百里守约幽灵轩宝狙不水 Lv.113 情因小软而生Lv.104 <墨城 Lv.137 设计无限 Lv.99 松松F Lv.95 超能爆破 100% 沙漠灰噩兆料幽灵蜂灵狐咻俊 Lv.164 打压杨艳 Lv.68 m的安江慧 Lv.75 Y天方夜谭- Lv.102 小小别免别又别Lv.103；弗洛格幽灵噩兆脉冲 C涵单 Lv.100 流年时光 Lv.126 石河子男明星Lv.123 团团袁子 Lv.75 沐柒 Lv.103 超能爆破 96% 王者广场朱雀志百里守约灵狐幽灵噩兆全相惜vation Lv.100 小友前 Lv.88 y^_^战一线天Lv.114 轩宝狙不水 Lv.112 Lv.99；vG X 王者之党 Lv.15 Lv.93 星辰恰似君 Lv.102 Lv.138 有缘人相识 Lv.837 奔放爆破 100% 沙漠灰雨 Lv.11 轩宝狙不水Lv112 频仙 Lv.97 弥佛> Lv.101 抱紧我的手 Lv.85；VS 陈十 Lv.139 轩宝狙不水 Lv.112 追日大王 Lv.100 ？：洋洋 Lv.15 奔放爆破 96% 沙漠灰鲜馨套装神工天巧小心背后又老六Lv.100 Lv.104 M岩石y Lv.87 我很好是你不好Lv.139 白羊）. Lv.111；V 轩宝狙不水 Lv.112 （A.生活平淡Lv.102 g-flove Lv.88 王安全 Lv.138 Lv.100 奔放爆破 100% 沙漠灰 Mcoty、BsooLv.153 给残局包输Lv.157 小热气儿 Lv.87 星野不爱睡大觉Lv.128 抖音-盟主 Lv.97；火麒麟套装 VW 火麒麟套装 AK Lv.155 阻击之兵 Lv.102 名字谁还没有Lv.99 轩宝狙不水 Lv.112 *王锦辉a Lv.89 爆破战 96% 沙漠灰众团大宝潼潼 Lv.110 告辞了-前辈Lv.89 嘛啥看不上我Lv.92 小非大王 Lv.119 爱笑的小孩 Lv.200；机械纪元无影套装 V4 游骑兵晖业 Lv.87 阿强1013 Lv.150 心指属于你 Lv.141 士兵0070 Lv.102 致敬老兵 Lv.142 爆破战100% 沙漠灰火麒麟套装玄豹数子 Lv.100 瑶瑶要痴迷 Lv.99 美到我了 Lv.91 轩宝狙不水Lv.112 A_依阳 Lv.101；D四游骑兵游骑兵轩宝狙不水 Lv.112 6644464 Lv.117 玉皇大帝 Lv.90 果海丰 Lv.84 再出挑战卡mLv.111 爆破战 100% 新异域小城幻灵竞技荣光游骑兵 Lv.98 爱吃蛋糕哈哈Lv.129 T31572324467Lv.119 佩证茂 Lv.104 本质小菜 Lv.101；游骑兵火麒套装轩宝狙不水 Lv.112 6644464 Lv.117 见鸣 Lv.10 坏叔叔 Lv.155 软鱼豆腐 Lv.95 爆破战 100% 新供电所盒德麒酷套装双E 醉醉的神 Lv.155 暖芯芯 Lv.100 嘿呐 Lv.87 清柠Lv.14B WAAX Lv.79；灵狐噩兆脉冲幽灵六月.雪 Lv.128 y_杰_E Lv.75 L亥X Lv.64 轩宝狙不水 Lv.112 uwuiuu Lv.79 超能爆破 100% 沙漠灰朱雀志 X 暗影游猎百里守约马可波罗料幽灵 @星野爱 Lv.115 tCF龙魂> Lv.124 奶嘴给你打掉Lv.162 1流近的时光_Lv.104 农民万岁 Lv.105；众区游骑兵 ￥.168 爱薛嘉伊木 Lv.91 橘子负負 Lv.155 蜡笔小新没铅笔Lv.100 抢你拼好饭 Lv.103 奔放爆破 100% 沙漠灰华四魏公村的樵夫Lv.142 间彻 Lv.18 发育威之父Lv.75 霍希你 Lv.11 轩宝狙不水Lv.112；v 孟获游骑兵 haha/</} Lv.91 @男77 Lv.91 红河仔 Lv.103 <笑饮孤鸿jLv.154 开花洋芋 Lv.141 爆破战100% 沙漠灰队友发把枪.7Lv.84 鸿源 Lv.100 SRoyal懒懒 Lv.103 轩宝狙不水Lv.112 韦总～ Lv.134；王者之克王者之界# VVE VE 曦翠 LV. 页级M4突破手Lv.183 雷刃猎弩 Lv.97 保安 Lv.169 lpylpy Lv.100 <全国百强爆破战 96% 沙漠灰广华四 VE 我菜我更难受Lv.9P 歌一切随风 Lv.103 Royal懒懒 Lv.103 ZXY落叶 Lv.103 轩宝狙不水Lv.112 全国50强；VW 金色竞技荣光 Royal懒懒 Lv.103 ZXY落叶 Lv.103 轮回稔 Lv.91 扰得 Lv.89 轩宝狙不水 Lv.112 爆破战 96% 沙漠灰王老之婴众竞技荣光龍辉 Lv.88 盛夏JoyUnityLy.168 天地都唯我独尊Lv.112 自舟 Lv.120 Oook Lv.81；天夜 V VE N慈z Lv.83 CFM:大博 Lv.80 Lv.132 你总是乖乖的Lv.76 另做打算 1K2P_156 Lv.152 爆破战 96% 新黑色城镇 VE VG 游骑兵爷 Lv.110 令初弦 Lv.10 搁浅 Lv.118 轩宝狙不水Lv.112 6644464 Lv.116 百强；她有点小脾气.Lv.128 枪挑落星辰·Lv.92 黄Hero命猎杀Lv.150 晴天也晚莹21v.94 中国★皇后 Lv.153 爆破战 96% 离岛火麒麟套装死神套装上门洗脚王师傅Lv.109 上门推拿段师傅Lv.145 江东伯符 Lv.113 .妖姐。 Lv.132 轩宝狙不水Lv.112"	,"..."	,"中性"	
啤酒行业-行业-高,"2026-08-10 13:26:46"	,"douyin"	,,0,210,,"3869912571853998"	,,"“再回首”龙虾"	,,"7672270185382028146"	,"https://api-app-proxy.tarsocial.com/api/token/v2/rewrite_url?url=UxI1mE1VtivWWENn8adpDmG3kF8SwGcheiC2XVx5H1lbmx-aDRfxtvlBxKEPgjyhdBX_RbpiT2Zlq3JuI5B1QQ"	,"芜湖镜湖这家上榜龙虾店新口味团购99元享原价216元三选二口味活虾现烧，可堂食外带过期退，三天后涨价，手慢无！#小龙虾能吃多吗 #吃龙虾喝啤酒会怎么样 #干锅 #炒田螺 #小龙虾不能吃了吗"	,,,,"中性"	
啤酒行业-行业-高,"2026-08-10 13:26:11"	,"douyin"	,,0,20,,"2763494811249225"	,,"青岛啤酒直营店(金乡县北斗街店）"	,,"7672270036802937690"	,"https://api-app-proxy.tarsocial.com/api/token/v2/rewrite_url?url=UxI1mE1VtivWWENn8adpDmG3kF8SwGcheiC2XVx5H1m8-WqyTPDb_-9SFjL4OAnUP1snRtclYA2xpISXjgmhOg"	,"青岛四厂鲜啤原价85现69，可堂食可外带，冰饮配烧烤超绝，库存告急，4.9分老店过期可退，大家抓紧囤！#放两天的生啤是否还能喝 #比利时原浆啤酒1l #苏打水 #火锅料 #驴肉汤"	,"啤"	,"啤"	,,"中性"	
啤酒行业-行业-高,"2026-08-10 13:26:03"	,"kuaishou"	,,23,257,3,"4707306666"	,1,"7        芬"	,19,"3xbfbein9mqr5te"	,"https://api-app-proxy.tarsocial.com/api/token/v2/rewrite_url?url=9ztplZmWLh3u69xTkhscCpmkZPB7DFcSEau1U7XU0GUqixrboboffVwYXVRBQmd77OZNfmGORVLBMcikZ2KHCA"	,"离开我的那天    我哭了好久 #已成年道具假酒"	,"大理啤酒"	,,"离开我的那天    我哭了好久 #已成年道具假酒"	,
啤酒行业-行业-高,"2026-08-10 13:25:11"	,"douyin"	,,1,4169,,"108890118841"	,,"龙诚装饰"	,1,"7672269776974359909"	,"https://api-app-proxy.tarsocial.com/api/token/v2/rewrite_url?url=UxI1mE1VtivWWENn8adpDmG3kF8SwGcheiC2XVx5H1kAkw2aPnSIMogAg6AYLQDfdwtnr_VfG_bwZCXzBhTjeA"	,,"昨晚看到冰箱里面还有瓶拉罐啤酒""特意整个小煎鸡来收拾它""没想到已过期两个月"	,"瓶拉罐啤酒，特意整个昨晚看到冰箱里面还有到已过期两个月小煎鸡来收拾它，没想省成都高新区宝·制造者名称和地址、产地等：雪花酒精度：> 3.0%vol过量饮酒有害健康原麦汁浓度0P川省成都高新区酒·净含量：500m贮存条件.宣在5C-2干燥、避光贮运京市东城区建国门北大街8号华洞产品标准代号：gb/T492花啤酒(中国）有限公司商标置权浆、啤酒花质量等级：优级原料:水、麦芽、啤酒用糖生产日期:见荡底魂响保质期：360天号：c115810109002611省成都市·食周省成都市·食品省成都高新区合品地址：四川省成都高新区司商标授权健康（合播）00ml5'C-25'CGB/T4927绿底喷码芽、啤酒用量有害健康合有限公司商标授权浓度：8.0P量：500ml光贮运责任公司成都分件：宜在5C-2551011402549·级： 级维代号：Gb/T4927期：见罐底喷码酒花雪花水、麦芽、啤酒用糖：360天量：500m11551011402549·条件：宜在5C-式四川省成都市·食品酒花等级：优级道光贮螺有限公司商标水、麦芽、啤酒用糖浓度：80P度：>3.0%vdl准代号：G8/74827日期：见锋底质量等级：优级产品标准代号：GB/T4927干燥、避光贮面酒精度：>3.0%vol码最后两位字母代号原料：水、麦芽、啤酒用糖生产日期:见罐底喷码原麦汁浓度：8.0""P贮存条件宜在5C-25C嘉9号·产地:四川省成都市·食品306浆、啤酒花保质期：360天都高新区星光路108号·产地：四川省成都市·食品产许可证编号：SC1551010900261·.产品标准代号：G8/74927见喷码景后两位字母代号····华海过量饮酒有客健康合格存条件宜在5C25C生产日期，见猪底喷码生产许可证编号：SC11510142549华润雪花啤酒（中国）有限公司商标授权公司出品(CA)·地址：国川省成都高新区大厦306室·制造者名称和地址、产地等：多汁浓度：8.0华润雪花啤酒(四川)有鼎广任公司咸都分原料：水、麦芽、啤杰质量等奶：优级啤酒·净含量：500ml干燥、避光贮运保质期：360天地址北京市东城区建门北大街8号华酒精度3.0%vol花啤酒（四川）有限责任公司新都分公司出"	,,
啤酒行业-行业-高,"2026-08-10 13:21:03"	,"douyin"	,,0,350,,"3988666127745288"	,,"奋斗"	,,"7672268673846873385"	,"https://api-app-proxy.tarsocial.com/api/token/v2/rewrite_url?url=UxI1mE1VtivWWENn8adpDmG3kF8SwGcheiC2XVx5H1kdxh1CmUegJtkNpTDPeu8DzRXoAIDlhJgmMYa8PEMVSg"	,"这瓶啤酒喝的直"	,"特等奖 35岁少妇一个限2026年12月30日过期作废"	,"特等奖35岁少妇一个限2026年12月30日过期作废#####冰煮油炸"	,,"正向"	
啤酒行业-行业-高,"2026-08-10 13:20:55"	,"weibo"	,,113,9,5,8442668669,39,"Daia东"	,69,"5330355533122349"	,"https://api-app-proxy.tarsocial.com/api/token/v2/rewrite_url?url=bETNdXXxBw6SRVox7gALQ5BM_yOtbm4_1WKHcoeZok6AQmSvJzEVgDS7m96D01u1U8LQ9g6mFXrmloG3K3IM8w"	,"#李煜东[超话]#lyd#李煜东 四代神颜吉他手#  lyd#李煜东 四代唯一视觉中心#  

饭制手幅""踏过山海的朝暮""飘摇在璀璨舞台的光斑似漫天朝日生辉""""with courage""with spotlight"" with devotion"" with future.""

@TF家族-李煜东LYD_Dong  ​ ​​​"	,,"Don't Borroy Money From me."	,"#李煜东[超话]#lyd#李煜东 四代神颜吉他手# lyd#李煜东 四代唯一视觉中心# 饭制手幅""踏过山海的朝暮""飘摇在璀璨舞台的光斑似漫天朝日生辉""""with courage""with spotlight"" with devotion"" with future."" @TF家族-李煜东LYD_Dong"	,"中性"	
啤酒行业-行业-高,"2026-08-10 13:20:37"	,"douyin"	,,3,2424,,"267923346949847"	,2,"我扑山河，也扑你'～"	,1,"7672268600678836442"	,"https://api-app-proxy.tarsocial.com/api/token/v2/rewrite_url?url=UxI1mE1VtivWWENn8adpDmG3kF8SwGcheiC2XVx5H1nicHdhnnKNh5xNWuChZqZhacAV1gm2XGpY_bfKDEeMvQ"	,"亲友们看看今天这啤酒喝得值不值吧😄😄😄😄"	,"今天运气真好四巴特等奖 35岁少妇一个限2026年12月30日过期作度今天这运气真是没谁"	,"今天运气真好の巴特等奖35岁少妇一个限2026年12月30日过期作废今天这运气真是没谁"	,,"中性"	
啤酒行业-行业-高,"2026-08-10 13:19:00"	,"app"	,1,0,37615,,"1668474852678346"	,,"性福男科吴小将"	,,"4215768409218972644"	,"https://api-app-proxy.tarsocial.com/api/token/v2/rewrite_url?url=t2FvW0t1H0hms9kdwj3LUsA9i2G4K671dAY-7Rpu8ZglRF97mb3TnYG5KFuwHDDytwgKHfPLZmV6xCxt9u-9JyruiXH8EyGq0Q08pR9s28c"	,"草酸钙结石不能吃什么食物|不注意这3种食物，小心结石疯狂长！ 得了草酸钙结石，最怕乱吃。 第一，像菠菜、苋菜、甜菜这类高草酸蔬菜，别直接炒着吃，得先用沸水焯烫个30秒再下锅，能去掉大部分草酸。 第二，猪牛羊这类红肉和动物内脏，嘌呤高代谢后容易让尿里草酸超标，每天吃肉分量别超过自己一个巴掌大小（约75克）。 第三，盐、酱油、咸菜这些含钠高的调味品，会逼着肾脏多排钙，钙和草酸一碰就成结石。 做菜用限盐勺控制，全天盐量不超一啤酒瓶盖（约5克）。 记住，多吃低草酸蔬菜（如生菜、黄瓜），多喝水（每天2000毫升），才能把结石风险压下去。"	,"草酸钙结石不能吃什么食物不注意这3种食物，小心结石疯狂长！"	,"草酸钙结石不能吃什么食物不注意这3种食物，小心结石疯狂长！ @性福男科昊小将1.避开高草酸蔬菜菠菜、苋菜、 甜菜这些蔬菜草酸含量高，吃多了会让结石变大。建议第吃前先用沸水焯一下再炒，能去掉大半草酸。 2.少碰高蛋白肉类红肉 （如猪肉、牛肉）和动物内脏含嘌呤多，代谢后让尿里草酸增多。每天吃肉控制在一巴掌大小（约75 克）就行。 3.警惕高钠调味品盐、酱油、咸菜等含钠高，会迫使钙从尿里多排出，和草酸碰头。做菜用限盐勺每天吃盐不超5克 @性福男科吴小将"	,"草酸钙结石不能吃什么食物...@性福男科吴小将的动态"	,
啤酒行业-行业-高,"2026-08-10 13:14:32"	,"weibo"	,,18,11,,7788817108,6,"萌小猪-拯救世界中"	,12,"5330353926441403"	,"https://api-app-proxy.tarsocial.com/api/token/v2/rewrite_url?url=bETNdXXxBw6SRVox7gALQ9eE1vERcJ_o2gequwLWT4oZcc_dZyjGypuRjlrtNhVm62jdVxGNr2NiGVyPgUBYng"	,"#oliviarodrigo[超话]# 最终预测，蜜蜂你咋了[捂嘴哭] ​​​"	,,"Airpley Rank +/- Song @talkofthecharts Points % Peak WoC Sales % Streams % % Units 1 Choosin'Texas Ella Langley 294 -2% L 42 9.5k 3% 24.3m 70% 54.5m26% 208.0k 2 +6 Hate That I Made You Love Me Ariana Grande 233 46% 1 10 4.0k 2% 18.5m 72% 42.5m26% 169.6k 3 -1 Been By Now 188 -32% 2 3.0k 2% 19.5m 90% 11.lm B% Morgan Walen 164.5k 4 -1 IKnewIt""IKnew You TaylorSwift 180 -5% 9 2.0k 1% 10.5m 48% 63.9m 51% 84.2k 5 NEW Ariana Grande Petal 177 5 1 5.0k 3% 17.6m 94% 3.8m 3% 170.6k -1 Boston Stella Lefty 174 -1% 3 18 3.5k 2% 14.9m 77% 33.0m 27% 120.6k 7 -3 ICan't LoveYouAnymore Ella Langley Morgan Walln 172 -3% A 15 2.5k 1% 14.0m 68% 36.9m31% 112.7k 8 -2 Dracula TamempalaE JENNIE 160 -1% 5 45 1.5k 1% 7.7m 41% 64.6m58% 65.8k a -2 SoEasy（ToFall In Love) OliviaDean 159 -1% 5 45 1.0k 1% 7.7m 42% 64.1m 58% 65.1k 10 -1 BeHer Ella Langley 155 -2% 2 25 2.5k 1% 14.0m 78% 22.0m20% 118.7k 11 -1 ManINeed 148 0% 2 50 0.9k 1% 10.5m 62% 38.4m37% Olivis Desn 91.1k 12 -1 RiskltAll Bruno Mars 147 2% 4 23 0.8k 1% 6.2m 34% 67.7m66% 48.1k 13 - 1JustMight Bruno Mars 133 -5% 30 1.0k 1% 6.2m 37% 57.8m62% 47.3k 14 Drop Dead Oliva Rodrigo 127 -6% 1 16 0.6k 0% 7.8m 52% 42.8m 48% 64.2k 15 -1 Janice STFU Drake 123 -8% 1 12 0.3k 0X 10.5m 79% 18.1m 21% 96.0k 16 -1 Stupid Song Olvia Rodrigo 122 0% 3 8 0.5k 0% 11.5m B6% 11.7m 14% 104.0k 17 Midnight Sun Zara Larsson 121 0% 14 29 1.0k 1% 6.5m 45% 45.7m54% 54.7k 18 NEW Stay Ariena Grande 115 -- 18 1 0.5k 0% 10.7m 91% 6.9m 9% 105.2k 19 NEW KissMe Ariana Grande 111 19 1 0.7k 1% 10.9m 96% 2.6m 3% 106.8k 20 -1 BeByYou Luke Combs 10 1% 12 25 1.0k 1% 7.6m 56% 32.8m43% 59.5k 21 -4 Don'tWe Morgan Walen 109 -6% 16 27 0.6k 1% 7.1m 57% 32.5m42% 60.9k 22 -4 Dead Fresh LilBaby 107 -7% 18 3 0.4k 0% 10.6m 1.4m 6.8m 9% 96.2k 23 NEW LikeIDo Ariana Grande 105 23 1 0.8k 1% 10.6m 99% 0.0m 0% 104.6k 24 NEW OhWell Arisna Grande 105 24 0.4k 0% 10.5m 98% 0.9m 7% 103.2k 25 NEW AhHa Cardi B 104 25 9.5k 9% 9.7m 83% 5.6m 8% 95.5k /；Airplay Rank +/- Song @talkofthecharts Points % Peak WoC Sales % Streams % % Units 26 -5 Spend Dat Yung Miami 96 -6% 17 11 0.6k 1% 6.7m 60% 26.6m40% 56.4k 27 iEarrings -6 Malcolm Todd 96 -2% 20 24 0.1k 0%"" 10.1m 99% 7.0m 10% 84.9k 28 NEW BigFeelings Ariana Grande 95 28 0.4k 0% 9.6m 98% 0.9m 1% 94.1k 29 -4 Babydoll Dominic Fike 94 2% 16 26 0.2k 0% 7.6m 69% 20.2m 31% 64.1k RC Stateside PinkPantheress Zara Laresen 91 -5% 6 30 0.2k 0% 5.7m 56% 28.2m44% 50.6k 30 -10 Dai Dai Shekire  Bure Boy 88 -15% 17 8 2.Ok 2% 7.1m 73% 15.3m 25% 65.6k 31 NEW Freak Ariana Grande 87 31 0.4k 0% 8.9m 100% 0.0m 0% 87.2k 32 NEW Never GetOverMe ArianaGrande 86 32 0.5k 1% 8.8m 99% 0.0m 0% 86.2k 33 The Cure -7 Olvia Rodrigo 84 -4% 5 11 0.2k 0% 9.2m 99% 0.4m 1% 83.1k 34 NEW Bad Thing(Bunny Hop) Ariana Crando 79 34 O.4k 8.0m 99% 0.0m 0% 78.8k 35 Shabang Dreke 78 -4% 4 12 0.3k 0% 5.7m 66% 18.7m 34% 50.4k Animal 36 -12 Katseye 78 17% 24 2 0.6k 1% 8.6m 93% 3.4m 6% 71.7k 37 NEW Warning Signs(Interlude) Ariana Grande 75 37 0.2k 0% 7.7m 100% 0.0m 0% 75.4k 38 NEW 2 Nowhere""Nobody Ariana Grando 75 38 O.4k 1% 7.6m 99% 0.0m 0% 74.6k 39 -11 Homewrecker Sombr 72 -3% 15 26 0.4k 5.2m 62% 19.0m 38% 42.8k 40 What You Need Terms 70 -4% 29 20 0.4k 1% 4.2m 48% 25.3m 52% 31.k 41 -10 Loving Life Again EllaLangley 70 0% 21 20 0.9k 1% 6.8m 79% 9.6m 20% 52.1k 42 -12 Cinderella Mac Millar feat Ty Dola ign 69 -3% 25 13 0.2k 0% 7.6m 95% 2.5m 5% 65.8k Losor 43 RE Tamolmpola 65 43 2 0.8k TX 6.5m 95% 1.5m 3% 62.6k 44 Morning Dew(Donk) +6 Beyonce 65 25% 26 5 LOk 2% 5.7m 80% 8.4m 19% 51.9k 45 +29 Cowgirl Shaboozey 64 50% 45 5 2.0k 3% 6.5m 88% 4.lm 9% 55.8k 46 -12 Orbiter NoahKahan 62 -3% 34 15 0.7k 1% 6.6m 96% 1.4m 3% 59.2k 47 -15 Wonderwall Oasis 61 -9% 8 24 O.4k 1% 6.6m 95% 1.9m 4% 57.1k 48 -11 SelfAware TemporCity 60 -2X 37 17 O.4k 1X 6.1m 87% 5.3m 13% 51.3k 49 -8 Hit The Wall Crecie Abrams 60 3% 26 12 0.3k 0% 4.4m 62% 15.6m 37% 35.6k RC E85 Don Toliver 59 -3% 15 26 0.1k 0% 5.8m 90% 4.2m 10% 52.6k 50 -15 Freakin'Out Destar anc The Moonrocks 58 -0% 33 20 0.4k 1% 5.6m 88% 4.5m 11% 50.7k；Song Rank +/- T @talkofthecharts Points % Peak WoC Sales % Streams % Airplay % Units Don'tTell On Me 51 -12 58 4% 3417 0.3k 0% 2.5m 26% 29.6m Jason Aidaon 73% 12.8k 52 -12 Mexico Honey Kacey Musgraves 57 -2% 40 10 0.4k 1% 6.5m 97% 0.7m 2% 53.1k 53 NEW OhYeah? Steve Lacy 57 53 0.4k 1% 5.8m 99% 0.0m 0% 56.6k RC American Girls Horry Styloo 55 -15% 4 21 0.4k 1% 4.2m 67% 12.3m 32% 36.3k 54 +9 Mr.KnowIt AI Teddy Swims 53 11% 54 16 0.6k 1% 3.4m 43% 20.4m55% 19.8k Raindance 55 -4 DaveaTerris 52 3% 49 27 0.ik 0% 3.1m 51% 17.9m 49% 26.4k 56 -12 Ghetto Love Story BebyChieDot 52 -2% 44 5 0.3k 1% 5.6m 95% 15m 4% 49.9k 57 +2 Phone""Keys""Wallet Lainey WilsonJohn Nayer 52 8% 57 0.7k 1% 4.8m 65% 12.1m 33% 30.7k 58 NEW Hustle Rod Ware 52 58 1 0.2k 0% 5.7m 100% 0.0m D% 51.8k 59 -16 Doors Noah Kahan 52 -4% 9 15 0.3k 1% 5.1m 91% 3.m 9% 46.9k 60 -15 Bloodstream Alysse Grace 52 -1% 45 5 0.Ik 0% 6.3m 100% 0.1m D% 51.2k 61 -15 Something To Lose Stella Lefty TeatVincentMason 52 -1% 40 10 0.4k 1% 6.7m 97% 0.9m 2% 45.3k Rethink Some Things 62 -B Luke Corrbs 51 3% 46 19 0.2k 0% 5.9m 85% 5.4m 15% 38.1k 63 -15 iloveitiloveitiloveit BellaKay 50 -4% 17 25 0.k 0% 4.9m 83% 5.7m 16% 41.0k 64 -7 Chevy Silverado Balley Zimmerman 49 1% 57 0.2k 0% 1.2m 18% 28.2m82% 8.2k RC PopDat Thang DaBaty 49 -10% 26 26 0.k 0% 4.4m 76% 8.1m 24% 36.4k 65 House Tour Sabrira Carpenter 49 3% 27 14 0.Ik 0% 2.6m 42% 19.9m 58% 19.5k 66 -10 Great Expectation Sienna Spirio 49 0% 56 0.2k 0% 5.0m 95% 17m 5% 46.4k 67 -12 Woman 49 -1% 55 Kane Brown 17 0.3k 1% 2.1m 32% 23.3m68% 14.4k RC Chicago Michael Jackson 49 -7% 26 10 0.2k 0% 5.5m 100% 0.0m 0% 48.6k 68 -10 Hate HowYou Look JoshRoss 48 0% 52 18 0.2k 0% 1.7m 29% 23.8m71% 13.4k 69 1 Rein Me In Sam Fandar Olivia Dean 48 7% 64 20 0.6k 1% 4.8m 02% 2.2m 7% 44.4k 70 -8 Willing And Able NoahKahan 47 0% 26 15 0.3k 5.0m 99% 0.0m 0% 47.3k 71 -22 Honeybee Oliva Rodrigo 47 -9% 9 0.2k 0% 5.lm 100% 0.0m 0% 46.6k 72 -19 Noble F3ill 47 -7% 53 0.0k 0% 5.1m 99% 0.2m 1% 46.2k 73 Speed Demon Justin Biober 45 1% 66 0.2k 0% 1.8m 35% 20.5m64% 15.7k 74 MyBody Isn't Ready Sembt 45 3% 30 6 0.3k 1% 3.3m 59% 12.5m 40% 25.2k RC FeverDream AloxViarron 45 27% 21 22 0.9k 2% 3.9m 68% 9.4m 30% 29.2k 75 -15 Misery. Pupsiee 45 7% 50 5 0.1k 0% 5.8m 100% 0.0m 0% 44.7k @萌小猪-拯救世界中；Airplay Rank +1- Song @talkothecharts Points % Peak WoC Sales d Streams % % Units 76 -7 CarryOn Kanny Chasnoy 45 1% 69 7 04k 1% 2.4m28% 22.4m 71% 9.1k 77 -26 6 2Hard 4 The Radlo Drake 45 -12% 9 12 O.1k 0% 2.6m 54% 14.3m 46% 23.8k 78 -12 Rubberz FenixFiexin 42 -8% 59 9 0.2k 0% 3.1m 69% 8.9m 31% 28.6k RC RDY""Erie Church""Morgan Wallen""TmMG McArthur 41 -7% 31 26 0.4k 1% 3.lm 65% 9.8m 34% 26.2k 79 -14 Ran To Atlanta Drake feat.Future  Moly Santene 41 -9% 2 12 O.1K 0% 4.2m 97% 0.8m 3% 39.4k 80 -9 Expoctations Olivi Rodrigo 41 -8% 20 8 O.lk 0% 4.3m 100% 0.0m 0% 40.4k 81 NEW NightmaresTo Dreams MeekMlI 41 B1 1 0.5k 1% 4.1m 97% 0.4m 2% 39.9k RC Motion Party BocsMan Dlow 40 -12% 37 20 0.2k 0% 3.1m 64% 10.1m 36% 24.9k 82 -4 Think As You Drunk Riley Oreen 40 -2% 78 6 0.5k 1% 2.7m 57% 11.6m 41% 22.8k 83 NEW Ain'tInLA ADELA 40 - 83 1 O.lk 0% 4.lm 100% 0.0m 0% 39.6k 84 -11 Maggots For Brains Dlivia Rodnga 40 -9% 12 8 O.1k 0% 4.2m00% 0.0m 0% 39.5k 85 NEW Poured Lil Uzi Vert 39 85 0.0k 0% 4.2m100% 0.0m 0% 38.7k 86 +5 Matadora Karol G 39 6% 86 2 0.2k 1% 4.1m 99% 0.1m 0% 37.9k 87 -10 BottomOf YourBoots ElaLargley 38 -7% 20 16 0.5k 1% 4.3m 98% 0.lm 0% 37.1k 88 -12 lconic ByMistake LoSsrafm""t""Kaoyo 38 -8% 38 O.lk 0% 4.3m98% 0.4m 1% 37.2k 89 -7 Swim BTS 38 4% 20 0.3k 1% 4.0m 94% 1.4m 5% 34.9k 90 +B SueMe Aucirey Hobelt 38 9% 90 2 0.2k 1% 3.8m 91% 2.2m 8% 33.7k 91 -5 South Of Sanity Zach Top 37 -1% 86 4 0.4k 1% 2.0m 44% 14.3m 55% 15.7k 92 -7 EmptyWords CoreyKent 37 -2% 85 8 0.3k 1% 4.5m 88% 3.0m 12% 28.7k 93 RE The Feeling Stove Lacy 37 75 3 O.Ik 0% 4.0m 98% 0.4m 2% 36.k 94 -2 In My Room JuiaWof 37 7% 57 14 O.IK 0% 3.6m 86% 3.4m 13% 31.7k 95 NEW Brand New Chanels Sleyyyter 36 95 1 0.6k 2% 3.6m 98% 0.0m 0% 35.7k 96 What's Wrong With Me -13 OliviaRodrio Rober Smith 36 -7% 17 8 O.lk 0% 3.8m 99% 0.2m 7% 35.6k 97 -16 National Treasures Drake 36 -9% 6 12 0.0k 0% 3.8m100% 0.0m 0% 35.8k 98 +1 Sunburn Tuckor Wetmore 36 4% 86 6 0.3k 1% 4.7m 99% 0.0m 0% 32.3k 99 -19 Whisper My Name Drake 36 -11% 3 12 0.0k 0% 3.8m100% 0.0m 0% 35.3k 100 -16 Less Olivia Rodrigo 35 -9% 21 0.0k 0% 3.7m 100% 0.0m 0% 35.0k @萌小猪一拯数世界南"	,"#oliviarodrigo[超话]# 最终预测，蜜蜂你咋了[捂嘴哭]"	,"中性"	
啤酒行业-行业-高,"2026-08-10 13:14:14"	,"douyin"	,,6,23,,"105840821207"	,2,"推拉雨棚遮阳棚"	,4,"7672266957764291301"	,"https://api-app-proxy.tarsocial.com/api/token/v2/rewrite_url?url=UxI1mE1VtivWWENn8adpDmG3kF8SwGcheiC2XVx5H1l0b3n54A_ZHg1zeiUAQn_AWtCatWTUH6GDNdfRhKGbLQ"	,"齐鲁大地。#我要上热门 #抖音 #今日分享运气爆棚 #啤酒瓶盖中奖 #啤酒瓶盖中奖"	,"今天运气真好e 特等奖 35岁少妇一个限2026年12月30日过期作废"	,"今天运气真好の特等奖35岁少妇一个限2026年12月30日过期作废"	,,"中性"	
啤酒行业-行业-高,"2026-08-10 13:08:46"	,"douyin"	,,23,352,,"3680787899351998"	,2,"𝓟𝓾𝓲𝓷𝓰."	,21,"7672265548118901733"	,"https://api-app-proxy.tarsocial.com/api/token/v2/rewrite_url?url=UxI1mE1VtivWWENn8adpDmG3kF8SwGcheiC2XVx5H1nGIOm_Jeq7Yfj6CVLicofL1lH2xdP7y9C8neueSom2Gg"	,"Don't walk away. “要热烈，要像阳光一样☀️” Be passionate.be like sunshine. #甜御 #落日 #蓝调时刻 #摩羯"	,,"RO###############COLLETEUTURELEMON###############R##########"	,,"中性"	
啤酒行业-行业-高,"2026-08-10 13:06:45"	,"douyin"	,,0,28003,,"3545270366769152"	,,"酒胜供应链"	,,"7672265015679896858"	,"https://api-app-proxy.tarsocial.com/api/token/v2/rewrite_url?url=UxI1mE1VtivWWENn8adpDmG3kF8SwGcheiC2XVx5H1nB9ZvHo6yCyxDn_frtIspzvdcaGBBh0hMxzA1zn4j1LA"	,"红酒喝不完的烦恼解决了 玻璃瓶开瓶容易变质，盒装款式，分次取用，减少不必要浪费#红酒 #原浆干红 #盒装红酒 #曼博朗"	,"未成年人禁止饮酒曼博朗干红葡萄酒人生大好"	,"未成年人禁止饮酒曼博朗干红葡萄酒"	,,"中性"	
啤酒行业-行业-高,"2026-08-10 13:05:00"	,"weixin"	,,0,,,"gh_58ac248afb8f"	,,"亚太大宗商品交易"	,,"5b2c31a04c97956fbf2f6313eceff8a1"	,"https://api-app-proxy.tarsocial.com/api/token/v2/rewrite_url?url=kAsXDfGGZAKXsGMyC0DiTH0DRFZRVGOWgMUVqJ0loRBp3g9rsOmE-AsCz_Ro7ojst6h6xY9RVfrVakAsvSffyKJsp8HMDvUGjJsGQ8pbwg2_nyN3zN400JSkv2sd4JL3AVxM7tphaAqjXZ4U63IAzQ"	,"笔者上一篇文章提到，上半年，中国在2月28日美以伊冲突爆发后，应对霍尔木兹海峡关闭的影响措施得当，取得了很大的成绩。但是，上半年，中国进口原油来源国结构也发生了翻天覆地的变化，主要体现在“中东降、俄巴升”的格局。一、进口原油来源国结构变化。俄罗斯（稳居第一）：进口量约5728万吨，同比增长16.7%。其增长主要得益于无需经过风险较高的霍尔木兹海峡的海运优势。巴西（跃居第二）：进口量约3043万吨，同比大涨52.2%。作为大西洋的重要供应源，巴西成为中国对冲中东供应不确定性的关键替代选择。沙特阿拉伯（降至第三）：进口量约3194万吨，同比下滑18.0%。下滑主要受波斯湾地区地缘局势影响。除沙特阿拉伯之外其他部分中东国家降幅亦尤为显著，伊拉克：下降57.7%，阿联酋：下降36.8%，阿曼：下降26.6%，而科威特原油和卡塔尔原油进口近乎停滞。综上，上半年，为了应对中东原油霍尔木兹海峡运输受阻影响，中国进口大量的巴西原油进行了替代加工。二、大量加工巴西原油对中国炼厂的影响相较于常规的API、硫含量、酸值等关键品质指标，巴西原油氮、盐等含量较高且波动较大，属于典型的高氮高盐原油，另有部分油种有机氯含量偏高。大量加工这类原油，对中国炼厂而言是一次综合能力的“大考”。这些风险贯穿于从原油进厂（电脱盐系统超负荷）、到核心反应（催化剂中毒）、再到下游分离（设备堵塞腐蚀）的每一个环节。应对这类原油的加工风险，需要中国炼厂具备：更灵活的原油调合能力，以稀释高氮高盐高有机氯原油的影响。更先进的装置设计与材质，以减少腐蚀性氮化物的生成。更精准的工艺控制，以减轻铵盐结晶。更高效的催化剂管理，以应对“中毒”风险、因此，进口和加工这类原油，虽然可能在原料成本上获得一些折扣，但背后是提前透支的装置设备材质寿命、高昂的加工成本、更高的运营风险和对技术能力的严峻考验。三、曼德海峡对沙特禁运对中国炼厂的冲击上半年，虽然霍尔木兹海峡关闭对中东原油整体出口中国造成了极大的影响，但得益沙特阿拉伯通过东西原油管道和红海延布码头，经曼德海峡的出口500万桶/日沙轻原油的通道的畅通无阻，中国炼厂尚能从中进口低氮低盐低有机氯的沙轻原油，与高氮高盐高有机氯的巴西原油进行配比掺炼，对冲降低加工安全风险和保障产品质量。但进入7月以来，也门胡塞武装与沙特阿拉伯战事再起，关系急剧恶化，其在曼德海峡周围对沙特原油在内的船只实施全面禁运，在霍尔木兹海峡持续关闭，波斯湾内低氮低盐低有机氯中东原油出湾极为困难的形势下，基本上切断了中国炼厂进口沙轻原油的渠道。而即使中国炼厂进口的巴西原油再多，如果没有确保加工安全的低氮低盐低有机氯的中东原油进行配比掺炼，生产势必难以为继，结果就是部分中国炼厂8-9月或有油无法炼，这远大于前期霍尔木兹海峡关闭的影响。这绝不是危言耸听，最终结果如何，大家拭目以待！"	,"火线速递"	,"火线速递明胡塞宣布对沙特海上禁运 FRONTLINEDISPATCH；万吨 2026年6月中国原油进口排名前十位（按来源国） 占比 1200 进口量 +占比 25% 800 15% 400 5% -5% 数据来源：海关总署；Shanghai Ningbo Yantian Manaus HongKong Rio de Janeiro Santos Asuncion Paranagua ltapoa Navegantes Singapore Rio Grande Buenos Aires Montevideo""；TAOINGSTAN CYPRUS SYRIA AFGHANrsTAu JammuandKashmir IRAD IRAN HimachalPradesh ISRAEL PAKISTAN Uttarakhand KUWAIT Rajasthian EGYPT SAUDIARABIA UNITEDARAB EMIRATES Gujarat INDIA OMAN PortSudan Maharashtra Telangann ERITREA YEMEN Goa Andhra Prade SUDAN ala ETHIOPIA Kerala SOUTHSUDAN SOMALIA SRILANKA UGANDA KENYA"	,"曼德海峡对沙特禁运 8-9月部分中国炼厂或有油无法炼"	,"中性"	
啤酒行业-行业-高,"2026-08-10 13:04:21"	,"weixin"	,,0,,,"gh_1cd16b61af9c"	,,"众民科学"	,,"1d4c698679da42ccca9f27678343df0c"	,"https://api-app-proxy.tarsocial.com/api/token/v2/rewrite_url?url=481k2W4kh-QCjUVzAMzys8m_5LTc3wkCYjvEggefNQrScItZYOhLbwrUL_ikqh1Ih2K0VsogNmmivW9vtMV4kPCAAD_Vde1HZcuEmvIbKPdzzjSpPmQJhTG38HsFDEoRUTokSOgtQQ7bzOfg4m5LcA"	,"每1000个新生儿里，大约就有1个会感染大肠杆菌败血症，这病说来就来，能要命。可奇怪的是，大肠杆菌宝宝一出生就沾上了，绝大多数娃却好好的，连个喷嚏都没有。2026年《自然》这篇论文就想回答这个问题：妈妈自带的免疫力，是怎么帮新生儿挡住这一劫的。论文由美国辛辛那提儿童医学中心（CincinnatiChildren's）领衔，15位作者，做的是母婴免疫的活儿，结论挺暖心：妈妈传下来的抗体，是新生儿最早的防弹衣，在宝宝自己免疫系统还没长好之前，先替他扛一阵。小知识：妈妈怀孕时，会把一部分抗体通过胎盘交给孩子。这些现成的兵能在出生后头几个月帮忙挡细菌，等宝宝自己的免疫部队练出来。可SholtoDavid一篇接一篇地贴：补充图9c、9a、8c、6j的源数据里，都有成片完全一样的数字。比如6j里，连续五个数值不仅完全相同，还以同样的顺序在两组里各出现一遍——这不像独立测出来的。他连着问了四次作者能不能核对。对当爹当妈的，这研究本该是颗定心丸：原来妈妈给的保护这么实在。可数据要是经不起查，结论就悬了。医学论文的数字背后是一个个真孩子，含糊不得。真要据此去改良疫苗、去救更多早产宝宝，底子得瓷实。说两句：这类论文最金贵的地方，是它关乎最弱小的一批人。所以标准也该最高。发现问题不是坏事，把问题摊开，作者能给个说法，家长才能真安心。这件事离咱不远：早产、母体感染，是新生儿败血症最危险的两块。搞清妈妈抗体怎么护娃，不光能改进孕妇疫苗，也能帮医生更早盯住高危宝宝。也正因它直接牵着母婴性命，数据才更该一丝不苟——结论要真能救命，底稿就得经得起最严的审。顺带说个背景：新生儿败血症在资源差的地方更狠，是婴幼儿死亡的大户。正因如此，任何关于妈妈怎么护娃的发现，都会被全球盯着用。论文若站得住，能帮很多穷地方的娃；若数据有假，坑的也是最没话语权的一批人。所以这类研究的门槛，本就该最高。说到这儿，其实最让人揪心的是那些最弱小的生命。新生儿不会说话，哪里不舒服全靠医生和仪器盯着。一篇论文要是结论站得住，医生就能更早识别高危宝宝、更早干预；可要是数据本身有水分，建立在上面的判断就可能出错。所以像这样的母婴研究，从投稿到发表，每一道关都该把数据翻个底朝天，一点含糊都不行。最后说两句公道话。网上也有不少网友替论文的作者们说情：一篇论文背后是几年甚至十几年的功夫，几百上千次实验，数据量庞大得吓人，作者实打实的贡献，不该因为几处数据瑕疵就被一笔抹掉。就像一张白纸上落了个黑点，人往往只盯着那一个黑点看，却忽略了底下大片的白纸。数据有问题当然要查、要更正，但一码归一码——在调查结果出来之前，先别急着给作者扣“造假”的帽子。原文发表于《自然》（nature.com）。原文链接：https://www.nature.com/articles/s41586-026-10225-z"	,,"C 25 R° = 0.675 EcN P = 0.007 UTI89 20 SCB12 eb 15 SCB34 SCB2 10 SCB5 n = 16  n = 16 SCB6 2 sdO ●RS218 SCB60 60 30 90 120 150 30 60 90 120 150 10 20 30 40 50 SCB3 0 0 Time (days after EcN inoculation) Time (dlays after EcN inoculation)  EcEPT IgG titre (fold change) d e f P = 0.9436 P = 0.7487 P < 0.0001 P = 0.1955 P <0.0001 P = 0.4492 Nog P <0.0001 P > 0.9999 DOL 2 $ 3 QD g EcN colonized (n = 15) h Control (n = 19) P = 0.0002 EcN colonized (n = 19) 100 100 Control (n = 19) P = 0.0002 75 JeC 6 75 6 S 6 50 P <0.0001 bo T 50 P = 0.043 (60) JOAI 3 25 25 8 2 2 0+ 0 0 3 9 12 15 3 6 12 15 Time (days after SCB61 Time (days after UTI89  infection) infection)；78 118 3283；gG2 lgG2 E coli sepsis Contorl 1 Control2 Control3 E ooli sepsis Contorl 1 Control 2 Control 3 9659.78677 3693.25043 67242.3305 6071.0105 1166.97352 4297.68915 12874.3408 22595.6584 10777.5726 9175.44237 12758.586 10035.7662 362.899191 3706.79868 313.540755 5411.04318 15272.7094 8038.87921 18465.7095 1651.57497 1154.65436 40875.6809 8324.68866 20437.8402 313.398873 60467.7099 4017.30841 3596.49492 1513.67626 43876.8054 27069.7347 21938.4025 1499.16293 313.833639 7400.77294 675.715171 1763.80675 9991.78315 7669.49909 499.589152 1730.70042 1909.63699 13909.0638 9420.72165 1319.33171 46720.986 4700.75915 2336.04928 9745.8929 6525.79464 12412.7871 7780.76083 444.293541 132878.587 6571.28041 6643.92926 2831.38111 5299.68356 4192.60609 8772.33851 394.299294 33298.7553 10218.92 1664.93775 3257.87547 2678.33566 32729.7442 20284.7797 1637.74771 108278.941 10969.2011 5413.947 2779.26797 8443.68163 3071.99532 7422.18493 1162.61521 30677.997 2497.94574 1533.89983 860.898637 6740.73273 5226.68989 13019.2796 534.074694 18803.037 11680.2463 9401.51839 9028.6198 8677.72606 5834.22851 5585.67625 309.029543 26285.1222 33219.646 1314.2561 1020.1257 1037.13837 2265.32861 1704.22718 309.029543 11855.3669 10367.9287 22511.2183 3342.03926 6698.82271 6858.28881 768.473546 594.700084 11122.0796 9003.86552 21576.9969 1489.10814 717.687838 745.342032 313.833639 955.804344 32370.6932 313.540755 10720.8446 4230.87768 42267.1186 3161.75211 5252.73252 3063.76182 2177.20839 12916.9506 24737.5679 1021.76229 7531.08846 8200.60431 2542.97917 3415.42694 2159.29013 5506.75811 49705.7922 8071.65649 9307.16624 8351.69537 30545.1514 953.439192 14071.5196 8098.228 24177.3668 7124.65387 6258.24653 15586.2329 16160.9939 1018.52806 41284.9725 45753.4661 77202.613 1278.55338 8036.1429 480.198735 658.72284 4973.64748 19038.1612 33152.2493 33220.2579 521.842532 6071.25912 1005.42686 3464.96166 2006.90123 6083.33874 25048.2276 34301.0962 8837.72631 9350.6037 455.151979 10305.7863 3132.13159 4297.68915 12874.3408 22595.6584 313.833639 4434.38092 22535.5901 5388.60791 2394.25278 3706.79868 313.540755 5411.04318 313.398873 313.833639 549.487124 552.187174 8071.65649 5933.62369 3404.95989 13570.286 313.833639 3543.56731 7124.65387 12567.8503 63420.4034 4137.82386 313.833639 484.052287 1278.55338 31045.0955 60693.3347 23499.4664 1337.79017 43190.8748 3404.95989 5411.04318 313.833639 36323.2751 38402.9865 22511.2183 1957.12246 19915.1233 5172.44641 13570.286 313.833639 16996.9893 68727.2553 6083.33874 796.463724 4210.05723 17099.6413 4137.82386 1499.16293 30128.6034 78599.5392 4297.68915 339.660465 3576.36635 15336.1024 23499.4664 1730.70042 93335.5304 4275.81592 11798.5327 313.398873 11855.3669 13052.4489 22511.2183 313.833639 94707.8549 12719.001 24597.5584 745.292928 11122.0796 9003.86552 21576.9969 10777.5726 77202.613 4602.49155 3281.87473 551.890604 32370.6932 394.724424 10720.8446 15272.7094 33220.2579 79462.4589 8353.06768 1964.04304 2177.20839 12916.9506 24737.5679 313.398873 28191.7477 34301.0962 13279.325 2206.46478 2159.29013 5506.75811 49705.7922 1499.16293 4990.46484 22595.6584 14955.9154 309.029543 14071.5196 8098.228 24177.3668 1730.70042 24788.7142 5411.04318 10114.1875 907.695119 41284.9725 45753.4661 77202.613 9745.8929 18074.6959 13570.286 74878.649 2908.96168 19038.1612 33152.2493 33220.2579 2831.38111 73505.8662 4137.82386 78736.2996 423.684914 6083.33874 25048.2276 34301.0962 3257.87547 77202.613 23499.4664 57965.8222 216.691562 4297.68915 12874.3408 22595.6584 2779.26797 33220.2579 22511.2183 32948.5267 639.655296 43190.8748 3404.95989 5411.04318 860.898637 28191.7477 21576.9969 2202.37364 940.816662 19915.1233 5172.44641 13570.286 9028.6198 4990.46484 10720.8446 23566.7666 374.331177 4210.05723 13582.7279 4137.82386 1020.1257 24788.7142 24737.5679 10411.0133 309.029543 3576.36635 12181.8992 23499.4664 3342.03926 18074.6959 49705.7922 22040.9343 2664.82074 11855.3669 5411.04318 24597.5584 516.637588 73505.8662 24177.3668 4256.47415 373.34127 10367.9287 9003.86552 21576.9969 313.398873 65462.713 77202.613 3836.73673 819.847355 19038.1612 33152.2493 33220.2579 654.62713 17147.7049 332202579 13369.5565 1000.20725 6083.33874 25048.2276 34301.0962 1714.77049 11064.3015 28191.7477 16751.0487 1903.81612 12713.5255 4990.46484 47177.3997 835.306768 7617.59712 24788.7142 2007.35415 313.398873 35442.5532 18074.6959 2085.7776 313.833639 30329.4825 73505.8662 16265.4843；Loop 1 Loop 2 Loop3a Loop3b Loop4 Maternal Cord blood Maternal Cord blood Maternal Cord blood Maternal Cord blood Maternal Cord blood 39w5d 3.32581864 3.4334321 2.88124664 2.73798355 2.65080363 2.50183895 2.65080363 2.62225095 2.65080363 2.50183895 39w2d 3.26793947 3.27884265 2.21163775 2.15099211 2.45130699 2.40019953 2.45130699 2.40019953 2.45130699 2.40019953 39w1d 3.31456917 3.26058276 3.34853331 3.0680866 2.21881964 2.29907785 2.21881964 2.38209348 2.21881964 2.38209348 40w2d 2.65168133 2.70729444 2.39196846 2.29262101 2.39755862 2.39103988 2.39755862 2.39103988 2.39755862 2.39103988 30w0d 3.30123821 3.30519784 3.31653318 3.27238301 2.48484846 2.38209348 2.48484846 2.60010785 2.48484846 2.29907785 38w6d 3.17273723 3.11756755 2.42709783 2.3946415 2.45221204 2.39686777 2.45221204 2.3968677 2.45221204 2.39686777 37w4d 2.88242699 2.98460141 2.53049143 2.57038487 2.39439986 2.33874687 2.39439986 2.33874687 2.39439986 2.33874687 38w1d 2.79636894 2.77677935 2.62493048 2.69110595 2.11477652 2.06517814 2.11477652 2.09528114 2.11477652 2.30600214 37w1d 2.9571818 2.88879203 2.13598926 2.12332038 2.15527098 2.13397072 2.15527098 2.06530249 2.15527098 2.13397072 39w5d 2.21132636 2.39858559 1.99407437 1.99596791 2.25814573 2.27602349 2.25814573 2.43500072 2.25814573 2.27602349；Time"" days 0 3 7 14 21 35 50 WT uMT-/- WT uMT-/- WT uMT-/- WT uMT-/- WT uMT-/- WT uMT-/- WT uMT-/- 0.9 0.9 2.39794 2.255273 5.342423 5.20412 5.778151 5.60206 5.447158 5.778151 0.9 0.9 1.954243 2.380211 5.778151 5.0086 5.477121 5.716003 5.079181 0.9 0.9 2.845098 1.778151 2.60206 5.778151 4.954243 5.778151 5.556303 5.330414 0.9 0.9 2.477121 2 3.934498 5.079181 6.041393 5.612784 6 0.9 0.9 2.69897 3.113943 2.30103 4.477121 6.361728 5.176091 6.113943 0.9 0.9 2.477121 2.90309 4.255273 4.69897 5.113943 5.477121 6.30103 5.447158 0.9 0.9 2.845098 3.130334 5.041393 5.30103 5.39794 6.380211 5.716003 0.9 0.9 2.477121 3.324282 4.986772 6.20412 5.740363 6.380211 5.556303 0.9 0.9 4.681241 3.499687 6.20412 5.653213 5.857333 5.612784 0.9 0.9 5.369216 2.968483 5.60206 5.176091 0.9 5.322219 4 6.628389 0.9 4.69897 3.986722 6.60206"	,"刚出生的娃，怎么躲过致命败血症？一篇Nature论文的数据被人抠出重复"	,"中性"	
啤酒行业-行业-高,"2026-08-10 13:01:57"	,"weibo"	,,1,366,,"6716674566"	,,"猪头辣妹345"	,1,"5330350758960079"	,"https://api-app-proxy.tarsocial.com/api/token/v2/rewrite_url?url=bETNdXXxBw6SRVox7gALQ7JkjYYksiK92PoRWhgulIl-DbKOROIAYShmt-9TZf8hH2e3EnXCRQOdUld1zyFD4Q"	,"Billboard Hot100 单曲榜 最终预测
4(-1) I Knew It""I Knew You 180点 ​​​"	,"Airplay Rank +/- Song @talkofthecharts Points % Peak WoC Sales % Streams % Units Choosin'Texas Ella Langley 294 -2% 42 9.5k 3% 24.3m 70% 54.5m26% 208.0k 2 +6 Hate ThatI Made You Love Me Ariana Grande 233 46% 10 4.0k 2% 18.5m 72% 42.5m26% 169.6k BeenByNow -1 Morgan Wallen 188 32% 2 3.0k 2% 19.5m 90% 11.1m 8% 164.5k 4 -1 IKnewIt""I KnewYou TaylorSwift 180 -5% 9 2.0k 1% 10.5m 48% 63.9m51% 84.2k 5 NEW Petal Ariana Grande 177 5 1 5.0k 3% 17.6m 94% 3.8m 3% 170.6k -1 Boston Stella Lefty 174 -1% 3 18 3.5k 2% 14.9m 77% 33.0m27% 120.6k 7 -3 ICan't LoveYouAnymore EllaLangley &Morgan Wallen 172 -3% 4 15 2.5k 1% 14.0m 68% 36.9m31% 112.7k 8 -2 TameImpala&JENNIE Dracula 160 -1% 5 45 1.5k 7% 7.7m 41% 64.6m58% 65.Bk 9 -2 SoEasy(ToFall In Love) Olivia Dean 159 -1% 5 45 1.0k 1% 7.7m 42% 64.1m 58% 65.1k 10 - BeHer Ella Langley 155 -2% 2 25 2.5k 1% 14.0m 78% 22.0m20% 118.7k 11 -1 ManINeed Olivia Dean 148 0% 2 50 0.9k 7% 10.5m 62% 38.4m37% 91.1k 12 -1 RiskItAll BrunoMars 147 2% 4 23 0.8k 1% 6.2m 34% 67.7m 66% 48.1k 13 1JustMight Bruno Mars 133 -5% 30 1.0k 1% 6.2m 37% 57.8m62% 47.3k 14 -1 Olivia Rodrigo DropDead 127 -6% 1 16 0.6k 0% 7.8m 52% 42.8m48% 64.2k 15 Janice STFU Drake 123 -8% 12 0.3k 0% 10.5m 79% 18.1m 21% 96.0k 16 -1 Stupid Song OliviaRodrigo 122 0% 3 B 0.5k 0% 11.5m 86% 11.7m 14% 104.0k 17 -1 Midnight Sun ZaraLarsson 121 0% 14 29 1.0k 1% 6.5m 45% 45.7m54% 54.7k 18 NEW Stay Arlana Grande 115 -- 18 1 0.5k 0% 10.7m 91% 6.9m 9% 105.2k 19 NEW Kiss Me Ariana Grande - 19 1 0.7k 1% 10.9m 96% 2.6m 3% 106.8k 20 -1 BeByYou Luke Combs 110 1% 12 25 1.0k 1% 7.6m 56% 32.8m43% 59.5k 21 -4 Don'tWe Morgan Vallen 109 -6% 16 27 0.6k 1% 7.lm 57% 32.5m42% 60.9k 22 -4 DeadFresh LilEaby 107 -7% 18 3 0.4k 0% 10.6m 1.4m 6.8m 9% 96.2k 23 NEW LikeIDo Ariana Grande 105 23 1 0.8k 1% 10.6m 99% 0.0m 0% 104.6k 24 NEW OhWell 105 24 1 0.4k 0% 10.5m98% 0.9m 1% Ariana Grande 103.2k 25 NEW AhHa Cardi B 104 25 9.5k 9% 9.7m 83% 5.6m 8% 95.5k"	,"Airplay Rank +/- Song @talkofthecharts Points % Peak WoC Sales % Streams % Units Choosin'Texas Ella Langley 294 -2% 42 9.5k 3% 24.3m 70% 54.5m26% 208.0k 2 +6 Hate ThatI Made You Love Me Ariana Grande 233 46% 10 4.0k 2% 18.5m 72% 42.5m26% 169.6k BeenByNow -1 Morgan Wallen 188 32% 2 3.0k 2% 19.5m 90% 11.1m 8% 164.5k 4 -1 IKnewIt""I KnewYou TaylorSwift 180 -5% 9 2.0k 1% 10.5m 48% 63.9m51% 84.2k 5 NEW Petal Ariana Grande 177 5 1 5.0k 3% 17.6m 94% 3.8m 3% 170.6k -1 Boston Stella Lefty 174 -1% 3 18 3.5k 2% 14.9m 77% 33.0m27% 120.6k 7 -3 ICan't LoveYouAnymore EllaLangley &Morgan Wallen 172 -3% 4 15 2.5k 1% 14.0m 68% 36.9m31% 112.7k 8 -2 TameImpala&JENNIE Dracula 160 -1% 5 45 1.5k 7% 7.7m 41% 64.6m58% 65.Bk 9 -2 SoEasy(ToFall In Love) Olivia Dean 159 -1% 5 45 1.0k 1% 7.7m 42% 64.1m 58% 65.1k 10 - BeHer Ella Langley 155 -2% 2 25 2.5k 1% 14.0m 78% 22.0m20% 118.7k 11 -1 ManINeed Olivia Dean 148 0% 2 50 0.9k 7% 10.5m 62% 38.4m37% 91.1k 12 -1 RiskItAll BrunoMars 147 2% 4 23 0.8k 1% 6.2m 34% 67.7m 66% 48.1k 13 1JustMight Bruno Mars 133 -5% 30 1.0k 1% 6.2m 37% 57.8m62% 47.3k 14 -1 Olivia Rodrigo DropDead 127 -6% 1 16 0.6k 0% 7.8m 52% 42.8m48% 64.2k 15 Janice STFU Drake 123 -8% 12 0.3k 0% 10.5m 79% 18.1m 21% 96.0k 16 -1 Stupid Song OliviaRodrigo 122 0% 3 B 0.5k 0% 11.5m 86% 11.7m 14% 104.0k 17 -1 Midnight Sun ZaraLarsson 121 0% 14 29 1.0k 1% 6.5m 45% 45.7m54% 54.7k 18 NEW Stay Arlana Grande 115 -- 18 1 0.5k 0% 10.7m 91% 6.9m 9% 105.2k 19 NEW Kiss Me Ariana Grande - 19 1 0.7k 1% 10.9m 96% 2.6m 3% 106.8k 20 -1 BeByYou Luke Combs 110 1% 12 25 1.0k 1% 7.6m 56% 32.8m43% 59.5k 21 -4 Don'tWe Morgan Vallen 109 -6% 16 27 0.6k 1% 7.lm 57% 32.5m42% 60.9k 22 -4 DeadFresh LilEaby 107 -7% 18 3 0.4k 0% 10.6m 1.4m 6.8m 9% 96.2k 23 NEW LikeIDo Ariana Grande 105 23 1 0.8k 1% 10.6m 99% 0.0m 0% 104.6k 24 NEW OhWell 105 24 1 0.4k 0% 10.5m98% 0.9m 1% Ariana Grande 103.2k 25 NEW AhHa Cardi B 104 25 9.5k 9% 9.7m 83% 5.6m 8% 95.5k"	,"Billboard Hot100 单曲榜 最终预测 4(-1) I Knew It""I Knew You 180点"	,"中性"	
啤酒行业-行业-高,"2026-08-10 12:59:20"	,"douyin"	,,0,157,,"2147819955692295"	,,"茅台酱香万家共享(丁山双龙西路店)官方号"	,,"7672263116084494922"	,"https://api-app-proxy.tarsocial.com/api/token/v2/rewrite_url?url=UxI1mE1VtivWWENn8adpDmG3kF8SwGcheiC2XVx5H1ks_JIW4A_9OfijRJc9hkkfcb7pQgbkykhOoE7Q_1ZkOg"	,"无锡宜兴茅台烟酒店狠招！张裕金奖白兰地三瓶现调款从36砍到19.9，下班小酌闺蜜微醺合适，过期可退，戳左下角囤货手慢无！#口子窖自然兼香非同凡享 #网红啤酒 #礼盒装优级典范酒 #茅台酒木盒珍品 #家大业大酒"	,"茅台酱香贵州著台 43華台"	,"茅台酱香青州台43羊台"	,,"中性"	
啤酒行业-行业-高,"2026-08-10 12:57:18"	,"kuaishou"	,,2,1,,"4864582389"	,,"快手用户1750807367729"	,2,"3xj9wyncad9qu92"	,"https://api-app-proxy.tarsocial.com/api/token/v2/rewrite_url?url=RW0E0pZpZ4b3TC4TLqOUvVGxn8_YPQ3rSoWGd-9tUfmzlrPtk8HrL-iIxHvKCpEiTwO7RPbV0QH9OC6LS7th5qM9IAl-cThsVIdzznqHoJI"	,"吃饱 睡好 关于明天的事 后天就知道了. #漂亮饭"	,"alala"	,"alala；how Don't you notice 520 幸福在出下碗中餐与；burning the pain 520 福在出下钢中餐与；radic listen to the 品；starting；GGREE格力中国能效标滨火山 Cafe·精酿·简餐够靓温度一风 ®；人米"	,"吃饱 睡好 关于明天的事 后天就知道了. #漂亮饭"	,"中性"	
啤酒行业-行业-高,"2026-08-10 12:56:37"	,"douyin"	,,0,18,,"7623963168843138105"	,,"我很好"	,,"7672262410850398393"	,"https://api-app-proxy.tarsocial.com/api/token/v2/rewrite_url?url=UxI1mE1VtivWWENn8adpDmG3kF8SwGcheiC2XVx5H1lkYQmLpuzt9Dar9uHEHm7WlL16FNEjcC_dsYMHePNbhA"	,"#老妈来了，帮我清理过期食品了"	,"有机 1664 ROSE 禁日"	,"轻卡共享鲜森°有机廉1664ROSE唐心鹤鹑蛋D6封达富含蛋白质低温慢卤#####玩铁猩猩平均每25格斯摄入热量#119车排脆kcalAngusBeefjerky香辣味"	,,"中性"	
啤酒行业-行业-高,"2026-08-10 12:56:21"	,"douyin"	,,0,463,,"4503667510842067"	,,"郑德波"	,,"7672262348476576241"	,"https://api-app-proxy.tarsocial.com/api/token/v2/rewrite_url?url=UxI1mE1VtivWWENn8adpDmG3kF8SwGcheiC2XVx5H1nAHsk-37E-qyotdhl4r--x6GyBtOdpopZ3Y1ho8GH0-Q"	,"#青岛啤酒 #嘉年华 #郑德波 #闭幕式"	,"卓网称刘""皮特""""市长""造假滴不是真的名字与职位"	,"网称刘 」“皮特” “市长” 造假滴不是真的名字与职位网称刘 」“皮特” “市长”造假滴不是真的名字与职位网称刘 」“皮特” “市长” 造假滴不是真的名字与职位区有限公司网称刘 “皮特” “市长” 造假滴不是真的名字与职位业团有限公司网称刘 」“皮特” “市长” 造假滴不是真的名字与职位网称刘 “皮特” “市长” 造假滴不是真的名字与职位山小M有限公司网称刘 “皮特” “市长” 造假滴不是真的名字与职位0E A 网称刘 」“皮特” “市长” 造假滴不是真的名字与职位卓休育产售团互网称刘 」“皮特” “市长”造假滴不是真的名字与职位网称刘 」“皮特” “市长” 造假滴不是真的名字与职位网称刘“皮特” “市长” 造假滴不是真的名字与职位网称刘 」“皮特” “市长” 造假滴不是真的名字与职位网称刘 “皮特” “市长” 造假滴不是真的名字与职位网称刘“皮特”‘ “市长”造假滴不是真的名字与职位网称刘 “皮特” “市长” 造假滴不是真的名字与职位青岛啤酒网称刘 」“皮特” “市长” 造假滴不是真的名字与职位网称刘 」“皮特” “市长” 造假滴不是真的名字与职位青岛网称刘 “皮特” “市长” 造假滴不是真的名字与职位网称刘 」“皮特” “市长” 造假滴不是真的名字与职位网称刘“皮特” “市长” 造假滴不是真的名字与职位网称刘 」“皮特” “市长” 造假滴不是真的名字与职位"	,,"中性"	
啤酒行业-行业-高,"2026-08-10 12:55:12"	,"toutiao"	,41,0,47,,"93140575436"	,,"我心如一"	,,"1873110853427200"	,"https://api-app-proxy.tarsocial.com/api/token/v2/rewrite_url?url=1YusuDMvr9od4K_K1MN8mlDDzP1nPFJ1ypc-UlWqfKCg6Xy38iAcL40GK4dTxVZ6hZdeSO3k-W8jHIRWpqQG0g"	,"花生不好卖是因为啤酒开始勾兑了，啤酒销量下降连带着花生销量下降。红枣由于带核不太符合短平快的节奏。大米白面销量下降是由于副食丰富连带着大米白面这种主食吃的少了。"	,,,"花生不好卖是因为啤酒开始勾兑了，啤酒销量下降连带着花生销量下降。红枣由于带核不太符合短平快的节奏。大米白面销量下降是由于副食丰富连带着大米白面这种主食吃的少了。"	,
啤酒行业-行业-高,"2026-08-10 12:51:43"	,"douyin"	,,0,6149,,"86317212159"	,,"凉城县麦莎主题音乐PTV官方号"	,,"7672261153674789595"	,"https://api-app-proxy.tarsocial.com/api/token/v2/rewrite_url?url=UxI1mE1VtivWWENn8adpDmG3kF8SwGcheiC2XVx5H1lJFFXKfSsYtxuZpP9KR_JsIZ270gD80htvDpEiBd5mYw"	,"乌兰察布麦莎主题音乐PTV中包4小时欢唱套餐现341元，原价513，含燕京啤酒、12种小吃、果盘、抽纸，过期可退，组局快戳左下角冲！#ktv麦霸 #为什么ktv只有两个话筒 #可以唱歌的房间 #金达莱花ktv现场版 #ktv唱歌"	,,,,"中性"	
啤酒行业-行业-高,"2026-08-10 12:48:34"	,"douyin"	,,0,1818,,"150003206590904"	,,"纤果说冲饮旗舰店"	,,"7672260328482262335"	,"https://api-app-proxy.tarsocial.com/api/token/v2/rewrite_url?url=UxI1mE1VtivWWENn8adpDmG3kF8SwGcheiC2XVx5H1m8mdoo-i-8DlWCu5_UTsZdqJIUMm2729SNXa2pgg9QEA"	,"原浆3.5度苹果醋非饮料古法陈酿纯苹果榨汁发酵"	,"袋内絮状物为天然发酵mother菌可放心饮用有控需求的朋友都知道"	,"袋内絮状物为天然发酵mother菌可放心饮用有控需求的朋友都知道"	,,"中性"	
啤酒行业-行业-高,"2026-08-10 12:46:41"	,"kuaishou"	,,6,166,,"3810192975"	,1,"09、"	,5,"3x5b5nx77sfcddw"	,"https://api-app-proxy.tarsocial.com/api/token/v2/rewrite_url?url=9ztplZmWLh3u69xTkhscCpmkZPB7DFcSEau1U7XU0GWj_alUYPFSyl1Ut07V2BOx9FazhaMm0bFF1QDXKERRaQ"	,"开心的事就两件
一件12瓶 两件24瓶
#已成年道具假酒 #未成年禁止喝酒"	,"涯 Cho ChongQin 生良啤酒国宾 Pt量:500ml"	,,"开心的事就两件
一件12瓶 两件24瓶
#已成年道具假酒 #未成年禁止喝酒"	,
啤酒行业-行业-高,"2026-08-10 12:44:58"	,"kuaishou"	,,5,1,,"2272983211"	,2,"天生傲骨.☠︎"	,3,"3x47gp2iiym8n9i"	,"https://api-app-proxy.tarsocial.com/api/token/v2/rewrite_url?url=9ztplZmWLh3u69xTkhscCpmkZPB7DFcSEau1U7XU0GUG8qAaC-7Bpe00MLxthAWNyyDeB8e1l8mQ4JIwdo963w"	,"作者是人😍 @六花(O1074228865) @眼角那滴淚.(O5028253954) @痛是后知后觉(O3996275077) @^少抽y.(O4568568617) @stella(O5468858186) @鹿惯(O3411935533) @sherry(O5158035506) @乐乐(O3604155585) @是累也是泪、(O4119327120)"	,"The Cure ：eC L: 安吧宝，了 lushnow baby.don'tyou oy Anythingyou wantcouldnotbewrong 你想要的没有过错 d1 15.8"	,,"作者是人😍 @六花(O1074228865) @眼角那滴淚.(O5028253954) @痛是后知后觉(O3996275077) @^少抽y.(O4568568617) @stella(O5468858186) @鹿惯(O3411935533) @sherry(O5158035506) @乐乐(O3604155585) @是累也是泪、(O4119327120)"	,
啤酒行业-行业-高,"2026-08-10 12:38:36"	,"douyin"	,,9,1167,,"1064793013499380"	,3,"善行"	,6,"7672257774920059237"	,"https://api-app-proxy.tarsocial.com/api/token/v2/rewrite_url?url=UxI1mE1VtivWWENn8adpDmG3kF8SwGcheiC2XVx5H1kQG80E51WrxtYU4N7hi0HBriD62YAYnZLhUspLopN-2w"	,"寒湿是万病之源，无寒湿则无万病。真的奉劝身边的朋友随着年龄增长、改掉不好的生活习惯、情绪不好、熬夜、吃冷饮、喝冰镇啤酒、吹空调等等••••阳气一点点耗散、一点点漏掉、一点点弱下来。 阳气弱一分，人就老一分、病就多一分。 身体乏力，浑身疲惫不堪，大便粘马桶，大肚腩，失眠，焦虑，发脾气，抑郁，长痘痘，上热下寒（上面上火牙龈肿痛，嗓子疼，下面手脚屁股冰凉），痛经，崩漏，脏腑下垂，结节，囊肿，甚至是癌变等等等等。 说白了，就是你的阳气不足了，阳气就好比太阳，假如一根木头放阴凉潮湿没有太阳的地方， 他也会慢慢长霉菌，最终烂掉。反之人也是一样，人的阳气不足了就会慢慢出现各种身体不舒服，病变。只有自身的阳气足了才不会得病，少得病。 尤其是年过四十以后，人的阴阳各半，一定要保护好自己的阳气，好好吃饭，好好睡觉。"	,,,,"中性"	
啤酒行业-行业-高,"2026-08-10 12:38:02"	,"weibo"	,,2,53,,7983419354,,"MorganWallenJournals"	,2,"5330344740127660"	,"https://api-app-proxy.tarsocial.com/api/token/v2/rewrite_url?url=bETNdXXxBw6SRVox7gALQ7HGjSRlAWT_QOIVlbvq_TTIlIlhqPrStiFRJtSLz9Jo9JnHqSW-KBmhlfCZ4ktEcA"	,"#MorganWallen[超话]# chartdata 和 totc 一样错漏百出，面对指正从来无动于衷[黑线]
chartdata随意增减 ITP 的累计销量，一个月以来都在评论区提醒但从未更正[怒]本周最新销量甚至照搬复制上周数据连装都不装一下。。。
totc也是每次单曲预测🍄即将要规则出榜的歌曲附近都会莫名其妙多写一周[费解][费解]何意味呢"	,,"chartdata @chartdata Billboard200:#2（-1)@MorganWallen""I'mThe Problem 80""0006.669.000 uitsnceelease). peak:#1for14weeks AccordingtoBillboardarticleit's75Kthisweek 20:16·09Aug26·46.4KVieWs The Nos.2-7 titles on the latest Billboard 200 are all former No. 1s MorganWallen'sI'm theProblem falls1-2(75""000 equivalent album 6""746.000 units""down6%)and oliviaRodrigosyou seempretty sadforagirls chartdata@chartdata·02Aug ↑+75k Billboard200:#1（+2)@MorganWallen，1'mThe Problem80""006""669""000unitssincerelease) ak""iourtenthweekat#1 6""671""000 125 51 625 266K ↑+80k chartdata@chartdata·26Ju Billboard200:#3（=)@MorganWallen""l'mThe Problem75.000 589""000unitssincerelease). 6""591""000 *peak:#1for13weeks* 18 t22 311 166K 口 ↑+75k chartdata@chartdata·19Jul 6""516""000 Billboard200:#3（+1)@MorganWallen""I'mThe Drhlem73.0(（6""486""000unitssincerelease). *peak:#1for1sweeks* ↑+73k Q9 12 129 60K 口 6""443""000 You reposted chartdata@chartdata·12Jul Billboar200:#4(+1)@MorganWallen""I'mThe ↑+75k Problem75.00 6""413""000unitssincerelease). *peak:#1for13weeks* 6""368""000 20 t20 207 79.7K 口 t Youreposted chartdata@chartdata·O6Jul G Billboard200:#5（-1)@MorganWallen""I'mThe Problem79""000(6""368""000units sincerelease). *peak:#1for13weeks* FromJuly6thitallwentwrong Q11 130 62.7K；Sales Rank +/- Song @talkofthecharts Points % Peak WoC % Streams % Airplay % Units 1 Choosin'Texas Ella Langley 294 2% 42 9.5k 3% 24.3m 70% 54.5m26% 208.0k 2 +6 Hate ThatI MadeYou Love Me Ariana Grande 233 46% 10 4.0k 2% 18.5m 72% 42.5m26% 169.6k 3 Been By Now Morgan Wallen 188 32% 2 3.0k 2% 19.5m 90% 11.1m 8% 164.5k -1 IKnewIt""IKnewYou 180 -5% 2.0k 1% 10.5m 48% 63.9m Taylor Swift 51% 84.2k 6 NEW Petal Ariana Grande 177 5 1 5.0k 3% 17.6m 94% 3.8m 3% 170.6k 6 Boston Stella Lefty 174 -1% 3 18 3.5k 2% 14.9m 71% 33.0m 27% 120.6k 7 -3 ICan't Love YouAnymore Ella Langley & Morgan Wallen 172 -3% 4 15 2.5k 1% 14.0m 68% 36.9m 31% 112.7k 8 2 Dracula Tame Impala & JENNIE 160 -1% 45 1.5k 1% 7.7m 41% 64.6m58% 65.8k 9 -2 SoEasy(ToFall In Love) Olivia Dean 159 -1% 5 45 1.0k 1% 7.7m 42% 64.1m 58% 65.1k 10 BeHer Ella Langley 155 -2% 2 25 2.5k 1% 14.0m 78% 22.0m20% 118.7k 11 ManINeed Olivia Dean 148 0% 2 50 0.9k 1% 10.5m 62% 38.4m 37% 91.1k 12 -1 RiskIt All Bruno Mars 147 2% 4 23 0.8k 1% 6.2m 34% 67.7m 66% 48.1k 13 1Just Might Bruno Mars 133 -5% 30 1.0k 1% 6.2m 37% 57.8m62% 47.3k 14 Drop Dead Olivia Rodrigo 127 -6% 16 0.6k 0% 7.8m 52% 42.8m 48% 64.2k 15 Janice STFU Drake 123 -8% 12 0.3k 0% 10.5m 79% 18.1m 21% 96.0k 16 Stupid Song OliviaRodrigo 122 0% 3 8 0.5k 0% 11.5m 86% 11.7m 14% 104.0k 17 -1 Midnight Sun Zara Larsson 121 0% 14 29 1.0k 1% 6.5m 45% 45.7m 54% 54.7k 18 NEW Stay Ariana Grande 115 18 0.5k 0% 10.7m 91% 6.9m 9% 105.2k Kiss Me 应该是 19 NEW Ariana Grande 26周 10.9m 96% 2.6m 3% 106.8k 20 BeByYou Luke Combs 110 25 7.6m 56% 32.8m43% 59.5k 21 -4 Morgan Wallen Don'tWe 109 -6% 16 27 0.6k 1% 7.1m 57% 32.5m 42% 60.9k 22 -4 DeadFre Lil Baby 0% 10.6m1.4m 6.8m 9% 96.2k LikeIDo Don'tWe 上周为25周 23 NEW 17 0.0m 0% Ariana Grar MorganWallen 104.6k 24 NEW OhWell Ariana Grar LW 16PEAK16WEEKS25 0% 0.9m 1% 103.2k 25 NEW AhHa Cardi B 9% 9.7m83% 5.6m 8% 95.5k"	,"#MorganWallen[超话]# chartdata 和 totc 一样错漏百出，面对指正从来无动于衷[黑线] chartdata随意增减 ITP 的累计销量，一个月以来都在评论区提醒但从未更正[怒]本周最新销量甚至照搬复制上周数据连装都不装一下。。。 totc也是每次单曲预测🍄即将要规则出榜的歌曲附近都会莫名其妙多写一周[费解][费解]何意味呢"	,"负向"	
啤酒行业-行业-高,"2026-08-10 12:35:31"	,"douyin"	,,1,56,,"3080162720627139"	,,"潮汇PARTV.K"	,1,"7672256976643105766"	,"https://api-app-proxy.tarsocial.com/api/token/v2/rewrite_url?url=UxI1mE1VtivWWENn8adpDmG3kF8SwGcheiC2XVx5H1mKLKOv29I93S6wfkwAVMaMjDJc2SgvV84SxEmoNqaZHQ"	,"曲靖人聚餐都爱去的潮汇PARTY.K，24瓶啤酒配果盘小吃加豪华大包，人均几十，过期可退，高口碑套餐戳定位抢，手慢无！#ktv那些事 #包厢文化 #莫吉托 #玩具总动员 #KTV欢唱套餐"	,,,,"中性"	
啤酒行业-行业-高,"2026-08-10 12:35:15"	,"kuaishou"	,,12,272,,"3736900318"	,,"小娜"	,12,"3xaahu4ad284fne"	,"https://api-app-proxy.tarsocial.com/api/token/v2/rewrite_url?url=RW0E0pZpZ4b3TC4TLqOUvVGxn8_YPQ3rSoWGd-9tUfmQ6V54m0EQMxZtRU4QP907h4jkAccFX88e-USO8t_6Ij9QswSjqeYCqN-yrkVLuKI"	,"看似平静 实则真没招了 怎么比咖啡还苦"	,"二"	,"没招了；TEN 补货 EDAI；EY16669493 EY16669494 EY16669495 EY16669496 EY166074 EY16669498 EY16669499；独自下班；蒙自站欢迎您 Welcome to Mengzi Railway Station；大理啤酒 DA D A；哦莫莫 UY；35 637 8 4 2；哎；2026-08-09 15:32:17 20260809191319 检验申请单日期：2 蒙自市东城社区卫生服务中心门诊号：2 19岁电话：19711689785 为异地医保年龄： 费别： 性别：女全科门诊总生病 “肠炎灵”等药物治疗后无发热。 用金额科室： 李娜 530302200706170626 4 17 姓名： 腹泻2 小便正常。 执行科室 40 腹痛、 腹痛腹泻2天检验科 A 身份证号码： 胃肠炎数量检验科家庭住址： 发热1天， 悲者诉发热1天饮腹汇精社方向检验科检验科临床诊断： 诉： 7 治疗来诊， 史： 协助诊治部位/标本血现病血检查目的： 注意事项： 项目名称米 （虚线以下空白） 分析五钾测定（其他方法） 血细胞分超敏C反应蛋白测定静脉采血器采血 -09 6-08- V 开具日期：2026-"	,"看似平静 实则真没招了 怎么比咖啡还苦"	,"负向"	
啤酒行业-行业-高,"2026-08-10 12:33:52"	,"douyin"	,,3,181,,"1790480492275968"	,1,"小张的生活日记📔"	,2,"7672256554565478641"	,"https://api-app-proxy.tarsocial.com/api/token/v2/rewrite_url?url=UxI1mE1VtivWWENn8adpDmG3kF8SwGcheiC2XVx5H1mPgXKgvcERw2Q5Ac0e1dAH9Fz6SQ_mbxyvdI8RRRBHlg"	,"住在23楼的我，家里没有吃的，只有6瓶啤酒……#白海豚你吓到我了"	,"12:20 <2 上午11:24 物业静尊敬的业主/住户： 您好！台风来袭，暴雨持续，水位上涨风险增大。 ！尽量留在室内，非必要不外出，远离河道、低洼积水区域； 积水路段切勿涉水，远离裸露电线谨防触电； 贵重物品转移至高处存放。 安全第一，请大家注意防范！ 中午12:17 物业静 @所有人紧急通知各位业主/住户： 因台风暴雨导致负一楼电梯井进水存在漏电、设备故障、运行坠落等重大安全隐患。 为保障全体人员人身安全，现临时关停负一楼所有电梯，暂停使用。待积水清理完毕、设备检修合格后，将第一时间恢复运行。 请大家暂时不要前往负一楼，出行请勿强行等候、撬动电梯，避免发生安全事故。由此带来的不便，敬请谅解！"	,"12:20<2上午11:24物业静尊敬的业主/住户：您好！台风来袭，暴雨持续，水位上涨风险增大。！尽量留在室内，非必要不外出，远离河道、低洼积水区域；积水路段切勿涉水，远离裸露电线谨防触电;贵重物品转移至高处存放。安全第一，请大家注意防范！中午12:17物业静@所有人紧急通知各位业主/住户：因台风暴雨导致负一楼电梯井进水存在漏电、设备故障、运行坠落等重大安全隐患。为保障全体人员人身安全，现临时关停负一楼所有电梯，暂停使用。待积水清理完毕、设备检修合格后，将第一时间恢复运行。请大家暂时不要前往负一楼，出行请勿强行等候、撬动电梯，避免发生安全事故。由此带来的不便，敬请谅解！0"	,,"中性"	
啤酒行业-行业-高,"2026-08-10 12:32:55"	,"kuaishou"	,,20,939,,"1920969999"	,,"＠梅/🧚♀️"	,20,"3xsvseqafc4ez2u"	,"https://api-app-proxy.tarsocial.com/api/token/v2/rewrite_url?url=9ztplZmWLh3u69xTkhscCpmkZPB7DFcSEau1U7XU0GWUFm0mi2BHfB7FYhC3ziB8Qq43VwDbqZZVOsSJkBVwjw"	,"#未成年人禁止喝酒 #已成年道具假酒 # @快手热点(O40300129) 答案在路上 自由在风里"	,"010 蓝带王啤酒王啤酒蓝带王啤品 B北乐可面"	,,"#未成年人禁止喝酒 #已成年道具假酒 # @快手热点(O40300129) 答案在路上 自由在风里"	,
啤酒行业-行业-高,"2026-08-10 12:32:08"	,"toutiao"	,,0,,,"102628411470"	,,"罟叾"	,,"7667099482814792230"	,"https://api-app-proxy.tarsocial.com/api/token/v2/rewrite_url?url=1YusuDMvr9od4K_K1MN8ml17rEfkAea0gAdcR6CW8DxEK8AtW3KvcPO0hXuxb7UxCRqbx0zX8rQ0WAwFT3YONA"	,,"世界看中国胖胖小猫各·国网友评论 PLA拉练满满的安全感 “震撼人心” 外网翻译：Therealmasterofcivilization""whenevertheyencounteranatural disaster""theyappearatthefirsttime. 泰国网友： 真正的文明之师，每当遇到自然灾害时，他们就第一时间出现了"	,"世界看中国各·国网友评论 PLA拉练满满的安全感 “震撼人心” 外网译：Therealmasterofcivilization，whenevertheyencounteranaturaldisaster""theyappearatthefirsttime. 泰国网友： 真正的文明之师，每当遇到自然灾害时，他们就第一时间出现了；世界看中国各·国网友评论 PLA拉练满满的安全感 “震撼人心” 外网翻译：Therealmasterofcivilization，whenevertheyencounteranaturaldisaster""theyappearatthefirsttime. 泰国网友： 真正的文明之师，每当遇到自然灾害时，他们就第一时间出现了；世界看中国各·国网友评论 PLA拉练满满的安全感 “震撼人心” 外网翻译：Therealmasterofcivilization，whenevertheyencounteranaturaldisaster""theyappearatthefirsttime 泰国网友： 真正的文明之师，每当遇到自然灾害时，他们就第一时间出现了；世界看中国各·国网友评论 PLA拉练满满的安全感 “震撼人心” 外网翻译：Borntothepeopleandservethepeople，thisisanarmyfullofloveandworthyofrespect 德国网友： 出生于民众，服务于人民，这是一支充满爱的军队，值得尊敬！；世界看中国各·国网友评论 PLA拉练满满的安全感 “震撼人心” 外网翻译：Borntothepeopleandservethepeople""thisisanarmyfulloflove andworthyofrespect! 德国网友： 出生于民众，服务于人民，这是一支充满爱的军队，值得尊敬！；世界看中国各·国网友评论 PLA拉练满满的安全感 “震撼人心” 外网翻译：Borntothepeople andserve thepeople""thisisan armyfulloflove andworthyofrespect! 鲜群小猫德国网友： 出生于民众，服务于人民，这是一支充满爱的军队，值得尊敬！；世界看中国各·国网友评论 PLA拉练满满的安全感 “震撼人心” 外网翻译：Whatisdifficulttounderstandisthatthecohesionofthesepeopleisterribleandextremelyunited 美国网友： 胖胖小感到难以理解的事情，就是这些人凝聚力非常恐怖，无比团结；世界看中国各·国网友评论 PLA拉练满满的安全感 “震撼人心” 美国网友： 感到难以理解的事情，就是这些人凝聚力非常恐怖，无比团结；世界看中国各·国网友评论 PLA拉练满满的安全感 “震撼人心” 房胖小猫外网翻译：Whatisdifficulttounderstandisthatthecohesionofthesepeopleisterribleandextremelyunited 美国网友： 感到难以理解的事情，就是这些人凝聚力非常恐怖，无比团结；世界看中国各·国网友评论 PLA拉练满满的安全感胖胖小猫 “震撼人心” 外网翻译：Whatisdifficulttounderstandisthatthecohesionofthesepeopleisterribleandextremelyunited 美国网友： 感到难以理解的事情，就是这些人凝聚力非常恐怖，无比团结；世界看中国各·国网友评论 PLA拉练胖胖小猫满满的安全感 “震撼人心” 外网翻译：If1cangetanationality，then1mustjointhemtotrain.Itmustbeinteresting 法国网友： 如果能获得国籍，那么我一定要加入他们一起训练，肯定很有趣；世界看中国各·国网友评论 PLA拉练全胖公满满的安全感 “震撼人心” 外网翻译：If1cangetanationality，thenlmustjointhemtotrain.Itmustbeinteresting 法国网友： 如果能获得国籍，那么我一定要加入他们一起训练，肯定很有趣；世界看中国各·国网友评论胖胖小猫 PLA拉练满满的安全感 “震撼人心” 外网翻译：If1cangetanationality，thenImustjointhemtotrain.Itmustbeinteresting 法国网友： 如果能获得国籍，那么我一定要加入他们一起训练，肯定很有趣；世界看中国各·国胖胖小猫网友评论 PLA拉练满满的安全感 “震撼人心” 外网翻译：Justimagine thatthey areallrushingtobesoldiers""andthereisnoplaceforyou. 越南网友： 你们就幻想吧，他们自己人个个都抢着去当兵，哪有你的位置；世界看中国各·国胖胖小猫网友评论 PLA拉练满满的安全感 “震撼人心” 外网译：Justimaginethatthey areallrushingtobesoldiers""andthereisnoplaceforyou 越南网友： 你们就幻想吧，他们自己人个个都抢着去当兵， 哪有你的位置；世界看中国胖胖小猫各·国网友评论 PLA拉练满满的安全感 “震撼人心” 外网翻译：Justimagine thatthey areallrushingtobesoldiers""andthereisnoplaceforyou. 越南网友： 你们就幻想吧， 他们自己人个个都抢着去当兵，哪有你的位置；世界看中国各·国网友评论 PLA拉练满满的安全感 “震撼人心” 外网翻译：Justimaginethattheyareallrushingtobesoldiers""andthereisnoplaceforyou 越南网友： 你们就幻想吧，他们自己人个个都抢着去当兵，哪有你的位置；世界看中国各·国网友评论 PLA拉练满满的安全感 “震撼人心” 外网翻译：Oh，myGod""dothesepeoplehavetocarryweighttrainingeveryday？ifso""1maynotbe abletoholdon. 澳洲网友： 天呐，这些人天天都要负重训练吗，如果是这样我可能坚持不了；世界看中国胖胖小猫各·国网友评论 PLA拉练满满的安全感 “震撼人心” 外网翻译：Oh，myGod，dothesepeoplehavetocarryweighttrainingeveryday？Ifso""1maynotbeabletoholdon. 澳洲网友： 天呐，这些人天天都要负重训练吗，如果是这样我可能坚持不了；世界看中国胖胖小猫各·国网友评论 PLA拉练满满的安全感 “震撼人心” 外网译：Oh，myGod，dothesepeoplehavetocarryweighttrainingeveryday？lfso""Imaynotbeabletoholdon 澳洲网友： 天呐，这些人天天都要负重训练吗，如果是这样我可能坚持不了；世界看中国各·国胖胖小猫网友评论 PLA拉练满满的安全感 “震撼人心” 外网翻译：Oh，myGod，do thesepeoplehavetocarryweighttrainingevery day？lfso，1maynotbeabletoholdon 澳洲网友： 天呐，这些人天天都要负重训练吗，如果是这样我可能坚持不了；世界看中国各·国网友评论胖胖小猫 PLA拉练满满的安全感 “震撼人心” 外网译：Comparedwiththiskindoftrainingintensity""1personallythinkthetrainingoftheNavySEALismorelikeascout. 美国网友： 相比于这种训练强度，个人觉得海豹突击队的训练更像童子军；世界看中国各·国网友评论 PLA拉练胖胖小猫满满的安全感 “震撼人心” 外网译：Comparedwiththiskindoftrainingintensity，1personallythinkthetrainingoftheNavySEALismorelikeascout. 美国网友： 相比于这种训练强度，个人觉得海豹突击队的训练更像童子军；世界看中国各·国网友评论 PLA拉练满满的安全感胖胖小猫 “震撼人心” 外网B译：Comparedwiththiskindoftrainingintensity""IpersonallythinkthetrainingoftheNavySEALismorelikeascout 美国网友： 相比于这种训练强度，个人觉得海豹突击队的训练更像童子军；世界看中国各·国网友评论 PLA拉练满满的安全感 “震撼人心” 鲜鲜小猫外网译：Comparedwiththiskindoftrainingintensity，IpersonallythinkthetrainingoftheNavySEALismorelikeascout. 美国网友： 相比于这种训练强度，个人觉得海豹突击队的训练更像童子军；世界看中国各·国网友评论 PLA拉练满满的安全感 “震撼人心” 外网翻译：It'scrazy.Don'ttheytakeabreakandrelaxanddrinksomebeer？ 胖胖小猫意大利网友： 太疯狂了，难道他们不休息一下， 放松一下喝点啤酒；世界看中国各·国网友评论 PLA拉练满满的安全感 “震撼人心” 外网翻译：It'scrazy.Don'ttheytakeabreakandrelaxanddrinksomebeer？ 意大利网友： 太疯狂了，难道他们不休息一下，放松一下喝点啤酒；世界看中国各·国网友评论 PLA拉练满满的安全感 “震撼人心” 外网翻译：It'scrazy.Don'ttheytakeabreakandrelaxanddrinksomebeer？ 意大利网友： 太疯狂了，难道他们不休息一下， 放松一下喝点啤酒；世界看中国各·国网友评论 PLA拉练满满的安全感 “震撼人心” 外网翻译：It'scrazy.Don'ttheytakeabreakandrelaxanddrinksomebeer？ 胖胖小猫意大利网友： 太疯狂了，难道他们不休息一下，放松一下喝点啤酒；世界看中国各·国网友评论 PLA拉练满满的安全感 “震撼人心” 外网翻译：Ifthereisac@nflictheyshouldbeabletogather2millionpeopleatonce，right？ 墨西哥网友： 如果遇到冲突时，他们应该可以一下子聚集200万人吧？；世界看中国各·国网友评论 PLA拉练满满的安全感 “震撼人心” 胖胖小猫外网翻译：Ifthereisaconflict""theyshouldbeabletogather2millionpeopleatonce""right？ 墨西哥网友： 如果遇到冲突时，他们应该可以一下子聚集200万人吧？；世界看中国各·国网友评论 PLA拉练满满的安全感胖胖小猫 “震撼人心” 外网翻译：Ifthereisaconflict""theyshouldbeabletogather2millionpeopleatonce""right？ 墨西哥网友： 如果遇到冲突时，他们应该可以一下子聚集200万人吧？；世界看中国各·国网友评论 PLA拉练胖胖小猫满满的安全感 “震撼人心” 外网译：Irememberthelasttimeourspecialforcescouldn'tclimbintothewindow，Iwasextremelyembarrassed 韩国网友： 记得上次我们的特种部队爬不进窗户那一刻时，我无比的尴尬；世界看中国各·国网友评论 PLA拉练满满的安全感 “震撼人心” 外网译：Irememberthelasttimeourspecialforcescouldn'tclimbintothewindow，Iwasextremelyembarrassed 韩国网友： 记得上次我们的特种部队爬不进窗户那一刻时，我无比的尴尬；世界看中国各·国网友评论旺胖小猫 PLA拉练满满的安全感 “震撼人心” 外网翻译：Irememberthelasttimeourspecialforcescouldn'tclimbintothewindow，1wasextremelyembarrassed 韩国网友： 记得上次我们的特种部队爬不进窗户那一刻时，我无比的尴尬；世界看中国各·国胖胖小猫网友评论 PLA拉练满满的安全感 “震撼人心” 外网翻译：Atfirstglance""lamtrainingwithaweightofabout50kilograms.fIwereinvolved，wouldrunaway. 澳洲网友： 看就是负重50公斤左右的重量在训练，换我参与，我会逃跑的；世界看中国各·国胖胖小猫网友评论 PLA拉练满满的安全感 “震撼人心” 外网翻译：Atfirstglance""lamtrainingwithaweightofabout50kilograms.lfIwereinvolved，1wouldrunaway. 澳洲网友： 看就是负重50公斤左右的重量在训练，换我参与，我会逃跑的；世界看中国胖胖小猫各·国网友评论 PLA拉练满满的安全感 “震撼人心” 外网翻译：Atfirstglance""lamtrainingwithaweightofabout50kilograms.lf1wereinvolved，Iwouldrunaway. 澳洲网友： 看就是负重50公斤左右的重量在训练，换我参与，我会逃跑的"	,"外网评论：PLA“士兵拉练”充满安全感，训练强度惊人！#人民子弟"	,"正向"	
啤酒行业-行业-高,"2026-08-10 12:32:00"	,"douyin"	,,2,174,,"1125513550637693"	,,"用户9324303167540最美的相遇"	,2,"7672256071524389354"	,"https://api-app-proxy.tarsocial.com/api/token/v2/rewrite_url?url=UxI1mE1VtivWWENn8adpDmG3kF8SwGcheiC2XVx5H1lXHJBulcJ0DUFg9Nh18KhEyecXZLsuP_qLypgJP9Di5w"	,,"用户981868四哥关注 1206 特等奖 35岁少妇一个限2026年12月30日过期作废喝了这么多年的啤酒今天终于中奖了昨天11:29 共20条评论留下你的友善评论吧 @?"	,"用户981868四哥关注1206特等奖35岁少妇一个限2026年12月30日过期作废喝了这么多年的啤酒今天终于中奖了昨天11:29共20条评论留下你的友善评论吧"	,,
啤酒行业-行业-高,"2026-08-10 12:31:42"	,"kuaishou"	,,23,1,1,"4857306267"	,,"没素质"	,22,"3xgehibgtdkxe5y"	,"https://api-app-proxy.tarsocial.com/api/token/v2/rewrite_url?url=RW0E0pZpZ4b3TC4TLqOUvVGxn8_YPQ3rSoWGd-9tUfnpG6ZVTYCWzEhf9LREYOobphZUfXnyQvaaX8I7DC3T2nzR4HH64z6eB5Nu2dgT_LM"	,"融安演唱会结束感谢璃泉啤酒 #已成年道具假酒"	,,"尚京啤鸡 ANNO EEE 2件；态；COUT GRA；美荣汉"	,"融安演唱会结束感谢璃泉啤酒 #已成年道具假酒"	,"中性"	
啤酒行业-行业-高,"2026-08-10 12:25:33"	,"douyin"	,,1,32,,"1433394877311552"	,,"北珩"	,1,"7672254413881203173"	,"https://api-app-proxy.tarsocial.com/api/token/v2/rewrite_url?url=UxI1mE1VtivWWENn8adpDmG3kF8SwGcheiC2XVx5H1kAJDRA5-zMC2ytpLN8KgH3RS-DXi-CoiPXAqm6ybkm8g"	,"这人有人样吗？还是人类吗？#神人 #聊天记录 #扎啤 #老贝榨"	,"你为什么要站在地上你已经过期了你又看什么了你怎么老不接电话啊我以后有事不能给你打字了是吗布柿！怎么老贝榨啊？！ 老贝榨鲜炸单证你在干嘛"	,"你为什么要站在地上你已经过期了你又看什么了喂你怎么老不接电话啊我以后有事不能给你打字了是吗布柿!怎么老贝榨啊？!贝榨鲜炸菜丝你在干嘛#####你别以为我没看到哎又是规定规定我什么时候能去美国问号扎啤挂抖音了签证没办好你就快办啊不行你就先回来破手机破手机の#####我什么时候能去美国问号扎啤挂抖音了签证没办好你就快办啊不行你就先回来破手机破手机你每天没完了是吧你要干嘛我让你走了吗看我抖音"	,,"中性"	
啤酒行业-行业-高,"2026-08-10 12:24:09"	,"weibo"	,,0,104,,5380730036,,"猫猫生威_"	,,"5330341248109512"	,"https://api-app-proxy.tarsocial.com/api/token/v2/rewrite_url?url=bETNdXXxBw6SRVox7gALQ57dFPEt7mqF7TRm6Rn1MrOy9dG9T2wZdrQNQ0ngUTA0Pck2BTrWcVYSbAKs58mOSQ"	,"爱吃多吃。 ​​​"	,"01:56   26 uuu So... you X A-许佳茹你是不是发痛了你给许佳慧买榴莲是不是我现在就想问谁教她喝酒前吃榴莲的我现在房间都不想进去臭的发晕了你俩喝酒以后能不能把这东西先拉黑再去呢 3分钟前 A-许佳茹：吐完我还得收拾这味道谁想闻 Z-雷雅斯喜提双人wink～ @猫猫生威"	,"01:56   26 uuu So... you X A-许佳茹你是不是发痛了你给许佳慧买榴莲是不是我现在就想问谁教她喝酒前吃榴莲的我现在房间都不想进去臭的发晕了你俩喝酒以后能不能把这东西先拉黑再去呢 3分钟前 A-许佳茹：吐完我还得收拾这味道谁想闻 Z-雷雅斯喜提双人wink～ @猫猫生威；!! 51 11:19 Z-梁卓磊早安。 胃痛起来喝点水别整乱七八糟的了 10:59 戒酒。 11:16 昨天喝完不挺可爱的神你会拯救我 1条新消息品戒酒 0 @猫猫生威；!!  50 11:19 Z-梁卓磊还思考了半天然后打开抖音发现是我。 我笑到三点才睡。 越笑越想吐然后她就瞪着眼蹲门口守着。 的数！ 还有后续你好的坏的我要笑死了 U @猫猫生威；00:13 !!! 5G 39 豆包 R AI生成可能有误注意核实豆包，豆包，我喝了两大杯啤酒，然后吃了两块榴莲，我有事没事。 先别慌！少量啤酒+两块榴莲多数人不会出事，但要盯紧接下来1-2小时的状态。 原理网传榴莲配酒中毒，不是产生剧毒：榴莲里面硫化物会减慢酒精代谢，酒更容易上头、醉得更快，心脏负担变大。 现在立刻做 1.停下来不要再喝酒，也别继续吃榴莲 2.多喝温水，坐着或者半躺着休息，不要走动乱跑、不要洗澡 3.不要催吐 4.接下来2小时重点观察 ！出现下面任意一种马上就医 ·心慌、心跳特别快、胸闷、胸口发紧 ·头晕站不稳、恶心持续想吐、出冷汗 ·呼吸困难、脸发麻你现在有没有心慌、月胸准受的感觉？ 快速 AI创作帮我写作打电话买按住说话 ? + @猫猫生威"	,"爱吃多吃。"	,"中性"	
啤酒行业-行业-高,"2026-08-10 12:22:52"	,"weibo"	,,151,11069,,6037486678,23,"白兔油_"	,128,"5330340923051508"	,"https://api-app-proxy.tarsocial.com/api/token/v2/rewrite_url?url=bETNdXXxBw6SRVox7gALQ5hMofEuG0Nss2eFSG1F9qvoboJRMAe-iS8xgldxwCQfJChPm83g2T8Sng8cDOHkSA"	,"#ArianaGrande[超话]# 🚨🚨🚨一件很好笑的事情：petal专辑中的第二支主打单曲petal首周电台为3.8m，但是非主打单曲stay却被团队选为电台主推单曲获得了6.9m的电台

但是团队却没有为stay配置任何流媒体平台列表推广，而是将列表推广给了petal和oh well

#ariana grande#http://t.cn/AXNVObns ​​​"	,"ont Poist FeWoC Sat 294 4.2 R.5m HtThtMcLo 2 40 29% 633m 50 TT.om 10 3日 35 4.om 33.0m 10.4 4 2.9 H.Dm 0 545 7.7n Setyomeim) 64 77 41 140 2.0 87 148 D% 50 D 0.5 9U 0.8 6.2m 48.3 Dre 42 STFL PupisSsog .54 LEH 14.0 0.5k 05.2 25 109 2 07 3 4 30.6n 62 23: 0.60 60 14.0 04 m.5m 2.hr 00.2 9.7m."	,"Airpley Rank +/- Song @talkofthecharts Points % Peak WoC Sales % Streams % % Units 1 Choosin'Texas Ella Langley 294 -2% 1 42 9.5k 3% 24.3m 70% 54.5m26% 208.0k +6 Hate That I Made You Love Me Ariana Grande 233 46% 1 10 4.0k 2% 18.5m 72% 42.5m26% 169.6k -1 Been By Now Morgan Walen 188 -32% 2 3.0k 2% 19.5m 90% 11.lm 日% 164.5k 4 -1 IKnew It""I Knew You TaylorSwift 180 -5% 9 2.0k 1% 10.5m 48% 63.9m 51% 84.2k 5 NEW Ariana Grande Petal 177 5 1 5.0k 3% 17.6m 94% 3.8m 3% 170.6k -1 Boston Stella Lefty 174 -1% 3 18 3.5k 2% 14.9m 77% 33.0m 27% 120.6k 7 -3 ICan'tLoveYouAnymore Ella LangleyMorgan Wailn 172 -3% A 15 2.5k 1% 14.0m 68% 36.9m31% 112.7k 8 -2 Dracula TamempalaE JENNIE 160 -1% 5 45 1.5k 1% 7.7m 41% 64.6m58% 65.8k a -2 SoEasy（ToFall InLove) OliviaDean 159 -1% 5 45 1.0k 1% 7.7m 42% 64.1m 58% 65.1k 10 -1 BeHer Ella Langley 155 -2% 2 25 2.5k 1% 14.0m 78% 22.0m20% 118.7k 11 -1 ManINeed 148 0% 2 50 0.9k 1% 10.5m 62% 38.4m37% Olivis Desn 91.1k 12 -1 RiskltAll Bruno Mars 147 2% 4 23 0.8k 1% 6.2m 34% 67.7m66% 48.1k 13 -1 IJustMight Bruno Mars 133 -5% 30 1.0k 1% 6.2m 37% 57.8m62% 47.3k 14 -1 Drop Dead Oliva Rodrigo 127 -6% 1 16 0.6k 0% 7.8m 52% 42.8m 48% 64.2k 15 -1 Janice STFU Drake 123 -8% 1 12 0.3k 0X 10.5m 79% 18.1m 21% 96.0k 16 -1 Stupid Song Olvia Rodrigo 122 0% 3 8 0.5k 0% 11.5m B6% 11.7m 14% 104.0k 17 -1 Midnight Sun Zara Larsson 121 0% 14 29 1.0k 1% 6.5m 45% 45.7m54% 54.7k 18 NEW Stay Ariena Grande 115 -- 18 1 0.5k 0% 10.7m 91% 6.9m 9% 105.2k 19 NEW KissMe Ariana Grande 111 19 1 0.7k 1% 10.9m 96% 2.6m 3% 106.8k 20 -1 BeByYou Luke Combs 10 1% 12 25 1.0k 1% 7.6m 56% 32.8m43% 59.5k 21 -4 Don'tWe Morgan Walen 109 -6% b 27 0.6k 1% 7.1m 57% 32.5m42% 60.9k 22 -4 Dead Fresh LilBaby 107 -7% 18 3 0.4k 0% 10.6m 1.4m 6.8m 9% 96.2k 23 NEW LikeIDo Ariana Grande 105 23 1 0.8k 1% 10.6m 99% 0.0m 0% 104.6k 24 NEW OhWell Arisna Grande 105 24 1 0.4k 0% 10.5m 98% 0.9m 1% 103.2k 25 NEW AhHa Cardi B 104 25 9.5k 9% 9.7m 83% 5.6m 8% 95.5k"	,"#ArianaGrande[超话]# 🚨🚨🚨一件很好笑的事情：petal专辑中的第二支主打单曲petal首周电台为3.8m，但是非主打单曲stay却被团队选为电台主推单曲获得了6.9m的电台 但是团队却没有为stay配置任何流媒体平台列表推广，而是将列表推广给了petal和oh well #ariana grande#[#ariana grande#](http://t.cn/AXNVObns)"	,"中性"	
啤酒行业-行业-高,"2026-08-10 12:21:50"	,"toutiao"	,283,0,,,"1107941864244904"	,,"风云再起"	,,"1873108753713283"	,"https://api-app-proxy.tarsocial.com/api/token/v2/rewrite_url?url=1YusuDMvr9od4K_K1MN8mlDDzP1nPFJ1ypc-UlWqfKCpa2eXjriwnN7tD-9z24KIjLfaYq_5k5sxc6HwTW3Hmg"	,"#喝一杯啤酒开车能查出酒驾吗?# 喝一杯啤酒开车能不能查出酒驾，还真不好说。判断酒驾得看血液酒精含量，超 20mg/100ml 但小于 80mg/100ml 算酒驾，超 80mg/100ml 就是醉驾。
市面上啤酒杯容量大概 360 - 500ml，要是一个人体重 120 斤，240 毫升啤酒就可能达到醉驾标准，喝这么一杯基本就是酒驾了。不过，每个人肝脏分解酒精速度不同。一般成年人分解速度是 10 - 15ml/h，三小时后可能查不出酒驾。但有人吸收快、分解快，短时间就能开车；有人吸收慢、分解慢，可能一夜后酒精含量还超标。酒驾违法成本高，为了安全，还是别冒险。 "	,,,"#喝一杯啤酒开车能查出酒驾吗?# 喝一杯啤酒开车能不能查出酒驾，还真不好说。判断酒驾得看血液酒精含量，超 20mg/100ml 但小于 80mg/100ml 算酒驾，超 80mg/100ml 就是醉驾。
市面上啤酒杯容量大概 360 - 500ml，要是一个人体重 120 斤，240 毫升啤酒就可能达到醉驾标准，喝这么一杯基本就是酒驾了。不过，每个人肝脏分解酒精速度不同。一般成年人分解速度是 10"	,"中性"	
啤酒行业-行业-高,"2026-08-10 12:20:57"	,"douyin"	,,0,34,,"61082685005"	,,"@Lv  咖咖"	,,"7672253228112808421"	,"https://api-app-proxy.tarsocial.com/api/token/v2/rewrite_url?url=UxI1mE1VtivWWENn8adpDmG3kF8SwGcheiC2XVx5H1msYxsw05WuBd-TbivdBxyKRDQv_Fy5E0TDqVGc6Fxaxw"	,"谁懂啊？#啤酒"	,"这是买到错版了？还是买到假酒了？有没有懂的？ hongQing 重慶啤酒净含量：500ml"	,"这是买到错版了？还是买到假酒了？有没有懂的？净含量：500mLlhong Qirn重接啤酒零含量500ml"	,,"中性"	
啤酒行业-行业-高,"2026-08-10 12:20:02"	,"weibo"	,,33,11069,,6037486678,3,"白兔油_"	,30,"5330340210018746"	,"https://api-app-proxy.tarsocial.com/api/token/v2/rewrite_url?url=bETNdXXxBw6SRVox7gALQ5hMofEuG0Nss2eFSG1F9qu1yerxEvjFpJGxYWTVOrx7nrDeLp9ZWNFtdTbpV2sVlQ"	,"#ArianaGrande[超话]# 🚨🚨🚨根据知名预测博主TOTC的预测，petal全专将会空降Billboard Hot 100前40！！！

这是Ariana Grande首次达成该成就！！！此前thank u，next曾达成全专空降billboard Hot 100前50的成就，最低排名make up为48位

#ariana grande#http://t.cn/AXNVObns ​​​"	,"ont Poist FeWoC Sat 294 4.2 R.5m HtThtMcLo 2 40 29% 633m 50 TT.om 10 3日 35 4.om 33.0m 10.4 4 2.9 H.Dm 0 545 7.7n Setyomeim) 64 77 41 140 2.0 87 148 D% 50 D 0.5 9U 0.8 6.2m 48.3 Dre 42 STFL PupisSsog .54 LEH 14.0 0.5k 05.2 25 109 2 07 3 4 30.6n 62 23: 0.60 60 14.0 04 m.5m 2.hr 00.2 9.7m."	,"Airpley Rank +/- Song @talkofthecharts Points % Peak WoC Sales % Streams % % Units 1 Choosin'Texas Ella Langley 294 -2% 1 42 9.5k 3% 24.3m 70% 54.5m26% 208.0k +6 Hate That I Made You Love Me Ariana Grande 233 46% 1 10 4.0k 2% 18.5m 72% 42.5m26% 169.6k -1 Been By Now Morgan Walen 188 -32% 2 3.0k 2% 19.5m 90% 11.lm 日% 164.5k 4 -1 IKnew It""I Knew You TaylorSwift 180 -5% 9 2.0k 1% 10.5m 48% 63.9m 51% 84.2k 5 NEW Ariana Grande Petal 177 5 1 5.0k 3% 17.6m 94% 3.8m 3% 170.6k -1 Boston Stella Lefty 174 -1% 3 18 3.5k 2% 14.9m 77% 33.0m 27% 120.6k 7 -3 ICan'tLoveYouAnymore Ella LangleyMorgan Wailn 172 -3% A 15 2.5k 1% 14.0m 68% 36.9m31% 112.7k 8 -2 Dracula TamempalaE JENNIE 160 -1% 5 45 1.5k 1% 7.7m 41% 64.6m58% 65.8k a -2 SoEasy（ToFall InLove) OliviaDean 159 -1% 5 45 1.0k 1% 7.7m 42% 64.1m 58% 65.1k 10 -1 BeHer Ella Langley 155 -2% 2 25 2.5k 1% 14.0m 78% 22.0m20% 118.7k 11 -1 ManINeed 148 0% 2 50 0.9k 1% 10.5m 62% 38.4m37% Olivis Desn 91.1k 12 -1 RiskltAll Bruno Mars 147 2% 4 23 0.8k 1% 6.2m 34% 67.7m66% 48.1k 13 -1 IJustMight Bruno Mars 133 -5% 30 1.0k 1% 6.2m 37% 57.8m62% 47.3k 14 -1 Drop Dead Oliva Rodrigo 127 -6% 1 16 0.6k 0% 7.8m 52% 42.8m 48% 64.2k 15 -1 Janice STFU Drake 123 -8% 1 12 0.3k 0X 10.5m 79% 18.1m 21% 96.0k 16 -1 Stupid Song Olvia Rodrigo 122 0% 3 8 0.5k 0% 11.5m B6% 11.7m 14% 104.0k 17 -1 Midnight Sun Zara Larsson 121 0% 14 29 1.0k 1% 6.5m 45% 45.7m54% 54.7k 18 NEW Stay Ariena Grande 115 -- 18 1 0.5k 0% 10.7m 91% 6.9m 9% 105.2k 19 NEW KissMe Ariana Grande 111 19 1 0.7k 1% 10.9m 96% 2.6m 3% 106.8k 20 -1 BeByYou Luke Combs 10 1% 12 25 1.0k 1% 7.6m 56% 32.8m43% 59.5k 21 -4 Don'tWe Morgan Walen 109 -6% b 27 0.6k 1% 7.1m 57% 32.5m42% 60.9k 22 -4 Dead Fresh LilBaby 107 -7% 18 3 0.4k 0% 10.6m 1.4m 6.8m 9% 96.2k 23 NEW LikeIDo Ariana Grande 105 23 1 0.8k 1% 10.6m 99% 0.0m 0% 104.6k 24 NEW OhWell Arisna Grande 105 24 1 0.4k 0% 10.5m 98% 0.9m 1% 103.2k 25 NEW AhHa Cardi B 104 25 9.5k 9% 9.7m 83% 5.6m 8% 95.5k；Airplay Rank +/- Song @talkofthecharts Points % Peak WoC Sales % Streams % % Units 26 -5 Spend Dat Yung Miami 96 -6% 17 11 0.6k 1% 6.7m 60% 26.6m40% 56.4k 27 iEarrings -6 Malcolm Todd 96 -2% 20 24 0.1k 0% 10.1m 99% 7.0m 10% 84.9k 28 NEW BigFeelings Ariana Grande 95 28 0.4k 0% 9.6m 98% 0.9m 1% 94.1k 29 -4 Babydoll Dominic Fike 94 2% 16 26 0.2k 0% 7.6m 69% 20.2m 31% 64.1k RC Stateside PinkPantheress Zara Laresen 91 -5% 6 30 0.2k 0% 5.7m 56% 28.2m44% 50.6k 30 -10 Dai Dai Shekire &Burre Boy 88 -15% 17 8 2.Ok 2% 7.1m 73% 15.3m 25% 65.6k 31 NEW Freak Ariana Grande 87 31 0.4k 0% 8.9m 100% 0.0m 0% 87.2k 32 NEW Never GetOverMe ArianaGrande 86 32 0.5k 1% 8.8m 99% 0.0m 0% 86.2k 33 The Cure -7 Olvia Rodrigo 84 -4% 5 11 0.2k 0% 9.2m 99% 0.4m 1% 83.1k NEW Bad Thing(Bunny Hop) 34 ArianaCrando 79 34 O.4k 8.0m 99% 0.0m 0% 78.8k 35 8 Shabang Dreke 78 -4% 4 12 0.3k 0% 5.7m 66% 18.7m 34% 50.4k 36 -12 Animal Katseye 78 17% 24 2 0.6k 1% 8.6m 93% 3.4m 6% 71.7k 37 NEW Warning Signs(Interlude) Ariana Grande 75 37 0.2k 0% 7.7m 100% 0.0m 0% 75.4k 38 NEW 2 Nowhere""Nobody Ariana Grando 75 38 1 O.4k 1% 7.6m 99% 0.0m 0% 74.6k 39 -11 Homewrecker Sombr 72 -3% 15 26 0.4k 5.2m 62% 19.0m 38% 42.8k 40 What You Need Terms 70 -4% 29 20 0.4k 1% 4.2m 48% 25.3m 52% 31.k 41 -10 Loving Life Again EllaLangley 70 0% 21 20 0.9k 1% 6.8m 79% 9.6m 20% 52.1k 42 -12 Cinderella Mac Millar feat Ty Dola fign 69 -3% 25 13 0.2k 0% 7.6m 95% 2.5m 5% 65.8k Losor 43 RE TamoImpola 65 43 2 0.8k TX 6.5m 95% 1.5m 3% 62.6k 44 Morning Dew(Donk) +6 Beyonce 65 25% 26 5 LOk 2% 5.7m 80% 8.4m 19% 51.9k 45 +29 Cowgirl Shaboozey 64 50% 45 5 2.0k 3% 6.5m 88% 4.lm 9% 55.8k 46 -12 Orbiter NoahKahan 62 -3% 34 15 0.7k 1% 6.6m 96% 1.4m 3% 59.2k 47 -15 Wonderwall Oasis 61 -9% 8 24 O.4k 1% 6.6m 95% 1.9m 4% 57.1k 48 -11 SelfAware TemporCity 60 -2X 37 17 O.4k 6.1m 87% 5.3m 13% 51.3k 49 Hit The Wall Crecie Abrams 60 3% 26 12 0.3k 0% 4.4m 62% 15.6m 37% 35.6k RC E85 Don Toliver 59 -3% 15 26 0.1k 0% 5.8m 90% 4.2m 10% 52.6k 50 -15 Freakin'Out Destar anc The Moonrocks 58 -0% 33 20 0.4k 1% 5.6m 88% 4.5m 11% 50.7k"	,"#ArianaGrande[超话]# 🚨🚨🚨根据知名预测博主TOTC的预测，petal全专将会空降Billboard Hot 100前40！！！ 这是Ariana Grande首次达成该成就！！！此前thank u，next曾达成全专空降billboard Hot 100前50的成就，最低排名make up为48位 #ariana grande#[#ariana grande#](http://t.cn/AXNVObns)"	,"中性"	
啤酒行业-行业-高,"2026-08-10 12:19:26"	,"kuaishou"	,,0,410,,"1519003494"	,,"ᕙ终是过客ᕙ"	,,"3xc5ssmxdirrcie"	,"https://api-app-proxy.tarsocial.com/api/token/v2/rewrite_url?url=9ztplZmWLh3u69xTkhscCpmkZPB7DFcSEau1U7XU0GUi-pM002p3LVpuUqt0RahG35-4eDqozEuD9EcdEfDR1Q"	,"#啤酒瓶盖中奖 #奖励自己的100种方式分享 #人生是刮刮乐  今天的运气有点好啊"	,"特等奖 26岁美女一个限2026年12月30日过期作废这个这个今天运气有点好啊"	,,"#啤酒瓶盖中奖 #奖励自己的100种方式分享 #人生是刮刮乐  今天的运气有点好啊"	,
啤酒行业-行业-高,"2026-08-10 12:14:53"	,"kuaishou"	,,16,288,,"3659251581"	,4,"양·"	,12,"3xhrwr6daa487cu"	,"https://api-app-proxy.tarsocial.com/api/token/v2/rewrite_url?url=RW0E0pZpZ4b3TC4TLqOUvVGxn8_YPQ3rSoWGd-9tUfnwZmaSlJ9FnDpA-E3sxzt2sOrpc6Ou3d3bCkXQYvbux7LYSn8aoCux0hTgoxh65LM"	,"总有人教我成长 但方式不值得感谢 #已成年道具假酒"	,"杜尔伯特"	,"杜尔伯特；喝的很好听哦！要天天开心，好好吃饭 WF 要切歌糍續唱我們的歌 veiser Budweiser eeiser Budweiser weiser；https://proxy.zhuzher.com/rtindex.htm a CD 淘宝订单团订单伊佰旅馆住哲云PMS 房态中心预订管理入住管理客户关系短信营销报表中心更多（7） 云平台随手记消息智AI 营销交班日志 210 412 欧式大床房 510 512 人电欧式大床房 60 05 607 610 611 612 大床房张可然王江悦标间欧式大床房 08月10日11:45上午；li""s* 625／杯口的生椰拿铁/加奶油冰16冰杯可际微型，加奶油，意式豆004，16 水杯品身标证于饮品及孕料检测报告等折障，基于标享制作教明优选上等网拉比卡豆；嘎茶饮“头子” IDPE购物袋非食品接触用弱碱性天然苏打水；UN"	,"总有人教我成长 但方式不值得感谢 #已成年道具假酒"	,"中性"	
啤酒行业-行业-高,"2026-08-10 12:12:26"	,"app"	,,0,1,,"c9ae94af94804ecc8510f6eeb8e8a96d"	,,"邦立论娱乐"	,,"cec3acf566dd82a344fd988f560cc5c2"	,"https://api-app-proxy.tarsocial.com/api/token/v2/rewrite_url?url=2bLGHyZ3vkuSnkPhJVE00PgLN0A7WpUcCXcPEMf-wCIEcvfBXyiEi3pe-K4nA3REqxNI6vXb_4ALOipri93PFcIDYtwCyQ899alL_eko3OYKr_AHNmhA-PI65Pqsvzn2xNGoH2qBcWm8BLyq9cR7SuncCUj58_gjnEFyboKXY54kuPPpwOjOxWxqEkyNK6US"	,"【本周Billboard Hot 100单曲榜终极预测】/Cardi B新单曲《Ah Ha》将空降No.25！Ariana Grande新专辑将全专上榜！同名曲《petal》将空降No.5！ Billboard CardiBArianaGrande"	,"Song Rank +/- @talkofthecharts Points % Peak WoC Sales % Streams % Airplay % Units Spend Dat 26 -5 96 -6% 17 11 0.6k 1% 6.7m 60% 26.6m 40% 56.4k Yung Miami Earrings 27 -5 96 -2% 20 24 0.1k 0% 10.1m 89% 7.0m 10% 84.9k MalcolmTodd Big Feelings 28 NEW 95 28 1 0.4k 0% 9.6m 98% 0.9m 1% 94.1k Ariana Grande 4 Babydoll 29 -4 94 2% 16 26 0.2k 0% 7.6m 69% 20.2m 31% 64.1k DominicFike Stateside RC 91 -5% 6 30 0.2k 0% 5.7m 56% 28.2m 44% PinkPantheress &Zara Larsson 50.6k OADA Dai Dai 30 -10 88 -15% 17 8 2.0k 2% 7.1m 73% 15.3m 25% 65.6k Shakira&Burna Boy Freak 31 NEW 87 31 1 0.4k 0% 8.9m 100% 0.0m 0% 87.2k Ariana Grande NeverGetOver Me 32 NEW 86 -- 32 1 0.5k 1% 8.8m 99% 0.0m 0% 86.2k Ariana Grande The Cure 33 -7 84 -4% 5 11 0.2k 0% 9.2m 99% 0.4m 1% 83.1k Olivia Rodrigo Bad Thing (Bunny Hop) 34 NEW 79 34 1 0.4k 1% 8.0m 99% 0.0m 0% 78.8k Ariana Grande Shabang 35 -8 78 -4% 12 0.3k 0% 5.7m 66% 18.7m 34% 50.4k Drake Animal 36 -12 78 -17% 24 2 0.6k 1% 8.6m 93% 3.4m 6% 71.7k Katseye Warning Signs(Interlude) 37 NEW 75 37 1 0.2k 0% 7.7m 100% 0.0m 0% 75.4k ArianaGrande Nowhere""Nobody 38 NEW 75 - 38 0.4k 1% 7.6m 99% 0.0m 0% 74.6k Ariana Grande Homewrecker 39 -11 72 -3% 15 26 0.4k 1% 5.2m 62% 19.0m 38% 42.8k Sombr WhatYou Need 40 -11 70 -4% 29 20 0.4k 1% 4.2m 48% 25.3m 52% 31.1k Tems Loving Life Again 41 -10 70 0% 21 20 0.9k 1% 6.8m 79% 9.6m 20% 52.1k Ella Langley Cinderella 42 -12 69 -3% 25 13 0.2k 0% 7.6m 95% 2.5m 5% Mac Miller feat. Ty Dolla $Sign 65.8k Loser 43 RE 65 43 2 0.8k 1% 6.5m 95% 1.5m 3% 62.6k Tame Impala Morning Dew (Donk) 44 +6 65 25% 26 5 1.0k 2% 5.7m 80% 8.4m 19% 51.9k Beyonce Cowgirl 45 +29 64 50% 45 5 2.0k 3% 6.5m 88% 4.1m 9% 55.8k Shaboozey Orbiter 46 -12 62 -3% 34 15 0.7k 1% 6.6m 96% 1.4m 3% 59.2k NoahKahan Wonderwall 47 -15 61 -9% 8 24 0.4k 1% 6.6m 95% 1.9m 4% 57.1k Oasis SelfAware 48 -11 60 -2% 37 17 0.4k 1% 6.1m 87% 5.3m 13% 51.3k Temper City Hit TheWall 49 -8 60 3% 26 12 0.3k 0% 4.4m 62% 15.6m 37% 35.6k Gracie Abrams E85 RC 59 -3% 15 26 0.1k 0% 5.8m 90% 4.2m 10% 52.6k Don Toliver Freakin'Out 50 -15 58 -6% 33 20 0.4k 1% 5.6m 88% 4.5m 11% 50.7k Dexter and The Moonrocks"	,"Song Rank +/- @talkofthecharts Points % Peak WoC Sales % Streams % Airplay % Units Spend Dat 26 -5 96 -6% 17 11 0.6k 1% 6.7m 60% 26.6m 40% 56.4k Yung Miami Earrings 27 -5 96 -2% 20 24 0.1k 0% 10.1m 89% 7.0m 10% 84.9k MalcolmTodd Big Feelings 28 NEW 95 28 1 0.4k 0% 9.6m 98% 0.9m 1% 94.1k Ariana Grande 4 Babydoll 29 -4 94 2% 16 26 0.2k 0% 7.6m 69% 20.2m 31% 64.1k DominicFike Stateside RC 91 -5% 6 30 0.2k 0% 5.7m 56% 28.2m 44% PinkPantheress &Zara Larsson 50.6k OADA Dai Dai 30 -10 88 -15% 17 8 2.0k 2% 7.1m 73% 15.3m 25% 65.6k Shakira&Burna Boy Freak 31 NEW 87 31 1 0.4k 0% 8.9m 100% 0.0m 0% 87.2k Ariana Grande NeverGetOver Me 32 NEW 86 -- 32 1 0.5k 1% 8.8m 99% 0.0m 0% 86.2k Ariana Grande The Cure 33 -7 84 -4% 5 11 0.2k 0% 9.2m 99% 0.4m 1% 83.1k Olivia Rodrigo Bad Thing (Bunny Hop) 34 NEW 79 34 1 0.4k 1% 8.0m 99% 0.0m 0% 78.8k Ariana Grande Shabang 35 -8 78 -4% 12 0.3k 0% 5.7m 66% 18.7m 34% 50.4k Drake Animal 36 -12 78 -17% 24 2 0.6k 1% 8.6m 93% 3.4m 6% 71.7k Katseye Warning Signs(Interlude) 37 NEW 75 37 1 0.2k 0% 7.7m 100% 0.0m 0% 75.4k ArianaGrande Nowhere""Nobody 38 NEW 75 - 38 0.4k 1% 7.6m 99% 0.0m 0% 74.6k Ariana Grande Homewrecker 39 -11 72 -3% 15 26 0.4k 1% 5.2m 62% 19.0m 38% 42.8k Sombr WhatYou Need 40 -11 70 -4% 29 20 0.4k 1% 4.2m 48% 25.3m 52% 31.1k Tems Loving Life Again 41 -10 70 0% 21 20 0.9k 1% 6.8m 79% 9.6m 20% 52.1k Ella Langley Cinderella 42 -12 69 -3% 25 13 0.2k 0% 7.6m 95% 2.5m 5% Mac Miller feat. Ty Dolla $Sign 65.8k Loser 43 RE 65 43 2 0.8k 1% 6.5m 95% 1.5m 3% 62.6k Tame Impala Morning Dew (Donk) 44 +6 65 25% 26 5 1.0k 2% 5.7m 80% 8.4m 19% 51.9k Beyonce Cowgirl 45 +29 64 50% 45 5 2.0k 3% 6.5m 88% 4.1m 9% 55.8k Shaboozey Orbiter 46 -12 62 -3% 34 15 0.7k 1% 6.6m 96% 1.4m 3% 59.2k NoahKahan Wonderwall 47 -15 61 -9% 8 24 0.4k 1% 6.6m 95% 1.9m 4% 57.1k Oasis SelfAware 48 -11 60 -2% 37 17 0.4k 1% 6.1m 87% 5.3m 13% 51.3k Temper City Hit TheWall 49 -8 60 3% 26 12 0.3k 0% 4.4m 62% 15.6m 37% 35.6k Gracie Abrams E85 RC 59 -3% 15 26 0.1k 0% 5.8m 90% 4.2m 10% 52.6k Don Toliver Freakin'Out 50 -15 58 -6% 33 20 0.4k 1% 5.6m 88% 4.5m 11% 50.7k Dexter and The Moonrocks；Units Rank +/- Song @talkofthecharts Points % PeakWoC Sales % Streams % Airplay % Don't Tell On Me 51 -12 58 -4% 34 17 0.3k 0% 2.5m 26% 29.6m 73% 12.8k JasonAldean Mexico Honey 52 -12 57 -2% 40 10 0.4k 1% 6.5m 97% 0.7m 2% 53.1k Kacey Musgraves Oh Yeah? 53 NEW 57 -- 53 1 0.4k 1% 5.8m 99% 0.0m 0% 56.6k SteveLacy American Girls RC 55 -15% 4 21 0.4k 1% 4.2m 67% 12.3m32% 36.3k Harry Styles Mr.Know It All 54 +9 53 11% 54 16 0.6k 1% 3.4m 43% 20.4m55% 19.8k TeddySwims Raindance 55 -4 52 3% 49 27 0.1k 0% 3.1m 51% 17.9m 49% 26.4k Dave&Tems RAMB Ghetto LoveStory 56 -12 52 -2% 44 5 0.3k 1% 5.6m 95% 1.5m 4% 49.9k BabyChiefDoit Phone""Keys""Wallet 57 +2 52 8% 57 9 0.7k 1% 4.8m 65% 12.1m 33% 30.7k Lainey Wilson & JohnMayer Hustle 58 NEW 52 58 1 0.2k 0% 5.7m 100% 0.0m 0% 51.8k RodWave Doors 59 -16 52 -4% 9 15 0.3k 1% 5.1m 91% 3.1m 9% 46.9k Noah Kahan Bloodstream 60 -15 52 -1% 45 5 0.1k 0% 6.3m 100% 0.1m 0% 51.2k Alyssa Grace -15 Something To Lose 61 52 -1% 40 10 0.4k 1% 6.7m 97% 0.9m 2% 45.3k StellaLeftyfeat.VincentMason RethinkSome Things 62 -8 51 3% 46 19 0.2k 0% 5.9m 85% 5.4m 15% 38.1k Luke Combs iloveitiloveitiloveit 63 -15 50 -4% 17 25 0.1k 0% 4.9m 83% 5.7m BellaKay 16% 41.0k -7 Chevy Silverado 64 49 1% 7 0.2k 57 0% 1.2m 18% 28.2m82% BaileyZimmerman 8.2k Pop Dat Thang RC 49 -10% 26 26 0.1k 0% 4.4m 76% 8.1m 24% 36.4k DaBaby House Tour 65 -4 49 3% 27 14 0.1k 0% 2.6m 42% 19.9m 58% 19.5k  Sabrina Carpenter Great Expectation 66 -10 49 0% 56 5 0.2k 0% 5.0m 95% 1.7m 5% 46.4k Sienna Spirio HWoman 67 -12 49 -1% 55 17 0.3k 1% 2.1m 32% 23.3m68% 14.4k KaneBrown Chicago RC 49 -7% 26 10 0.2k 0% 5.5m 100% 0.0m 0% 48.6k Michael Jackson Hate How You Look 68 -10 48 0% 52 18 0.2k 0% 1.7m 29% 23.8m 71% 13.4k Josh Ross Rein Me In 69 48 7% 64 20 0.6k 1% 4.8m 92% 2.2m 7% 44.4k Sam Fender&Olivia Dean WillingAndAble 70 -8 47 0% 26 15 0.3k 1% 5.0m 99% 0.0m 0% 47.3k NoahKahan Honeybee 71 -22 47 -9% 9 8 0.2k 0% 5.1m 100% 0.0m 0% 46.6k Olivia Rodrigo Noble 72 -19 47 -7% 53 13 0.0k 0% 5.1m 99% 0.2m 1% 46.2k F3mili Speed Demon 73 -6 45 1% 66 9 0.2k 0% 1.8m 35% 20.5m64% 15.7k Justin Bieber My Body Isn't Ready 74 2 45 3% 30 6 0.3k 1% 3.3m 59% 12.5m 40% 25.2k Sombr FeverDream RC 45 -27% 21 22 0.9k 2% 3.9m 68% 9.4m 30% 29.2k AlexWarren Misery. 75 -15 45 -7% 50 5 0.1k 0% 5.8m100% 0.0m 0% 44.7k Pupsies；PeakWoC Rank +/- Song @talkofthecharts Points % Sales % Streams % Airplay % Units Choosin'Texas 1 294 -2% 1 42 9.5k 3% 24.3m 70% 54.5m 26% 208.0k Ella Langley Hate That I Made You Love Me 2 +6 233 46% 1 10 4.0k 2% 18.5m 72% 42.5m 26% 169.6k Ariana Grande BeenByNow 3 188 -32% 2 2 3.0k 2% 19.5m 90% 11.1m 8% 164.5k Morgan Wallen IKnew It""IKnewYou 4 1 180 -5% 1 9 2.0k 1% 10.5m 48% 63.9m 51% 84.2k TaylorSwift Petal 5 NEW 177 5 1 5.0k 3% 17.6m 94% 3.8m 3% 170.6k Ariana Grande Boston 6 -1 174 -1% 3 18 3.5k 2% 14.9m 71% 33.0m 27% 120.6k Stella Lefty ICan't LoveYouAnymore 7 -3 172 -3% 4 15 2.5k 1% 14.0m 68% 36.9m 31% 112.7k EllaLangley&MorganWallen Dracula 8 -2 160 -1% 45 1.5k 1% 7.7m 41% 64.6m 58% 65.8k Tame Impala&JENNIE So Easy(To Fall In Love) 9 2 159 -1% 5 45 1.0k 1% 7.7m 42% 64.1m 58% 65.1k Olivia Dean BeHer 10 -1 155 -2% 2 25 2.5k 1% 14.0m 78% 22.0m 20% 118.7k EllaLangley ManINeed 11 -1 148 0% 2 50 0.9k 1% 10.5m 62% 38.4m 37% 91.1k OliviaDean Risk It All 12 147 2% 4 23 0.8k 1% 6.2m 34% 67.7m 66% 48.1k BrunoMars IJust Might 13 133 -5% 1 30 1.0k 1% 6.2m 37% 57.8m 62% 47.3k Bruno Mars Drop Dead 14 1 127 -6% 1 16 0.6k 0% 7.8m 52% 42.8m 48% 64.2k Olivia Rodrigo Janice STFU 15 123 -8% 1 12 0.3k 0% 10.5m 79% 18.1m 21% 96.0k Drake Stupid Song 16 -1 122 0% 3 8 0.5k 0% 11.5m 86% 11.7m 14% 104.0k Olivia Rodrigo Midnight Sun 17 -1 121 0% 14 29 1.0k 1% 6.5m 45% 45.7m 54% 54.7k Zara Larsson Stay 18 NEW 115 -- 18 1 0.5k 0% 10.7m 91% 6.9m 9% 105.2k ArianaGrande Kiss Me 19 NEW 111 19 1 0.7k 1% 10.9m 96% 2.6m 3% 106.8k Ariana Grande BeByYou 20 -1 110 1% 12 25 1.0k 1% 7.6m 56% 32.8m 43% 59.5k Luke Combs Don'tWe 21 -4 109 -6% 16 27 0.6k 1% 7.1m 57% 32.5m 42% 60.9k Morgan Wallen Dead Fresh 22 -4 107 -7% 18 3 0.4k 0% 10.6m 1.4m 6.8m 9% 96.2k Lil Baby LikeIDo 23 NEW 105 23 1 0.8k 1% 10.6m 99% 0.0m 0% 104.6k Ariana Grande OhWell 24 NEW 105 24 1 0.4k 0% 10.5m 98% 0.9m 1% 103.2k Ariana Grande AhHa 25 NEW 104 25 一 9.5k 9% 9.7m 83% 5.6m 8% 95.5k CardiB；Song Rank +/- @talkofthecharts Points % Peak WoC Sales % Streams % Airplay Units Carry On 76 1 Kenny Chesney 45 1% 69 7 0.4k 1% 2.4m 28% 22.4m 71% 9.1k 2Hard 4 TheRadio 77 -25 45 -12% 9 12 0.1k 0% 2.6m 54% 14.3m 46% 23.8k Drake Rubberz 78 -12 42 -8% 58 9 0.2k 0% 3.1m 69% 8.9m 31% 28.6k FenixFlexin McArthur RC 41 -7% 31 26 0.4k 1% 3.1m 65% 9.8m 34% 26.2k HARDY"" Eric Church""Morgan Wallen"" & Tim McGr Ran To Atlanta 79 -14 41 -9% 2 12 0.1k 0% 4.2m 97% 0.8m 3% 39.4k Drake feat.Future&MollySantana Expectations 80 -9 41 -8% 20 B 0.1k 0% 4.3m 100% 0.0m 0% Olivia Rodrigo 40.4k NightmaresToDreams 81 NEW 41 81 0.5k 1% 4.1m 97% 0.4m 2% 39.9k MeekMill MotionParty RC 40 -12% 37 20 0.2k 0% 3.1m 64% 10.1m 36% 24.9k BossManDlow Think As You Drunk 82 4 40 2% 78 6 0.5k 1% 2.7m 57% 11.6m 41% 22.8k Riley Green Ain'tIn LA 83 NEW 40 83 1 0.1k 0% 4.1m 100% 0.0m 0% 39.6k ADELA Maggots For Brains 84 -11 40 -9% 2 8 0.1k 0% 4.2m 100% 0.0m 0% 39.5k Olivia Rodrigo Poured 85 NEW 39 85 1 0.0k 0% 4.2m 100% 0.0m 0% 38.7k Lil Uzi Vert Matadora 86 +5 39 6% 86 2 0.2k 1% 4.1m 99% 0.1m 0% 37.9k Karol G BottomOfYourBoots 87 -10 38 -7% 20 16 0.5k 1% 4.3m 98% 0.1m 0% 37.1k EllaLangley Iconic By Mistake 88 -12 38 -8% 38 8 0.1k 0% 4.3m 98% 0.4m 1% 37.2k Le Ssrafimllitat Swim 89 -7 38 -4% 1 20 0.3k 1% 4.0m 94% 1.4m 5% 34.9k BTS Sue Me 90 +8 38 9% 90 2 0.2k 1% 3.8m 91% 2.2m 8% 33.7k Audrey Hobert South Of Sanity 91 -5 37 -1% 86 4 0.4k 1% 2.0m 44% 14.3m 55% 15.7k ZachTop Empty Words 92 -7 37 -2% 85 8 0.3k 1% 4.5m 88% 3.0m 12% 28.7k CoreyKent RE The Feeling 93 37 75 3 0.1k 0% 4.0m 98% 0.4m 2% 36.1k SteveLacy In My Room 94 -2 37 1% 57 14 0.1k 0% 3.6m 86% 3.4m 13% 31.7k JuliaWolf Brand New Chanels 95 NEW 36 95 1 0.6k 2% 3.6m 98% 0.0m 0% 35.7k Slayyyter What'sWrongWithMe 96 -13 36 -7% 17 8 0.1k 0% 3.8m 99% 0.2m 1% 35.6k Olivia Rodrigo&RobertSmith National Treasures 97 -16 36 -9% 6 12 0.0k 0% 3.8m 100% 0.0m 0% 35.8k Drake Sunburn 98 +1 36 4% 86 6 0.3k 1% 4.7m 99% 0.0m 0% 32.3k TuckerWetmore Whisper My Name 99 -19 36 -11% 3 12 0.0k 0% 3.8m 100% 0.0m 0% 35.3k Drake Less 100 -16 35 -9% 21 8 0.0k 0% 3.7m 100% 0.0m 0% 35.0k Olivia Rodrigo"	,"【本周Billboard Hot 100单曲榜终极预测】/Cardi B新单曲《"	,"中性"	
啤酒行业-行业-高,"2026-08-10 12:11:00"	,"app"	,1,0,3857,,"1731978574047520"	,,"心血管内科唐春平医生"	,,"5514749949136471683"	,"https://api-app-proxy.tarsocial.com/api/token/v2/rewrite_url?url=-7qL72dhE8FDO5PvtMjCPls6eez6F-_Cal5cuw6LYSqzcTnsLQmCA0MztTkC7jIKvYO8dwAzeCvw4TyIIBWKcgAK8FOEHSZecycd1jEe0VQ"	,"血压170高吗?严重吗?怎么办 ⚠️血压170，别不当回事！这篇能救命🆘 摸着良心说，收缩压170已经属于2级高血压（中危以上）了。它不是“有点高”，而是“明显超标”🚨——血管壁承受的压力比正常多了40-50mmHg，相当于一直往气球里猛打气，随时可能爆。 严重吗？分两种情况看👇 🔸如果你没有头晕、胸闷、视物模糊：属于“无症状高血压”，最危险！很多人的心梗、脑梗就是这么静默发生的。 🔸如果已经出现头痛、恶心、耳鸣、心慌：说明靶器官在报警，请立刻休息并复测，持续不降直接去急诊。 怎么办？记住三步，别慌但别拖👇 1️⃣立刻静坐15分钟，别走动、别情绪激动、别用力大便（这三点会让血压飙更高）。 2️⃣今天内找医生，别自己调药。医生会评估是否开始用药，或调整方案。记住：血压170不是靠喝芹菜汁能解决的，别拿偏方赌命。 3️⃣马上改生活方式：盐减到每天5g以下（一个啤酒瓶盖量），戒掉酒精和浓茶，晚上别熬夜，熬夜一晚血压能再升10-15mmHg。 最后说句扎心的：很多人没有感觉到任何不适，但血管已经在受损。血压170不是“还行”，而是身体亮起的红灯💔。别等中风了才后悔，现在就去测几次血压，记录下来给医生看。 #高血压科普# 血压高怎么办#心脑血管健康#健康常识 #医生提醒# 金牌药师# #白大褂朋友#"	,"高吗？严重吗？ 怎么办？ 170 100 mnHg 共注血压守护健康"	,"高吗？严重吗？ 怎么办？ 170 100 mnHg 共注血压守护健康；血压170高吗？严重吗？ 成人正常血压：收缩压90~139mmHg 舒张压60~89mmHg 血压170/（舒张压一般也会偏高） 属于高血压2级需要重视！ 长期高血压会增加心脑血管疾病风险；怎么办？记住这5点 1.及时就医：尽快到医院检查， E 遵医嘱评估和治疗 2.规律用药：按时服药，不可擅自停药或增减药量 3.健康生活：低盐低脂饮食， 戒烟限酒，坚持运动 4.控制体重：保持合理体重， 避免肥胖 5.定期监测：定期测量血压"	,"血压170高吗?严重...@心血管内科唐春平医生的动态"	,"中性"	
啤酒行业-行业-高,"2026-08-10 12:10:48"	,"douyin"	,,1,157,,"4318487573442813"	,,"我是珊珊吖"	,1,"7672250608749403627"	,"https://api-app-proxy.tarsocial.com/api/token/v2/rewrite_url?url=UxI1mE1VtivWWENn8adpDmG3kF8SwGcheiC2XVx5H1nuZ1iYfQGDBqimNPkoRrS1e8CpzmOOZlTBp3B_o6Kx_w"	,"英语短文"	,"STELLA: Our blog post about London is going to be great! LENNY: Thanks for coming with us"" Mr Sharma! MR SHARMA: That's OK kids. Now""we have to be back before half past five for the train""so don't get lost! MEERA: No problem"" Dad.It's...ten past two"" so we should have more than three hours. STELLA: Great.We want to get some interesting information for our blog.Where shall we go first? LENNY: It says here that Tower Bridge is the most famous bridge in London. Let's go there. MEERA: Dad"" how do we get to Tower bridge? MR SHARMA: Here you go""Meera! You ... can find it yourself! MEERA: What's that"" Dad? MR SHARMA: It's a map. LENNY:No""er""this is a map. MR SHARMA: No""Lenny""not today. No phones today.Let's have some fun!"	,"STELLA:OurblogpostaboutLondonisgoing tobegreat! LENNY:Thanksfor coming with us""MrSharma! MRSHARMA:That'sOKkids.Now""we have to bebackbeforehalfpastfivefor thetrain，so don'tgetlost! MEERA:Noproblem""Dad.It's...tenpast two，soweshould havemorethanthreehours. STELLA:Great.Wewanttogetsomeinteresting informationfor ourblog.whereshall wego first? LENNY:ItsaysherethatTowerBridgeisthe mostfamousbridgein London.Let'sgo there. MEERA:Dad""howdo wegettoTowerbridge? MRSHARMA:Hereyougo""Meera!You.. canfindityourself! MEERA:What'sthat，Dad？ MRSHARMA:It'samap. LENNY:No""er""this isa map. MRSHARMA:No""Lenny""not today.No phones today.Let'shave somefun!"	,,"中性"	
啤酒行业-行业-高,"2026-08-10 12:10:46"	,"douyin"	,,0,43,,"2245657866283235"	,,"表面的聪明"	,,"7672250599123759241"	,"https://api-app-proxy.tarsocial.com/api/token/v2/rewrite_url?url=UxI1mE1VtivWWENn8adpDmG3kF8SwGcheiC2XVx5H1ndQZdAJ1l0yKDFFrJbrCHgqzNSX0qSaHER5H2ZDK8eew"	,"夏天车内高温，这几样东西千万别放车里！#汽车知识 #汽车安全 #夏季用车小常识 #人类对豆包的开发不足百分之一"	,"豆包 AI生成可能有误注意核实豆包，夏天车内高温，那几样东西千万别放车里？ 1.瓶装矿泉水、饮料：高温会析出塑料有害物质，暴晒后水质变质，容易引发肠胃不适 2.打火机：内部液态丁烷受热膨胀极易爆炸极易引燃车内内饰 3.香水摆件：玻璃瓶受热炸裂，酒精成分挥发遇高温存在自燃隐患 4.充电宝、手机、蓝牙耳机：锂电池高温极易鼓包、起火，属于高危物品 5.老花镜、放大镜：聚光会灼烧座椅、中控台，严重会引燃布料 6.碳酸汽水、啤酒：瓶内气压暴涨，极易发生炸裂 7.防晒喷雾、杀虫气雾剂：高压罐体受热易爆，气雾遇高温明火极易燃烧 8.巧克力、零食、药品：高温融化变质，药品药效直接失效 9.劣质车载香薰：高放大量甲醛、有害挥发性气件一密汉车中金五呼吸道"	,"豆包AI生成可能有误注意核实豆包，夏天车内高温，那几样东西千方别放车里？1.瓶装矿泉水、饮料：高温会析出塑料有害物质，暴晒后水质变质，容易引发肠胃不适2.打火机：内部液态丁烷受热膨胀极易爆炸，极易引燃车内内饰3.香水摆件：玻璃瓶受热炸裂，酒精成分挥发遇高温存在自燃隐患4.充电宝、手机、蓝牙耳机：锂电池高温极易鼓包、起火，属于高危物品5.老花镜、放大镜：聚光会灼烧座椅、中控台，严重会引燃布料6.碳酸汽水、啤酒：瓶内气压暴涨，极易发生炸裂7.防晒喷雾、杀虫气雾剂：高压罐体受热易爆，气雾遇高温明火极易燃烧8.巧克力、零食、药品：高温融化变质，药品药效直接失效9.劣质车载香薰：高放大量甲醛、有害挥发性气件一密汉车中气五呼吸送"	,,"中性"	
啤酒行业-行业-高,"2026-08-10 12:07:33"	,"weibo"	,,0,91,,6854139243,,"DDDDDennie_"	,,"5330337070583239"	,"https://api-app-proxy.tarsocial.com/api/token/v2/rewrite_url?url=bETNdXXxBw6SRVox7gALQ8JBgDpx6hzK7IL6PmUblMUNgh8T25QdR11yEqhnfLt6m0baStLnug4zv5EsY2b7ZA"	,"//@残酒Stella:我操笑死我了//@小池豚噜_lu:我特么笑得想吐//@音凪-Odonali:可以的 男德//@爱是过期药:我服了//@Noetiwwi-_-:鹅鹅鹅//@神经玛奇躲:wvbxl，这个好笑"	,,,"//@残酒Stella:我操笑死我了//@小池豚噜_lu:我特么笑得想吐//@音凪-Odonali:可以的 男德//@爱是过期药:我服了//@Noetiwwi-_-:鹅鹅鹅//@神经玛奇躲:wvbxl，这个好笑[rtt]给我笑成大分了"	,
啤酒行业-行业-高,"2026-08-10 12:06:54"	,"weibo"	,,35,11069,,6037486678,1,"白兔油_"	,34,"5330336906746473"	,"https://api-app-proxy.tarsocial.com/api/token/v2/rewrite_url?url=bETNdXXxBw6SRVox7gALQ5hMofEuG0Nss2eFSG1F9qtOImzv78Lo3vyYT_CINKU1WFcnS6fDnYurYmZfiDKJPw"	,"#ArianaGrande[超话]# 🚨🚨🚨根据知名预测博主TOTC最终预测，下周Billboard Hot 100榜单petal全专所有单曲均进入前40！！！

Ariana Grande实现前五占二、前二十占四，恨爱升至第二

#ariana grande#http://t.cn/AXNVObns ​​​"	,"ont Poist FeWoC Sat 294 4.2 R.5m HtThtMcLo 2 40 29% 633m 50 TT.om 10 3日 35 4.om 33.0m 10.4 4 2.9 H.Dm 0 545 7.7n Setyomeim) 64 77 41 140 2.0 87 148 D% 50 D 0.5 9U 0.8 6.2m 48.3 Dre 42 STFL PupisSsog .54 LEH 14.0 0.5k 05.2 25 109 2 07 3 4 30.6n 62 23: 0.60 60 14.0 04 m.5m 2.hr 00.2 9.7m."	,"Airpley Rank +/- Song @talkofthecharts Points % Peak WoC Sales % Streams % % Units 1 Choosin'Texas Ella Langley 294 -2% 1 42 9.5k 3% 24.3m 70% 54.5m26% 208.0k +6 Hate That I Made You Love Me Ariana Grande 233 46% 1 10 4.0k 2% 18.5m 72% 42.5m26% 169.6k -1 Been By Now Morgan Walen 188 -32% 2 3.0k 2% 19.5m 90% 11.lm 日% 164.5k 4 -1 IKnew It""I Knew You TaylorSwift 180 -5% 9 2.0k 1% 10.5m 48% 63.9m 51% 84.2k 5 NEW Ariana Grande Petal 177 5 1 5.0k 3% 17.6m 94% 3.8m 3% 170.6k -1 Boston Stella Lefty 174 -1% 3 18 3.5k 2% 14.9m 77% 33.0m 27% 120.6k 7 -3 ICan'tLoveYouAnymore Ella LangleyMorgan Wailn 172 -3% A 15 2.5k 1% 14.0m 68% 36.9m31% 112.7k 8 -2 Dracula TamempalaE JENNIE 160 -1% 5 45 1.5k 1% 7.7m 41% 64.6m58% 65.8k a -2 SoEasy（ToFall InLove) OliviaDean 159 -1% 5 45 1.0k 1% 7.7m 42% 64.1m 58% 65.1k 10 -1 BeHer Ella Langley 155 -2% 2 25 2.5k 1% 14.0m 78% 22.0m20% 118.7k 11 -1 ManINeed 148 0% 2 50 0.9k 1% 10.5m 62% 38.4m37% Olivis Desn 91.1k 12 -1 RiskltAll Bruno Mars 147 2% 4 23 0.8k 1% 6.2m 34% 67.7m66% 48.1k 13 -1 IJustMight Bruno Mars 133 -5% 30 1.0k 1% 6.2m 37% 57.8m62% 47.3k 14 -1 Drop Dead Oliva Rodrigo 127 -6% 1 16 0.6k 0% 7.8m 52% 42.8m 48% 64.2k 15 -1 Janice STFU Drake 123 -8% 1 12 0.3k 0X 10.5m 79% 18.1m 21% 96.0k 16 -1 Stupid Song Olvia Rodrigo 122 0% 3 8 0.5k 0% 11.5m B6% 11.7m 14% 104.0k 17 -1 Midnight Sun Zara Larsson 121 0% 14 29 1.0k 1% 6.5m 45% 45.7m54% 54.7k 18 NEW Stay Ariena Grande 115 -- 18 1 0.5k 0% 10.7m 91% 6.9m 9% 105.2k 19 NEW KissMe Ariana Grande 111 19 1 0.7k 1% 10.9m 96% 2.6m 3% 106.8k 20 -1 BeByYou Luke Combs 10 1% 12 25 1.0k 1% 7.6m 56% 32.8m43% 59.5k 21 -4 Don'tWe Morgan Walen 109 -6% b 27 0.6k 1% 7.1m 57% 32.5m42% 60.9k 22 -4 Dead Fresh LilBaby 107 -7% 18 3 0.4k 0% 10.6m 1.4m 6.8m 9% 96.2k 23 NEW LikeIDo Ariana Grande 105 23 1 0.8k 1% 10.6m 99% 0.0m 0% 104.6k 24 NEW OhWell Arisna Grande 105 24 1 0.4k 0% 10.5m 98% 0.9m 1% 103.2k 25 NEW AhHa Cardi B 104 25 9.5k 9% 9.7m 83% 5.6m 8% 95.5k；Airplay Rank +/- Song @talkofthecharts Points % Peak WoC Sales % Streams % % Units 26 -5 Spend Dat Yung Miami 96 -6% 17 11 0.6k 1% 6.7m 60% 26.6m40% 56.4k 27 iEarrings -6 Malcolm Todd 96 -2% 20 24 0.1k 0% 10.1m 99% 7.0m 10% 84.9k 28 NEW BigFeelings Ariana Grande 95 28 0.4k 0% 9.6m 98% 0.9m 1% 94.1k 29 -4 Babydoll Dominic Fike 94 2% 16 26 0.2k 0% 7.6m 69% 20.2m 31% 64.1k RC Stateside PinkPantheress Zara Laresen 91 -5% 6 30 0.2k 0% 5.7m 56% 28.2m44% 50.6k 30 -10 Dai Dai Shekire &Burre Boy 88 -15% 17 8 2.Ok 2% 7.1m 73% 15.3m 25% 65.6k 31 NEW Freak Ariana Grande 87 31 0.4k 0% 8.9m 100% 0.0m 0% 87.2k 32 NEW Never GetOverMe ArianaGrande 86 32 0.5k 1% 8.8m 99% 0.0m 0% 86.2k 33 The Cure -7 Olvia Rodrigo 84 -4% 5 11 0.2k 0% 9.2m 99% 0.4m 1% 83.1k NEW Bad Thing(Bunny Hop) 34 ArianaCrando 79 34 O.4k 8.0m 99% 0.0m 0% 78.8k 35 8 Shabang Dreke 78 -4% 4 12 0.3k 0% 5.7m 66% 18.7m 34% 50.4k 36 -12 Animal Katseye 78 17% 24 2 0.6k 1% 8.6m 93% 3.4m 6% 71.7k 37 NEW Warning Signs(Interlude) Ariana Grande 75 37 0.2k 0% 7.7m 100% 0.0m 0% 75.4k 38 NEW 2 Nowhere""Nobody Ariana Grando 75 38 1 O.4k 1% 7.6m 99% 0.0m 0% 74.6k 39 -11 Homewrecker Sombr 72 -3% 15 26 0.4k 5.2m 62% 19.0m 38% 42.8k 40 What You Need Terms 70 -4% 29 20 0.4k 1% 4.2m 48% 25.3m 52% 31.k 41 -10 Loving Life Again EllaLangley 70 0% 21 20 0.9k 1% 6.8m 79% 9.6m 20% 52.1k 42 -12 Cinderella Mac Millar feat Ty Dola fign 69 -3% 25 13 0.2k 0% 7.6m 95% 2.5m 5% 65.8k Losor 43 RE TamoImpola 65 43 2 0.8k TX 6.5m 95% 1.5m 3% 62.6k 44 Morning Dew(Donk) +6 Beyonce 65 25% 26 5 LOk 2% 5.7m 80% 8.4m 19% 51.9k 45 +29 Cowgirl Shaboozey 64 50% 45 5 2.0k 3% 6.5m 88% 4.lm 9% 55.8k 46 -12 Orbiter NoahKahan 62 -3% 34 15 0.7k 1% 6.6m 96% 1.4m 3% 59.2k 47 -15 Wonderwall Oasis 61 -9% 8 24 O.4k 1% 6.6m 95% 1.9m 4% 57.1k 48 -11 SelfAware TemporCity 60 -2X 37 17 O.4k 6.1m 87% 5.3m 13% 51.3k 49 Hit The Wall Crecie Abrams 60 3% 26 12 0.3k 0% 4.4m 62% 15.6m 37% 35.6k RC E85 Don Toliver 59 -3% 15 26 0.1k 0% 5.8m 90% 4.2m 10% 52.6k 50 -15 Freakin'Out Destar anc The Moonrocks 58 -0% 33 20 0.4k 1% 5.6m 88% 4.5m 11% 50.7k"	,"#ArianaGrande[超话]# 🚨🚨🚨根据知名预测博主TOTC最终预测，下周Billboard Hot 100榜单petal全专所有单曲均进入前40！！！ Ariana Grande实现前五占二、前二十占四，恨爱升至第二 #ariana grande#[#ariana grande#](http://t.cn/AXNVObns)"	,"中性"	
啤酒行业-行业-高,"2026-08-10 12:04:21"	,"weixin"	,,0,20000,,"gh_d319aab3f450"	,,"十万图鉴"	,,"925b4e4d7c0659ce76738a86ebd7eb58"	,"https://api-app-proxy.tarsocial.com/api/token/v2/rewrite_url?url=Yj1pBcg-aw0AYLjNXsELF6gLN32a2gkdxaKeBJMa6lsbZwx_QFRQgbqenx6tERJTAdG5hqfL8madBChxlZLcXBG6fQjNNU_QDBKmxa7aRwPc2PkBl763KLMUH-49b192Xq8Gl_QKsCzAn0RTG8XLhw"	,,,"一二一七一 Tel:186-7890-5661 PRNING 月3月 18-18 13-17 酒突注 ETC再用 dsahi A.b kh dsah Asahi；R；水；力私# SOFT DRIAN 与公字 SANGARIA PAAML Sumikko gurashi；#eDmingg；6 月 C O k；O；RELLOKITTY luckia refie；TO : .take your time. 没关系，慢慢来树成材都需要间何况是人呢；川；Seal &Isle；合；de Cana aeoe G 1G；Don'tcly；P；营業中请推"	," | 微信头像背景图"	,"中性"	
啤酒行业-行业-高,"2026-08-10 12:04:20"	,"toutiao"	,,0,,,"1625554134772953"	,,"浮云"	,,"7672248944467116032"	,"https://api-app-proxy.tarsocial.com/api/token/v2/rewrite_url?url=1YusuDMvr9od4K_K1MN8mjIOcWIunAfzU6n1BFWqO50u4JGbWHiOu7K7ZXv_FpuA9TW5yPaoyQnO8Y7nPIq_nA"	,,"特等奖 35岁少妇一位限2026年12月31日前有效过期作废"	,"特等奖 35岁少妇一位限2026年12月31日前有效过期作废"	,"谁知道这奖去哪儿领？😂😂#啤酒瓶盖中奖"	,"中性"	
啤酒行业-行业-高,"2026-08-10 12:03:16"	,"douyin"	,,19,82,,"61247763564"	,5,"永远周六"	,14,"7672248670607502203"	,"https://api-app-proxy.tarsocial.com/api/token/v2/rewrite_url?url=UxI1mE1VtivWWENn8adpDmG3kF8SwGcheiC2XVx5H1mFe9qrX-YW91a0Uq_wFy5qM36pcv9Oacz-FcTsVdAWKg"	,"七八九月的天气"	,,"##########WEYOUYOKKDS ITS纽约需要它的英雄###############AMSTEL红爵啤酒爵啤酒林示止小便漏电收药13214235319#####DRYSah日啤酒##########别催了，在踩了！pchi#####我说想拍个照是谁又幸福了###############你起来让我坐会Please get up""I want to sit here.LEICAIWo###############下一道R今天你要嫁给我微信点歌时香惠念女：用时间去思念爱情有点甜#####"	,,"中性"	
啤酒行业-行业-高,"2026-08-10 12:02:47"	,"douyin"	,,0,584,,"106662762449"	,,"爱洗澡的静香"	,,"7672248530345544979"	,"https://api-app-proxy.tarsocial.com/api/token/v2/rewrite_url?url=UxI1mE1VtivWWENn8adpDmG3kF8SwGcheiC2XVx5H1lMjmv4NCRAqyk8LxPUCLHSps6Y4w7xhBKEyrtn3qKbvQ"	,"胃酸胃胀胃难受怎么办？试试这个胃不适方法，调理胃不好#食欲减退"	,"PHONCOM 奥美拉唑肠溶胶囊 OTC 奥美拉唑肠溶胶囊 奥美拉唑肠溶胶囊说明书 豫药广审(文)第270522-06975号国药准字H20074063 【产品名称】奥美拉唑肠溶胶囊【产品规格】20毫克30粒 OTC 【不良反应】注意事项]【禁忌】详见说明书 请按药品说明书或在药师指导下购买和使用"	,"PHONCOM 台想 奥美拉唑肠溶胶囊 OTC 合想 奥美拉唑肠溶胶 Aomeilazuo Changrongjiaonan 奥美拉唑肠溶胶囊说明书 全联联乐式装 (2.7 II.SSF 在本品上 正牌 MmEF. 不用的入自宝报 NE电以其发 气警章、质 要是你还没试过这款 照染：吸康视 代谢疾病及营 低评血业，纳血症、体重增加、 神系统/精神性 作痛、保您、只成骨在骨验 视、失眠、紧蛋不安、换演，嗜睡，盖途、 异常、额、感党异常， 呼吸系统：鼻粗， 皮肤和度下组织：中毒性 文新一约险通综合班，多系性红面，光性 导麻痛，皮师，皮炎、值摩、 耳部和还路系统：耳鸣， 邮疾病，种经，前款 级，我物换，复视， 服生殖系统：间城性肾成，血尿 练染、糖尿、尿频，火# 血和巴系统：粒胞乏症（ 中性股减少心 血小板减少症、白细胞减少症，白最胞增 、严 能导收益钙血症）。 [期] 性休克，血管性水种、支气管提享、间质性肾次和等扇修， 1.已超对奥美拉项、其他部共球美或本品中任何其他 2.与其它质子期制剂一样，奥英拉不应与阿儿那6、新 3.对水品过微者、严重词功能不全者及要边儿期用。 [注事项] 1.便用不港题过7天，加应状未级院，请普询返师成的间。 豫药广审（文）第270522-06975号国药准字H20074063 OTC 【产品名称】奥美拉唑肠溶胶囊 【产品规格】20毫克30粒 【不良反应】【注意事项】【禁忌】详见说明书 请按药品说明书或在药师指导下购买和使用|PHONCOM 奥美场这胶囊 要是你还没试过这款 豫药广审（文）第270522-06975号国药准字H20074063 OTC 【产品名称】奥美拉唑肠溶胶囊【 【产品规格】20毫克30粒 【不良反应】【注意事项】【禁忌】详见说明书 请按药品说明书或在药师指导下购买和使用|PHONCOIO 美美肠#时# 合想奥美拉唑肠溶胶囊 豫药广审（文）第270522-06975号国药准字H20074063 OTC 【产品名称】奥美拉唑肠溶胶囊【 【产品规格】20毫克30粒 【不良反应】 【注意事项】【禁忌】详见说明书 请按药品说明书或在药师指导下购买和使用|PHON #美出#店 豫药广审（文）第270522-06975号国药准字H20074063 OTC 【产品名称】奥美拉唑肠溶胶囊【产品规格】20毫克30粒 【不良反应】【注意事项】【禁忌】详见说明书 请按药品说明书或在药师指导下购买和使用|那一定是我宣传不到位了 豫药广审（文）第270522-06975号国药准字H20074063 OTC 【产品名称】奥美拉唑肠溶胶囊【 【产品规格】20毫克30粒 【不良反应】【注意事项】【禁忌】详见说明书 请按药品说明书或在药师指导下购买和使用|C 福 C 奥美拉唑肠溶胶囊 奥美拉唑肠溶胶囊 Aemeilarue Changrongjtaonang Aomeltarue Changrengiaonang WeU BO6E69ESE6EEE65E ROKO 30NIMAWI 本草纲目 OG（RE 纲 E4 口 共京工艺楼 国 學装 豫药广审（文）第270522-06975号国药准字H20074063 OTC 【产品名称】奥美拉唑肠溶胶囊【产品规格】20毫克30粒 【不良反应】【注意事项】【禁忌】详见说明书 请按药品说明书或在药师指导下购买和使用|本草 加 电 纲 纲 HONCOM 日 1 热营工艺 万水千山总是情 豫药广审（文）第270522-06975号 出 国药准字H20074063 OTC 【产品规格】20毫克30粒 【不良反应】【注意事项】【禁忌】详见说明书 请按药品说明书或在药师指导下购买和使用|纲 一 永京工艺道 微装 谁说月薪3000吃不起 豫药广审（文）第270522-06975号 国药准字H20074063 OTC 【产品规格】20毫克30粒 【不良反应】【注意事项】【禁忌】详见说明书 请按药品说明书或在药师指导下购买和使用|本草纲 纲 PH 目 1 燕京工艺部 谁说月薪3000吃不起 豫药广审（文）第270522-06975号 业 国药准字H20074063 【产品名称】奥美拉唑肠溶胶囊 【产品规格】20毫克30粒 OTC 【不良反应】【注意事项】【禁忌】详见说明书 请按药品说明书或在药师指导下购买和使用|营意 合 OTC OTC 奥美拉唑肠溶胶囊 奥美拉唑肠溶胶囊 A 33150060055 木草钢 G 30 推 3UN 出 草纲目 8 纲 日 批京工艺裤 國楼 早装 这个养胃小胶囊 豫药广审（文）第270522-06975号 国药准字H20074063 【产品名称】奥美拉唑肠溶胶囊 【产品规格】20毫克30粒 OTC 【不良反应】 注意事项禁总详见说明书 请按药品说明书或在药师指导下购买和使用|PHONEOM 奥美拉唑肠溶胶囊 2511261 严品热号） （注产日期 2027年10月 洗期 一盒30粒 市 豫药广审（文）第270522-06975号国药准字H20074063 OTC 【产品名称】奥美拉唑肠溶胶囊 【产品规格】20毫克30粒 【不良反应】【注意事项】【禁忌】详见说明书 请按药品说明书或在药师指导下购买和使用|PHONCO 奥美拉唑肠溶 2511261 2025年11月26日 司 [产品批号） [生产日额] 2027年10月 [有教期]里 只要两位数 豫药广审（文）第270522-06975号国药准字H20074063 OTC 【产品名称】奥美拉唑肠溶胶囊 【产品规格】20毫克30粒 【不良反应】【注意事项】【禁忌】详见说明书 请按药品说明书或在药师指导下购买和使用 + D|合想 OTC 合想 OTC 合慧 OTC 奥美拉唑 现在我跟大家说 肠溶胶囊 Aomeilazuo Cha grongjiaonang 适应症：用于胃酸过多引起的烧心和反酸症 规格：20毫克 规格：20毫克 通应症：用于胃酸过多引起的烧心和反酸症 理格：20毫克 状的短期缓解。 通应度：用于胃酸过多引起的烧心和反酸症 ................... ................... 状的短期埋解 状的短期缓解 ................... 30粒（微丸型） 30粒（微丸型） 30粒（微丸型） 豫药广审（文）第270522-06975号国药准字H20074063 OTC 【产品名称】奥美拉唑肠溶胶囊【产品规格】20毫克30粒 【不良反应】【注意事项】【禁忌】详见说明书 请按药品说明书或在药师指导下购买和使用|合想 OTC 合想 奥美拉唑肠溶胶囊 OTC 奥美拉唑肠溶胶囊 Aomeilazuo Changrongjiaonang Aomeilazuo Changrongjiaonang 规格：20毫克 适应症：用于胃酸过多引起的境心和反酸症 规格：20毫克 状的短期缓解。 通应症：用于肾酸过多引起的烧心和反酸应 ·..........·....... 大的 30粒（微丸型） 30粒（#丸型） 合想 OTC 合想 OTC 合想 OTC 奥美 用这款养胃胶囊真的 襄 + Aome ang 规格：20毫克 适应症：用于胃酸过多引起的烧心和反酸应 规格：20毫克 适应症：用于胃酸过多引起的烧心和反酸症 规格：20毫克 清应症：用于胃酸过多引起的烧心和反酸危 状的短期缓解。 状的妞期缓解 ................... .·................. ...+............... 30粒（微丸型） 30粒（微丸型） 30粒（丸型） 豫药广审（文）第270522-06975号国药准字H20074063 OTC 【产品名称】奥美拉唑肠溶胶囊【产品规格】20毫克30粒 【不良反应】【注意事项】【禁忌】详见说明书 请按药品说明书或在药师指导下购买和使用|合想 OTC 合想 OTC 奥美拉唑肠溶胶囊 奥美拉唑肠溶胶囊 Aomeilazuo Changrongjiaonang Aomeilazuo Changrongjiaonang 规格：20毫克 适应症：用于胃酸过多引起的烧心和反酸应 规格：20毫克 优的护能理靠 适应痘：用于胃酸过多引起的烧心和反酸症 .·............ 30粒（微丸型） 30粒（丸型） 合想 OTC 合想 OTC 合想 OTC 奥美 用这款养胃胶囊真的 囊 Aome hang 规格：20毫克 适应症：用于胃酸过多引起的烧心和反酸症 规格：20毫克 适应症：用于胃酸过多引起的烧心和反酸 适应度：用于胃酸过多引起的烧心和反酸应 规格：20毫克 状的短期缓解。 .·................. .+................. 状的短期缓解。 ................... 30粒（四丸型） 30粒（微丸型） 30粒（磁丸型） 豫药广审（文）第270522-06975号国药准字H20074063 OTC 【产品名称】奥美拉唑肠溶胶囊【产品规格】20毫克30粒 【不良反应】【注意事项】【禁忌】详见说明书 请按药品说明书或在药师指导下购买和使用|台想 奥美拉唑肠溶胶囊 的 奥美拉唑 请仔很考读就明书并报就明使 合想 OTC [严品批号】 251126 [生产日期 2025年11月 奥美拉唑肠溶胶囊 [南期 2027# OTC 城仁药业集团有限公司 Aomeilazuo Changrongjiaonang 市 胃酸过多引起的烧心 号 规格：20毫克 30粒 30粒 透皮症：用于胃酸过多引起的烧心和反酸症 （微九型） 一点都不丢人 开 豫药广审（文）第270522-06975号国药准字H20074063 OTC 【产品名称】奥美拉唑肠溶胶囊 【产品规格】20毫克30粒 【不良反应】【注意事项】【禁忌】详见说明书 请按药品说明书或在药师指导下购买和使用|奥美拉唑肠溶胶囊 合想 合想 OTC 奥美拉唑肠溶胶囊 OTC Aomeilazuo Changrongjiaonang ············.·. 胃酸过多引起的烧心和反酸症 规格：20毫克 30粒（微丸型） 30粒 透应症：用于胃酸过多引起的烧心和反酸症 健康最重要！ (t 4400000e 30粒（微丸型） 豫药广审（文）第270522-06975号国药准字H20074063 OTC 【产品名称】奥美拉唑肠溶胶囊 【产品规格】20毫克30粒 【不良反应】【注意事项】【禁忌】详见说明书 请按药品说明书或在药师指导下购买和使用|奥美拉唑肠溶胶 产品代司） 2511261 1产日期 2025年11月26 期芝 2027年10月 请仁药业集团有限公司 合想 OTC 合想 OTC 奥美拉唑肠溶胶囊 奥美拉唑肠溶胶囊 Aomeilazuo Changrongjiaonang Aomeilazuo Changrongjiaonang 规格：20毫克 常年反酸烧心 心和反酸症 ·· 微丸型） 合想 OTC 合想 OTC 合想 OTC 奥美拉唑肠溶胶囊 奥美拉唑肠溶胶囊 奥美拉唑肠溶胶囊 Aomeilazuo Changrongjiaonang Aomeilazuo Changrongjiaonang Aomeilazuo Changrongjiaonang 规格：20毫克 适应症：用于胃酸过多引起的烧心和反酸症 规格：20毫克 规格：20毫克 适应症：用于胃酸过多引起的烧心和反酸症 透应症：用于胃酸过多引起的烧心和反酸症 状的超期国解。 状的短期缓解。 状的短期缓解 豫药广审（文）第270522-06975号国药准字H2007406330粒（数丸型） OTC 【产品名称】奥美拉唑肠溶胶囊【产品规格】20毫克30粒 【不良反应】【注意事项】【禁忌】详见说明书 请按药品说明书或在药师指导下购买和使用|奥美拉唑肠溶胶 行尚法记联卡 PAR号: 202511月268 2511261 ANRE 2027年10月 湖仁药业集团有限公司 合慧 OTC 合想 OTC 奥美拉唑肠溶胶囊 奥美拉唑肠溶胶囊 Aomeilazuo Changrongjiaonang Aomeilazuo Changrongjiaonang 规格：20毫克 适应症：用于胃酸过多引起的烧心和反酸症 授格：20毫克 状的超别缓解 活应症：用于胃酸过多引起的烧心和反酸症 快的 胃酸过度的去试试它 合 O UiG 口心 OTC 奥美拉唑肠溶胶囊 奥美拉唑肠溶胶囊 奥美拉唑肠溶胶囊 Aomeilazuo Changrongjiaonang Aomeilazuo Changrongjiaonang Aomeilazuo Changrongjiaonang 规格：20毫克 适应症：用于胃酸过多引起的烧心和反酸症 理格：20毫克 适应症：用于胃酸过多引起的境心和反酸症 规格：20毫克 通应痘：用于胃酸过多引起的境心和反酸应 ................... 重超防国量 ................... ................... 状的短期缓解 30粒（世九型） 30粒（型） 30粒（微丸型） 豫药广审（文）第270522-06975号国药准字H20074063 OTC 【产品名称】奥美拉唑肠溶胶囊【 【产品规格】20毫克30粒 【不良反应】【注意事项】【禁忌】详见说明书 请按药品说明书或在药师指导下购买和使用|奥美拉唑肠溶胶 PARe) 205186 ARE.9 3P0N 202710 美药业集团有限公司 台想 OTC 合想 OTC 奥美拉唑肠溶胶囊 奥美拉唑肠溶胶囊 Aomellazuo Changrongjiaonang Aomeilazuo Changrongjiaonang ................... B.................. 胃酸过度的去试试它 实美拉唑肠溶胶襄奥美拉唑肠溶胶囊奥美拉唑肠溶胶囊 Aomeilazuo Changrongjiaonang Aomellazuo Changrongjiaonang Aomeilazuo Changrongjiaonang 规格：20毫克 适应理：用于胃过多引起的情心和反酸位 规格：20毫克 通应症：用于胃酸过多引起的烧心和反酸症 ·............ ................... ................... 30粒（九型） 30粒（m内型） 30粒（四型） 豫药广审（文）第270522-06975号国药准字H20074063 OTC 【产品名称】奥美拉唑肠溶胶囊【产品规格】20毫克30粒 【不良反应】【注意事项】【禁忌】详见说明书 请按药品说明书或在药师指导下购买和使用|合想 OTC 奥美拉唑肠溶胶囊 Aomeilazuo Changrongjiaonang 奥美拉唑肠溶胶 7449) 7SE 2511201 BRRX 66#司 20274108 通应症：用于胃酸过多引起的烧心和反酸 规格：20毫克 ................... 状的短期缓解 30粒（星） 合想 OTC 合想 OTC 合慧 OTC 奥美拉唑肠溶胶囊 奥美拉唑肠溶胶囊 奥美拉唑肠溶胶囊 Aomeilazuo Changrongjiaonang 正规OTC Aomeilazuo Changrongjiaonang 规格：20毫克 通应度：用于胃酸过多引起的续心和反酸症 语应度：用于胃醒过多引起的烧心和反酸症 规格：20毫克 规格：20毫克 通皮症：用于胃酸过多引起的绕心和反酸店 ................... ................... ................... 30粒（型） 30粒（型） 30粒（微九型） 豫药广审（文）第270522-06975号国药准字H20074063 OTC 【产品名称】奥美拉唑肠溶胶囊【产品规格】20毫克30粒 【不良反应】【注意事项】【禁忌】详见说明书 请按药品说明书或在药师指导下购买和使用|合想 OTC 奥美拉唑肠溶胶囊 Aomeilazuo Changrongjiaonang 奥美拉唑肠溶胶 通应症：用于胃酸过多引起的烧心和反酸康 规格：20毫克 状的短期缓解 PAm 2025年11月268 2511261 ................... EEEE 202710月 30粒（丸型） 电仁药公集出电限公司 合想 OTC 合想 OTC 合慧 OTC 奥美拉唑肠溶胶囊 奥美拉唑肠溶胶囊 奥美拉唑肠溶胶囊 Aomeilazuo Changrongjiaonang 国药认证 Aomeilazuo Changrongjiaonang 通应定：用于胃过多引起的集心和反酸症 规格：20毫克 应度：用于供酸过多引起的烧心和反 授格：20毫克 规格：20毫克 通应症：用于胃酸过多引起的境心和反酸 ................... ................... ................... 30粒（型） 30粒（负型） 30粒（微型） 豫药广审（文）第270522-06975号国药准字H20074063 OTC 【产品名称】奥美拉唑肠溶胶囊【产品规格】20毫克30粒 【不良反应】【注意事项】【禁忌】详见说明书 请按药品说明书或在药师指导下购买和使用|OTC ? 合慧 ? 奥美拉唑肠溶胶囊 合赠 Aomeilazuo Changrongjiaonang OTC 30粒（型） 2825 5 V 标准20毫克抑酸成分 TD 合 4 奥美 家 豫药广审（文）第270522-06975号国药准字H20074063 OTC 【产品名称】奥美拉唑肠溶胶囊【产品规格】20毫克30粒 【不良反应】【注意事项】【禁忌】详见说明书 请按药品说明书或在药师指导下购买和使用|OTC 白 合想 买 奥美拉唑肠溶胶囊 Aomeilazuo Changrongjiaonang DTC 30粒（微九型） 5 8E8 30粒（九型） 标准20毫克抑酸成分 奥 豫药广审（文）第270522-06975号国药准字H20074063 OTC 【产品名称】奥美拉唑肠溶胶囊 【产品规格】20毫克30粒 【不良反应】【注意事项】【禁忌】详见说明书 请按药品说明书或在药师指导下购买和使用|OTC 合想 奥美拉唑肠溶胶囊 Aomeilazuo Changrongjiaonang OTC sonang 规格：20毫克 状的位期解。 30粒（微丸型） 8895 的烧心和反酸症 17 ·.···. 搭配肠溶胃丸工艺 拉（抛丸型） WD 电 wn 1 家 豫药广审（文）第270522-06975号国药准字H20074063 OTC 【产品名称】奥美拉唑肠溶胶囊 【产品规格】20毫克30粒 【不良反应】【注意事项】【禁忌】详见说明书 请按药品说明书或在药师指导下购买和使用|奥美拉唑肠溶胶囊 的 请仔阅读说明书并技说明使用 2511261 （沪品批号） 2025年11月26日 注产日期] 2027年10月 [请期）至 1 辅仁药业集团有限公司 搭配肠溶胃丸工艺 豫药广审（文）第270522-06975号国药准字H20074063 OTC 【产品名称】奥美拉唑肠溶胶囊【产品规格】20毫克30粒 【不良反应】【注意事项】【禁忌】详见说明书人 请按药品说明书或在药师指导下购买和使用|奥美拉唑肠溶胶囊 请仔读说明书并按说明使用 2511261 （沪品批号） 2025年11月26日 生产日期） 2027年10月 效期）至 1 辅仁药业集团有限公司 直达肠道起效 1 豫药广审（文）第270522-06975号国药准字H20074063 OTC 【产品名称】奥美拉唑肠溶胶囊【产品规格】20毫克30粒 【不良反应]【注意事项】【禁忌】详见说明书人 请按药品说明书或在药师指导下购买和使用|奥美拉唑肠溶胶囊 2511261 沪品批号] 2025年11月26日 （注产日期） 2027年10月 期）里 泸仁药业集团有限公司 COM 不浪费药效 1 豫药广审（文）第270522-06975号国药准字H20074063 OTC 【产品名称】奥美拉唑肠溶胶囊【产品规格】20毫克30粒 【不良反应】【注意事项】【禁忌】详见说明书 请按药品说明书或在药师指导下购买和使用 医|合慧 OTC 合想 OTC 奥美拉唑肠溶胶囊 奥美拉唑肠溶胶囊 Aomeilazuo Changrongjiaonang Aomeilazuo Changrongjiaonang 规格：20毫克 适应度：用于胃酸过多引起的烧心和反酸症 规格：20毫克 适应症：用于胃酸过多引起的烧心和反酸症 ................... 状的短期缓解。 ................... 30粒（微丸型） 30粒（丸型） 合想 OTC 合想 OTC 合想 OTC 奥美拉 专门缓解胃酸过多 溶胶囊 Aomeilazu gjiaonang 规格：20毫克 适应症：用于胃酸过多引起的烧心和反酸症 规格：20毫克 适应症：用于胃酸过多引起的烧心和反酸症 通应症：用于胃酸过多引起的烧心和反酸症 规格：20毫克 状的短期缓解 状的短期维解 状的短期缓解。 ................... ...............+.+. 30粒（型） 30粒（做丸型） 30粒（数丸型） 豫药广审（文）第270522-06975号国药准字H20074063 OTC 【产品名称】奥美拉唑肠溶胶囊 【产品规格】20毫克30粒 【不良反应】【注意事项】【禁忌】详见说明书 请按药品说明书或在药师指导下购买和使用|合想 OTC 合想 OTC 奥美拉唑肠溶胶囊 奥美拉唑肠溶胶囊 Aomeilazuo Changrongjiaonang Aomeilazuo Changrongjiaonang 规格：20毫克 适应症：用于胃酸过多引起的烧心和反酸症 规格：20毫克 适应症：用于胃酸过多引起的烧心和反酸症 ·..·..·............. 状的短期缓解。 状的短期缓解。 30粒（微丸型） 30粒（丸型） 合想 OTC 合想 OTC 合想 OTC 奥美拉 专门缓解胃酸过多 溶胶囊 AomeilazuoCha grongjiaonang 规格：20毫克 规格：20毫克 规格：20毫克 适应症：用于胃酸过多引引起的烧心和反酸定 适应症：用于胃酸过多引起的烧心和反酸症 适应症：用于胃酸过多引起的烧心和反酸症 状的短期援解。 状的短期缓解。 状的短期缓解。 .·................ ··.····....···..·.. .....···.··........ 30粒（微丸型） 30粒（微丸型） 30粒（微丸型） 豫药广审（文）第270522-06975号国药准字H20074063 OTC 【产品名称】奥美拉唑肠溶胶囊 【产品规格】20毫克30粒 【不良反应】【注意事项】【禁忌】详见说明书 请按药品说明书或在药师指导下购买和使用|奥美拉唑肠溶物 奥美拉唑肠溶胶囊 251251 PAR号) 2511261 1PO期I #型 2025年11月26日 202710月 赣仁兴业集团有限公司 合 OTC 合想 OTC 奥美拉唑肠溶胶 奥美拉唑肠溶胶囊 Aomeilazuo Changrongjiaonang 引起的反酸 招修：20毫克 买 规格：20毫克 适应症：用于胃酸过多引起的烧心和反酸症 状的短期缓解。 9999 .....·.... 30粒（#大盘） 30粒（微丸型） 豫药广审（文）第270522-06975号国药准字H20074063 OTC 【产品名称】奥美拉唑肠溶胶囊【产品规格】20毫克30粒 【不良反应】【注意事项】【禁忌】详见说明书 请按药品说明书或在药师指导下购买和使用|奥美拉唑肠溶胶囊 奥美拉唑肠溶胶囊 口维用读说务书件我钢用健用用单用系换 P品R号) 2511261 PANe) 1P 2511261 1*日期 2025年11月26日 期 2025年11月26日 R9E|2 2027年10月 2027年1"	,,"中性"	
啤酒行业-行业-高,"2026-08-10 12:00:59"	,"weibo"	,,17,54729,,6053416415,3,"高级鸡音乐"	,14,"5330335416193130"	,"https://api-app-proxy.tarsocial.com/api/token/v2/rewrite_url?url=bETNdXXxBw6SRVox7gALQ2-fSIOe-s2AeHodq5pRkdeQvcX7-YEQbqJn5iMs_BLm3uaaEAZDKg8JAb7YVryzMg"	,"【本周Billboard Hot 100单曲榜终极预测】
/
Cardi B新单曲《Ah Ha》将空降No.25！
Ariana Grande新专辑将全专上榜！同名曲《petal》将空降No.5！

#Billboard# ​​​ ​​​​#CardiB##ArianaGrande# ​​​"	,"Polist FeWoC Saa 294 arges 口 243m M5m HtThtMLo 2 40 批 2.9 x.50 etl 50 Tian 10 3日 35 u.sm 33.0m 4 2.54 HDm 00 3an 545 7.7n Setyomeim) 64 77 6 140m 87 148 50 D 0.5e U o.2m 46.3 42 STFI 14.0 21 0.5k 05.2 07 ByYo 0 107 .4 23: 105 24 m.5n 0.2 0-4 V.Tm"	,"Sales Rank +/- Song @talkofthecharts Points % Peak WoC % Streams % Airpley % Units Choosin'Texas Ella Langley 294 -2% L 42 9.5k 3% 24.3m 70% 54.5m26% 208.0k 2 +6 Hate That I Made You Love Me Ariana Grande 233 46% 1 10 4.0k 2% 18.5m 72% 42.5m26% 169.6k -1 Been By Now Morgan Wallen 188 32% 2 2 3.0k 2% 19.5m 90% 11.1m 日% 164.5k 4 -1 KnewIt""IKnewYou Taylor Swift 180 -5% 9 2.0k 1% 10.5m 48% 63.9m51% 84.2k 5 NEW Petal Ariana Grande 177 5 1 5.0k 3% 17.6m 94% 3.8m 3% 170.6k b Boston Stella Lefty 174 -1% 3 18 3.5k 2% 14.9m 71% 33.0m 27% 120.6k 7 -3 ICan't LoveYouAnymore Ella Langley & Morgan Wallen 172 -3% 4 15 2.5k 1% 14.0m 68% 36.9m 31% 112.7k 8 -2 Dracula TameImpalaE JENNIE 160 -1% 5 45 1.5k 1% 7.7m 41% 64.6m 58% 65.8k 9 -2 SoEasy（ToFall In Love) Olvia Dean 159 -1% 5 45 1.0k 1% 7.7m 42% 64.1m 58% 65.1k 10 - BeHer Ella Langley 155 -2% 2 25 2.5k 1% 14.0m 78% 22.0m 20% 118.7k 11 -1 Man I Need Olivia Desn 148 0% 2 50 0.9k 1% 10.5m 62% 38.4m37% 91.1k 12 -1 RiskIt All Bruno Mars 147 2% 4 23 0.8k 1% 6.2m 34% 67.7m 66% 48.1k 13 -1 1JustMight Bruno Mars 133 -5% 30 1.0k 1% 6.2m 37% 57.8m62% 47.3k 14 1 Drop Dead Olivia Rodrigo 127 -6% 1 16 0.6k 0% 7.8m 52% 42.8m 48% 64.2k 15 -1 Janice STFU Drake 123 -8% 12 0.3k 0% 10.5m 79% 18.1m 21% 96.0k 16 -1 Stupid Song Olivia Rodrigo 122 0% 8 0.5k 0% 11.5m B6% 11.7m 14% 104.0k 17 -1 MidnightSun Zara Larsson 121 0% 14 29 1.0k 1% 6.5m 45% 45.7m54% 54.7k 18 NEW Stay Ariena Grande 115 18 1 0.5k 0% 10.7m 91% 6.9m 9% 105.2k 19 NEW Kiss Me Arisna Grande 111 一 19 1 0.7k 1% 10.9m 96% 2.6m 3% 106.8k 20 BeByYou Luke Combs 110 1% 12 25 1.0k 1% 7.6m 56% 32.8m43% 59.5k 21 -4 Don'tWe Morgan Wallen 109 -6% 16 27 0.6k 1% 7.1m 57% 32.5m42% 60.9k 22 -4 Dead Fresh LiIBay 107 -7% 18 3 0.4k 0% 10.6m 1.4m 6.8m 9% 96.2k 23 NEW LikeIDo Ariana Grande 105 23 1 0.8k 1% 10.6m 99% 0.0m 0% 104.6k 24 NEW OhWell Arisna Grande 105 24 1 0.4k 0% 10.5m 98% 0.9m 1% 103.2k 25 NEW Ah Ha Cardi B 104 25 9.5k 9% 9.7m 83% 5.6m 8% 95.5k；Airplay Rank +/- Song @talkofthecharts Points % Peak WoC Sales % Streams % % Units 26 -5 Spend Dat Yung Miami 96 -6% 17 11 0.6k 1% 6.7m 60% 26.6m40% 56.4k iEarrings 27 -5 Malcolm Todd 96 -2% 20 24 0.1k 0% 10.1m 99% 7.0m 10% 84.9k 28 NEW BigFeelings Ariana Grande 95 28 0.4k 0% 9.6m 98% 0.9m 1% 94.1k 29 Babydoll Dominic Fike 94 2% 16 26 0.2k 0% 7.6m 69% 20.2m 31% 64.1k RC Stateside PinkPantheress & Zara Laresen 91 -5% 6 30 0.2k 0% 5.7m 56% 28.2m44% 50.6k 30 -10 Dai Dai Shekire & Burre Boy 88 -15% 17 8 2.Ok 2% 7.1m 73% 15.3m 25% 65.6k 31 NEW Freak Ariana Grande 87 0.4k 0% 8.9m 100% 0.0m 0% 87.2k 32 NEW Never GetOverMe Ariana Grande 86 32 0.5k 1% 8.8m 99% 0.0m 0% 86.2k 33 The Cure -7 Oivia Rodrigo 84 -4% 11 0.2k 0% 9.2m 99% 0.4m 1% 83.1k 34 NEW Bad Thing (Bunny Hop) Ariana Grando 79 34 O.4k 1% 8.0m 99% 0.0m 0% 78.8k 35 8 Shabang Dreke 78 4% 4 12 0.3k 0% 5.7m 66% 18.7m34% 50.4k 36 -12 Animal 72 Katseye 78 -17% 24 2 0.6k 1% 8.6m 93% 3.4m 6% 71.7k 37 NEW Warning Signs (Interlude) Ariana Grande 75 37 0.2k 0% 7.7m 100% 0.0m 0% 75.4k 38 NEW Nowhere""Nobody Ariana Grando 75 38 O.4k 1% 7.6m 99% 0.0m 0% 74.6k 39 -11 Homewrecker Sombr 72 -3% 15 26 0.4k 1% 5.2m 62% 19.0m 38% 42.8k 40 -11 What You Need Tems 70 -4% 29 20 0.4k 1% 4.2m 48% 25.3m52% 31.1k 41 -10 Loving Life Again Ella Langley 70 0% 21 20 0.9k 1% 6.8m 79% 9.6m 20% 52.1k 42 -12 Cinderella Mac Millar feat Ty Dolla Sign 69 -3% 25 13 0.2k 0% 7.6m 95% 2.5m 5% 65.8k Losor 43 RE Tamo lmpola 65 43 2 0.8k T% 6.5m 95% 1.5m 3X 62.6k 44 Morning Dew(Donk) +6 Beyonce 65 25% 26 5 LOk 2% 5.7m 80% 8.4m 19% 51.9k 45 +29 Cowgirl Shaboozey 64 50% 45 5 2.0k 3% 6.5m 88% 4.1m 9% 55.8k 46 -12 Orbiter 62 -3% 34 15 0.7k 1% 6.6m 96% 14m Noah Kahan 3% 59.2k 47 -15 Wonderwall Oasis 61 -9% 8 24 O.4k 1% 6.6m 95% 1.9m 4% 57.1k 48 -11 SelfAware Tempor City 60 -2% 37 17 O.4k 6.1m 87% 5.3m 13% 51.3k 49 Hit The Wall Orecie Abrams 60 3% 26 12 0.3k 0% 4.4m 62% 15.6m 37% 35.6k RC E85 Don Toliver 59 -3% 26 0.1k 0% 5.8m 90% 4.2m 10% 52.6k 50 -15 Freakin'Out Dexter anc The Moonrocks 58 -0% 33 20 0.4k 1% 5.6m 88% 4.5m 11% 50.7k；Song Rank +/- T @talkofthecharts Points % Peak WoC Sales % Streams % Airplay % Units 51 -12 Don'tTell OnMe 58 4% 3417 0.3k 0% 2.5m 26% 29.6m Jason Aldesn 73% 12.8k 52 -12 Mexico Honey Kacey Musgraves 57 -2% 40 10 0.4k 1% 6.5m 97% 0.7m 2% 53.1k 53 NEW OhYeah? Steve Lacy 57 53 0.4k 1% 5.8m 99% 0.0m 0% 56.6k RC American Girls Herry Styloe 55 -15% 4 21 0.4k 1% 4.2m 67% 12.3m32% 36.3k 54 +9 Mr.KnowIt Al Teddy Swims 53 11% 54 16 0.6k 1% 3.4m 43% 20.4m55% 19.8k Raindance 55 -4 DaveaTerms 52 3% 49 27 0.1k 0% 3.1m 51% 17.9m 49% 26.4k 56 -12 Ghetto Love Story BelyChielDoit 52 -2% 44 0.3k 5.0m 95% 1.5m 4% 49.9k 57 +2 Phone""Keys""Wallet Lainey Wilson& John Nayer 52 8% 57 0.7k 1% 4.8m 65% 12.1m 33% 30.7k 58 NEW Hustle 52 58 0.2k 0% 5.7m Rcd Ware 100% 0.0m D% 51.8k 59 -16 Doors Noah Kahan 52 -4% 9 15 0.3k 1% 5.1m 91% 3.1m 9% 46.9k 60 -15 Bloodstream Alysse Graca 52 -1% 45 5 0.1k 0% 6.3m 100% 0.1m 0% 51.2k 61 -15 Something To Lose Stella Lefty feat. Vircent Mason 52 -1% 40 10 0.4k 1% 6.7m 97% 0.9m 2% 45.3k Rethink Some Things 62 -8 Luke Combs 51 3% 46 19 0.2k 0% 5.9m 85% 5.4m 15% 38.1k 63 -15 iloveitiloveitiloveit Bella Kay 50 -4% 17 25 0.1k 0% 4.9m 83% 5.7m 16% 41.0k 64 -7 Chevy Silverado Belley Zimmerman 49 1% 57 0.2k 0% 1.2m 18% 28.2m82% 8.2k RC Pop Dat Thang DaBaty 49 -10% 26 26 0.1k 0% 4.4m 76% 8.1m 24% 36.4k 65 HouseTour Saorina Carpenter 49 3% 27 14 0.1k 0% 2.6m 42% 19.9m 58% 19.5k 66 -10 Great Expectation Sienna Spirio 49 0% 5.6 0.2k 0% 5.0m 05% 1.7m 5% 46.4k 67 -12 Woman 49 -1% 55 17 0.3k Kane Brown 2.1m 32% 23.3m68% 14.4k RC Chicago Michael Jackson 49 7% 26 10 0.2k 0% 5.5m 100% 0.0m 0% 48.6k 68 -10 Hate How You Look Josh Ross 48 Q% 52 18 0.2k 0% 1.7m 29% 23.8m71% 13.4k 69 1 Rein Me In Sam Fandar & Olivia Dean 48 7% 64 20 0.6k 1% 4.8m 02% 2.2m 7% 44.4k 70 -8 WillingAnd Able Noah Kshan 47 0% 26 15 0.3k 1% 5.0m 00% 0.0m 0% 47.3k 71 -22 Honeybee 47 -9% 9 0.2k 0% 5.lm 100% 0.0m Olivia Rodrigo 0% 46.6k 72 -19 Noble F3mil 47 -7% 53 13 0.0k 0% 5.1m 99% 0.2m 1% 46.2k 73 Speed Demon Justin Biober 45 1% 66 0.2k 0% 1.8m 35% 20.5m 64% 15.7k 74 2 MyBody Isn't Ready Semb: 45 3% 30 6 0.3k 1% 3.3m 59% 12.5m 40% 25.2k RC FeverDream AlexViarron 45 27% 21 22 0.9k 2% 3.9m 68% 9.4m 30% 29.2k 75 -15 Misery. Pupsiee 45 7% 50 5 0.k 0% 5.8m 100% 0.0m 0% 44.7k；Airplay Rank +/- Song @talkofthecharts Points % Peak WoC Sales % Streams % % Units 76 -7 CarryOn Kanny Chosnoy 45 7% 69 7 0.4k 1% 2.4m28% 22.4m 71% 9.1k 77 -26 6 2Hard 4 The Radlo Drake 45 -12% Q 12 O.1k 0% 2.6m 54% 14.3m 46% 23.8k 78 -12 Rubberz Fenix Fiexin 42 -8% 58 9 0.2k 0% 3.1m 69% 8.9m 31% 28.6k RC McArthur HARDY"" Erie Church"" Morgan Wallen""  Tim MeG 41 -7% 31 26 0.4k 1% 3.1m 65% 9.8m 34% 26.2k 79 -14 Ran To Atlanta Drake feat.Future Moly Santene 41 -9% 2 12 O.1K 0% 4.2m 97% 0.8m 3% 39.4k 80 -9 Expoctations Olivia Rodrigo 41 -8% 20 8 O.lk 0% 4.3m 100% 0.0m 0% 40.4k 81 NEW Nightmares To Dreams Meek Mill 41 B1 1 0.5k 1% 4.1m 97% 0.4m 2% 39.9k RC Motion Party BossMan Dlow 40 12% 37 20 0.2k 0% 3.1m 64% 10.1m 36% 24.9k 82 -4 Think As You Drunk Riley Oreen 40 2% 78 6 0.5k 1% 2.7m 57% 1.6m 41% 22.8k 83 NEW Ain'tInLA ADELA 40 - 83 O.lk 0% 4.1m 100% 0.0m 0% 39.6k 84 -11 Maggots For Brains Dlivia Rodrigo 40 -9% 12 O.1k 0% 4.2m100% 0.0m 0% 39.5k 85 NEW Poured Lil Uzi Vert 39 85 1 0.0k 0% 4.2m 100% 0.0m 0% 38.7k 86 +5 Matadora Karol G 39 6% 86 2 0.2k 1% 4.1m 99% 0.lm 0% 37.9k 87 -10 Bottom Of YourBoots Ella Langley 38 -7% 20 16 0.5k 1% 4.3m 98% 0.1m 0% 37.1k 88 -12 lconic By Mistake Lo Sserafim"" IIt""  Katoye 38 -8% 38 8 O.1k 0% 4.3m98% 0.4m 1% 37.2k 89 -1 Swim BTS 38 4% 20 0.3k 1% 4.0m 94% 1.4m 5% 34.9k 90 +B Sue Me Aucrey Hobert 38 9% 90 2 0.2k 1% 3.8m 91% 2.2m 8% 33.7k 91 -5 South Of Sanity Zach Top 37 -1% 86 0.4k 1% 2.0m 44% 14.3m55% 15.7k 92 -7 EmptyWords CoreyKent 37 -2% 85 8 0.3k 1% 4.5m 88% 3.0m 12% 28.7k 93 RE The Feeling Steve Lacy 37 75 3 O.1k 0% 4.0m 98% 0.4m 2% 36.1k 94 -2 In My Room Juia Wof 37 1% 57 14 O.1k 0% 3.6m 86% 3.4m 13% 31.7k 95 NEW Brand New Chanels Sleyyyter 36 - 95 1 0.6k 2% 3.6m 98% 0.0m 0% 35.7k 96 -13 What'sWrong With Me Olivia Rodrio  Robert Smith 36 -7% 17 8 O.1k 0% 3.8m 99% 0.2m 1% 35.6k 97 -16 National Treasures Drake 36 -9% 6 12 0.0k 0% 3.8m 100% 0.0m 0% 35.8k 98 +1 Sunburn 36 4% 86 6 0.3k 1% 4.7m Tuckor Wetmore 99% 0.0m 0% 32.3k 99 -19 Whisper My Name Drake 36 -11% 3 12 0.0k 0% 3.8m100% 0.0m 0% 35.3k 100 -16 Less Olivia Rodrigo 35 -9% 21 B 0.0k 0% 3.7m 100% 0.0m 0% 35.0k"	,"【本周Billboard Hot 100单曲榜终极预测】 / Cardi B新单曲《Ah Ha》将空降No.25！ Ariana Grande新专辑将全专上榜！同名曲《petal》将空降No.5！ #Billboard# #CardiB##ArianaGrande#"	,"中性"	
啤酒行业-行业-高,"2026-08-10 12:00:11"	,"xiaohongshu"	,,0,,,"63f05e00000000001001e12e"	,,"小红薯63F09F52"	,,"6a794ccb00000000330333f3"	,"https://api-app-proxy.tarsocial.com/api/token/v2/rewrite_url?url=cSb9xPr9PTnAREU6T0jLKsUsLLPSJ9iu21ImVmniC4X2dSrZNQhFvqEDgG05ykAXytWoQbuUEvn2fBL2DejlBA"	,"#金华十足便利#十足便利店@小红薯63F09F52"	,"十足十足精酿白啤 CRAFT BEE 12.51 WHITE BEER 艾尔工麦精酿全麦精酿原比利时小麦 ≥4.0% 原麦汁浓度：11°P 酒精皮啤酒净含量：500ml 生产日期及保质期到期日：见规底境码千岛湖水源黄香浓用1次省1次以上活动如遇会员日活动时除外 4H 良扫码国券更优惠多巴股任意2听 12.5P 过期道·最店取·可转量·可分次碳销 .9元 9.9 任意5听2 精酸原旅 500ml 见色装 90"	,"十足十足精酿白啤 CRAFT BEE 12.51 WHITE BEER 艾尔工麦精酿全麦精酿原比利时小麦 ≥4.0% 原麦汁浓度：11°P 酒精皮啤酒净含量：500ml 生产日期及保质期到期日：见规底境码千岛湖水源黄香浓用1次省1次以上活动如遇会员日活动时除外 4H 良扫码国券更优惠多巴股任意2听 12.5P 过期道·最店取·可转量·可分次碳销 .9元 9.9 任意5听2 精酸原旅 500ml 见色装 90"	,"#金华十足便利#十足便利店"	,"正向"	
啤酒行业-行业-高,"2026-08-10 11:59:28"	,"toutiao"	,42,0,,,"4378688324645763"	,,"生活边角料"	,,"1873107346770944"	,"https://api-app-proxy.tarsocial.com/api/token/v2/rewrite_url?url=1YusuDMvr9od4K_K1MN8mlDDzP1nPFJ1ypc-UlWqfKDq67gcDTq-SUL_4TZizKNGPTr7KxY7HuPY6VsimD30LQ"	,"不知道是不是真的😂😂😂"	,"特等奖 35岁少妇一个限2026年12月30日"	,"特等奖 35岁少妇一个限2026年12月30日过期作废喝了这么多年的啤酒今天终于中奖了"	,"不知道是不是真的😂😂😂"	,"中性"	
啤酒行业-行业-高,"2026-08-10 11:53:50"	,"douyin"	,,0,1131,,"98138317091"	,,"比亚迪王朝｜荣成兴飞店"	,,"7672246235391631210"	,"https://api-app-proxy.tarsocial.com/api/token/v2/rewrite_url?url=UxI1mE1VtivWWENn8adpDmG3kF8SwGcheiC2XVx5H1n8Omgj1FvsWkO3PSkdXLg2ClBpkRBNLZe2nmTkv7vACQ"	,"#比亚迪闪充"	,,"华东沿海线|比亚迪闪充暑期出行路线|闪充（日照云海路沙墩市场）闪充（泰州凤城比亚迪|酒店）充电站充电站日照闪充（烟台福海路欧尚花园）烟台连云港充电站|期出行路线|威海闪充(盐城兴闪充（连云港海州公园）充电站青岛闪充（泰州凤城河景区全季闪充（日照云海路沙墩市场）泰州盐城南通五洲国|服务区服务区|@比亚迪何志奇|闪充（黄山黟县缇玺度假酒店）充电站闪充（杭瑞高速徽州古城服务区闪充（杭瑞高速徽州古城服务区充电站闪充（上饶天虹购物中心）充电站德话黄山黟县瑞丽方向）充电站|徽派古韵线|贵阳闪充（桂林中山南路桂林站）充电站方向）充电站闪充（凯里丰恒江上院）充电站闪充（沿榕高速笔架山）凯里都匀闪充(都匀匀东大厦)充电站榕江闪充（贵阳十里河滩）充电站闪充（柳州三江文体中心）充电站|西南民族风情线|充电站闪充（营口盖州收费站盘锦充电站大连闪充（大连福佳新城）充电站营口出口）充电站高速出口）充电站闪充(葫芦岛东收费站京哈葫芦岛闪充（盘锦格林豪泰酒店）秦皇岛闪充（秦皇岛城东逸居）关海古道线|闪充(宁德赛岐收费站出口)充电站闪充（泉州万荣充电站闪充（温州红福国际）充电站福州泉州1充（厦门缤俪珊瑚文化馆闪充(福州东二环泰禾广场）东南沿海线|宁德|闪幕（温州红星国际）充电站东南沿海线巧充|宁德赛岐收费站出口）充电站河元昌东二环泰禾广场）比亚迪闪充暑期出行路线福州|闪充（酒泉敦煌山庄）充电站柳园方向）充电站闪充（G215七瓜公路双） 区底州方向）充电站金昌格尔木方向）充电站张掖（金猛永昌北海子公园）闪充（嘉峪关关城景区智服）场）亮@比亚迪何志字闪充元（柳格高速阳关服务区武威闪充（柳格高速阳关服务区重泉瓜州鼎峪关闪充（连闪充（武威迎宾路客运中心）充电电站河西走廊线|闪充（嘉峪关关城景区型意场|元电站元上海江桥收费站）比亚迪闪充署两出行|亚迪何志奇|充暑期出行路|闪充（上饶天虹购物中心）充电站闪充（黄山黟县缓玺度假酒店）闪充（杭瑞高速徽州古城服务区上饶闪充（景德镇绿地景府南苑）充电站瑞丽方向）充电站黄山黟县充电站|闪充(柳州三江文体方向）充凯里 闪充（沿榕族风情线充电站闪充（桂林中山南|榕江元（凯里丰恒江上院）充电站（都匀匀东大厦）充电站|贵阳都匀闪充（柳州三江文体中心）充电站方向）充电站桂林凯里闪充（沿榕高速笔架山服务区榕江柳州闪充（贵阳十里河滩）充电站闪充（桂林中山南路桂林站）充电站/"	,,"中性"	
啤酒行业-行业-高,"2026-08-10 11:50:50"	,"douyin"	,,0,1,,"2807519130688563"	,,"君达小助理"	,,"7672245456381955374"	,"https://api-app-proxy.tarsocial.com/api/token/v2/rewrite_url?url=UxI1mE1VtivWWENn8adpDmG3kF8SwGcheiC2XVx5H1kAxFa9gNxh7aHEIfDQjEl3b1Sh8A1GEaq2NT4FgiUZVQ"	,"欧盟PPWR新规！2026年8月生效。2026年8月12日""欧盟《包装和包装废弃物法规》(PPWR)正式执行。 三大核心合规红线（2026年8月12日起执行） 严控有害物质：所有包装中铅、镉、汞、六价铬总和 ≤ 100mg/kg；食品接触包装需额外管控PFAS（限值：单种≤25ppb，总量≤250ppb，总氟≤50ppm）。注意：无库存过渡期，不合规库存不得再投放。 EPR强制注册：必须在每个销售国完成生产者责任延伸（EPR） 注册并获取ERN号，非欧盟企业需指定授权代表（AR）。各大电商平台已要求8月12日前上传ERN号，否则面临下架。 合规文件与标识：制造商（注意：品牌方/设计方通常被视为制造商，而非实际生产工厂）须为包装准备技术文件和欧盟符合性声明（DoC） 备查；包装上须标注型号、制造商信息等追溯标识。"	,"欧盟包装法规PPWR 管控哪些包装? 一级销售包装指构成销售单元的包装""直接接触产品。 如:酸奶杯、洗发水瓶、食品袋、手机盒、玩具盒等二级组合包装指用于组合多个销售单元""便于搬运或库存。 如:六联包啤酒的收缩膜、多包零食的纸盒等。 3.三级运输包装指运输过程中用于保护产品的运输包装""但排除公路/铁路/空运/海运集装箱。 如:托盘缠绕膜、运输纸箱、运输托盘、电商快递盒等。"	,"欧盟包装法规PPWR管控哪些包装？一级销售包装》指构成销售单元的包装，直接接触产品如：酸奶杯、洗发水瓶、食品袋、手机盒、玩具盒等二级组合包装指用于组合多个销售单元，便于搬运或库存。如：六联包啤酒的收缩膜、多包零食的纸盒等。3.三级运输包装》指运输过程中用于保护产品的运输包装，但排除公路/铁路/空运/海运集装箱。如：托盘缠绕膜、运输纸箱、运输托盘、电商快递盒等。#####欧盟包装法规PPWR关注物质要求1.PFAS限值（食品接触包装）永久化学品""的限值卡得很死：单一非聚合PFAS≤25ppb、总和≤250ppb、总氟≤50ppm。防油纸、抗油污涂层、部分淋膜、脱模剂里都可能含PFAS，而很多人压根不知道自己用的材料里有。凡是包装会接触食品的一餐盒、烘焙盒、外卖盒、纸杯、食品内衬一现在就该向供应商要检测报告。2.重金属限值铅、镉、汞、六价铬总和≤100mg/kg。主要盯油墨颜料，尤其是鲜艳的红黄色系和金属色，还有部分涂层。3.包装具备可回收性2026年8月12日起，所有投放欧盟市场的包装必须具备可回收性，并分阶段满足特定可回收等级。关于包装回收设计要求及相关评估方法暂时未发布，目前提供包装可回收性声明即可，欧盟委员会将于在2028年1月1日前发布相关实施标准。#####欧盟包装法规PPWR管控哪些包装？哪些企业受影响？》1、制造商、2、进口商、3、品牌商、4、跨境电商、5、OEM/ODM企业及海外仓运营方都需要重新审视法规中的各项强制要求，不同角色的主体需承担各自的法规义务，不合规产品可能面临市场准入受限、产品下架、监管整改及处罚等风险。PPWR系统性整合了有害物质限量、回收材料含量、可回收性分级（A~C级）和包装减量目标等要求"	,,"中性"	
啤酒行业-行业-高,"2026-08-10 11:50:49"	,"douyin"	,,0,68,,"3773943949043309"	,,"全球检测认证 叶小姐"	,,"7672245437964848418"	,"https://api-app-proxy.tarsocial.com/api/token/v2/rewrite_url?url=UxI1mE1VtivWWENn8adpDmG3kF8SwGcheiC2XVx5H1k-GnizrgSPJfoTKVc-tGzlJoAYKGFcJLurgPJuDAJqNw"	,"欧盟PPWR新规！2026年8月生效。2026年8月12日""欧盟《包装和包装废弃物法规》(PPWR)正式执行。
三大核心合规红线（2026年8月12日起执行）
严控有害物质：所有包装中铅、镉、汞、六价铬总和 ≤ 100mg/kg；食品接触包装需额外管控PFAS（限值：单种≤25ppb，总量≤250ppb，总氟≤50ppm）。注意：无库存过渡期，不合规库存不得再投放。 
EPR强制注册：必须在每个销售国完成生产者责任延伸（EPR） 注册并获取ERN号，非欧盟企业需指定授权代表（AR）。各大电商平台已要求8月12日前上传ERN号，否则面临下架。 
合规文件与标识：制造商（注意：品牌方/设计方通常被视为制造商，而非实际生产工厂）须为包装准备技术文件和欧盟符合性声明（DoC） 备查；包装上须标注型号、制造商信息等追溯标识。"	,"欧盟包装法规PPWR 管控哪些包装？ 1.一级销售包装 》指构成销售单元的包装，直接接触产品。 如：酸奶杯、洗发水瓶、食品袋、手机盒、玩具盒等 2 二级组合包装 >指用于组合多个销售单元，便于搬运或库存。 如：六联包啤酒的收缩膜、多包零食的纸盒等。 3.三级运输包装 》指运输过程中用于保护产品的运输包装，但排除公路/铁路/空运/海运集装箱。 如：托盘缠绕膜、运输纸箱、运输托盘、电商快递盒等。"	,"欧盟包装法规PPWR管控哪些包装？、一级销售包装》指构成销售单元的包装，直接接触产品如：酸奶杯、洗发水瓶、食品袋、手机盒、玩具盒等二级组合包装指用于组合多个销售单元，便于搬运或库存。如：六联包啤酒的收缩膜、多包零食的纸盒等。3.三级运输包装》指运输过程中用于保护产品的运输包装，但排除公路/铁路/空运/海运集装箱。如：托盘缠绕膜、运输纸箱、运输托盘、电商快递盒等。#####欧盟包装法规PPWR关注物质要求1.PFAS限值（食品接触包装）永久化学品""的限值卡得很死：单一非聚合PFAS≤25ppb、总和≤250ppb、总氟≤50ppm。防油纸、抗油污涂层、部分淋膜、脱模剂里都可能含PFAS，而很多人压根不知道自己用的材料里有。凡是包装会接触食品的一一餐盒、烘焙盒、外卖盒、纸杯、食品内衬一现在就该向供应商要检测报告。2.重金属限值铅、镉、汞、六价铬总和≤100mg/kg。主要盯油墨颜料，尤其是鲜艳的红黄色系和金属色，还有部分涂层。3.包装具备可回收性2026年8月12日起，所有投放欧盟市场的包装必须具备可回收性，并分阶段满足特定可回收等级。关于包装回收设计要求及相关评估方法暂时未发布，目前提供包装可回收性声明即可，欧盟委员会将于在2028年1月1日前发布相关实施标准。#####欧盟包装法规PPWR管控哪些包装？哪些企业受影响？》1、制造商、2、进口商、3、品牌商、4、跨境电商、5、OEM/ODM企业及海外仓运营方都需要重新审视法规中的各项强制要求，不同角色的主体需承担各自的法规义务，不合规产品可能面临市场准入受限、产品下架、监管整改及处罚等风险。PPWR系统性整合了有害物质限量、回收材料含量、可回收性分级（A~C级）和包装减量目标等要求"	,,"中性"	
啤酒行业-行业-高,"2026-08-10 11:45:17"	,"douyin"	,,0,20,,"3901501739636856"	,,"望舒·明视达眼镜官方号"	,,"7672244033414265738"	,"https://api-app-proxy.tarsocial.com/api/token/v2/rewrite_url?url=UxI1mE1VtivWWENn8adpDmG3kF8SwGcheiC2XVx5H1mDiy2eY1xOH328PMVt7jVShitNtDQ3BPOVFkacor51Ew"	,"告别深黄镜片，朝日富士1.60蓝光膜阻隔有害蓝光，配多款镜框全套368，可随时过期退，适配多类人群，换眼镜快来望舒·明视达眼镜！#网红眼镜 #万博广场 #戴眼镜的样子 #养眼护眼 #周末去哪玩"	,,,,"正向"	
啤酒行业-行业-高,"2026-08-10 11:44:19"	,"kuaishou"	,,29,1,,"5429558866"	,6,"雅润my"	,23,"3xd7fn2eiuathwu"	,"https://api-app-proxy.tarsocial.com/api/token/v2/rewrite_url?url=9ztplZmWLh3u69xTkhscCpmkZPB7DFcSEau1U7XU0GUNht31hGnMWd4SVTbVDeFtZJCGBbRhONo76qlf1GC_gA"	,"#白鹿白梦妍 #白鹿主场 @别遇见你^(O2878287736) @양매💫(O4196259933) @江淼.➕慧♠️✂️(O4232201362) @K椿芽🍐瑶🚪(O3995188662) @杂质泪.(O2497276509) @鹿呵云汐月—王韵娜好美版(O5658831958) @恩月.桂🖤(O5487645673) @鹿鹿爱吃糖(O5592981001) @鹿鸣.my(O2041574716) @溪奈.(O5415832308) @颜之鹿.🦌(O3761894039) @晚云烟☁️(O4182716038) @无缘🐍(O626762998) @Sincere(O4044972999) @Sincerel(O5340137191) @虞小欣.Esther(O1794584476) @准王名(O2290474461) @canlily.^露芷凝^(O4576820696) @^困la(O3417995416) @鹿遇真源.(O1753070400) @巩舒然🍀¹²³¹(O4987161535) @池琦.夏偏默🌴(O3279922949) @凯踏星光(O3389327339) @ㅤㅤㅤㅤㅤㅤㅤ   ㅤㅤ(O1434846604) @皖鹿🦌(O750606528) @W🍀泥🐎（小小号）(O5617860984) @冰岛(O3219870058) @念安(O1374719602) @ღ厌᭄(O4310626305) @斩泪(O4488182037) @雾漫祈鹿(O5498612912) @𝙄𝘿^白.芷.妍^.望🚪(O5443616441) @一婉妍（叶璃版）(O4617665169) @鹿欣妍（冲1100粉）(O3121543601) @^白.茵言.^(O5018746197) @侯咲怜（退圈）(O4810364698) @威飝(O5260476290) @莫晞.(O1038442259) @ʸ.函桅⁹妍²³^（限流版）(O2737509546) @栀鹿祁(O1447713087) @ฅ巴黎兔痕ฅ(O3945320528) @༊鹿念云舒࿐（独创禁仿）(O4800954862) @顶流^鹿昕翊(O2856235088) @莫小鹿🦌(O4183650804) @鹿慕雪.🦌(O1626602405) @^姜鹿妍_(O764676862) @琦时鹿.^（冲1500）(O2299190971) @絕情^.🐍(O1764892532) @青桅(O4355666757) @虞婉欣🍀¹²¹⁸(O4991634521) @❦☆浅桉鹿.my(O4937075691) @简鹿嫣.🦋（限流版）(O1102290812) @泪萌鹿.💧⁹²³(O90914544) @白简祎-（8.19生日）(O3173293607) @沈韵、(O2394439479) @Hello.璃晚欣💝.¹²¹⁸婉🚪(O2359379897) @Stella .luo☀︎🦌(O3864672257) @🐾^··^涵涵-鹿.M🚪/冲750粉(O5349133885) @妍栀许^(O3904277976) @芝麻味的鹿茸🥝(O2245391986) @欣、(O2749727172) @漓汐(O2237083566) @鹿晨依(O5444791616) @Meteor(O4858952330) @叶妍仪my(O4547563918) @许冉冉·jh（接代✂️）媛冉🚪(O3521353477) @简依鹿(O541271467)"	,"微白鹿主场影响力排行榜一人一句白鹿牛逼殿堂丨TOP10 高日榜数据整理张凌赫z 影响力值 1.00亿 2026.3.12 《逐玉》饰谢征达成白鹿my 影响力值 1.00亿 2026.6.10 《莫离》饰叶璃达成鞠婧祎影响力值 9""835万 2026.3.31 《月鳞绮纪》饰露芜衣达成田曦薇影响力值 4 2026.3.12 9""827万 《逐玉》饰樊长玉达成 5 肖战影响力值 2025.12.6 9""694万 《得闲谨制》饰莫得闲达成演员艾米影响力值 2026.7.13 《雀骨》饰谢嘉鱼 9""587万达成 《功夫女足》饰初三杨紫影响力值 1 2026.6.27 《家业》饰李祯 9""400万达成 Dear-迪丽热巴影响力值 2026.3.28 9.389万 《白日提灯》饰贺思慕达成孟子义影响力值 2026.7.9 9""371万 《百花杀》饰沈汐和达成 TFBOYS-易烊千玺 10 影响力值 2026.2.9 《惊蛰无声》饰严迪 9""327万达成 《狂野时代》饰迷魂者看明星物料还是大屏手机更舒服，iPhone15Pro如今 3528元就能带走，性能强，价格合适，售后也有保障"	,,"#白鹿白梦妍 #白鹿主场 @别遇见你^(O2878287736) @양매💫(O4196259933) @江淼.➕慧♠️✂️(O4232201362) @K椿芽🍐瑶🚪(O3995188662) @杂质泪.(O2497276509) @鹿呵云汐月—王韵娜好美版(O5658831958) @恩月.桂🖤(O5487645673) @鹿鹿爱吃糖(O5592981001) @鹿鸣.my(O204157"	,
啤酒行业-行业-高,"2026-08-10 11:44:00"	,"xiaohongshu"	,,0,10,,"561a2aa667bc6535e430843b"	,,"Baddie"	,,"6a79491f0000000025013a19"	,"https://api-app-proxy.tarsocial.com/api/token/v2/rewrite_url?url=cSb9xPr9PTnAREU6T0jLKsUsLLPSJ9iu21ImVmniC4Uh6z-ztjwhpgFfBy-MbynpKzmcqjk-CjfviXhXNDNHRw"	,"LadyGagaJustDance(2009年日本@Baddie"	,"JUSTDANCE MLADYGAGA Where are mykeys?Ilost myphone"" phone 键？一"	,"isahi M；JUST DANCE LADYGAGA tv asahi JUSTDANCE 作词作曲LadyGaga，RedOne，AliauneThiam LADYGAGA M；JUSTDANCE LADYGAGA tv asahi JUSTDANCE 作词作曲LadyGaga，RedOne，AliauneThiam LADYGAGA；JUSTDANCE LADYGAGA tv asahi 8 8；JUSTDANCE LADYGAGA Ivasahi；JUSTDANCE LADYGAOA tv asahi；JUSTDANCE LADYGAGA tvasahi；JUSTDANCE LADYGAGA Iv asahi；JUSTDA INCE PLADYGAGA I've had a little bit too much"" much 饮权 M；JUSTDANC MLADYGAGA I've had a little bit too much"" much 可饮可权；JUSTDANCE SIADYGAGA All of the people start to rush""start to rush by 集、の周；JUSTDANCE AD BAGA All of thepeoplestart torush""starttorushby 集、の周；JUSTDANCE LADYGAGA A dizzytwisteddance""can'tfindmydrink""ohman 酒；JUSTDANCE PLADWGAGA A dizzytwisteddance""cantfindmy drink""ohman 酒；JUSTDANCE LADYGAGA Where are my keys?llostmy phone;phone 键？一；JUSTDANCE PLADYGAGA Whereare mykeys?llost myphone""phone 键？一夕 M；JIUSTDANCE LADYGAG What's going on on the floor? 感；ANCE JUST LADYGAGA What's going on on the floor? 感；JUTDANCE DYGAG love thisrecord babybutIcan'tseestraightanymore；JST AD llove thisrecord babybutlcan'tseestraight anymore の；JUSTDANCE PLADYGAGA Keep it cool"" what's the name of this club? の名前；JUSTDANCT PLADY Keepitcool""what'sthe name of this club? 前；JUSTDANOE PLADYGAGA Keepitcool""what's'the name of this club? の名前；DAN lcan'trememberbutit's alright"" a-alright 忘、氛；JUSTDANCE LADYGAGA Just dance""gonna beokay""da dadoo-doo-mmm 踊の、氛；JUSTDANCE MLADYGAGA Just dance""gonna beokay""da dadoo-doo-mmm 踊の、氨；JIUSTDANC LADYGAGA Justdance""spinthatrecordbabe""dadadoo-doommm 踊のDJ；JUSTDANCE LADYGAGA Justdance""spinthatrecordbabe""dadadoo-doo-mmm 寸踊のDJh；LANCF LAG Just dance; gonna be okay"" d-d-d-dance 踊の、踊の；JUSTDANCE MLADYGAGA Just dance"" gonna beokay""d-d-d-dance 踊の、氛踊の；JUSTDANCE PLADYGAGA Just dance"" gonna be okay"" d-d-d-dance 寸踊の、氛踊の；JUSTDANCE HEADYGAGA Dance""dance""just""j-i-just dance 卜；JUST DLAD Dance"" dance"" just"" j-j-just dance；JUSTDANCE Dance""dance""just""j-i-just dance 卜·夕；JUSTDANCE LADYGAGA Wishlcouldshutmyplayboymouth""ohohoh-oh の；STDANCE LADYGAGA Ivasafi Wish I could shut my playboymouth"" ohoh oh-oh の；JUSTDANO DYGAGA How'dlturnmy shirt inside out? Inside outright 下着逆着；JUSTDANCE LADYGAGA How'dIturn my shirtinsideout? Inside outright 下着逆着、“；JUSTDANCE DLADYGAG Control yourpoison babe""roses have thorns they say 留；JUSTDANCE LADYGAGA And we're allgetting hosed tonight"" oh oh oh-oh 今夜；JUSTDANCE LADYGAGA And we're all gettinghosed tonight""oh ohoh-oh 今夜；JUSTDA NLADYG And wereallgetting hosed tonight"" ohohoh-oh 今夜h；JS DANCE GAG What'sgoingononthe floor? 感；JUST DANGI PLAD GAGA What'sgoingononthefloor? 夕感；DANCE LADYGAG llove thisrecordbaby butI can't see straight anymore；DAN GAGA ovethisrecordbabybutl can't see straight anymore；JUSTDANCE VGAGA Keep it cool"" what's the name of this club? 前；JUSTEANCE LADYLAGA Huasahi Keepit cool; what's the name of this club? 、の前；JUSTDANCE DLADYGAGA I can'trememberbutit'salright"" a-alright 忘氛 M；JUSTDANCE LADYGAGA Just dance""gonna be okay""da da doo-doo-mmm 踊の、気 M；JUSTDANCE LADYGASA Just dance""gonna be okay""da da doo-doo-mmm 踊の；JUSTDANCE PLADVGAGA 1vasahi Justdance""spinthatrecordbabe""dadadoo-doo-mmm 踊の、DJh；JUSTDANCE MLADYGAGA Justdance""spinthatrecordbabe""dada doo-doo-mmm 踊の、DJh；JUSTDANCE PLADYGAGA Just dance"" gonna beokay"" d-d-d-dance 踊の、、踊の；JUSTDANCE MLADYGAGA Just dance"" gonna be okay"" d-d-d-dance 踊の、氛、踊の；SEJUSTDANCE FPLADYGAGA 1vasahi Just dance"" gonna be okay"" d-d-d-dance 踊の踊；JUSTDANCE LADYGAGA nsahi Dance""dance"" just"" j-i-justdance 、、卜；JUSTDAN LADYGAI Dance""dance""just""j-j-justdance 、夕、卜 M；JUST DANCE NLADYGAGA tvasahi；JUSTDANCE NLADYGAGA Ivasalm；JUSTDANCE LADYGAGA Woo! Let's go! Woo！行<世！；JUS 1va5alll Half psychotic""sickhypnoticGotmyblueprintit'ssymphonic；JUSTDANCE LLADYGAGA HalfpshoticsickhynoticGotmyblurintitsymphonic；JUETDANCE LAUYGAGA Halfpsychotic""sick""hypnoticGotmyblueprintelectronic 半；JUSTDANCE DCADYGAGA Halfpsychotic""sick""hypnoticGotmyblueprintelectronic；JUSTDANCE PLADYGAGA got:my bie HalfpsyhoticickhynotiGotmyluprintitsyphn 半；JUSTDANCE LADY.GAGA ueorlintuolec Half psychotic""sickhynoticGotmybluprintitssymphonic；JUSTDANCE LADY.GAGA Halfpsychotic""sick""hypnoticGotmyblueprintlectronic 半、の；JUSTDANCE LADYGAGA Halfpsychotic""sickhypnoticGotmyblueprintlectroni 半；JUST DANCE gomy bu NLADY GAGA Go！seyourmusclecarveitout""workit""huste 腰、持、思、；JUETDANCE LADYGAGA lvasal Go!Useyourmuscle""arveitout""workithustle 一！腰、持、思、；NANCE USTD PLADYGAGA lgotit"" just stay close enoughtogetit h感、；JUSTDANCE PLADYGAGA Tvasami got-it""just stay close enough to getit 感；ANCE A Ivnsahi Don'tslow!DriveitcleanlitLyolbleed itSpend thelastdough(Igotit) 押使果有金（；JUSTDANCE MLADYGAGA Dontsow!DriveitleanlitLyolbleedlitSend thelastdoughgotit） 押使果有（）；JUSTDANCE MLADYGAGA In your pocko (lgotit) <（）；JUSTDANCE PLADYGAGA Just dance; gonna be okay"" dada doo-doo-mmm 踊の氛；JUSTDA MLADYGA 1vasahi Just dance""gonna beokay""dada doo-doo-mmm 踊の；JUSTDANCE PLADYGAGA tvasahi Justdance""gonnabeokay""dadadoo-doo-mmm 踊の、氛；JUSTDANCE LADYGAGA Just dance""spinthatrecordbabe""dadadoo-doommm 踊のDJ MP；JUSTDAN MLADYGAC 1vBsahi Justdance""spinthatrecordbabe""dadadoo-doo-mmm 踊の、DJ；DANGE JUSTDANCE JUSTYDAACE TDANCE JUST DAI NCE Justdance""gonnabekay""dadadoo-doo-mmm 踊の、氨；JUSTEANCE ANCE T DANCE JUSTD Just dance""gonna beokay""dadadoo-doo-mmm 踊の、；HSS JLSTDANC LADYGAB Justdance""spinthatrecordbabe""dadadoo-doo-mmm 寸踊のDJh；JUST ANCE EA JUSTDANCE Justdance""gonna beokay""d-d-d-dance 踊の、踊の；JUSTDANCE PLADYGAGI Just dance"" gonna be okay"" d-d-d-dance 踊の踊の M；JUSTDANCE DLADYGAGA vasalm Justdance""gonnabeokay""d-d-d-dance 踊の、踊の；JST DANCE JUST DANCE SLAPCAD JUST JUSTDASLE JUS DASTD NCE JUST DANC JUSTDANE JIST D CE Dance""dance""just""j-i-justdance 、、卜；JUST DANCE PLADYGAGA JUSTJI AY JRST CE Dance""dance""just""j--just dance 、、；JUST DAN LADYGA tv asahi；tvasahi JUST DANCE；vasali"	,"Lady Gaga  Just Dance (2009年日本"	,"中性"	
啤酒行业-行业-高,"2026-08-10 11:42:16"	,"app"	,,0,4088,,"b4d3a5662ed845c2896b4af97c5477bc"	,,"无年娱少"	,,"0df8785be9d4e246f79f980f74453b4d"	,"https://api-app-proxy.tarsocial.com/api/token/v2/rewrite_url?url=97GRD9qUBqI626VGLbEA25GqvIAO6fk82IyotuwKRSZQuBU13CKdVfrubjc0EcjuI37_9RuozekEPJaLcIHERXfDmAXdzpVnLsGafgsmbvg7oY3I1n22CIUl20dhBmaccCzE2ly-WMlt076Qhlz0_OwPXkMCmDQWwgev8NGySnKs4Gfn-UEr4SDJBd2Ntfb6"	,"肖申克的救赎定档 安迪在肖申克坚守希望，我们在职场忍受煎熬。前有奥德赛时期后有肖申克时期 同样的牢笼，不同的挣扎。8月28日，来电影院见证我们的共同共鸣。肖申克的救赎"	,"他的安静与众不同 He had a quiet way about him. 说话走路都和这里格格不入 A walk and a talk that just wasn't normal around here. 像个在公园里散步的人 He strolled.. like a man in a park"" 像有件隐形衣将他和这里隔开 @10年娱少 Like he had on an invisible coat that would shield him from this place."	,"他的安静与众不同 He had a quiet way about him. 说话走路都和这里格格不入 A walk and a talk that just wasn't normal around here. 像个在公园里散步的人 He strolled.. like a man in a park"" 像有件隐形衣将他和这里隔开 @10年娱少 Like he had on an invisible coat that would shield him from this place.；有些鸟儿是关不住的 some birds aren't meant to be caged. 它们的羽毛太鲜亮了 Theirfeathersarejust toobright. @10年娱少；肖申克的救赎 @10年娱少；有些地方. places... 是这些高耸的石墙关不住的 in theworld thataren'tmadeoutofstone. 还是有些东西 There's something 在人们内心 inside... 是他们这些人 that they can't get to 碰不到夺不走的 that they can't touch. 完完全全属于你的 That's yours. 你说的是什么 What are you talking about? 希望 Hope. @10年娱少；我从未搞懂 I haveno idea to thisday 那两位意大利女士在唱什么 what those two Italian ladies were singing about. 其实我也不想弄懂 Truth is"" I don't want to know. 此时无言胜有言 Some things are best left unsaid. 她们唱出 I like to think it was something 难以言传的美 so beautiful it can't be expressed in words 美得令你心碎 and makes your heart ache because of it. 歌声直窜云端 Itellyou""thosevoicessoared 超越失意囚徒的梦想 2 higher and farther than anybody in a gray place dares to dream. 宛如小鸟 3517 t was like a beautiful bird 飞入牢房 flapped into our drab cage 使石墙消失无踪 and made those walls dissolve away. 就在这一瞬间 38963 Andforthebriefestofmoments 肖申克众囚仿佛重获自由 every last man at Shawshank felt free. @10年娱少；于是呢 And that's how it came to pass.. 在完工前一天 that on the second-to-last day of the job"" 49年春的公差犯人  the convict crew that tarred the plate-factory in the spring of '49... 早上十点坐成排 wound up sitting in a row at ten o'clock in the morning"" 喝着冰镇啤酒 drinking icy-cold"" Bohemia-style beer"" courtesy of the hardest screw. 肖申克监狱历来最狠的狱官请的客 that ever walked a turm at Shawshank State Prison. @10年娱少"	,"肖申克的救赎定档 安迪在肖申克坚守希望，我们在职场忍受煎熬。前有奥德赛时期后有肖"	,"中性"	
啤酒行业-行业-高,"2026-08-10 11:41:42"	,"douyin"	,,2,353,,"75128465027"	,1,"🧸ིྀ"	,1,"7672243113813590970"	,"https://api-app-proxy.tarsocial.com/api/token/v2/rewrite_url?url=UxI1mE1VtivWWENn8adpDmG3kF8SwGcheiC2XVx5H1nOJXPSAvnMBMSS-NbwTwbdAZRnFV09wkjiW12qjQYvfw"	,"#转账后的崩溃 工作总是“再来一瓶”工资却是“谢谢参与”#不画饼只发钱"	,"11:28 4G5G 吴大帥 8月6日23:03 没有 8月6日23:12 好吧 8月7日23:14 ¥88.00 已被接收 生 帮我买烟""我差点忘了 ¥88.00 已收款 转账 帮我摆口袋头 小油 ¥2396.00 7月份工资 转账 抖音号:SikJ1213"	,"11:28 4 吴大帥 8月6日23:03 没有 8月6日23:12 好吧 8月7日23:14 88.00 已被接收 生 转账 帮我买烟，我差点忘了 88.00 已收款 转账 帮我摆口袋头 11:28 2396.00 7月份工资 转账 抖音号：SIKJ12_13 11:29 龙茜 4 8月1日00:21 妹妹，看看小卡片小吴给扯了，没 扯的话你空了就把它扯掉，整件牛 奶那些只要是7月份的价标都不要 了，没日期的就继续摆着 是开心呀 好的 桌子上袋子里有小卡片，人家已经 拆好的，你看看难卖的啤酒这些给 他插上活动，好卖的就不用插 好 08:01 好的 11:28 2792.00 7月份工资 转账 抖音号：SikJ12_13 11:29 4 桃子味日落 2700.00 已被接收 转账 6月10日21:31 2700.00 已收款 转账 好的 土沾的本意 7月10日13:48 2800.00 已被接收 转账 7月10日23:41 2800.00 已被接收 转账 11:27 2800.00 7月份工资 转账 抖音号：SIKJ12_13 11:29 2 今天都7号了 我问问指导员 嗯 4 K 4 红牛，东鹏我都是自己报 生活的本息 8月7日10:00 是开心呀 我也报了 11:26 3100.00 已被接收 转账 收到收到over 3100.00 已收款 转账 抖音号：SikJ12_13 11:29 1 7月15日19:01 做质量索赔，看看给可以 如果实在不行，你就退回去看看 好 8月4日08:33 昨天晚上夜班做的损耗奶，丢了没 从8月一日起，所有冷藏退回公司 损耗做了不返款了，欧亚剩余7天 退回，其他冷藏过期7天之内退回 做退回单了 没丢呢 嗯 11:26 2800.00 已被接收 转账 2800.00 已收款 转账 抖音号：SIkJ12_13"	,,"中性"	
啤酒行业-行业-高,"2026-08-10 11:41:02"	,"douyin"	,,2,8,,"2930658418630355"	,1,"中国人的酒燕京啤酒"	,1,"7672242938278187946"	,"https://api-app-proxy.tarsocial.com/api/token/v2/rewrite_url?url=UxI1mE1VtivWWENn8adpDmG3kF8SwGcheiC2XVx5H1ncZFtYKV_Q3HCqBg617qu8nzdvaO9iAmRSjlL3vb2LXA"	,"没有老婆的抓紧喝U8了哈"	,"今天运气真好90 特等奖 35岁少妇一个限2026年12月30日过期作废没有老婆的抓紧像燕京啤酒靠拢"	,"今天运气真好9特等奖35岁少妇一个限2026年12月30日过期作废没有老婆的抓紧像燕京啤酒靠拢"	,,"中性"	
啤酒行业-行业-高,"2026-08-10 11:39:33"	,"kuaishou"	,,55,2529,,"3310335584"	,11,"一颗匿名的心"	,44,"3xtmfzycaek69yg"	,"https://api-app-proxy.tarsocial.com/api/token/v2/rewrite_url?url=9ztplZmWLh3u69xTkhscCpmkZPB7DFcSEau1U7XU0GUr4xOVbB8MR4VRxSxhsur_xmArrVtkpenYSV6zdET-pA"	,"千错万错都是我的错 怪我行了吧 对不起…… #已成年道具假酒 #茜茜"	,"英麦仙人掌 CRATT BEER 精酿精酿啤酒"	,,"千错万错都是我的错 怪我行了吧 对不起…… #已成年道具假酒 #茜茜"	,
啤酒行业-行业-高,"2026-08-10 11:39:00"	,"app"	,1,0,,,"1744364752102740"	,,"乳腺科于海静医生"	,,"3316439000661911093"	,"https://api-app-proxy.tarsocial.com/api/token/v2/rewrite_url?url=zltPKOl6MLyFgs7nLF5ZCQln4sLI3aL1NumlizQUGjpBZN-gz8ztSnQ_xiInbDmSq8CeZZfw8QMQ_Yl-6IASMEY5zu2e4inh-_rvUsT6SoU"	,"头两边胀胀的怎么回事？忽视这3个信号，可能会让大脑受损！ 头两边胀胀的，别再当成小事！这背后可能有三个隐藏原因：第一，饮食太咸。 比如你爱吃咸菜或火锅，盐量超标，体内水钠潴留，血管就像被吹胀的气球，第二天头就胀得难受。 每天盐别超过5克（大约一啤酒瓶盖）。 第二，总是低头玩手机或看电脑，颈部和肩膀肌肉硬得像石头，血流被堵，像被橡皮筋勒着头。 每坐1小时起来扭扭脖子5分钟，就能缓解。 第三，高血压信号。 如果收缩压高于140毫米汞柱，血管不断被冲击，头就会胀胀的。 建议在家常测血压，一旦连续几天超过130/85，可别硬扛，及时找医生检查。 当大脑发出这些求救信号时，别忽视，调整生活习惯就能轻松改善，别等到问题了才后悔！"	,"头两边胀胀的怎么回事忽视这3个信号，可能会让大脑受损！"	,"头两边胀胀的怎么回事忽视这3个信号，可能会让大脑受损！ @乳腺科于海静医生1.饮食惹的祸爱吃咸菜或火锅等高盐食物，容易让体内水钠猪留 ，导致血管扩张，头两边就会胀胀的。每天盐摄入控制在5克以内（约一啤酒瓶盖） 2.紧张性头痛长时间盯电脑或手机，颈部和肩膀肌肉绷紧，血流不畅，就像被橡皮筋勒住头。每坐1小时起来活动[5分钟]。 3.高血压风险收缩压超过140毫米汞柱时，血管受冲击，头部会发胀。常测血压，若连续几天超过130/85，就别硬扛， 找医生帮忙。 @乳腺科于海静医生"	,"头两边胀胀的怎么回事？忽...@乳腺科于海静医生的动态"	,
啤酒行业-行业-高,"2026-08-10 11:38:14"	,"douyin"	,,3,19,,"2821795972911395"	,,"醋酸洋紅.🤯"	,3,"7672242217617091963"	,"https://api-app-proxy.tarsocial.com/api/token/v2/rewrite_url?url=UxI1mE1VtivWWENn8adpDmG3kF8SwGcheiC2XVx5H1mXve3-Entv4TLaoLWls-Y2kdVMTU5JxR_CR6Ivl1zVIw"	,,"5G 11:34 聊城市东. 关注 73 小时榜 直播广场 基础展馆 /12 香百严霞 香 茶一个月睡不着觉 恭喜嗯。粉丝团团等级升级至2级 只加不减:小心心 x1000 12.05:你能展示个绝活吗""妍妍? 欠你一个晚安:秦嘉音说要举报你 敏敏 :牛摆毁了 414.来了 说点什么…."	,"恭喜嗯。粉丝团团等级升级至2级12.05：你能展示个绝活吗，妍妍？3敏敏：牛摆毁了只加不减：小心心x1000欠你一个晚安：秦嘉音说要举报你13养小鱼：现在还有奥利奥双皮奶吗7Kepca1m.来了|73|基础展馆1/12聊城市东.关注直播广场小时榜说点什么.4111:34香百产露|只加不减：小心心x1000欠你一个晚安：秦嘉音说要举报你13养小鱼：现在还有奥利奥双皮奶吗12.05：你能展示个绝活吗，妍妍？3敏敏：牛摆毁了10kkk1诺_：光谢谢我不知道我是谁12东山李通过分享来了|甜青|茶暴12.05：你能展示个绝活吗，妍妍？3 敏敏： 牛摆毁了10kkk1诺_：光谢谢我不知道我是谁欠你一个晚安： 秦嘉音说要举报你13养小鱼：现在还有奥利奥双皮奶吗4冠：咋这么火2卓66来了|欠你一个晚安：秦嘉音说要举报你13养小鱼：现在还有奥利奥双皮奶吗4冠：咋这么火3敏敏： 牛摆毁了10kkk1诺_：光谢谢我不知道我是谁25小宋同学：烦不烦，串不串1明明就.来了|4冠：咋这么火Echo：下午开门吗10kkk1诺_：光谢谢我不知道我是谁21危小烨：外边忒热，开车来接我我就去。来了25小宋同学：烦不烦，串不串现在还有奥利奥双皮奶|72|13养小鱼：现在还有奥利奥双皮奶吗4冠：咋这么火Echo：下午开门吗10kkk1诺_：光谢谢我不知道我是谁25小宋同学：烦不烦，串不串21危小烨：外边忒热，开车来接我我就去7碩来了|25小宋同学：烦不烦，串不串4冠：咋这么火24yyyh：@范琦琦咱俩一人一个珍珠奶茶21危小烨：外边忒热，开车来接我我就去Echo：下午开门吗挂一丁账上|u.来了|双奥味7碩分享了直播|EdisonChen：没灯牌小心串，有灯24yyyh：@范琦琦咱俩一人一个珍珠奶茶1421危小烨：外边忒热，开车来接我我就去挂一丁账上Echo：下午开门吗25小宋同学：烦不烦，串不串牌大胆串，只看不串跟被禁言了有什么区别8元子哥来了|送大啤酒niu.72|24yyyh：@范琦琦咱俩一人一个珍珠奶茶14 EdisonChen：没灯牌小心串，有灯21危小烨：外边忒热，开车来接我我就去Echo：下午开门吗挂一丁账上11z.35来了|11珊瑚海_：@Lzh老公|牌大胆串，只看不串跟被禁言了有什么区别|8睡个好觉来了|81|24yyyh：@范琦琦咱俩一人一个珍珠奶茶1421危小烨：外边忒热，开车来接我我就去牌大胆串，只看不串跟被禁言了有什么区别EdisonChen：没灯牌小心串，有灯挂一丁账上|11珊瑚海_：@Lzh老公|卧香百产霞|4冠来了|20LIILIIl来了|1说话一股辣条味来了|甜青|基础展馆|2521|柑橘加入了直播间|82|10kkk1诺_通过分享来了|yyyh：@范琦琦咱俩一人一个珍珠奶茶牌大胆串，只看不串跟被禁言了有什么区别11珊瑚海_：@Lzh老公挂一丁账上14 EdisonChen：没灯牌小心串，有灯10kkk1诺_：你别说话就行1本可素指南为主播点赞了|17niu.送出大啤酒x1|10kkk1诺_：你别说话就行11珊瑚海_：@Lzh老公11珊瑚海_：@Lzh老公14 EdisonChen：没灯牌小心串，有灯腿超长的性感母蟑螂分享了直播|113石头杂来了|11|本可素指南来了|2是7不是7来了|11珊瑚海_：@Lzh老公常甜青卷卷来了|14|送小心心2黄哥来了"	,,
啤酒行业-行业-高,"2026-08-10 11:32:39"	,"douyin"	,,0,7,,"4150027486768010"	,,"私厨菲菲姐🍛"	,,"7672240778333277937"	,"https://api-app-proxy.tarsocial.com/api/token/v2/rewrite_url?url=UxI1mE1VtivWWENn8adpDmG3kF8SwGcheiC2XVx5H1l8xkkpLidz8CxdRi2YhiQWT1ur6VP0egWCfJpwxdgntQ"	,"这家店很不错 周末小酒配咖啡#民谣现场 #音乐才是荒芜人生的解药 #记忆会过期但旋律不会 #特色咖啡店"	,,"回燕京阳不##########羽些美梦客人自唱12点以后Coca Coll"	,,"正向"	
啤酒行业-行业-高,"2026-08-10 11:32:33"	,"toutiao"	,,0,,,"108800959720"	,,"岩心说"	,,"7672240684606374402"	,"https://api-app-proxy.tarsocial.com/api/token/v2/rewrite_url?url=1YusuDMvr9od4K_K1MN8ml17rEfkAea0gAdcR6CW8DyL5BTqpg5Hc5yJzWARe2Ypckwba90TJk-HOJd0_Cb5AA"	,,"你车上的天窗 The sunroof on your car"	,"你车上的天窗你车上的天窗 The sunroof on your car；问你个问题问你个问题 lesti；问你个问题天窗到底是干嘛用的天窗到底是干嘛用的 What the hell is a skylight for?；还是兜风耍帅的装饰 Looking at the stars or going for a ride and playing；顶级实用配置 9*9的人把一个顶级实用配置 9*9peopleput a toppracticalconfiguration；多看驾驶技巧多看驾驶技巧 Look at driving skills；你的大脑会越来越聪明你的大脑会越来越聪明 Yourbrainisgettingsmarter；我将带你掌握每一个驾驶小技巧 willtakeyoutomastereverydrivingtip；其实天窗根本不是为了浪漫设计的 In fact""skylights are not designed for romance eatall；BYO BYD BYD BYD 它的本质是一台装在 Its essence is chineinstalledin；物理抽风机 BYD BYD DYD 车顶的物理抽风机 Physical exha theroof；换气换气 ventilation；巨做应急和救援准备请勿模仿关键时候还能当逃生通道救命 It-can also be used as an escape route to save lives in critical times；巨做应急和救援准备请勿模仿逃生通道救命关键时候还能当逃生通道救命 It can also be used as an escape route to save lives in critical times；路平安可以在评论区留言一句 You can leave a message in the comment area.；保佑所有车主都平平安安 May all carowners be safe；今天一条视频 A video toda；天窗的正确用法告诉你天窗的正确用法 Tell youthe correctuse；车行万里无险情车行万里无险情 Thereis no danger inthe；很多人会说 Many people will say；我开车窗不行吗？ 换气我开侧窗不行吗 Can I openthesidewindowforventilation?；你试试高速上把侧窗打开就知道了 Just tryopening thesidewindow on thehighway and you'llknow；像有人把低音炮贴在你耳膜上 Like someone stickingasubwooferto youreardrum；这就是亥姆霍兹共振 This is the Helmholtzresonance；车厢和外面的气流形成了共振腔 The compartment resonateswith the airflow outside；跟你对着空啤酒瓶吹气是一个道理 It'sthe same as blowingintoatemptybeerbottle；跟你对：着空啤酒瓶吹气是一个道理 It's the same as blowinginto an empty beerbottle；车速越快越难受 The faster you go"" the worse；多数人一上来就全打开 Most people open it as soon as they come up；其实最实用的是后端翘起一条缝 In fact""themost practical is to tilt a seam at the back end；外面的气流从车顶高速切过去 The air from outside cuts through the roof at high speed；流速快压强低 Fast flow rate and low pressure；车里闷着的浑浊废气直接被抽出去 The turbid exhaust gas stuffed in the car was directly pumped out；不用风扇不用电 No fan""no electricity.；15:09 这就是为什么老司机 This iswhy theold driver；跑高速不爱开空调 I don't like to turn on the air conditioner when running at high speed；省油工 Kmih. 20 09:52 ETCI人工称重省油安静 Fuel efficient and quiet；再聊一个夏天 Let's talkaboutanother summer；洗车行衣车在太阳下暴晒 The car is exposed to the sun；座舱温度直接飘升 00009 000.0： 8.8888 座舱温度直接升 The cockpit temperature directly soared；热浪像开烤箱一样扑面而来 Theheatwavehitslikeanoven；三兰房直接子三言这时候直接开空调 the airconditioner directlyat this time；压缩机得疯狂问候你 Compressor's crazygreetings to you；天窗全开但你要是先把天窗全开 Butifyouopenthe sunroof first；再把对角的车窗开到底 Openthediagonalwinaowsto thebotterm；烟卤效应这就是烟肉效应 This is the chimney effect.；排气道一个原理跟家里厨房的排气道一个原理 Same principle as the exhaust duct in the kitchen at home；温鹰降十来度十几秒就能让温度降十来度 The temperature can drop by ten degrees in more than te secohds；温度降十来度降温效率比纯开空调高得多 Thecoolingefficiencyismuchhigherthan；还有几个你不知道的实用技巧 Here area fewmore practical tips you may not know about；前车的尾气全给你抽进车 All the exhaust from the car in front is pumpedintothe car for you；天窗翘条缝这时候天窗翘条缝 this time""the skylight is warped；废气根本进不来废气根本进不来 Exhaust gas can't get in at；天窗翘起配合暖风 The skylight is tilted up to match thewarm air；A/C 比你单按除雾键还灵 It's better than just pressing the defogging button.；玻璃不糊人也不阀人也不闷二 People are not bored；??? ？？? 很多人不知道 Many people don't know；紧意逃生口紧急逃生口 Emergency exit；车门被水压死死顶住 Thedoor isheldupby water pressure；天窗是天窗很可能就是你最后一条出路 The skylightmaywell be your last resort；天窗是你最后一条出路天窗很可能就是你最后一条出路 Theskylightmaywellbeyourlastresort；机械应意装置机械应急开启装置 Mechanicalemergency opening device；那个小拨片或者内六角孔 That tittle pick or inner hexagon hole.；用户手册为安全和好起元 PRIUS 田 TOYOTA丰建议大家现在就去翻用户手册 suggestyou read theusermanual now；应急开关位置用户手册请付试共为安全和活和究 PRIUS TOYOTA丰田找到应急开关的位置 Locate thelocationoftheemergencyswitch；另外车辆侧翻或者严重碰撞 In addition""the vehicle rollover serious collision；车门变形卡死的时候 When the door deforms and gets stuck；天窗也是救援破拆的最优入口 Skylights are also the best entry point for rescue and demolition；钢化玻璃用破窗器一敲就碎 Break itwithawindow breaker；最后扯一个流传很久的误会 inally roke up a misunderstanding thathas been；很多人说天窗容易漏水 Many people say that skylights are prone to leaks；这真是天大的冤枉 This is a huge injustice；不是完全闲封天窗本身就不是完全密封的 Theskylightitselfisnotcompletelysealed；雨水会顺着导流槽流到排水孔 Rainwater flow down thediversion tamk to the drain hole W；一滴都进不来正常情况下一滴都进不来 Under normalcircumstances""notadropcanget；车里漏水十有八九是 Water leaks in the car nine times out of ten；给大家3条保养建议 Here are 3 maintenance suggestions for you；天窗轨道半年清洁润滑一次 The sunroof track is cleaned and lubricated once every six months；喷点专用润滑脂 Specialgrease for spray point；密封条每年用硅脂擦一遍 The sealing strip is wiped with silicone grease everyyeai；以防老化开裂以防老化开裂 preventaging and crack；越放越容易坏 ou put it""the easier it is to break；轨道卡涩 Track card astringent；每月开关几家每月开关几次 times a month；说句实在的 To be honest；赶紧翻出说明书 Quickly turn out the manual；100 120 紧意机械位置找到紧急机械开启的位置 Find the location where the emergencymachinery is turned on；1921#31# 文明岗希望你永远用不上 Hopeyounever ne；你有没有遇到过天窗漏水的情况 Have you ever encountered a leaking sunroof?；欢迎在评论医分享欢迎在评论区分享出来 Welcometoshareinthecommentarea；点赞收藏点赞收藏 likecollection；每天一个小技巧每天学一个实用驾驶小技巧 Learnapracticakdriving tipeveryday"	,"你车上的天窗多久没用过了？"	,"中性"	
啤酒行业-行业-高,"2026-08-10 11:31:26"	,"douyin"	,,0,6864,,"838305403642297"	,,"仙境酒业官方账号"	,,"7672240449041485062"	,"https://api-app-proxy.tarsocial.com/api/token/v2/rewrite_url?url=UxI1mE1VtivWWENn8adpDmG3kF8SwGcheiC2XVx5H1lnF3DijjYsxMb021r02ZclqXEoWvtzBYgDRKqZcd3pmg"	,"不要再买假酒了！这里纯原浆的葡萄酒，支持拿去验货。已经做了20多年的葡萄酒工厂了，质量是满满的信心#真正好红酒"	,"未成年人请勿饮酒酒后请勿驾驶仙境传奇 WOHDERLANDLEGEHD ORYREOWINE 2L 度：14%vol 低于5口块钱的酒响"	,"未成年人请勿饮酒酒后请勿驾驶仙境传奇YUNDERLAKSLEGENDURYYCOWINE2L营：14%vdl低于5口块钱的酒啊"	,,"正向"	
啤酒行业-行业-高,"2026-08-10 11:30:03"	,"douyin"	,,0,,,"3423253735417419"	,,"仿飞专营店"	,,"7672240031020420402"	,"https://api-app-proxy.tarsocial.com/api/token/v2/rewrite_url?url=UxI1mE1VtivWWENn8adpDmG3kF8SwGcheiC2XVx5H1nJRru5UWCEbxxY0uJ3yZGhBQvUhGFSoX05bE6nmaIPOA"	,"这款酒裸价白送了！53°酱香酒，纯粮酿造，没有一滴酒精勾兑！"	,"原浆1983 让我们听听未成年人禁止饮酒"	,"原浆1983让我们听听未成年人禁止饮酒"	,,"中性"	
啤酒行业-行业-高,"2026-08-10 11:24:37"	,"toutiao"	,67,2,,,"109665344266"	,,"后知后觉"	,2,"7671325227095196194"	,"https://api-app-proxy.tarsocial.com/api/token/v2/rewrite_url?url=1YusuDMvr9od4K_K1MN8ml17rEfkAea0gAdcR6CW8DxqNcM7Q8uIh9KTpfUzDIVrRx8w0BwTcWCiaWEcIKuRSg"	,,"过期啤酒别扔粉丝朋友用它种菜养花效果倍棒"	,"乡村话乡情菜友朋友们大家好；乡村话乡情以前呢给大家分享了很多；乡村话乡情种植蔬菜的方法；乡村话乡情包括各种废物利用；乡村话乡情今天呢给大家分享一个；乡村话乡情一位粉丝朋友经常用到的方法；乡村话乡情这位粉丝朋友；乡村话乡情他住在一个乡镇里；乡村话乡情家里开了一个小商店；乡村话乡情都会剩下很多过期的啤酒；乡村话乡情他就把这些过期的啤酒；乡村话乡情倒入一个大桶里边；乡村话乡情在五斤啤酒里；乡村话乡情加上10克的酵母粉；乡村话乡情然后把这些过期的啤酒；乡村话乡情再放置一个星期左右；乡村话乡情用的时候呢兑上十倍的清水；乡村话乡情给家里种植的蔬菜；乡村话乡情或者家里养的花浇灌也可以；乡村话乡情给叶片喷施也可以；乡村话乡情一般情况下；乡村话乡情 10天到半个月左右的时间；乡村话乡情给家里养的花；乡村话乡情认准乡村话乡情。盗用必究还有种植的蔬菜浇灌一次；乡村话乡情认准乡村话乡情。盗用必究喷施一次；乡村话乡情认准乡村话乡情。盗用必究他用这个方法已经好几年了；认准乡村话乡情。盗用必究乡村话乡情不管是家里养的花；乡村话乡情认准乡村话乡情。盗用必究还是家里种植的蔬菜；乡村话乡情认准乡村话乡情。盗用必究长得一直都非常好；乡村话乡情认准乡村话乡情。盗用必究如果家里有过期啤酒的朋友；认准乡村话乡情。盗用必究乡村话乡情我们可以试一试这个方法；乡村话乡情认准乡村话乡情。盗用必究我们可以试一试这个方法；乡村话乡情认准乡村话乡情。盗用必究尤其是像家里种植的一些；乡村话乡情认准乡村话乡情。盗用必究还有家里养的一些君子兰等；认准乡村话乡情。盗用必究乡村话乡情这些花，经常喷一喷；乡村话乡情认准乡村话乡情。盗用必究这些花，经常喷一喷；乡村话乡情认准乡村话乡情。盗用必究那么长得就特别好；认准乡村话乡情。盗用必究乡村话乡情今天我们的分享就到这里；认准乡村话乡情。盗用必究乡村话乡情咱们下期再见"	,"过年剩下的啤酒别扔，学一学一位朋友用的方法，比肥料还好"	,"中性"	
啤酒行业-行业-高,"2026-08-10 11:24:28"	,"kuaishou"	,,0,1,,"4399106201"	,,"夏雨舒"	,,"3xn9dbze7qtj3hm"	,"https://api-app-proxy.tarsocial.com/api/token/v2/rewrite_url?url=RW0E0pZpZ4b3TC4TLqOUvVGxn8_YPQ3rSoWGd-9tUfmbJn8bOgZ1nYM8Sg0Mo882s3DuohiJqVJ1wONYOZiWiGxBLsHSSnNv2EJoVxJpuH8"	,"刘宇签名！！  #刘宇  #签名设计"	,"副学 Suffeatngofall beings All beings are sufierins und theirapplicationsarealsoIorreotizi"	,"刘字 Lone Suffeaing ofall beings Allheingsaresuflering hd Lbeir applicatieassreslso Iorreatial；刘字偶到你我爱你；漕5×70 11:0408 点关注十点赞免费写一次名字字快巾(棒棒米糖)优先写 1个啤酒一续写 1个加油鸭发原图 3个啤酒—选图/换色推开了所有乌卖 P；slowly Unlessyou likeeachother""alllove issad 科托新托请让拜托拜托请让他永远幸福刘才永远幸福 (Sometimesthereisnoway outexlep) Don't be discouraged your good fortune is coming to VOU；+七平安喜乐万事胜意 222 g meel you 私注大出枯木春会☆+；念念不忘” -XOXX 1ICRAIAALLYJARNLAWAT 刘尔；刘宇 Goooinct；LOVE 13:14"	,"刘宇签名！！  #刘宇  #签名设计"	,"中性"	
啤酒行业-行业-高,"2026-08-10 11:23:14"	,"douyin"	,,0,64,,"1753098318779971"	,,"福子"	,,"7672238350233992363"	,"https://api-app-proxy.tarsocial.com/api/token/v2/rewrite_url?url=UxI1mE1VtivWWENn8adpDmG3kF8SwGcheiC2XVx5H1n4-_5lV1-VF7iQa-ikOIbstc594qMUBnPW1ygExfu1dw"	,"过个夏天给我馋的，凉啤酒不敢喝，烤串火锅不敢吃，一不注意就范霉菌，赶上倒霉孩子了"	,,,,"中性"	
啤酒行业-行业-高,"2026-08-10 11:22:58"	,"weibo"	,,4,2057,,"2871126855"	,1,"喝酸奶的星"	,3,"5330325850035562"	,"https://api-app-proxy.tarsocial.com/api/token/v2/rewrite_url?url=kJiGe3evWKDtPh0ng2_byp0mjNsGUt-Z46qfNFvB0bhv18NnOzadIEZqSWyF39u8wF8eT9IPcDicRNA0QNSCEw"	,"漂流不错 江浙沪最刺激 我随机泼了一百个陌生人
别墅里一群人玩到半夜 我十一点就回房间睡着了 隐形都没摘 不知道的以为我喝了假酒 实际一滴也没喝 体弱之人玩也玩不动  ​​​"	,,"歌美健费在提整；精酿啤酒单麦芽 CEPD 一喜锅；九天极限漂流"	,"漂流不错 江浙沪最刺激 我随机泼了一百个陌生人 别墅里一群人玩到半夜 我十一点就回房间睡着了 隐形都没摘 不知道的以为我喝了假酒 实际一滴也没喝 体弱之人玩也玩不动 [湖州·安吉九天极限漂流](http://t.cn/AXC6ffht)"	,"中性"	
啤酒行业-行业-高,"2026-08-10 11:21:00"	,"app"	,1,0,2,,"1799833003132416"	,,"肾病科程欢欢医生"	,,"5914562063862070803"	,"https://api-app-proxy.tarsocial.com/api/token/v2/rewrite_url?url=TcXEpMHYOSPF3W_87-XE1S3xdnOGSsayz2h0m-cU3h9r_tXbIqDYKO9syClfvToj0h6Xjl5YRDpB2cul3T1Gy9eKGh1N0i38fISr95O8Or0"	,"长期肾虚会导致尿毒症吗 长期肾虚会变成尿毒症吗？这是后台被问了N次的问题，今天就来给大家捋清楚~😉 首先要明确：中医说的“肾虚”≠西医的“肾脏疾病”。中医的肾虚是整体功能状态的描述，比如腰膝酸软、容易累、失眠多梦、怕冷或怕热都可能归为肾虚；而西医的肾脏是实实在在的器官，负责过滤血液废物、调节血压、维持电解质平衡。 尿毒症是什么？它是慢性肾衰竭的终末期，简单说就是肾脏功能几乎完全丧失，没法排出代谢废物（比如肌酐、尿素氮），这些毒素堆积在体内，会引发水肿、贫血、恶心呕吐等严重问题。 那长期肾虚会直接导致尿毒症吗？答案是：不会！但要注意——如果“肾虚”症状背后藏着西医的肾脏疾病（比如慢性肾炎、糖尿病肾病、高血压肾损害），却没及时发现治疗，任由病情发展，长期下来可能进展到尿毒症。关键不是“肾虚”本身，而是有没有真正的肾脏器质性病变。 怎么区分普通肾虚和肾脏疾病信号？⚠️这些预警要注意： 1.泡沫尿（像啤酒沫久久不散） 2.眼睑或下肢水肿 3.尿量突然变多或变少 4.血压莫名升高 5.经常乏力、食欲不振、恶心 6.皮肤瘙痒、面色发黄 出现这些，一定要去医院查尿常规、肾功能和肾脏B超！ 日常护肾小技巧： 💧多喝水别憋尿，帮助肾脏排废物 🍚控制盐糖摄入，减轻肾脏负担 🏃适当运动保持体重，避免肥胖伤肾 💊别乱吃药（偏方、不明保健品很多有肾毒性） 💤规律作息不熬夜，给肾脏休息时间 定期体检，尤其是高血压、糖尿病人群要重点关注肾脏健康 所以不用因“肾虚”过度焦虑尿毒症，但也不能掉以轻心。把肾脏当成身体的“过滤器”，好好爱护它，定期检查，才能远离严重肾脏问题呀~✨ #金牌药师# #白大褂朋友#"	,"会导致尿毒症吗？ 腰乏力腰酸乏力畏寒怕冷精神不振夜尿频多肾虚≠尿毒症及时调理，科学护肾"	,"会导致尿毒症吗？ 腰乏力腰酸乏力畏寒怕冷精神不振夜尿频多肾虚≠尿毒症及时调理，科学护肾；肾虚（中医概念） 肾的功能减弱， 以腰膝酸软、乏力、畏寒等症状为主。 尿毒症（医学疾病） 各种肾脏病发展到终末期， 肾功能严重受损， 体内毒素无法排出。 慢性肾病发展过程（可能路径） 健康肾脏肾损伤慢性肾病尿毒症；关键在于：保护肾脏，预防为主健康生活均衡饮食，规律作息， 适度运动。 控制慢病 120 00 80 控制高血压、糖尿病等， 减少肾脏损伤。 C 多喝水保持水分，帮助排毒。 避免伤肾行为不温用药物，不熬夜， 50 不尿，不吸烟。"	,"长期肾虚会导致尿毒症吗 ...@肾病科程欢欢医生的动态"	,
啤酒行业-行业-高,"2026-08-10 11:20:55"	,"app"	,,0,18,,"b8cf563f9ea34291b90937a40602f112"	,,"白筠赏娱乐"	,,"9b05e7a2bee1cd08d81821b21d95ba00"	,"https://api-app-proxy.tarsocial.com/api/token/v2/rewrite_url?url=fj02VDhM9BzsP0Lv4ObtwWeC6F6dQbWJYeSvRMKmMX47-94Z9cDod4wWVHcy9SZ8RoPIeGkX3wo86LQNKFkaxymcUAcdnn_j6iCqIx8T8CtqsmPRWAy8AtwLfFoN6pObxeN0CzAFPsNCSrDFxK8atAVlgPZD63A6ji1dicY73x4XGlrQIhNap3AWlUd-GZlo"	,"肖申克的救赎定档别人肆意鲜活活在浪漫的奥德赛时期，而打工人早已无缝切换肖申克模式😭 上班日日熬班内耗，终于等到重映，8.28影院狠狠共情自己前有奥德赛时期后有肖申克时期"	,,"我从未搞懂 I haveno idea to thisday 那两位意大利女士在唱什么 what those two Italian ladies were singing about. 其实我也不想弄懂 Truth is"" I don't want to know. 此时无言胜有言 Some things are best left unsaid. 她们唱出 I like to think it wassomething 难以言传的美 so beautiful it can't be expressed in words 美得令你心碎 and makes your heart ache because of it. 歌声直窜云端 Itellyou""thosevoicessoared 超越失意囚徒的梦想 higher and farther than anybody in a gray place dares to dream. 宛如小鸟 3517 t was like a beautiful bird 飞入牢房 flapped into our drab cage 使石墙消失无踪 and made those walls dissolve away. 就在这一瞬间 38963 Andforthebriefestofmoments 肖申克众囚仿佛重获自由 every last man at Shawshank felt free.；老布 Hey"" Brooksy. 给杜弗伦的货 Delivery for Dufresne. 要书吗？ Book? 杜弗伦 Dufresne... 谢谢 Thanks.；Don Redl oueednheyoegollu youve.Cometifanaego Laady ochiglo came a-littefurti onmleteaame gfthe toun poodtr aflaue rkiela outfyau anhe Jatia gnod hins oneiahn"" kgnndmogood tkat oll baboping fidayraell 亲爱的瑞德： Dear Red: 希望是件美好的事 hope is a good thing 也许是世间最美好的东西 maybe the best of things. 而美好的事物永不消逝 And no good thing ever dies. 我希望你能找到这封信 I will be hoping that this letter finds you"" 希望你一切安好 and finds you well.；1949年春天 the convict crew that tarred the plate-factory roof -帮囚犯给厂房房顶铺沥青 in the spring of '49... 上午10点他们坐成一排 wound upsitting in a row at teno'clock in the morning"" 喝着冰凉的啤酒请客的是 drinking icy-cold"" Bohemia-style beer... 肖申克监狱最凶狠最吝啬的警卫 courtesy of the hardestscrew 我们坐在阳光里喝啤酒感觉像自由人 We sat and drank with the sun on our shoulders"" and felt like free men. 好像在修理自家的屋顶 Hell"" we could have been tarring the roof of one of our own houses. 我们是万物之主 Wewere thelordsofall creation；3 安迪已经走了 Andy being gone. 我不得不提醒自己有些鸟是不能关在笼子里的 I have to remind myself that some birds aren't meant to be caged. 他们的羽翼太夺目了 Theirfeathersarejusttoobright. 当他们飞走的时候 And when they fly away"" 你心里会很清楚 the part of you thatknows 把他们关起来是一种罪恶 it was a sin to lock them up does rejoice. 但无奈的是 But still. 他们的离开 the place you live in is 让你生活的地方空空荡荡的 that much more drab and empty that they're gone."	,"肖申克的救赎定档别人肆意鲜活活在浪漫的奥德赛时期，而打工人早已无缝切换肖申克模式"	,"中性"	
啤酒行业-行业-高,"2026-08-10 11:20:35"	,"douyin"	,,0,81,,"2631605953241866"	,,"yy"	,,"7672237663600860905"	,"https://api-app-proxy.tarsocial.com/api/token/v2/rewrite_url?url=UxI1mE1VtivWWENn8adpDmG3kF8SwGcheiC2XVx5H1lRHtVM6S-T-tsGktWBHaseGQeuNT3wMWWcw_DUOYIAoA"	,"房间衔接观景露台，推开落地窗就能直面大海🌊 摆放休闲躺椅，可以坐着静静等候海上日落。 海风相伴，感受海边独有的松弛氛围。 📍青岛啤酒时光海岸度假酒店 适合休闲出行，闲暇时分来海边小住。#青岛海边住宿 #青岛海岸度假 #青岛旅行居所 #青岛看海 #青岛度假酒店"	,,,,"正向"	
啤酒行业-行业-高,"2026-08-10 11:16:33"	,"douyin"	,,0,21224,,"4128021820487753"	,,"贤宸妈妈"	,,"7672236610544504107"	,"https://api-app-proxy.tarsocial.com/api/token/v2/rewrite_url?url=UxI1mE1VtivWWENn8adpDmG3kF8SwGcheiC2XVx5H1nkeLiUsenDeskuUg4lbavy_AP7i03mDx0nDdC3hfp3EA"	,"#哈尔滨啤酒 居然都这个价格了，真没有必要喝那些勾兑啤酒了尤其是快过年了，家里人多一定要多囤点#啤酒"	,"HARBIN BEER HARBIN BEER 未成年人禁止饮酒"	,"HARBINBEERHARBIN未成年人禁止饮酒"	,,"中性"	
啤酒行业-行业-高,"2026-08-10 11:16:33"	,"douyin"	,,0,21224,,"4128021820487753"	,,"贤宸妈妈"	,,"7672236610544520491"	,"https://api-app-proxy.tarsocial.com/api/token/v2/rewrite_url?url=UxI1mE1VtivWWENn8adpDmG3kF8SwGcheiC2XVx5H1kRRxU_X63XouAh3Y9pK_UJD0LBqj_wKMWPmzLN_rCOjw"	,"#哈尔滨啤酒 居然都这个价格了，真没有必要喝那些勾兑啤酒了尤其是快过年了，家里人多一定要多囤点#啤酒"	,"HARBIN BEER HARBIN BEER 未成年人禁止饮酒"	,"HARBINBEERHARBIN未成年人禁止饮酒"	,,"中性"	
啤酒行业-行业-高,"2026-08-10 11:15:58"	,"douyin"	,,4,2513,,"86851325086"	,,"重新来过"	,4,"7672236472455616689"	,"https://api-app-proxy.tarsocial.com/api/token/v2/rewrite_url?url=UxI1mE1VtivWWENn8adpDmG3kF8SwGcheiC2XVx5H1ltj8iWc-zepVAq5sOIe5G_jJ3AUZrjyyFpP6mV-4-DNA"	,"吾儿顽劣，却是我此生挚爱，偏爱有加，无可替代，倔时如驴，懒时如猪，怒时如虎，躁时如猿，天资绝鼎，璀璨生辉，虽时有顽劣莽撞，却始终是我此生骄傲，幸得吾儿相伴，与我烟火绵长，只愿 他前路坦荡无忧，一生平安喜乐"	,"喜力ATA 新品上市"	,"喜力ATA新品上市#####欢迎光临量安业改警平国园蟑螂元帅TM2025/12/3018:47###############重庆纯生向上而10.0纯生PURE88净建量：12X488重庆纯生向上而生10.0.9生光临PURE 88DRAFT#12X486#迎您的光临您#####"	,,"中性"	
啤酒行业-行业-高,"2026-08-10 11:15:17"	,"douyin"	,,0,3875,,"673352471809774"	,,"乔马仕电摩车系列配件"	,,"7672236302771305866"	,"https://api-app-proxy.tarsocial.com/api/token/v2/rewrite_url?url=UxI1mE1VtivWWENn8adpDmG3kF8SwGcheiC2XVx5H1l76o9jkCSO9gtE2LTznlFAGiNTci1cA_rs19xavCeuXw"	,"乔马仕原浆自补液-胶水在胎内稳定不变质、不腐蚀轮毂"	,,,,"正向"	
啤酒行业-行业-高,"2026-08-10 11:14:08"	,"kuaishou"	,,2,314,,"894106836"	,1,"踏哥"	,1,"3xxcmkp82jhzm9e"	,"https://api-app-proxy.tarsocial.com/api/token/v2/rewrite_url?url=RW0E0pZpZ4b3TC4TLqOUvVGxn8_YPQ3rSoWGd-9tUfmNE3vJasYq4SJVg1l7L8F5tyshE6jZcdxWTaKLh34xRH4rPJOfSuSolYkmgbEpVxw"	,"@玫瑰会过期🌹(O5615570530) @同乐（何星星）(O4145888382) @山谷幽兰(O2002893999) @Bitter(O2717895421) @三千金(O1912840393) @、7NF(O1307202839) @随心所欲94909(O1050933714) @文英呐(O483026050) @盐源吉木马军(O381779258) 用镜头留住美好的回忆"	,,"人自己啤酒；日；水深危险禁止入海；水深危险禁止人海；家；00 pooh；pooh 100 Pooh"	,"@玫瑰会过期🌹(O5615570530) @同乐（何星星）(O4145888382) @山谷幽兰(O2002893999) @Bitter(O2717895421) @三千金(O1912840393) @、7NF(O1307202839) @随心所欲94909(O1050933714) @文英呐(O483026050) @盐源吉木马军(O381779258) 用镜头留住美好的回忆"	,"中性"	
啤酒行业-行业-高,"2026-08-10 11:13:20"	,"douyin"	,,23,624,,"63671255402"	,9,"尚冰汐"	,14,"7672235800332179442"	,"https://api-app-proxy.tarsocial.com/api/token/v2/rewrite_url?url=UxI1mE1VtivWWENn8adpDmG3kF8SwGcheiC2XVx5H1n9M4l4gB3Q0BBtUthBYlTSUtuwr3QtOlUFXbOGU6XuYA"	,"酒杯太浅 敬不了来日方长#喝酒不是目的微醺才是"	,"禁止精酿小麦啤酒留者不人爱河摆烂喝酒势在心 Don'tputitout 米青酿"	,"禁止留者不人爱河精酿小麦啤酒摆烂BeerWheat2P长线：12精酿"	,,
啤酒行业-行业-高,"2026-08-10 11:12:38"	,"douyin"	,,0,4370,,"2244564129684291"	,,"曼博朗干红葡萄酒"	,,"7672235593883045171"	,"https://api-app-proxy.tarsocial.com/api/token/v2/rewrite_url?url=UxI1mE1VtivWWENn8adpDmG3kF8SwGcheiC2XVx5H1nlPtnYIvR4lvMRIHoR5sMW_VOG3f1mhEAt5eNfB91tkg"	,"不要买假酒了，这个是原浆纯葡萄酿制的红酒，20年酒厂精心打造，老客户线上复购率特别高的，好评连连不断"	,"未成年人禁止饮酒"	,"未成年人禁止饮酒"	,,"正向"	
啤酒行业-行业-高,"2026-08-10 11:11:54"	,"weixin"	,,0,,,"gh_3aee5b4990e0"	,,"奶茶少糖5608"	,,"d244d9489d82e10a311197e7368752a0"	,"https://api-app-proxy.tarsocial.com/api/token/v2/rewrite_url?url=ICDEkVlbm2cUfhEAG-5pqVccPv3TTJJCczpgFIY6Wfd8oQnrjoxuTC91NvG8hS07LIcWhkBLOSad3PgT-GWdeVUftcLklfW9rdUdoWac6m7DrWoLPWq6Ljz6QWHuNxM3NyJPMdj7yuaDc5E1VRtdXw"	,"前天卤的那块牛腱子还在冰箱里头冻着呢，打算切一盘，调个蒜汁配着吃，冰箱角落还剩半罐冰啤酒来着，刚好凑个简易下酒菜生活很美好，结果刀刚下去第一片，我手直接顿住了。侧着光往盘子里一放，那片肉表面泛着一层绿莹莹的光，细细的，像蒙了层彩色细闪似的，纹路里最明显，黄的绿的都有鸡皮都竖起来了。第一反应就是完了完了，肉坏了。这一大块可白瞎了，几十块钱呢，卤的时候我还守在灶台边快俩小时，可心疼死我了。把鼻子凑上去闻，没味儿啊？一点酸臭味都没有，又用指尖碰了碰表面，干干爽爽的，一点都不粘手。这不像是坏了的样子啊？扔了怪心疼的，闻着看着没变质应该都没事吧？不扔吧，这绿乎乎的看着真怪吓人的，万一吃坏肚子，明天班都上不了，还要花钱去看医生，那可就得不偿失了。扔还是不扔，我站在厨房原地纠结了三分钟，之前刷短视频好像扫到过一眼，说牛肉发绿不是变质？具体啥原因来着，当时划得快没仔细看，好像跟肌肉纤维排列产生的光学现象的纹路反光有关系？记不清了。切都切了，不管怎样先抿一小块试试呗。咬开就是正常的卤香味，咸淡刚好，筋的地方还QQ弹弹的，跟前天刚卤好的时候味儿没差。行吧行吧，先装盘再说，真不舒服大不了后面跑厕所。说起来这次卤得还真比上次强多了，上次切的时候碎得一塌糊涂，不成样子，这次我特意泡在卤汁里，放冰箱冷藏了一整夜，凉透了才下的刀，你看片片都挺完整的，也算没白忙活。谁能想到平白无故切出个绿光特效来，平白无故吓自己一大跳，蒜还没剥呢，等下拍两瓣蒜，切点小米辣，倒点生抽香醋一拌，啤酒现在拿去冰上，等下可以喝刚好。"	,,,"一刀切出冒绿光的卤牛腱子，差点直接扔进垃圾桶"	,"中性"	
啤酒行业-行业-高,"2026-08-10 11:10:51"	,"xiaohongshu"	,,0,2,,"6105efab0000000001014127"	,,"雪糕🍦"	,,"6a79413b0000000008011412"	,"https://api-app-proxy.tarsocial.com/api/token/v2/rewrite_url?url=cSb9xPr9PTnAREU6T0jLKsUsLLPSJ9iu21ImVmniC4V8ejHILzTbzezM0LrHHbTP7gUjnVAnrZitwhpTD9m4RQ"	,"宣lyknknppsppwws产出还在持续更新哦有意的私我@雪糕🍦"	,"zhangyu zhangyu zhangyu zhangyu zhangyu ha zhangyu zhangyu kengnamping angyu LYKN ohae lykyou zhangyu zhangyu zhana zhangyu zhangyu zh 小 3 ngyu zhangyu Mangyu zhangy zhar Williamest perthsanta pondphuwin wesley domiia permpoon zhangyu zhangyu zha U zhangyu zhangyu zhang"	,"zhangyu zhangyu zhangyu zhangyu zhangyu ha zhangyu zhangyu kengnamping angyu LYKN ohae lykyou zhangyu zhangyu zhana zhangyu zhangyu zh 小 3 ngyu zhangyu Mangyu zhangy zhar Williamest perthsanta pondphuwin wesley domiia permpoon zhangyu zhangyu zha U zhangyu zhangyu zhang；L KNP Williamest zhangyu hadd L perthsanta PPW zhangy 1 弹片零钱包 LYKN zhangyu；zhang @hongshihoshi LYKN zhangyu zhangyu zhangyu william zhangyy zha POODPHOWIN nangyu zhang zhangy Bettn'Pate sThanNevn kengnamping perthsanta zhangyu zhangyu zhangyu；zhangyu Ov howgshibosin (knp zhangyu zhangyu zhangyu znangyu zhangyu zhangyu William perthsanta est zhangy Zhangyu ozhancyu Zhangyu 小方巾 POODPHOWINangyu* zhangyu zhangy zhangyu；- Euphoria > Dawn Euphoria>Dawn -Euphoria>Dawn # JR zhano Ta'e gyu zhangyu al Taie Whenyouteellost""lookupat dyouwilindthedire heart very tiny piece of serendipity scaittered in ordinary trivial days is the ineffable bliss given by life to zhangyu ngyu Euphoria>Dawn Euphoria>Dawn Tale Tale ·zhangygelos okame zhangyu ouwilindthedi ourheart. Every tiny piece of se Everytinypieceof serendipityscattered inordinarytrivial days istheineffableblissgivenbylifeto US；lClover zhangyu Hide my fondness in a four-leaf clover Youth romance rooted in clover fields Clover secret otking for My first love is guardec by four-lcaf clover teenge leve Clover witnesses our ignocant zhangyu zhang) Iclover Hide my fondness in a four-leaf clover Youth romance rooted in clover fields gyu zha Clover secret Oar youthful story starts with endis with my uns tglking for clover"" ane Althe golluck broughe byfur-a wish it belongs sely to you My first love is guarded by four-leaf clover Clover witnesses our ignorant teenage love Q；zhangyu 幸福预告片 zhangyu zhangyu ing. Even ay thot r113s don snt old Pari8 (Happiness) /Trailer/ 幸福の予告 zhangyu zhangyu zhangyu zhangyu 幸福 HAPPINESS TRAILER zhangyu zhangyu 预告片 zhangyu 88 trilons o ISbt yeur i eath the valls of zhangyu zhangyu zhangyu zhangyu {Happiness) /Trailer/ 幸福の予告；- Euphoria >Dawn zhangyu -Euphoria>Dawn Tale -Euphoria>Dawn Tale angyu zhangyu Everytiny piece of serendipity sc al days isthe ineffable blis given by life to LLS hang Zhangy Everytinypieceofserendipityscatteredinordinarytrivialdaysistheineffableblissgivenbylifeto US；幸運日 zhang zhangyu hangy 幸運日 angyu；zhangyu zhangyu 你是天使可爱 ke 那未免西太 cute；SumulliT 出 zhang gyu Lucky Peeam ☆ (Pledge of Wings) ☆ Fing tburlovae 大★ + ★★★ ★ ★★★★ zhangyu zhangyu zhangyu zhangyu zhang stella Ric are ety S Babies Babies Babies' zhang gyu zhang VU"	,"宣lykn knp ps ppw ws产出 还在持续更新哦 有意的私我"	,"中性"	
啤酒行业-行业-高,"2026-08-10 11:06:59"	,"toutiao"	,,0,,,"54345365189"	,,"lzz286378664"	,,"7672232660630159874"	,"https://api-app-proxy.tarsocial.com/api/token/v2/rewrite_url?url=1YusuDMvr9od4K_K1MN8ml17rEfkAea0gAdcR6CW8Dwp8HoFlhxI__arowncPAbyi3-7aLptbPP7EwsKXPHRGg"	,"乘客讲述可乐爆瓶击伤空乘眼部，飞机滑行途中紧急折返，出行务必警惕近日#乘客讲述可乐爆瓶击伤空乘眼部#登上热搜，一则发生在大连机场航班上的意外，给所有出行旅客敲响警钟。8月8日南航CZ6467航班刚驶离廊桥、处于起飞滑行阶段，一名乘客随身携带的瓶装可乐开盖瞬间发生爆瓶，高速飞溅的液体直接击中正在客舱服务的空乘眼部，现场情况令人揪心，航班被迫中断起飞折返停机位，整趟行程晚点42分钟。事发后，同机乘客向媒体完整还原现场经过，也是全网热议的核心细节。该乘客表示，当时机舱内秩序平稳，所有人都在等待飞机起飞，突然听到一阵痛苦的呼喊，一名空乘捂紧双眼瘫坐在过道地面，反复念叨“我的眼睛”。周边乘客纷纷侧目，其他乘务员第一时间上前搀扶受伤同事，快速在机舱广播寻找随行医护人员，同时立刻向机长汇报突发状况。出于工作人员人身安全考虑，机组做出返航决定，飞机缓缓开回停机位。地面医护人员迅速登机，将眼部受伤的空乘接走检查治疗。事后南航官方回应，这名乘务员经过检查暂无大碍，公司已同步做好员工关怀工作，本次航班延误责任判定为旅客携带碳酸饮料操作不当引发。不少网友看完现场描述纷纷感慨，小小的一瓶可乐，竟酿成影响全机旅客、伤害工作人员的安全事故。很多人疑惑，普通可乐为什么在飞机上会爆瓶？核心原因在于客舱气压变化。飞机滑行、爬升阶段，机舱气压会持续降低，碳酸饮料内部溶解的二氧化碳会快速析出，瓶内压力大幅升高。在地面拧开瓶盖只会轻微溢液，到了机舱内，高压气体瞬间冲破瓶口，液体高速喷射，冲击力足以划伤皮肤、损伤脆弱的眼部黏膜，易拉罐、塑料瓶装汽水都存在同类风险。民航早有明确液态物品携带规则，国内航班禁止随身携带大容量饮料，可乐、气泡水、啤酒等碳酸饮品，超过100ml仅能办理托运，不能随身带上客舱。不少旅客图方便，直接将大瓶可乐带上飞机，忽略气压带来的安全隐患，这也是本次事故发生的根源 。在这里整理4条乘机携带碳酸饮料安全准则，出行一定要记牢：1. 随身登机箱拒绝大容量碳酸饮料，安检处会直接截留，机场候机厅购买的饮品，登机前尽量喝完；2. 碳酸饮料如需带走，统一打包托运，托运前轻微拧松瓶盖释放内部气压，再用衣物包裹缓冲，避免挤压变形；3. 若已经将汽水带上飞机，切勿在滑行、爬升阶段开盖，开盖时瓶口朝下、远离自身与周边乘客、空乘；4. 剧烈摇晃后的碳酸饮料，静置半小时以上再开启，减少喷射力度。本次可乐爆瓶击伤空乘事件，不只是一次简单的航班延误，更是一堂航空安全公开课。空乘人员全程在机舱内穿梭服务，很难预判周边旅客的突发操作，一瓶疏于留意的汽水，就可能让工作人员承受身体伤害。飞行安全从来不是机组单方面的责任，每一位旅客规范携带、谨慎使用随身物品"	,,,"大连航班突发意外！乘客可乐爆瓶击伤空乘眼部，亲历者还原全过程"	,"中性"	
啤酒行业-行业-高,"2026-08-10 11:02:51"	,"kuaishou"	,,1,860,,"4357959487"	,,"脑袋常年放空"	,1,"3xcwmgfkwbwczyw"	,"https://api-app-proxy.tarsocial.com/api/token/v2/rewrite_url?url=9ztplZmWLh3u69xTkhscCpmkZPB7DFcSEau1U7XU0GVuaIwAsFaAp0Q024w8YcHABygeXtf5p5QeFa25stpAiA"	,"佰草原浆 黑坑添加剂大混养大综合鲫鱼鲤鱼自制配方偷驴正钓回锅 #大混养大综合 #自制配方 #偷驴正钓回锅"	,"留鱼持久有口即中穿透四季力强通杀原浆 D 强摄流鱼食持久中药酒颠覆传统泡制拒绝香精勾兑高温效果显著，穿透力强刺激聚鱼"	,,"佰草原浆 黑坑添加剂大混养大综合鲫鱼鲤鱼自制配方偷驴正钓回锅 #大混养大综合 #自制配方 #偷驴正钓回锅"	,
啤酒行业-行业-高,"2026-08-10 11:01:45"	,"douyin"	,,0,5,,"109226627703"	,,"诚乐自助烤肉烧烤(龙岩学院店）"	,,"7672232815223782323"	,"https://api-app-proxy.tarsocial.com/api/token/v2/rewrite_url?url=UxI1mE1VtivWWENn8adpDmG3kF8SwGcheiC2XVx5H1n3twahsUPXB661NxeWLFahcE0COsMa_saAtAp0xVkrdA"	,"龙岩新罗诚乐烤肉自助49.9元，鲜食几十种烧烤烤肉畅吃，啤酒饮料、冰西瓜管够，单人不限量，过期可退，老饕速囤！#烤肉自助 #烤肉菜谱 #炸串串 #黑椒牛肉粒烤肉做法 #涮肉"	,,,,"正向"	
啤酒行业-行业-高,"2026-08-10 10:58:41"	,"weibo"	,,1,39,,5404197725,1,"怡想家了"	,,"5330319738669622"	,"https://api-app-proxy.tarsocial.com/api/token/v2/rewrite_url?url=bETNdXXxBw6SRVox7gALQxpMBvZt1DZ49a_p0e26TfcVhj9xb-pi1cJuF9j3GpdzzwXnNjyDfvuAt-asqpdgSw"	,"工作打卡 37-38/100

这周末度过了非常繁忙且混乱的一周[晕]
周五陪阿姨们哈大🍺 - 周六接待本科同学 - 周六晚和小黄大吵（误会都说清楚） - 周日躺、陪阿姨
这周要定好机票酒店，搞定交接的事情呀[淡淡的]
—
任何近道都是有代价的  ​​​"	,"IICHIBAN 番榨 uad @怡想家"	,"BREW 番榨 NICHIBA KIR 番榨 NICHIBAN 番榨 KIRII lirst press of genuine 一番 delicious flovor. 啤酒 100% @怡想家了；测量值体成分结果标低标准标准超标准体重 50.2kg [45 体脂肪量 12.6kg [9.9 去脂体重 37.6kg [37 骨骼肌量 21.2kg [20 肌肉量 36.7kg [35 总水分 27.2kg [27 无机盐 w2.8kg [2.5 蛋白质 7.7kg [7. 体成分分析测量值标低标准标准超标准身体质量 19.6 [18 体脂肪率 25.1% [18 基础代谢量 1212.2kcal/d [1 腰臀比 0.82 ?@怡想家了"	,"工作打卡 37-38/100 这周末度过了非常繁忙且混乱的一周[晕] 周五陪阿姨们哈大🍺 - 周六接待本科同学 - 周六晚和小黄大吵（误会都说清楚） - 周日躺、陪阿姨 这周要定好机票酒店，搞定交接的事情呀[淡淡的] — 任何近道都是有代价的 [佛山](http://t.cn/RJLkFMq)"	,"中性"	
啤酒行业-行业-高,"2026-08-10 10:55:06"	,"weibo"	,,0,114668,,5762944321,,"10年娱少"	,,"5330318835846342"	,"https://api-app-proxy.tarsocial.com/api/token/v2/rewrite_url?url=bETNdXXxBw6SRVox7gALQ3wTy_SBPQD4AnTUYCvFzC1nEAmmMd8ZH0HZ4RuEw18QDheKOBWgLCJeNA8qqUroHw"	,"#肖申克的救赎定档# 安迪在肖申克坚守希望，我们在职场忍受煎熬。#前有奥德赛时期后有肖申克时期# 同样的牢笼，不同的挣扎。8月28日，来电影院见证我们的共同共鸣。#肖申克的救赎# ​​​"	,"我从未搞懂 1have no idea to this day 那两位意大 whatthose 我也不想弄 TO 胜有 eftunsaid hiohe 民1"	,"我从未搞懂 Ihavenoideatothisday 那两位意大利女士在唱什么 what those twoItalian ladiesweresinging about. 其实我也不想弄懂 Truth is""I don'twanttoknow. 此时无言胜有言 Somethingsarebestleftunsaid 她们唱出 Iliketothinkitwassomething 难以言传的美 sobeautifulitcan'tbeexpressedinwords 美得令你心碎 andmakesyourheartachebecause 歌声直窜云端 ltellyou""thosevoicessoared 超越失意囚徒的梦想 higherandfartherthananybodyinagrayplacedarestodream. 宛如小鸟 3517 twas like a beautiful bird 飞入牢房 flappedintoourdrabcage 使石墙消失无踪 and made those walls dissolve away. 就在这一瞬间 Andforthebriefestofmoments 肖申克众囚仿佛重获自由 everylastman atShawshankfelt free. @10年娱少；有些地方 places... 是这些高耸的石墙关不住的 intheworldthataren'tmadeoutofstone. 还是有些东西 There'ssomething 在人们内心 inside... 是他们这些人 thattheycan'tgetto 碰不到夺不走的 that they can't touch. 完完全全属于你的 That's yours. 你说的是什么 Whatareyou talking about? 希望 Hope. @10年娱少；他的安静与众不同 He had a quietway about him. 说话走路都和这里格格不入 Awalkand a talk thatjustwasn'tnormal aroundhere 像个在公园里散步的人 Hestrolled.likeamanapark 像有件隐形衣将他和这里隔开 Like hehadon aninvisiblecoat thatwouldshieldhimfrom thisplace @10年娱少；于是呢 And that'showitcame topass.. 在完工前一天 thaton thesecond-to-lastdayof thejob 49年春的公差犯人 the convict crewthat tarred the plate-factory in the spring of '49... 早上十点坐成排 woundupsittinginarowatteno'clockinthemorning"" 喝着冰镇啤酒 dinkngoldmsterryftardt 肖申克监狱历来最狠的狱官请的客 thateverwalkeda turn atShawshankStatePrison @10年娱少；30 有些鸟儿是关不住的 somebirdsaren'tmeanttobecaged. 它们的羽毛太鲜亮了 Their feathers arejust toobright. @10年娱少；肖申克的救赎 0年焊小"	,"#肖申克的救赎定档# 安迪在肖申克坚守希望，我们在职场忍受煎熬。#前有奥德赛时期后有肖申克时期# 同样的牢笼，不同的挣扎。8月28日，来电影院见证我们的共同共鸣。#肖申克的救赎#"	,"中性"	
啤酒行业-行业-高,"2026-08-10 10:52:41"	,"kuaishou"	,,0,2863,,"4387688261"	,,"玉竹"	,,"3xrrxs74m7byncw"	,"https://api-app-proxy.tarsocial.com/api/token/v2/rewrite_url?url=9ztplZmWLh3u69xTkhscCpmkZPB7DFcSEau1U7XU0GXnETF9zEFEvuQ49kEzgD4WBhALKC7_3irWrdq92at_3Q"	,"佰草原浆 黑坑添加剂大混养大综合鲫鱼鲤鱼自制配方偷驴正钓回锅"	,"留鱼持久有口即中穿透四季力强通杀原浆 D 强摄流鱼食持久中药酒颠覆传统泡制拒绝香精勾兑高温效果显著，穿透力强刺激聚鱼"	,,"佰草原浆 黑坑添加剂大混养大综合鲫鱼鲤鱼自制配方偷驴正钓回锅"	,
啤酒行业-行业-高,"2026-08-10 10:50:34"	,"weibo"	,,2,113234,,7760645615,2,"椰椰tu兔"	,,"5330317694992900"	,"https://api-app-proxy.tarsocial.com/api/token/v2/rewrite_url?url=bETNdXXxBw6SRVox7gALQ5UR-0UA0iKkFb8VkD572WrYJ3F7MtrXdE5eAjtVWnxOUe9In1tDWXo9dWkhrWomEg"	,"#肖申克的救赎定档#别人肆意鲜活活在浪漫的奥德赛时期，而打工人早已无缝切换肖申克模式😭 上班日日熬班内耗，终于等到重映，8.28影院狠狠共情自己#前有奥德赛时期后有肖申克时期# ​​​"	,,"老布 Hey""Brooksy. 给杜弗伦的货 Delivery forDufresne. 要书吗？ Book? 杜弗伦 Dufresne.. 谢谢 Thanks；我从未搞懂 Ihavenoideatothisday 那两位意大利女士在唱什么 what those twoItalian ladiesweresinging about. 其实我也不想弄懂 Truth is""I don't want toknow. 此时无言胜有言 Somethingsarebestleftunsaid 她们唱出 Iliketothinkitwassomething 难以言传的美 sobeautifulitcan'tbeexpressed inwords 美得令你心碎 andmakesyourheartachebecause 歌声直窜云端 ltellyou""thosevoicessoared 超越失意囚徒的梦想 higherandfartherthananybodyinagrayplacedarestodream. 宛如小鸟 3517 twas like a beautiful bird 飞入牢房 flappedintoourdrabcage 使石墙消失无踪 and made those walls dissolve away. 就在这一瞬间 Andforthebriefestofmoments 肖申克众囚仿佛重获自由 everylastmanatShawshankfelt free.；De Red edg gCometaeo Lady chglacome alitefutle nmkresametleTo. o good rkiel ha yet uy pojet o geoutfo ant magodli onhichn"" audnoy Joill ba koping tkat aael 亲爱的瑞德： Dear Red: 希望是件美好的事 hopeisa good thing 也许是世间最美好的东西 maybethebestof things 而美好的事物永不消逝 And nogood thing everdies 我希望你能找到这封信 Iwill be hoping thatthis letterfindsyou"" 希望你一切安好 and findsyou well.；3 安迪已经走了 Andy being gone. 30 我不得不提醒自己有些鸟是不能关在笼子里的 Ihave to remind myself that some birds aren't meant to be caged. 他们的羽翼太夺目了 Theirfeathersarejusttoobright. 当他们飞走的时候 Andwhentheyflyaway"" 你心里会很清楚 thepartofyou thatknows 把他们关起来是一种罪恶 itwasasintolockthemupdoesrejoice 但无奈的是 But still. 他们的离开 theplace you live in is 让你生活的地方空空荡荡的 that much more drab and empty that they'regone.；1949年春天 theconvictcrewthattarredtheplate-factoryroof 一帮囚犯给厂房房顶铺沥青 in the spring of'49... 上午10点他们坐成一排 woundupsittinginarowatteno'clockinthemorning. 喝着冰凉的啤酒请客的是 drinking icy-cold""Bohemia-stylebeer.. 肖申克监狱最凶狠最吝啬的警卫 courtesyof the hardestscrew 我们坐在阳光里喝啤酒感觉像自由人 Wesat and drankwiththesunonour shoulders""and feltlikefreemen. 好像在修理自家的屋顶 Hellwecouldhavebeentarring theroofofoneofourownhouses 我们是万物之主 Wewerethelordsofallcreation"	,"#肖申克的救赎定档#别人肆意鲜活活在浪漫的奥德赛时期，而打工人早已无缝切换肖申克模式😭 上班日日熬班内耗，终于等到重映，8.28影院狠狠共情自己#前有奥德赛时期后有肖申克时期#"	,"中性"	
啤酒行业-行业-高,"2026-08-10 10:50:33"	,"toutiao"	,,0,1791,,"6876501047"	,,"风太藏"	,,"7672229879902978618"	,"https://api-app-proxy.tarsocial.com/api/token/v2/rewrite_url?url=1YusuDMvr9od4K_K1MN8ml17rEfkAea0gAdcR6CW8DxvvkZuiX_Uym6dVknybHWXGUlXJl3wfQRpVI6HbShZRw"	,"反刍牛羊正规催肥产品完整使用方法 按产品类别分用法、用量、饲喂周期、搭配要点、禁忌，适配圈养育肥、大量投喂红薯藤/酒糟/瓜果多汁料场景，合规不伤瘤胃。 一、瘤胃素（莫能菌素预混剂，兽药类，增重核心） 使用方法 1. 添加方式：均匀混合进精料，不可直接撒草、泡水灌服2. 标准用量 - 肉羊：每吨精料添加100～200g- 肉牛：每吨精料添加200～360g 3. 饲喂周期：育肥全程可用，羔羊断奶后即可添加4. 过渡操作：前3天减半量，7天加到标准剂量，防瘤胃应激拉稀5. 休药期：出栏前5天停止添加 关键禁忌 马、驴、兔严禁接触；不可与盐霉素、马杜霉素混用。 二、缓冲剂：小苏打+氧化镁（多汁饲料必加，防酸中毒） 使用方法 1. 配比：小苏打1.5%～2% + 氧化镁0.3%，直接拌入精料长期添加2. 适用场景：饲喂玉米、红薯藤、啤酒糟、南瓜等高糖多汁料时全程添加3. 夏季高温、阴雨潮湿天上调至2%小苏打4. 禁止单独大量干喂，避免碱中毒、尿结石 调整信号 粪便发软、跛行、磨牙胀气，小苏打比例提高0.3%。 三、酵母培养物/反刍益生菌（护瘤胃，无休药期） 使用方法 1. 拌料方式：混精料、拌干草均可，也可兑水饮水2. 用量 - 成年羊：每日10～25g/只- 肉牛：每日30～100g/头 3. 周期：全育肥期持续添加4. 重点使用节点 - 换料、新进羊、高温应激、驱虫后连续7天加倍量；- 饲喂发酵酒糟、青贮、鲜藤蔓时不可间断。 四、复合酶制剂（纤维素酶+淀粉酶，秸秆多的场刚需） 使用方法 1. 每吨全价精料添加1kg，均匀搅拌2. 搭配干草、花生秧、玉米秸秆同步饲喂，单独喂草效果差3. 全程长期添加，提升粗纤维消化，减少粪便粗渣。 五、过瘤胃氨基酸（赖氨酸/蛋氨酸，拉骨架长瘦肉） 使用方法 1. 每吨精料添加1～2kg，拌精料饲喂2. 分阶段用法 - 30～60斤羔羊/犊牛：全程添加，拉长骨架；- 育肥后期可正常保留，提升瘦肉率。 提醒 普通氨基酸不能用，必须包被过瘤胃型。 六、包被胍基乙酸（育肥后期集中催肥，仅肉牛） 使用方法 1. 出栏前40～60天开始添加，每吨全价料0.6～1kg2. 育成前期不用，只后期集中催膘，缩短出栏时间3. 出栏前7天停用。 七、复合预混料（4%牛羊专用，补齐微量元素、生物素） 使用方法 1. 固定配方配比：100斤精料添加4斤预混料，不可随意增减2. 全程饲喂，解决异食癖、腐蹄、软腿；3. 预混料内含生物素，高精料催肥期不可省略，防止蹄叶炎。 八、中草药健胃散（山楂、麦芽、神曲，间歇开胃） 使用方法 1. 每月循环使用：连续喂3～5天，停7天，全年循环2. 用量：每100斤精料加1斤健胃散3. 使用时机：羊挑食、反刍少、积食、采食量下降时连续投喂 禁忌 不可全年不间断投喂，会造成肠胃消化依赖。 九、黄芪多糖/VC（饮水抗热应激，夏季专用） 使用方法 1. 高温33℃以上，饮水添加，全天自由饮用2. 每100斤水加黄芪多糖100g+VC50g3. 连续用7天停3天，缓解喘气、采食量下滑、应激掉膘。 成套搭配饲喂方案（夏季大量多汁饲料催肥通用） 精料内部固定添加（全程） 2%小苏打 + 0.3%氧化镁 + 4%牛羊预混料 + 酵母培养物 + 复合酶制剂 分阶段叠加 1. 羔羊/架子羊拉骨架：加过瘤胃赖氨酸2. 出栏前60天催膘：再加莫能菌素+包被胍基乙酸 每月短期调理 连续3天中药健胃散拌料 高温天气配套 饮水长期添加VC+黄芪多糖 统一操作规范（所有催肥产品通用） 1. 7天逐步加量过渡法任何新产品、提高精料比例，前3天喂50%标准量，4～7天加到足量，避免瘤胃紊乱、拉稀酸中毒。2. 拌料均匀是关键微量添加剂（莫能菌素、氨基酸、预混料）先和少量麸皮预混，再放大料，防止局部浓度过高中毒。3. 饲喂时段精料+催肥添加剂早晚凉爽投喂；正午只喂干草，多汁料不正午饲喂。4. 观察调整标准 - 反刍正常、粪便成型、采食稳定：维持现有配比；- 软便、胀气、跛行：减玉米、多汁料，提高小苏打、干草比例；- 采食量低、瘦弱：加倍益生菌，连用5天，配合健胃散。 5. 基础底线所有催肥产品为辅，干草全天自由采食，多汁饲料不超过粗饲料30%，禁止只喂精料催肥。"	,,,"反刍牛羊正规催肥产品完整使用方法"	,"中性"	
啤酒行业-行业-高,"2026-08-10 10:48:45"	,"kuaishou"	,,0,1,,"4577719303"	,,"家有初中生"	,,"3xdbz9qe6p2pk3s"	,"https://api-app-proxy.tarsocial.com/api/token/v2/rewrite_url?url=9ztplZmWLh3u69xTkhscCpmkZPB7DFcSEau1U7XU0GUa8b24vfWZvW8Jzs3b4j9H5-C3I--VqTvFzhMeN4KqZA"	,"佰草原浆 黑坑添加剂大混养大综合鲫鱼鲤鱼自制配方偷驴正钓回锅"	,"留鱼持久有口即中穿透四季力强通杀原浆 D 强摄流鱼食持久中药酒颠覆传统泡制拒绝香精勾兑高温效果显著，穿透力强刺激聚鱼"	,,"佰草原浆 黑坑添加剂大混养大综合鲫鱼鲤鱼自制配方偷驴正钓回锅"	,
啤酒行业-行业-高,"2026-08-10 10:48:36"	,"kuaishou"	,,0,1,,"3483088073"	,,"西亚"	,,"3x3k42mxgca3mha"	,"https://api-app-proxy.tarsocial.com/api/token/v2/rewrite_url?url=9ztplZmWLh3u69xTkhscCpmkZPB7DFcSEau1U7XU0GXTpyPS3WrE1ZiDBRIs5JAYVTkCJtidXFLE41Q3btf3LA"	,"佰草原浆 黑坑添加剂大混养大综合鲫鱼鲤鱼自制配方偷驴正钓回锅 #提升钓鱼体验 #自制配方 #增强鱼饵吸引力"	,"留鱼持久有口即中穿透四季力强通杀原浆 D 强摄流鱼食持久中药酒颠覆传统泡制拒绝香精勾兑高温效果显著，穿透力强刺激聚鱼"	,,"佰草原浆 黑坑添加剂大混养大综合鲫鱼鲤鱼自制配方偷驴正钓回锅 #提升钓鱼体验 #自制配方 #增强鱼饵吸引力"	,
啤酒行业-行业-高,"2026-08-10 10:46:47"	,"kuaishou"	,,3,376,,"3105181683"	,,"罗非鱼"	,3,"3xq3zjxq9q9t56i"	,"https://api-app-proxy.tarsocial.com/api/token/v2/rewrite_url?url=RW0E0pZpZ4b3TC4TLqOUvVGxn8_YPQ3rSoWGd-9tUflL_aWY65bPHVU2cam9O1JMvUoL7qfAGy_6hnT4gKGEijwlDba3dyA4u-oeQqrMiz8"	,"最近你过得怎么样 我们好像好久没有说话了 #回家日常拍"	,,"1998 8°P啤酒净含量： 吉健康；00:42 证件过期提醒提醒原因你在微信支付登记的身份证件已经过期。根据国家法规要求，你需要上传本人新证件照片，以完成信息解决方式更新和身份验证。 请轻触下方“上传证件照片”，完成备注证件更新。 请尽快上传，以免影响部分支付、 收款、提现等相关功能的正常使用。 了解详情上传证件照片中华人民共和国居民身份证三江侗族自治县公安局 CIEMFAT GIHGVANH 签发机关 2021.04.22-2026.04.22 MIZYAUG GEIZHANH 有效期限 CIEMFAT GIHGVANH 签发机关三江侗族自治县公安局 MIZYAUQ GEIZHANH 有效期限 2026.07.20-2036.07.20；南门站 06:32:2；NDE龙枫酒店；利百68 iber；古茗你是我中心第公司提示害健康所吸烟"	,"最近你过得怎么样 我们好像好久没有说话了 #回家日常拍"	,"中性"	
啤酒行业-行业-高,"2026-08-10 10:46:09"	,"douyin"	,,7,31,,"82336768416"	,2,"藍"	,5,"7672228792912773307"	,"https://api-app-proxy.tarsocial.com/api/token/v2/rewrite_url?url=UxI1mE1VtivWWENn8adpDmG3kF8SwGcheiC2XVx5H1n0jbDvXiTbeZDTbocyhU1gwmZvuwS8bVKXmIKDNqK57w"	,"#fyp #蓝调时刻 #胶片滤镜 #frankocean #whiteferrari"	,"att"	,"att#####FrankOcean+@FrankOceaanLife's too short to hide feelings.Don't be afraid to tell people howyou feel"" or else you'll never knowif theyfeel the same.1/11/1210:34AM#####"	,,"中性"	
啤酒行业-行业-高,"2026-08-10 10:46:03"	,"weibo"	,,0,133092,,2280379430,,"君澜NARADA"	,,"5330316558602591"	,"https://api-app-proxy.tarsocial.com/api/token/v2/rewrite_url?url=bETNdXXxBw6SRVox7gALQxauQ1dKa1UtdNl5pQScrjhjOlDEBR07icAlSkWUkPNhh4JOooFAfRYxPFVULDWbZQ"	,"走出来，看看世界#王岗坪君澜度假酒店#｜王岗坪君澜度假酒店的微博视频"	,,,"走出来，看看世界#王岗坪君澜度假酒店[rtt]#这个世界的美， 需要走出来发现。 #王岗坪君澜度假酒店 ##在君澜遇见蓝调时刻##真正的度假在君澜[超话]# [雅安·王岗坪君澜度假酒店](http://t.cn/A6ffydcs) [王岗坪君澜度假酒店的微博视频](http://t.cn/AXNVqwug)"	,
啤酒行业-行业-高,"2026-08-10 10:42:45"	,"toutiao"	,,0,,,"2190699308515742"	,,"纵览世界"	,,"7672227921112612866"	,"https://api-app-proxy.tarsocial.com/api/token/v2/rewrite_url?url=1YusuDMvr9od4K_K1MN8mjIOcWIunAfzU6n1BFWqO52vBFX4XRXAnDvVFjGqX_CWNNQnkk1gue5ond7o_tFp5Q"	,,,"绝杀的剧本没有如约而至 FIGHTFOR'HENAN；这个李昊真的是太“可怕”了 FIGHTFOR'HENA；中原曲线坚韧北春攻战 CURVA 看比著精结果赢续彩警礼花中国体育彩票柳超彩满坊豫健集团郑州产投；舒骑破阵唯我河郑州稳健体育集团印超彩机联恋 Lenovo 怡寶怡寶 O米O古啤酒；播鼓赤城城击韧如钢铁骑破阵唯我河必国场更牛衫花牛怡寶怡寶米O古青啤酒 TSINGTAD；用一句话来评价一下今天的比赛吧 FIGHTFOR'HENAN；FIGHTFOR'HENAN；我觉得今天这场比赛能赢 FIGHTFOR'HENAN；古！你真的可以去“拜拜”了 AM3H MAM3；HENAN；李昊发挥得很神勇；河南队的两个横梁；H 河南队今天发挥得非常好 HENAN HENAN；河南队今天发挥得非常好 HENAN；比分是此口 HENAN；CH. 但是河南队踢的球非常厉害 HENA；HENAN 但是河南队踢的球非常厉害 HENAN；AN 所以我们都很高兴的 HENAN；HENAN 都满意了 HENA"	,"李昊太超标了！如果不是他的话，感觉河南队有机会能赢"	,"中性"	
啤酒行业-行业-高,"2026-08-10 10:41:14"	,"kuaishou"	,,0,113,,"1104885189"	,,"珍惜90433"	,,"3xfppajb9464cwm"	,"https://api-app-proxy.tarsocial.com/api/token/v2/rewrite_url?url=RW0E0pZpZ4b3TC4TLqOUvVGxn8_YPQ3rSoWGd-9tUfkVkd7jMrZ53slLYOuG7JG6wVbzySr1XJru1qK3G9FeQQhyxLB2JcAHjv9jqFQS4fc"	,"#沙滩上的脚印"	,"山海关景区·天下第一关 Shanhaiguan Scenic Area The First Pass Under Heaven"	,"山海关景区·天下第一关 Shanhaiguan Scenic Area The First Pass Under Heaven IreP；山海关景区天下第一关 Shanhaiguan Scenic Area The First Pass Under Heaven 长成国家文化公园 GreatWall National Culture Park；电视大装首届全国青年歌手；187389866 王洛遇适的；23；0；#馆街艺城县国中；测长城地理信息标石；夏口美宿度假酒；1低料干啤秦皇岛 INK 020260604100408:28 酸酸乳；楼；视大奖赛首届全青年歌；有届全国电视大奖赛青年歌手；723831 东高路界路三十五东高路界路东高路三九一弄 21 东高路界路 75 10 14 高行东弄衡七十五弄高路界路宝山路四十七弄；12 16 7238-31 东高路界路六十六弄东高路界路东高路界路东高路三九一弄苏高十五 93 东高路宽路宝山路四十七弄；大；SHAN ANGS 1879"	,"#沙滩上的脚印"	,"中性"	
啤酒行业-行业-高,"2026-08-10 10:40:03"	,"kuaishou"	,,0,1,,"1842568329"	,,"一望无际"	,,"3xf6pq8pkwji2nk"	,"https://api-app-proxy.tarsocial.com/api/token/v2/rewrite_url?url=9ztplZmWLh3u69xTkhscCpmkZPB7DFcSEau1U7XU0GXGsuWOGld2y5doPnpfxHO7mqq7TR9cJkat4lznyiQIrQ"	,"蜘蛛🕷️"	,"DearMJ"" Hi""MynameisPeter Parker.And you don't trememberme""but Ihavesomething to tell you that'sgonna sound crazy.Butit'sthe truth. And Iknow youre gonna believe me""because gou'rereally god at telling when I'm lying. Weusedtoknow eachother. But something badwas gonnahappen to theworld. And theonly way tostopitwas tomake ever yone forget me.Including you. BecauseI'mnotjustPeterParker. I'mSpider-Man. Stella Serena"	,,"蜘蛛🕷️"	,
啤酒行业-行业-高,"2026-08-10 10:40:00"	,"app"	,1,0,838,,"1801282926439953"	,,"郝宁医生"	,,"4581859563117253807"	,"https://api-app-proxy.tarsocial.com/api/token/v2/rewrite_url?url=XVCYsbzec1Hv9kZvgQk-KmkUwoYUrAOKoowWQtomky71FA4pUv3nHDpxPvHtPA0VaKhPNx6VgBQ2CB92ovcSmF7FZY0RrMxAxpMwpaa3e2I"	,"12岁儿童血压低怎么补？家长必看这3个方法做错了反而伤心脏！ 孩子血压低，家长先别慌着炖鸡汤或吃阿胶。 正确做法分三步：先带娃去医院查血常规和微量元素，如果是缺铁性贫血(常见于挑食孩子)，补牛肉、鸭血和黑木耳(每天50克)比红枣管用；如果是营养不良导致，每天蛋白质要吃到体重的1-1.2倍(比如30公斤孩子吃30-36克)，相当于1个鸡蛋 半斤牛奶 1两瘦肉；如果是先天性低血压，就需要医生开药调理。 注意不要乱补！比如让孩子多喝盐开水或吃人参，容易让血压忽高忽低，反而伤心脏。 平时可以让孩子每天吃15颗莲子或3颗红枣，搭配小米粥煮着喝，慢慢调理。 还要观察小便量(白天4次以上)和精神状态(不头晕)，如果总说眼前发黑或蹲久了站不起来，赶紧去医院查心脏彩超。 记住：10岁以上孩子血压低于90/60才叫低血压，别自己吓自己！"	,"12岁儿童血压低怎么补家长必看这3个方法做错了反而伤心脏！ 120 80 90 76"	,"12岁儿童血压低怎么补家长必看这3个方法做错了反而伤心脏！ 120 80 90 76；1.先查原因再食补别着急吃红枣桂圆，先去医院查查是不是贫血或[营养不良引起的。比如缺铁性贫血，光吃红枣没用，得吃瘦肉猪肝或菠菜才行 2.补盐要有度孩子血压低别盲目加盐，每天食盐量控制在3-5克（约半啤酒瓶盖）就行。做菜时加些海带、紫菜或虾皮，自然补钠更安全。 3.运动要温和别让孩子突然剧烈运动，比如跑步或跳绳，容易头晕建议先每天散步30分钟或打太极拳，等血压稳定后再加"	,"12岁儿童血压低怎么补？家长必看...@郝宁医生的动态"	,"中性"	
啤酒行业-行业-高,"2026-08-10 10:37:58"	,"kuaishou"	,,0,141,,"1403099738"	,,"梦域/馨"	,,"3xsrdc7qtfa5mpw"	,"https://api-app-proxy.tarsocial.com/api/token/v2/rewrite_url?url=9ztplZmWLh3u69xTkhscCpmkZPB7DFcSEau1U7XU0GWZyecpsveNqUzpfDTnGmP9q6Cg3AQmb8h70ZZPEYolpA"	,"蜘蛛🕷️"	,"DearMJ"" Hi""MynameisPeter Parker.And you don't trememberme""but Ihavesomething to tell you that'sgonna sound crazy.Butit'sthe truth. And Iknow youre gonna believe me""because gou'rereally god at telling when I'm lying. Weusedtoknow eachother. But something badwas gonnahappen to theworld. And theonly way tostopitwas tomake ever yone forget me.Including you. BecauseI'mnotjustPeterParker. I'mSpider-Man. Stella Serena"	,,"蜘蛛🕷️"	,
啤酒行业-行业-高,"2026-08-10 10:35:12"	,"kuaishou"	,,42,771,,"3606255018"	,20,"和好如初、"	,22,"3xrg27kjnkptxei"	,"https://api-app-proxy.tarsocial.com/api/token/v2/rewrite_url?url=9ztplZmWLh3u69xTkhscCpmkZPB7DFcSEau1U7XU0GWWk02q7Eg3vasCWVRIQXNKGgyVe2JuEoi7_DoMS6L7qA"	,"好久不见 #已成年道具假酒"	,"Corona Extra"	,,"好久不见 #已成年道具假酒"	,
啤酒行业-行业-高,"2026-08-10 10:33:21"	,"douyin"	,,0,906,,"94136672289"	,,"家园便利店官方号"	,,"7672225498664207027"	,"https://api-app-proxy.tarsocial.com/api/token/v2/rewrite_url?url=UxI1mE1VtivWWENn8adpDmG3kF8SwGcheiC2XVx5H1lLCbfZoJILp13MQnExz6D-nHjwbzVjk-_Pf1skTMxaRA"	,"家园便利店上架的4.0有机鲜牛奶，单份500g，现价20多元，到手可分五次取用，日常配面包泡麦片都合适，数量有限先到先得！刷到的抓紧抢。 #洗化用品 #进口啤酒 #酸奶过期1天能不能喝 #奶制品 #散心之旅"	,"新斤一斤 2.9两开这家家园我给满分从环境到服务再到味道没有一个能挑剔的！ 直播间秒售馨，这波热销你确定不参与吗？ 福 4 120 新商品大口酒·"	,"斤9商务再到味道没有一个能挑剔的直播间秒售馨，这波热销你确定不参与吗？4120..新商品大口饭："	,,"中性"	
啤酒行业-行业-高,"2026-08-10 10:32:56"	,"douyin"	,,4,162,,"3236567226003613"	,,"善上若水，，。，，"	,4,"7672225390371224819"	,"https://api-app-proxy.tarsocial.com/api/token/v2/rewrite_url?url=UxI1mE1VtivWWENn8adpDmG3kF8SwGcheiC2XVx5H1nONs176ANr194Wd0Gd76MWkzzgd6NPsFyPzynsDDZrlw"	,"我评论了@老侯 的作品： 太罗嗦了，"	,"原作品摘要：作者分享用啤酒加小绿丸的灭鼠方法，称比传统方法好用， 还能除蟑螂等，小绿丸在橱窗可买 @善上若水， 评论了作品太罗嗦了，"	,"原作品摘要：作者分享用啤酒加小绿丸的灭鼠方法，称比传统方法好用，还能除蟑螂等，小绿丸在橱窗可买@善上若水，，。，评论了作品太罗嗦了，"	,,"中性"	
啤酒行业-行业-高,"2026-08-10 10:32:04"	,"douyin"	,,3,36,,"3154916568990071"	,,"椰子🥥学姐（了解学校私信）"	,3,"7672225166706320235"	,"https://api-app-proxy.tarsocial.com/api/token/v2/rewrite_url?url=UxI1mE1VtivWWENn8adpDmG3kF8SwGcheiC2XVx5H1niL1aVr7o1nbzI5Fa70Beu6X47_hcgLXokYR8UZu2NLQ"	,"#专本连读 #实力派高校 #优秀人物"	,"日新浪 sinn.c 张靓颖牛根生重丽娜李福成中国内地女欧手蒙牛乳业创始人 2023年毕业于中国传媒大学成为全国首位视障播音硕士燕京啤酒董事长"	,"新浪don.c张靓颖牛根生首丽娜李福成中国内地女欧手蒙牛乳业创始人2023年华业于中国传媒大学成为全国首位视障播音项士燕京啤酒道事长"	,,"正向"	
啤酒行业-行业-高,"2026-08-10 10:31:34"	,"xiaohongshu"	,,0,,,"68cb7f7e000000002203654a"	,,"claude code冷门信仰玩家"	,,"6a7938060000000022015e82"	,"https://api-app-proxy.tarsocial.com/api/token/v2/rewrite_url?url=cSb9xPr9PTnAREU6T0jLKsUsLLPSJ9iu21ImVmniC4WRtHBYNNSHDQArYRJQsyqTz7iOZQc3Lvgvp2XlTBNLaA"	,"1.早上起来喝一杯没有黄豆的勾兑的豆浆2.吃两个淋巴肉做的包子3.中午吃一份僵尸肉做的外卖4.下午饿了喝一杯科技与狠活的奶茶5.顺便加餐吃两根狗都不吃的骨泥淀粉肠6.热死了来一根大便雪糕7.晚上来点地沟油做的麻辣烫再喝两瓶工业啤酒8.晚上回去躺在黑心棉的怀抱里"	,"6G 不舒服。。"	,"66 不舒服。 C"	,"但是又有ddl。。。"	,"中性"	
啤酒行业-行业-高,"2026-08-10 10:30:58"	,"weibo"	,,0,5054,,2457043380,,"L黄小猴"	,,"5330312766947527"	,"https://api-app-proxy.tarsocial.com/api/token/v2/rewrite_url?url=bETNdXXxBw6SRVox7gALQ8-Dkxzc-I7xotDUrT0PQWllpbyK5MjlZGhHnJ667UHoPNRgf8UJyYyV5dAkE9PHug"	,"#绘本内页分享[超话]##英文原版绘本内页##森贝儿##森贝儿家族##森贝儿书#  《A Treasury of Tales》15个温暖小故事，森贝儿玩偶实景拍摄插图✨ ​​​"	,"Sylvanian Families A Treasury ofTales 15SteriesetFarily qudFriendshi"	,"Sylvanian Families ATreasury olTales 15StcriesofFamilygndFriendshi @L黄小猴；Contents Welcoeme to t antan Villoge The Speed Sta Meet the Sylvan Famile 12 The Summer Comping Trip HeSteriey Skye and Lyra's Prize 10G The Wishing Book 18 Stamp Surprise 112 A Grand Adventure 24 The Oak Tree 124 The Lost Tlora 36 A Surprise Shopping Trip 135 A Conversotion wtth Flovers The Best Ballet Dancer Stella’s Nev House 52 The Advent Calendor The Blue Sky Market 142 $4 Je Cream for Everyone @L黄小猴；The sbing Eet TheWishingBeok She spots a book on the shelf with a peetty wite cover nd picks it up She cn rember ever sng  bfoe. ide""if ed Write yo w on the pogesf ths book n they illcme re. Suddenly"" there's a knock at her to herself.  wonder  I can give any of It awoiy to someone who bedroom door and Frasler and Coco can make use of it* enter. smtling Dut tha esier sid thn donel Everything in Freya’s room eels There gou are"" Freya! Hove very specal ndimprtant. and shequlklg reliss that she will fid you been txdying your room it trickg to part wth anything all this time? Her father This is hre thn it loksl Frey mutters glances around. It doesn? look Iske Freyn hns made much progres.""What's that you've got there? he asks pointing t the mgsterious book. l's α wishing book. Freya replles"" holding itup for him to red. lsit magic? Coco nsks excitedly “1 don't know.* Freya admits. Why don't we try writing our wishes down and seeing if they come true? 6@L黄小猴；AGrdAr AGrandAdventure Treyo has orgonised a trensure hunt for the babes at the Adventure Tree House nd Lakesde Lodge She's hiden taty tets all around. and given the babies matchng shirts. scarves and belts to make therm feel like real lttle explorersl Serch high and low: leave no stone unturned. Freya tells tlhe babies dramaticollg *Who knows what treasures you may find ...- With a squeol of delight. the bables clhmb trees and per into flower beds in search of tlhe hsdden trensures Soon""their pokets aestuffed full of sugary sweets and colourful fruits. Meanwhile. Pters and Balph plon an adventure. Ralph fieds a trail in front of Lakeside Lodge and decides to see where it goes. He hangs α camera around his neck. ready to take pictures of anything they might flind. “Great ides"" Ralph* soys Piers. “Let's see where the trail tokes us!* @L黄小猴；AGrdAh Bokat Lkee LodFryd th group  geng wnlerfall.A bnana slng n Around a corner"" they find  vorrle Ralh andhether left hous ge.Were culd they b the bridge""s if its flln u  “l go nd lool for themPers fther. Patrick. decides “The res somtone's pocket. “l's one of the ef yeu"" weit here. sweets frorm the trecsure huntf Freya cries. l cme too.Frey sy fmg Theye myg frieds and 1 want to make sure theyre all right.* bridgel Patrlck soys They must heve crossed that Freya and Patrick plck a trail and follow it into the forest"" holding their torches out in front of them to light the wauy All along the trasl. they find things that have fallen out of the babies bogs and pockets"" showing them w if we're on the right path? Freya asks"" worried where the litle exploreri went They lmost get lost m α lower fild"" ntil Freya spots a chocolate lylng near o bunch of flowers that look strangely ltke biscults. Thank gne for tht tresure hunt.° Patrsck soys"" picking t up “I don't know how we would find them otherwise.* @L黄小猴；Here you are. o Hlighes.soy Wialer.handing Linnea her tlora Thank you ko muth?replies LInnea. She is so hoppy Now she ond Creme can be royalty again ""Now"" prneeses... would gou care for  rrie the Dream Ship asks Ambrose Ardoff the THEEND @黄；Stella's MewHouse @L黄小猴；TheSumrerCarping Trip The babiessettleontheblanketeatingth tasty food and sharing stories about their morning of indoor camping adventures. “This is just like camping in real life Creme says. chocolate smeared around her mouth. B@L黄；113 On the 2ndof December""Skye and L @L黄小猴 it+l"	,"#绘本内页分享[超话]##英文原版绘本内页##森贝儿##森贝儿家族##森贝儿书# 《A Treasury of Tales》15个温暖小故事，森贝儿玩偶实景拍摄插图✨"	,"中性"	
啤酒行业-行业-高,"2026-08-10 10:27:40"	,"douyin"	,,24,35,,"4374280903077027"	,19,"壹介布衣"	,5,"7672224034033695609"	,"https://api-app-proxy.tarsocial.com/api/token/v2/rewrite_url?url=UxI1mE1VtivWWENn8adpDmG3kF8SwGcheiC2XVx5H1kqYTHBuEHOG2MDRJOQPJfv7H6-FTk9EPJZ4uIi3qRZUg"	,"#一不小心拿了个奖 #啤酒瓶盖中奖 下班去领奖"	,"今天运气真好の 特等奖 35岁少妇一个限2026年12月30日过期作废"	,"今天运气真好特等奖35岁少妇一个限2026年12月30日过期作废"	,,"中性"	
啤酒行业-行业-高,"2026-08-10 10:27:00"	,"app"	,1,0,2,,"1799833003132416"	,,"肾病科程欢欢医生"	,,"3471493900044471236"	,"https://api-app-proxy.tarsocial.com/api/token/v2/rewrite_url?url=67Nicp6ujjmDLTwpcHyKpBqut_vF220aNTKkfHAoHz_dKbNG4fJgallG9YRS3YgAOVZXQ3ggsc4ijBzo0V2ciNFk5ByvMn70p85_boqLkkQ"	,"右肾结石严重吗 发现右肾结石，到底严不严重？🤔很多人拿到检查报告就慌了神——会不会痛到直不起腰？会不会影响肾脏？今天就从医生的角度，把这个问题说透！ 结石的严重程度，主要看大小和位置。如果结石小于6mm，而且位置比较好（比如在肾盏里没卡住），通常不用太担心，多喝水（每天至少2000ml💧）、多做跳跃运动（比如跳绳），很多能自己排出来。但要注意观察有没有血尿或者轻微腰痛，定期复查就行。 如果结石在6-20mm之间，就得当心了⚠️！这个大小的结石容易卡在输尿管里，引发剧烈的肾绞痛（那种痛真的能让人冒冷汗、打滚），还可能导致肾积水。如果积水时间长了，会影响肾功能，所以得及时找医生处理——可能是体外冲击波碎石，或者内镜取石。 要是结石超过20mm，比如鹿角形结石，那就比较严重了。这种结石会占据整个肾盂，容易反复引发尿路感染，还会慢慢损害肾实质，甚至导致肾功能衰竭。这时候一般需要手术治疗，比如经皮肾镜碎石术。 不是所有结石都有症状！有些小结石可能悄无声息，但长期存在也会慢慢伤害肾脏。如果出现腰腹部突然绞痛、恶心呕吐、小便带血，或者发烧，一定要马上去医院！ 日常预防小贴士：多喝水是关键💧，别等渴了再喝；少吃高草酸的食物（比如菠菜、苋菜、巧克力）；尿酸高的人要控制嘌呤摄入（少喝啤酒、少吃海鲜）；定期体检，早发现早处理。 其实结石不可怕，可怕的是拖延！只要及时干预，大多数结石都能顺利解决。别自己吓自己，但也别不当回事——身体的信号要重视，科学应对才是正确的选择～💪 #金牌药师# #白大褂朋友#"	,,,"右肾结石严重吗 发现右肾...@肾病科程欢欢医生的动态"	,"中性"	
啤酒行业-行业-高,"2026-08-10 10:25:33"	,"douyin"	,,0,1685,,"3290187868145544"	,,"王岗坪君澜度假酒店"	,,"7672223488770032549"	,"https://api-app-proxy.tarsocial.com/api/token/v2/rewrite_url?url=UxI1mE1VtivWWENn8adpDmG3kF8SwGcheiC2XVx5H1ndl7WgOzgmygREreAtCT_aApKzXFW9c7Ufsop3DljpNg"	,"这个世界的美， 需要走出来发现。 #王岗坪君澜度假酒店 #在君澜遇见蓝调时刻 #点燃世界尽头的篝火 #绝美日落 #你看到过七彩祥云吗"	,"2026.08.10日照金山（王岗坪君润度假酒店拍摄）"	,"2026.08.10日照金山（王岗坪君润度假酒店拍摄）"	,,"正向"	
啤酒行业-行业-高,"2026-08-10 10:25:12"	,"kuaishou"	,,3,1,,"5497214236"	,,"午夜纯情忧郁玫瑰总裁"	,3,"3xtgukp8298v7hk"	,"https://api-app-proxy.tarsocial.com/api/token/v2/rewrite_url?url=RW0E0pZpZ4b3TC4TLqOUvVGxn8_YPQ3rSoWGd-9tUfkavwLAtbH9d7aylYZTd6fA9j67YiddtNWUUUqEVpHTMaUaKW0fgTYlIsNlSKZqqXw"	,"喜物而不膩于物，忠情而不限于情 #图集 @快手粉条(O40300047)"	,,"1.4万条评论 X 猫终于明白朝花夕拾什么意思°，你一生追求的东西其实一开始就在 2天前·广西回复 9.2万作者赞过 Daydreamer 知足者常乐；NERS 5.8万条评论消毒水炖公鸡我真的感觉小时候的暑假是另一个世界。 2024-12-31北京回复 48.6万 chimchim 对对，时间过得很慢，夏天只有蝉鸣和树叶沙沙的声音 2024-12-31-东回复 9.0万；佛鳄本地我拿不到谁能想到，大一和六年级只差了六年，却好像过了半辈子 1天前·河北回复 3.5万陈按按不是兄弟，你这句话一下就给我震惊了 1天前·山西回复 8215；662条评论 KK 尤其这一年这种感觉极为强烈 7小时前·新疆回复 117 作者赞过仅是路人说明你在成长 5小时前·江西回复；大家都在搜：等我吃完饭再来找.Q 2 1.9万条评论心静自然唔同学 “原来在学校栅栏外面一直盯着我看的怪人就是我自己”。 04-16·海南回复 1369 安原来很多年后，我们也会是学校门口盯着小孩看的大人。 04-17 四川回复；4302条评论 N~N 那时一切安好，仅为作业发愁首评昨天18:50·贵州回复 5612 展开370条回复脑袋困掉了。 小时候真傻，竟然盼望着长大昨天19:44·江西回复 3540；大家都在搜：不爱诉苦的人什么性格? 7 X 1.4万条评论我小的时候一个人走路会自己和自己说话 2天前·陕西回复 1.2万展开303条回复说真的，小时候没有接触过网络世界的时候，不觉得这个叫什么苦，反而觉得一路上的花草儿的什么挺有意思的；死了就看不到落日了 Whenyoudie""youtant see sunsets 大家都在搜：宫崎骏老爷子评论2.5万点赞42.0万阿坏人总是认为截图可以留住很多东西 2022-11-09云南回复 1.1万逝可回忆怎么删 2022-11-09云南回复 32.811 3；之所以有虚岁那是因为你单独跟妈妈在一起的一年大家都在搜：虚岁是什么意思9 2031条评论在以后妈妈永远比别人多拥有你一年 05-23·山东回复 2.9万展开373条回复￥；大家都在搜：你的婚礼素材。 7 × 3561条评论暖昧要我命人人都不是周潇齐。没人会爱我十五年作者赞过 10-27湖北回复 1013 赠予玫瑰可是你的妈妈爱了一个又一个十五年 10-27广东回复 2259 3；大家都在搜：小辣椒知道了江添和盛..Q ？ X 4.4万条评论爱力 “那你那时候怎么不和他表白呢 2024-6-1·湖南回复 03.0万展开1664条回复巧克粒大王双向暗恋但过期了α。秒了 2024-6-1·山东回复 7.6万；大家都在搜：救熊的枪 88条评论想你的时候 RARE MAA.S 打熊大熊二的枪一枪没中过，而救熊大熊二的枪却百发百中 08-15·广东回复 96 ? 作者赞过一直想唯一一次，还是麻醉弹 08-27·湖南回复 7 S；大家都在搜：离别是一生的必修课? 2942条评论遇见1 成长第一课：分别昨天22:48·江苏回复张君雅今年春节自拍我和奶奶唯一的合照，前两天她走了，她会一直陪着我的对吗动图 3-5·广西回复 2362；641条评论点击填写名字冰箱里现在还有17个饺子。23年八月九号，我妈包的饺子，没吃完，冻了起来，说下次一起煮。八月十一号，她突发脑干出血，出血量35毫升。八月十六号早上，走了。。。去年过生日那天，我煮了一个。剩下的，还能再吃17年。。 10小时前·河南回复 1448 作者赞过；武家后庄 57人打卡 5899条评论惊魂明星盛典夜请投丑子（cn：好人） “哦呦，都长这么大了？哈哈，看我眼神好不好？一下就看见你了！哈哈哈·…·...""” 02-25·黑龙江回复 3484 阿白爷爷：看！这是你长大的样子，很高吧！ 02-25·江苏回复 213 S；167条评论 X 我也是今年十八妈妈在上个月26号去世了我也见不到妈妈了 4-5·山西回复 125 作者赞过小杨爱锻炼作者节哀兄弟看开点把自己的生活过好就是对妈妈最大的回报 4-5·四川回复 86"	,"喜物而不膩于物，忠情而不限于情 #图集 @快手粉条(O40300047)"	,"中性"	
啤酒行业-行业-高,"2026-08-10 10:23:57"	,"weibo"	,,1,10129,1,"7600263568"	,,"王岗坪君澜度假酒店"	,,"5330311002980870"	,"https://api-app-proxy.tarsocial.com/api/token/v2/rewrite_url?url=bETNdXXxBw6SRVox7gALQ4V1rPeuUi0p4hInlFjIR4ukxlEoFtKRkgWrpuXa5oo_7Fh7-NgNZXtgNNa9GVth3Q"	,"这个世界的美，
需要走出来发现。
#王岗坪君澜度假酒店
##在君澜遇见蓝调时刻##真正的度假在君澜[超话]#  http://t.cn/AXNVqwug ​​​｜王岗坪君澜度假酒店的微博视频"	,"2026.08.10日照金山 （王岗坪君润度假酒店拍摄）"	,"微博视频 @王岗坪君澜度假酒店我也没出来过 2026.08.10日照金山（王岗坪君润度假酒店拍摄）；微博视频 @王岗坪君潮度酒店我的妈呀 2026.08.10日照金山（王岗坪君润度假酒店拍摄）；微博视频王岗坪君澜度这个世界咋这么好看 2026.08.10日照金山（王岗坪君润度假酒店拍摄）；微博视王岗坪君澜你看看这个世界 2026.08.10日照金山（王岗坪君润度假酒店拍摄）；微博视频号王岗坪君澜度我的天呀这世界 2026.08.10日照金山（王岗坪君润度假酒店拍摄）；微博视频号 @王岗坪君澜度假酒店这个世界咋这么美 2026.08.10日照金山（王岗坪君润度假酒店拍摄）；微博视频号 @王岗坪君澜度假酒店我呦这个云彩 2026.08.10日照金山（王岗坪君润度假酒店拍摄）；微博视频号 @王岗坪君澜度假酒店那上面都是云彩 2026.08.10日照金山（王岗坪君润度假酒店拍摄）；微博视频号 @王岗坪君澜度假酒店这个云彩就在脚下 2026.08.10日照金山（王岗坪君润度假酒店拍摄）；微博视频号 @王岗坪君润度假酒店 2026.08.10日照金山（王岗坪君润度假酒店拍摄）"	,"这个世界的美， 需要走出来发现。 #王岗坪君澜度假酒店 ##在君澜遇见蓝调时刻##真正的度假在君澜[超话]# [雅安·王岗坪君澜度假酒店](http://t.cn/A6ffydcs) [王岗坪君澜度假酒店的微博视频](http://t.cn/AXNVqwug)"	,"中性"	
啤酒行业-行业-高,"2026-08-10 10:20:12"	,"weibo"	,,1,1530,,6463043305,1,"LynxYve_"	,,"5330310055069771"	,"https://api-app-proxy.tarsocial.com/api/token/v2/rewrite_url?url=bETNdXXxBw6SRVox7gALQzqPGNsg6xHqf1_MjPjfZvfksIIs7XaFopCJsxoEJ1Ll8R_jyD-wYwJOgMASySWzyA"	,"道荣8月dm审核🩷 ​​​"	,,"260810 260810 260810 ve lynxyve lynxyve lynxyve 微博 Weverse ? 使用券管： ve ynxyve lynxyve. LynxYve_ 订阅中的M 简介：福开始有禹兆幸运喵 WONHEE 8月29日续订 VIP已过期210天会员新权益上新> ASAHI 5849 729 1530 ve 9月6日续订 Iyn yve微博 Iynxyve 粉丝 C CHOI HYUN SUK 9月13日续订我的相册赞/收藏浏览记白 ? YOONJAEHYUK 9月13日续订我的钱包微博购订单创作中 ve ve V yve Iynxyve DOYOUNG 任务中心暑期 9月13日续订今日待领600积分限时瓜分每日签到初秋超 SOJUNGHWAN 点击领10积分闯关瓜分十 9月13日续订 ve lynxyve 我的钱包 lynxyve 订阅到期的DM .22万租·手机年省88 可借额度一元起租权益免费 PARKJEONGWOO 微购 HARUTO 购买店铺上新官方预售：常2Ve ve IVT 品回主页社区 Shop 微博视频发现 260810 260810 260810 ve lynxyve lynxyve lynxyve"	,"道荣8月dm审核🩷"	,"中性"	
啤酒行业-行业-高,"2026-08-10 10:19:55"	,"xiaohongshu"	,,0,,,"6a66b7a70000000013002c01"	,,,,"6a79354b0000000025017d1a"	,"https://api-app-proxy.tarsocial.com/api/token/v2/rewrite_url?url=cSb9xPr9PTnAREU6T0jLKsUsLLPSJ9iu21ImVmniC4V-fBXt7H8MTrHZu2ET_KTmTTd47RIZJ2DkxKw8swc1rw"	,"宝子们公司过期文件、旧硬盘、临期食品不知道怎么处理这份2026年广州销毁价格表收好文件销毁普通文件600850元/吨涉密文件10001800元/吨硬盘销毁50250元/块涉密数据建议消磁物理粉碎食品销毁260320元/吨酒水500600元/吨#广州销毁#文件销毁#硬盘销毁#食品销毁#干货分享"	,"广州销毁服务综合价格参考表（2026年8月10号） 服务类别具体项目计价方式价格区间处理方式备注文件销领普通办公文件元/公斤 0.8-1.5 标准粉辞，非涉密打印纸、宣传单页普通办公文件元/ 600-850 批量处理，黄铺/从化600-750，天河/越带胶文件元吨 750-1000 含标签、便签纸等，分练耗时涉密纸质文件元/公斤 2.0-3.5 高保密银粉砖，含财务数据、合同、 涉密纸质文件元吨 1000-1800 高保密粉碎+监销，天河/越秀1200 高密级涉密文件元/公斤 60-100 双重碎纸+销毁证明，需3人以上蓝销光盘/ 元/公斤 3.0-5.0 物理酸坏+消磁春户自送销毁元/次 100 现场销毁，无其他费用上门取件元/次 ≤200 广州市内上门运输费硬盘销领机硬盘（500GB以下） 元/块 50-80 物理粉辞，昔通办公数据，10块起批机械硬盘（500GB-1TB） 元/块 80 -120 消磁+粉辞，工厂敏感数据，适合批量机械硬盘（1TB以上） 元/块 120 -200 消+粉辞+录像，合第三方报告四志硬盘（SATA接口） 元/映 80-150 物理粉砖，需先撤除再粉碎四志硬盘（NVMe接口） 元/块 150-250 物理粉碎+消磁，颗粒级粉辞涉密硬盘U盘元/公斤 15-30 消+物理粉辞，合核心代码、商业机普通硬盘儿盘元/公斤 8月15日物理粉矿，淘汰服务器硬盘食品销过期零食/食品元/公斤 2月日天河2-4，黄增工业园3-5 过期零食/食品元/车次 500-1500 合品类、小批量适用酒水（红酒/啤酒等） 元/吨 500 -600 含上门搬运、运输、销煲等一切费用过期食品（大批量） 元/吨 260-320 批量处理，黄埔/海珠区行情一龄食品销缓元/次 200左右小批量，如酒水、糖果、坚果类其他销级电子产品销毁元吨 300-500 含废日电脑、打印机等化妆品元吨 280 -320 过期/不合格化妆品档案/票据销元吨 280-320 批量档案处理"	,"广州销毁服务综合价格参考表（2026年8月10号） 服务类别具体项目计价方式价格区间处理方式/备注文件销毁普通办公文件元/公斤 0.8-1.5 标准粉碎，非涉密打印纸、宣传单页普通办公文件元/吨 600-850 批量处理，黄埔/从化600-750，天河/越香700-850 带胶文件元/吨 750-1000 含标签、便签纸等，分抹耗时涉密纸质文件元/公斤 2.0-3.5 高保密级粉碎，含财务数据、合同、 标书涉密纸质文件元/吨 1000-1800 高保密粉碎+监销，天河/越秀1200- 4800 高密级涉密文件元/公斤 60-100 双重碎纸+销毁证明，需3人以上监销光盘/磁带元/公斤 3.0-5.0 物理破坏+消磁客户自送销毁元/次 100 现场销毁，无其他费用上门取件元/次 ≤200 广州市内上门运输费硬盘销毁机械硬盘（500GB以下） 元/块 50-80 物理粉碎，普通办公数据，10块起批机械硬盘（500GB-1TB） 元/块 80-120 消磁+粉碎，工厂敏感数据，适合批量机械硬盘（1TB以上） 元/块 120-200 消磁+粉碎+录像，含第三方报告固态硬盘（SATA接口） 元/块 80-150 物理粉碎，需先擦除再粉碎固态硬盘（NVMe接口） 元/块 150-250 物理粉碎+消磁，颗粒级粉碎涉密硬盘U盘元/公斤 15-30 消磁+物理粉碎，含核心代码、商业机普通硬盘U盘元/公斤 8月15日物理粉碎，淘汰服务器硬盘食品销毁过期零食/食品元/公斤 2月5日天河2-4，黄埔工业园3-5 过期零食/食品元/车次 500-1500 混合品类、小批量适用酒水（红酒/啤酒等） 元/吨 500-600 含上门搬运、运输、销毁等一切费用过期食品（大批量） 元/吨 260-320 批量处理，黄埔/海珠区行情一般食品销毁元/次 200左右小批量，如酒水、糖果、坚果类其他销毁电子产品销毁元/吨 300-500 含废旧电脑、打印机等化妆品销毁元/吨 280-320 过期/不合格化妆品档案/票据销毁元/吨 280-320 批量档案处理"	,"8/10广州公司文件·食品·硬盘等各项销毁服务"	,"中性"	
啤酒行业-行业-高,"2026-08-10 10:16:00"	,"app"	,1,0,30892,,"1799924879933605"	,,"愿你笑靥如花"	,,"4248064342827955548"	,"https://api-app-proxy.tarsocial.com/api/token/v2/rewrite_url?url=rODyi-WAIkkIaCmEekI8DzqRybE-ZF-ZXv-HLcVbgQ7YDqs6pvZZHBkK4Joefy2xqKMDpBoVfctzVIWzqbPsZmOGN9mYwjFUUQzwqVYGu4U"	,"我真的快被笑死了！！！哈哈哈哈"	,"狗蛋疫情期间腿骨折了，另一个做核酸的时候志愿者看到了钥匙她每次亲自带人给我做区打饭给我吃，后面放开了卖，那个小哥震惊的看着我好吃饼干垫肚子嘻住了，眼把我扶起来跟我道歉说他不卖打开把我垃圾也拿走了， 去买菜了我有点饿了 8小时前新疆回复"	,"狗蛋疫情期间腿骨折了，另一个做核酸的时候志愿者看到了钥匙她每次亲自带人给我做区打饭给我吃，后面放开了卖，那个小哥震惊的看着我好吃饼干垫肚子嘻住了，眼把我扶起来跟我道歉说他不卖打开把我垃圾也拿走了， 去买菜了我有点饿了 8小时前新疆回复；小红著5F2BC930 想起一个帖子，说楼板当成失去双臂的残挂在脖子上。该楼主强地出门了.·· 9小时前山西回复阿狗哈哈哈哈而且是用 9小时前海南回复；师太婷婷我眼睛问题不想亲朋担心自己姐不放心来医院接她前一天刚力绷带戴帽子跟木乃伊一样带跑的我回家昨天06:06天津回复 ArielYu 这畫面想想都快流眼淚了昨天06:24中国台湾回复；O和雪糕我是女的，刚做完近视晴痛得只能睁开一条缝家，只能戴着墨镜慢慢了男厕所，小便池前的我，我急中生智开始摸好心人扶出了男厕所 6小时前北京回复；上学那会拔智齿，拔镇一镇，扶着腮帮子有一大哥给我让座， 吧，回家一看，满嘴昨天12:36北京回复小裙摆大哥回家心想：又芒万丈的一天啊；宇宙第一甜妹我阿姨有一次被狗咬了祸了，还挺严重，盆骨用护具固定着只能维持疫苗还没打完呐，没办科室去，医生看见都叮成这样 9小时前江苏回复；了，因为被偷好几次，忍无可忍我腰突犯了，不能起来，帽子叔了好一会门，门一开，发现我躺实在无法挪动，只能手脚并用爬子叔那天为了五十几的外卖查监还感概一句，病人的外卖都偷回复 2.5万不起，笑死我了 @愿你美；不要捡猫的momo 患，割完躺在病床上休息， 但是人出去了，这时候外卖捡恨铁不成钢的说：都进肝点这个！ 7:52浙江回复；我骨折的时候，有一次因家里没人给我做饭，我朋饭，然后送饭的人不知道了半天门，我坐着蹭过去懊悔卧槽发愁，我头一次么多表情，最后他走的时昨天07:33北京回复 Corona朗朗清曦还带擦地板的啊昨天08:21上海回复"	,"我真的快被笑死了！！！哈哈哈哈@愿你笑靥如花的动态"	,"中性"	
啤酒行业-行业-高,"2026-08-10 10:11:15"	,"kuaishou"	,,0,137208,,"105421553"	,,"纯耕营养健康旗舰店"	,,"3xz3sbjkbisdmbq"	,"https://api-app-proxy.tarsocial.com/api/token/v2/rewrite_url?url=9ztplZmWLh3u69xTkhscCpmkZPB7DFcSEau1U7XU0GWxqxV0OtY1exAFQ9KerSC6353olxvwUf-37SFitGjOaw"	,"..."	,"纯耕枸杞原浆震震有词震撼浮力全网销售品牌 HONGHEIGOUQI YUANJIANG 红黑枸杞原浆纯耕 HONGHEIGOUQIYUANJIAN 红黑枸杞原浆纯耕 90. 量2.2 90 2 运费险自有工厂售后保障拆箱试喝"	,"纯耕枸杞原浆震震有词震撼浮力全网销售品牌纯耕能量站纯耕耕 HONGHEIG 红黑为什么我这里才28块纯耕轻巧小夜，即 90. 90. 净含量：2.7L 净含量：2.7L R 赠运费险自有工厂售后保障拆箱试喝具体价格机制惠套播机发液；纯耕枸杞原浆震震有词震撼浮力全网销售品牌纯耕中耕 HONGHEIGOUQIYUA 纯耕红黑枸因为那个券的话大概轻巧小袋、助轻巧小袋即 90. 90 净含量：2.7L 净含量：2.7L 赠运费险自有工厂售后保障拆箱试喝具体价华机制惠育插机发液；纯耕枸杞原浆震震有词震撼浮力全网销售品牌纯耕能量站红黑枸杞原浆纯耕纯耕 40 HONGHEIGOU 也就是30分钟就过期了纯耕红黑轻巧小袋，助轻巧小袋 90. 90 净含量：2.7L 净含量：2.7L 赠运费险自有工厂售后保障拆箱试喝具体价格机制惠育插机发液"	,"..."	,
啤酒行业-行业-高,"2026-08-10 10:10:52"	,"kuaishou"	,,0,137208,,"105421553"	,,"纯耕营养健康旗舰店"	,,"3xknakugnrvbpaa"	,"https://api-app-proxy.tarsocial.com/api/token/v2/rewrite_url?url=9ztplZmWLh3u69xTkhscCpmkZPB7DFcSEau1U7XU0GU-wFk1ziWAwIcb6NsDoL0IYAVlDzTTnO1VAYYrm9twvQ"	,"..."	,"纯耕枸杞原浆震震有词震撼浮力全网销售品牌红黑枸为什么我这里才28块 HONGHEI 90. 量2. 90 2 目运费险自有工厂售后保障拆箱试喝"	,"纯耕枸杞原浆震震有词震撼浮力全网销售品牌纯耕能量站纯耕中耕 HONGHEIGOUQI 红黑枸为什么我这里才28块浆 UA 纯耕轻巧小袋，即轻巧小袋 90. 90 净含量：2.7L 净含量：2.7L R 赠运费险自有工厂售后保障拆箱试喝具体价格机制惠套播机发液；纯耕枸杞原浆震震有词震撼浮力全网销售品牌纯耕电耕红黑枸杞 HONGHEIGOUQIYUA 红黑枸因为那个券的话大概纯耕轻巧小袋， 轻巧小袋 90 90. 净含量：2.7L 净含量：2.7L R 赠运费险自有工厂售后保障拆箱试喝具体价格机制惠育播机发液；纯耕枸杞原浆震震有词震撼浮力全网销售品牌纯耕能量站红黑枸杞原浆纯耕地耕 40 HONGHEIGO 纯耕红黑地就是30分钟就过期了轻巧小袋，怕轻巧小袋， 90 90 净含量：2.7L 净含量：2.7L 赠运费险自有工厂售后保障拆箱试喝具体价格机别惠套插机发液"	,"..."	,
啤酒行业-行业-高,"2026-08-10 10:10:38"	,"weibo"	,,0,5054,,"2457043380"	,,"L黄小猴"	,,"5330307647278205"	,"https://api-app-proxy.tarsocial.com/api/token/v2/rewrite_url?url=1CCta59L4sZZ9IPmlxMqsGDcu34e3JfnmmTbgc-F57wZMNiz5-qGVoLnoxjTXcbJ"	,"#绘本内页分享[超话]##英文原版绘本内页##森贝儿##森贝儿家族##森贝儿书# 《A Treasury of Tales》15个温暖小故事，森贝儿玩偶实景拍摄插图✨可爱的致死量超标[哇][哇]"	,"Sylvanian Families A Treasury ofTales 15SteriesetFarily qudFriendshi"	,"Sylvanian Families ATreasury olTales 15StcriesofFamilygndFriendshi @L黄小猴；Contents Welcoeme to t antan Villoge The Speed Sta Meet the Sylvan Famile 12 The Summer Comping Trip HeSteriey Skye and Lyra's Prize 10G The Wishing Book 18 Stamp Surprise 112 A Grand Adventure 24 The Oak Tree 124 The Lost Tlora 36 A Surprise Shopping Trip 135 A Conversotion wtth Flovers The Best Ballet Dancer Stella’s Nev House 52 The Advent Calendor The Blue Sky Market 142 $4 Je Cream for Everyone @L黄小猴；The sbing Eet TheWishingBeok She spots a book on the shelf with a peetty wite cover nd picks it up She cn rember ever sng  bfoe. ide""if ed Write yo w on the pogesf ths book n they illcme re. Suddenly"" there's a knock at her to herself.  wonder  I can give any of It awoiy to someone who bedroom door and Frasler and Coco can make use of it* enter. smtling Dut tha esier sid thn donel Everything in Freya’s room eels There gou are"" Freya! Hove very specal ndimprtant. and shequlklg reliss that she will fid you been txdying your room it trickg to part wth anything all this time? Her father This is hre thn it loksl Frey mutters glances around. It doesn? look Iske Freyn hns made much progres.""What's that you've got there? he asks pointing t the mgsterious book. l's α wishing book. Freya replles"" holding itup for him to red. lsit magic? Coco nsks excitedly “1 don't know.* Freya admits. Why don't we try writing our wishes down and seeing if they come true? 6@L黄小猴；AGrdAr AGrandAdventure Treyo has orgonised a trensure hunt for the babes at the Adventure Tree House nd Lakesde Lodge She's hiden taty tets all around. and given the babies matchng shirts. scarves and belts to make therm feel like real lttle explorersl Serch high and low: leave no stone unturned. Freya tells tlhe babies dramaticollg *Who knows what treasures you may find ...- With a squeol of delight. the bables clhmb trees and per into flower beds in search of tlhe hsdden trensures Soon""their pokets aestuffed full of sugary sweets and colourful fruits. Meanwhile. Pters and Balph plon an adventure. Ralph fieds a trail in front of Lakeside Lodge and decides to see where it goes. He hangs α camera around his neck. ready to take pictures of anything they might flind. “Great ides"" Ralph* soys Piers. “Let's see where the trail tokes us!* @L黄小猴；AGrdAh Bokat Lkee LodFryd th group  geng wnlerfall.A bnana slng n Around a corner"" they find  vorrle Ralh andhether left hous ge.Were culd they b the bridge""s if its flln u  “l go nd lool for themPers fther. Patrick. decides “The res somtone's pocket. “l's one of the ef yeu"" weit here. sweets frorm the trecsure huntf Freya cries. l cme too.Frey sy fmg Theye myg frieds and 1 want to make sure theyre all right.* bridgel Patrlck soys They must heve crossed that Freya and Patrick plck a trail and follow it into the forest"" holding their torches out in front of them to light the wauy All along the trasl. they find things that have fallen out of the babies bogs and pockets"" showing them w if we're on the right path? Freya asks"" worried where the litle exploreri went They lmost get lost m α lower fild"" ntil Freya spots a chocolate lylng near o bunch of flowers that look strangely ltke biscults. Thank gne for tht tresure hunt.° Patrsck soys"" picking t up “I don't know how we would find them otherwise.* @L黄小猴；Legend says that you can’t say your wish out loud. because if you do""it won't come true. But looking around at her friends and family.Freya has a funny feeling that everyone is wishing for the same thing: more grand adventures. just like the one theyve had today THE END ?@L黄小猴 35；Here you are. o Hlighes.soy Wialer.handing Linnea her tlora Thank you ko muth?replies LInnea. She is so hoppy Now she ond Creme can be royalty again ""Now"" prneeses... would gou care for  rrie the Dream Ship asks Ambrose Ardoff the THEEND @黄；TheSumrerCarping Trip The babiessettleontheblanketeatingth tasty food and sharing stories about their morning of indoor camping adventures. “This is just like camping in real life Creme says. chocolate smeared around her mouth. B@L黄；113 On the 2ndof December""Skye and L @L黄小猴 it+l"	,"#绘本内页分享[超话]##英文原版绘本内页##森贝儿##森贝儿家族##森贝儿书# 《A Treasury of Tales》15个温暖小故事，森贝儿玩偶实景拍摄插图✨可爱的致死量超标[哇][哇]"	,"中性"	
啤酒行业-行业-高,"2026-08-10 10:10:00"	,"app"	,1,0,895,,"1748521566430012"	,,"郝学喜医生"	,,"4255299219357458166"	,"https://api-app-proxy.tarsocial.com/api/token/v2/rewrite_url?url=lkNSfZnfqlp2zmI_Hg3pECEfjvenk7jep8kIwYEziU02aIb_s3PdTQ0kFN58gNxc0oP-XXDLaOh-veWlfQ1i1s1UYCL_3rLyBG3bmbNwpGw"	,"痛风需要长期服药吗？ 痛风是否需要长期服药，取决于病情阶段和尿酸控制情况。急性发作期需短期用药缓解症状，稳定期若尿酸持续超标，可能需长期维持治疗。 1、急性发作期用药 💊 急性期可服用非甾体抗炎药（如布洛芬），每次200mg，每日3次，饭后服用，连续不超过5天；或秋水仙碱片，首次1mg，之后每1-2小时0.5mg，直至疼痛缓解，24小时总量不超过6mg。 2、稳定期用药选择 🍒 尿酸持续高于480μmol/L者，建议长期服用降尿酸药：别嘌醇片，初始50mg/日，每周增加50mg，最大不超过300mg/日；或苯溴马隆片，每日25-100mg，早餐后服用，服药期间多饮水。 3、停药评估标准 ⚠️ 若连续6个月尿酸稳定在360μmol/L以下，且无新发痛风发作，可在医生指导下尝试减量：每次减少降尿酸药剂量的1/3，观察2个月尿酸变化，无波动可继续减量至停药。 4、长期管理要点 ⏰ 即使停药，仍需坚持低嘌呤饮食：每日动物内脏不超过50g，海鲜每周不超过3次，啤酒每月不超过2瓶；定期复查尿酸（每3个月1次），监测肝肾功能（每6个月1次），避免突然停药导致尿酸反弹。 #痛风 #高尿酸血症 #降尿酸治疗 #痛风饮食 #长期服药"	,"科室： 样本编号：2 检验项目结果单位提示项目 Glu 葡萄糖（已糖激酸4.67 mmol/L CREA 肌酐 91.0 μmol/L UA 尿酸 745.7 μmol/L UREA 尿素 4.72 mmol/L 痛风需要长期服药吗？"	,"科室： 样本编号：2 检验项目结果单位提示项目 Glu 葡萄糖（已糖激酸4.67 mmol/L CREA 肌酐 91.0 μmol/L UA 尿酸 745.7 μmol/L UREA 尿素 4.72 mmol/L 痛风需要长期服药吗？；痛风长期服药指南：关键阶段与管理要点（1/2） 用药周期判断痛风是否长期服药取决于病情阶段和尿酸控制情况。急性发作期需短期用药缓解症状，稳定期若尿酸持续超标，可能需长期维持治疗急性发作期用药急性期可服用非留体抗炎药（如布洛芬），每次200mg，每日3次，饭后服用，连续不超过5天；或秋水仙碱片，首次 1mg，之后每1-2小时0.5mg，直至疼痛缓解，24小时总量不超过6mg。 稳定期用药选择；痛风长期服药指南：关键阶段与管理要点（2/2） 停药评估标准若连续6个月尿酸稳定在360umol/L以下，且无新发痛风发作，可在医生指导下尝试减量：每次减少降尿酸药剂量的 1/3，观察2个月尿酸变化，无波动可继续减量至停药长期管理要点即使停药，仍需坚持低嘌呤饮食：每日动物内脏不超过 50g，海鲜每周不超过3次，啤酒每月不超过2瓶：定期复查尿酸（每3个月1次），监测肝肾功能（每6个月1次），避免突然停药导致尿酸反弹。"	,"痛风需要长期服药吗？ 痛风是...@郝学喜医生的动态"	,
啤酒行业-行业-高,"2026-08-10 10:07:23"	,"shipinhao"	,,0,,,"v2_060000231003b20faec8c6e48f1ec7d3cd05ea3db077eab59de45ed9e483074660659916e030@finder"	,,"夏夜wlx"	,,"14984802356950272402"	,"https://api-app-proxy.tarsocial.com/api/token/v2/rewrite_url?url=9TcZ7gCiTIcjgqtkpzDkxbEjciZEmxyiiL-r2QrgGTmDKBGZbTzVk7ioiq3W7B_g7aLg-ayB37ErG_ZNnbOmIEBecnqY4BjpsDopF54XfmqEja15wlN7zowdIoNAOpuQRDrJzQzw7LiIafDuQjd9xLpDlILLLAUG1QoJp2RtLOpyG2JqP-j0Q_qLSbkGfzqpPGoMPjg7k8l0749S5ntlKC7Srz9t997ly8AlkR4XSm1-KzyTn0rkqJWJJoGxKVcc"	," 青岛鲜啤，大鱿鱼，海螺串，嘎嘎香😋
听夏风海浪，赴璀璨远方，岁岁皆如愿[合十]
美丽的青岛再见啦[再见] "	,"豆包A"	,"豆包AI生；GLORIA IN EXCELSIS 认识真重抑恭邪恶圣称额尔强重务 mm 豆包AI生成；点包AI生厅；OVE 城心 CITY OF HEARTBEA 婚恋生活市；豆包AI生成；酸甜刚好爱情必胜心动超标我在青岛很想你 MISSYOU. PIZZAHUT PIZZA HUT PIZZAHUT PIZZA HUT PIZZA HUT 豆包AI生成；为爱情干杯 CHEERSFOR LOVE #我要和你在一起情就是常常酒酒酒当歌人生几何你说天长我就酒豆包AI生成；爱情就是常常主意安全醉酒当歌人生几 TSINGTAO 青岛啤酒爱豆包AI生成；PCHICA 豆包AI生成；n RET PA生爪京包AI生；操码豆团A住屏；别就驾到过青岛豆包AI生；GLOMIN NEXCELSIS 认识真是抑款甲 m 豆包AI生；京国A洋成；爱护标本请勿翻越护栏豆包AI生成；豆包A；育岛味道文创雪糕领味国潮 CHINESE LEADING FLAVOR 品 DD 凯菲 CALFAYE X CUL TURAI #草莓 AND CREATIVE Straw ICE CREAM；有小M 青岛味道文创雪糕领味国潮 CHINESE LEADING FLAVOR 凯菲 AY CUL TURAI #草莓 AND CREATIVE Straw ICE CREAM 豆包A 性成；欢迎 TOQIN；禁位豆包AI；包AT生；P；坊樂韩 DanLex丹香；国超市客家家 nw；招；生蚝烙食A；姜南宫齐；NGUO 果现切；玉米灭火精；SYLVIA HOTEL 五乐坊手夜城欢迎你；千乐坊不夜城欢迎你"	,,"中性"	
啤酒行业-行业-高,"2026-08-10 10:04:51"	,"weibo"	,,5,1,0,9145084543,3,"在雨燕峡写贺卡的郁金香"	,2,"5330306190029004"	,"https://api-app-proxy.tarsocial.com/api/token/v2/rewrite_url?url=bETNdXXxBw6SRVox7gALQ8P5wiJTd7NNX02U22TonLhpEV0flwEQWArzS_xmT0GMSJM43Yum46bF40mKP--J_w"	,"#李煜东[超话]##李煜东[超话]# lyd#李煜东 四代唯一视觉中心# 

饭制手幅“踏过山海的朝暮，飘摇在璀璨舞台的光斑似漫天朝日生辉”""with courage"" with spotlight"" with devotion"" with future. 

@TF家族-李煜东LYD_Dong ​ ​​​"	,,"Don'tBorrc Money From me. @在雨燕峡写贺卡的郁金香"	,,"中性"	
啤酒行业-行业-高,"2026-08-10 10:02:59"	,"weibo"	,,8,680211,,5063306569,4,"小球闲谈"	,4,"5330305722354306"	,"https://api-app-proxy.tarsocial.com/api/token/v2/rewrite_url?url=bETNdXXxBw6SRVox7gALQ9x52P4rMn_9LicIImYFoA4s1s2rMVu0U8W-2S89jo69fwHwz4q9x1AppjC2Sj-2rg"	,"阿鲁纳没有团队，没有教练，凭什么让樊振东入股联赛也要签下他 #樊振东# http://t.cn/AXNVU6va ​​​｜小球闲谈的微博视频"	,"TATA木门"	,"你见过高球 TATAM门；微博视频号 @小球闲谈 MATCHPOINT 赛场分出7高低 The.field showsthe winner；微博视频号 @小球闲谈 MATCHPOINT；微博视频号 @小球闲谈 NEXUS 妈妈这个月的透析费您不用再担心了 QUADRIARUNA 1 0 9；微博视频号 @小球闲谈 CEWO NEY 妈妈这个月的透析费您不用再担心不 QUADRIARUNA 0 9；微博视频号 @小球闲 TTF TT ITTF FOUNDATION FOUNDATION FOUNDATION FORLLFE TABLE TENNIS TABLETENNTS. RITTF RITTF ITTF FORLIFE FOUNDATION FOUNDATION FOUNDATION 水井坊英利奥地胶 WTT FRANKFURT 究竟是什么让一个在球台前拼百Whatmakesamanwhofights hardonthetable 中国农业银行；微博视频号 @小球闲谈 GEWO GEWO NE 尽全力的男人卸下了所有硬扛的 manwhofoughthard to theend""；全工安 137 DE WLE 坚强是什么让一个非洲 WhatmakesanAfrican；红双喜红双喜红乓器材足篮排球羽球器材 ZHS 丘乓器材 0COOOCWTT WTT WORLOTAOLETEN ISLCOM aEWO WTT CHCI GOING2025 全场却喊的全是他的名字 butthe audienceshoutedhisname.；红汉喜丘乓器材足篮排球羽球器材 ZHS 乒乓器材 OCCOOCWTT WTT YOMLOTABLETENI EALCON WTT CHOI NO2025 全场却喊的全是他的名字 butthe audience shoutedhisname.；D 微博视频号加 @小球闲谈阿阿鲁纳加油阿 GEW CEWO 阿鲁纳加油；微博视频号小球闲谈 JINMANGUAN 金满贯他也许是整个乒坛天赋极高的选手 Hemaybe themosttalentedplayerinthetabletennisworld；微博视频号 JINMANGUAN 金满贯他也许是整个乒坛天赋极高的选手 Hemaybethemosttalentedplayerinthetabletennisworld.；微博视频号 @小球闲谈更的一块骨头 GEVO NEtUS；微博视频号 @小球闲谈 GEWO GEWO NEXU AEL HASPOETSSHOP 设有专职教练；微博视频号设有训练场地 GEWO 后勤团队 GEWO NEXU SPORTSSHOF 没有专职教练；微博视频号 @小球闲谈便孤身一人闯进奥运会男单八强 hebroke into the men'ssingles quarterfinalsofthe Olympics.；微博视频号 @小球闲谈便孤身一人闯进奥运会男单八强 hebroke into the men'ssingles quarterfinalsof the Olympics.；微博视频号 @小球闲谈 GEWO 却被樊振东用状元签抢走 but was takerawaybyFan Zhendong with thefirstpick.；微博视频号 @小球闲谈品胜 GEWO NEXU'S 却被樊振东用状元签抢走 V6 but was taken away by Fan Zhendong with the first pick.；微博视频号 @小球闲谈 HYLO 海露可就是这一救 Butthisrescue in；微博视频号小球闲谈 HYLO 海露国际乒坛的暗流；微博视频号 @小球闲谈 SAARLAND URSAPHAI 有人说他是伪善 TIBHAR Some sayhe ishypocritical""；微博机 HANV WERBUNG LAND ersi SAARLAND 背后另有自的；Camten Ier 红 DHS WTT CHAMPIONE 七中国 CHI ENLIO 英利网可恰恰是这份饱受笋议的选择 Itispreciselythiscontroversialchoice；微博视频号 @小球闲谈让他有能力打住母亲透析的开销 enabledhim toaffordhismother'sdialysistreatment.；微博视频号 @小球闲谈 GEWO 他就是乒坛孤勇者夸德里阿鲁纳 Heisthelonelywarriorintabletennis""QuadriAruna.；微博视频号 @小球闲谈 EWO NEX 说真的每次深挖阿鲁纳的故事 Tobehonest""every timeIdig deeperintoAruna'sstory""；微博视频号 @小球闲谈说眞的每次深挖阿鲁纳的故事 QUADRIARUNA TOMoKAzuHARIMoTfobehonesteverytimeIdigdeeperintoArunastory；微博视频号小球闲议 e 别人上场是为了筝个输赢 Othersplaytowinorlose""；微博视频号中国农业调 WWALS 他上场是为了让远在 PNS but heplaysto lethismother；微博视频号中农业行能多活一个月；微博视频号 @小球闲谈 2006年他拿正全国银牌邢会 In two thousand and six""when hewon the national silvermedal；微博视频号 @小球闲谈可能连他自己都没想到 heprobablydidn'teven expectthat；微博视频号 @小球闲谈 INFINITY .O0N 这条路会走得这么苦；微博视频号 @小球闲谈 LIEEHERR 英利奥地胶 QUARTERFINAL ARUNA 他跟张继科对战 ZHANG heplayedagainstZhangJike.；微博视频号 @小球闲谈 LEEHERR 英利奥地胶 1 QUARTERFINAL ARUNA ZHAN全世界都瞪大眼睛问 The whole worldwasstaring and asking""；微博视频号 @小球闲谈 LIEBHERR 胶 QUARTERFINAL ARUNA 21 ZHANG 2016年里约奥运会 In the twenty sixteen Rio Olympics""；微博视频号 @小球闲谈双鱼体育双鱼体育双鱼体育双鱼体育双鱼体育双 DURBAN 水井坊 TATA木门他干翻了庄智渊中农业银行 QUADRIARUNA 3 hedefeatedZhuangZhiyuan"" OVIDIUIONESCU 2；微博视频号 @小球闲谈整个体育馆的人都站起来了 Thewholegym stood up.；?微博视频 @小球阿鲁纳球品很好 Aruna has good sportsmanship.；优微博伙贝 @小因为裁邦的误制跟马龙打成10：10平 HetiedwithMaLongattentotenbecauseofareferee'smistake.；RCHINASMASH CHINASMASHQAWTT 京石欧欣石文航百岁山 PWTT Ganen EUO intel 石山 8 GEWO WTT GEW 他直接认输家贝 He directly conceded. 上店永座；ACHINASN IASMASH OAWTT 京石文旅 AEUNR 京百岁山 WTT Ganten ENLIO intel 石山 GEWO GEW 将公平竞赛刻在骨子里 He hasfair competition in hisbones.；微博视频号 @小球闲谈 ChO CEWO NELE 这难道不是老天爷追 Isn'tthisa talentthatGod；微博视频号 @小球闲谈着喂饭吃的天才吗 a genius who isfed by God?；SINC博视频量 @小球闲谈 SMA CGENO 161 天才也躲不过现实的巴掌 Ageniuscan'tescapethereality'sslap.；微博视频号 ? SMI @小球闲谈一个世界排名一度冲进前十的选手百岁 ai Aplayerwhooncerankedin thetop tenintheworld；微博视频号 ? SIM @小球闲谈 QARUNA GEWO 在海外参赛百岁 DD participatingihoverseascompetitions""；? 微博视频号 @小球闲谈 ARUNA GEWO 把一块钱成两半花；quadriaruna 阿鲁纳Aruna 微博视频号 24-4-218:43来自iPhone客户端 @小球闲谈食物中毒退赛发布于印度尼西亚 2个月内连续两次排名处罚，外加罚款。我的第一个罪过是因为我患有慢性腹泻，我无法参加韩国的世界锦标赛，在卧病床上无法按时收到医生报告，我的上诉被驳回，因为我是黑人，我来自非洲和尼日利亚。我的第二个罪过是，我决定代表我支付工资的俱乐部，我不能参加韩国的WTTCHAMPIONS。与此同时.我在WTT CHAMPIONS在韩国开始前一个月通知WTT，我有俱乐部的参与。现在，来自非洲、尼日利亚，成为一名黑人球员并保持在前20名，这真的是一种罪过。所有这些处罚都来自WTT。如此不公正，完全 tabletennisnigeria和其他968位用不能接受。阿鲁纳超话#阿鲁纳称国际乒联不公 quadriarunaUnfortunatelyIwill notbepa inworld championshipsin Busan""Iamseri 正# with foodpoisoning. Iwish theteamgoodluck 慢性腹泻拉到身体完全崩溃 chronicdiarrheathat madehisbodycompletelycollapse.；quadriaruna 阿鲁纳Aruna 24-4-218:43来自iPhone客户端食物中毒退赛发布于印度尼西亚 2个月内连续两次排名处罚，外加罚款。我的第一个罪过是因为我患有慢性腹泻，我无法参加韩国的世界锦标赛，在卧病床上无法按时收到医生报告，我的上诉被驳回，因为我是黑人，我来自非洲和尼日利亚。我的第二个罪过是，我 GEWO 决定代表我支付工资的俱乐部，我不能参加韩 NE就L海国的WTTCHAMPIONS。与此同时，我在WTT CHAMPIONS在韩国开始前一个月通知WTT，我有俱乐部的参与。现在，来自非洲、尼日利亚，成口为一名黑人球员并保持在前20名，这真的是一种罪过。所有这些处罚都来自WTT。如此不公正，完全 tabletennisnigeria和其他968位用户赞了不能接受。阿鲁纳超话#阿鲁纳称国际乒联不公 quadriarunaUnfortunatelyIwillnotbeparticipating inworldchampionshipsinBusan""Iamseriouslyill 正# with foodpoisoning. Iwishtheteamgoodluck 提前一个月就报备了退赛申请 Hesubmittedhiswithdrawalapplicationamonthinadvance""；ENDER DOHA2025 A 微博视频号 @小球闲谈 ASPETAR 红双喜 STAG TTS 百岁山 STAG canten 结果等来的是一张2万美金的罚单 but hewasfined twentythousand dollars.；微博视频号红双喜 GENO DHS AG 结果等来的是一张2万美金的罚单 025.01.09 buthewasfinedtwentythousanddollars.；NDER DOHA2025 微博视频号 LUSAILSPO SARENA 6-11J @小球闲谈 25 WOTTSTAER OOSSOOWTT ? 百岁山 WORLDTABLETENNS.COM Canten C FG ST FG STA WONTETAER #WTTDOHA WTT WTTAR 罚款却是巨额的 025.01.09 but the fine was huge. 百岁山 GAME；没有怒吼 LIL withoutyelling""；就那么平静的一条条念着赛事条款 justcalmlyreading thecompetitionrulesonebyone.；山百微博视频号小球闲谈 ZHG BHOINMANO TUY O 奥味英最后轻飘飘说7一句 and thensaidlightly；山百微博视频号 @小球闲谈喜威工 MNND ZHG BHOIAMAHO TUW 育本图中国中一件用完就扔的工具 M减；微博视频号红双春水特坊 Soort Gante 百岁山银行你说讽刺不讽刺 Isn'tthatironic?；微博视频号 @小球闲谈 PORTSHU 红双喜 Sport 百岁山 37岁排名已经跌到第48 At thirty-seven""hisranking has dropped toforty eighth.；微博视频号火特坊 @小球闲谈 ENLIO 冰井坊 LIEBHERR 英勤贝他比谁都清楚身体在报警 Heknowsbetterthan anyone thathisbody iswarning him""；微博视频号珠闲读 TATA木门 C LIEBHERR NAN MDALI 可他根本不敢退役 buthe dare notretire.；是整个非洲乒乓球他一倒 is the entireAfricantable tennis.；就真的哑火了；微博视频号 @小球闲谈这种冷冰冰的罚款机制 thiscoldpenalty mechanism；微博视频号 @小球闲谈 TIOT inkClub Swegor ahbel；微博视频号 @小球闲谈 IENCE 还是在榨干老将骨头 orisitsqueezing thelastbitofoil；微博视频号 @小球闲谈最后一丝油水？；微博视频号 @小球闲谈好在这世上怠有人在缝缝补补 Fortunately""therearealwayspeoplemending things.；视频号 @小球闲谈 ntbl 福 ENNIS ESLIGA 樊振东带着一份对运动员最 Fan Zhendongwiththeleastrespectfor athletes；微博视频号 @小球闲谈 ttbl TISCHTENNIS BUNDESUGA ARR HYL PORi adtDoo ELDOI；微博视频号福兴振东 MLTT董事会；HYLO' Vidtor's inne TIBHAR inne TIBHARY 海露 RCSIDINZ YLO' HYLO' inne TIBHA inne TIBHAR T 露海露 Vidtor's HYLO"" HYLO' inne 海露 inn 海露 Lnotis TIBHAh 樊振东手握状元签跳过所有有年轻选手 Withthefirstpick""heskippedalltheyoungplayers；Victor's HYLO inne' TIBNAR HARY 海露 LO inne TIBH ne TIBHARY 露 HYLO inne 海露 ini GEWO GEWO NEXU ARUNASPONTSSHOP TIBHAR HYLO 樊振东道接递给7阿鲁纳一份 TEEN anddirectlygaveArunaa；Victor's HYLO inne TIBHAR ARY 海露 YA 111 arsiot inne 露 TIBH nle TIBHAR HYLO inne 海露 ini nOTLIS GEWO GEWO NEXU LRUNASFONTSSHOP 保底合同樊振东；微博视频号 IS @小球闲谈网上立马有人开喷 Somepeopleimmediatelycriticizedonline""；微博视频号 @小球闲谈 EIS 这是另有所图；微博视频号 @小球闲谈 .YLO 海露 HYLO 海露 inne' 0 inne' HYLO 海露 inne' FANZO 这世上有些东西没邢么多弯弯绕绕 therearesomethingsin thisworld thatarestraightforward.；微博视频号 @小球闲谈 HYLO 海露 ime TANIA 这世上有些东西没邢么多弯弯绕绕 therearesomethingsinthisworldthatarestraightforward.；微博视频号 @小球闲谈 Q 看见别人在雨里哆味 0 ANUAAIHOA willseeothersshiveringintherain 8 OTOMIAAHUSAXOM；微博视频号 @小球闲谈 OW 递把伞就是本能 e 0 ANURAIHOA it'sinstinct to offer an umbrella. 8 OTOMIAAHUSAOM；微博视频号 @小球闲九202 Stnes 阿鲁纳没先想着升级装备 Aruna didn't thinkofupgrading hisequipment；微博视频号 @小球闲 AERTX noq 山百改善生活 orimprovehislife.；在家乡建起乒乓球学校 hebuiltatable.tennisschoolinhishometown""；免费招收贫民的孩子练球 andrecruitedchildrenfromslums.topracticeforfree.；还给当地孤儿院捐7款 and.donateditothelocalorphanage.；微博视频号 @求闲谈吃过生活的苦 Having suffered in life；微博视频号 @小球闲谈他从泥地里一路摸爬滚打出来 Hehasstruggled throughthemud alltheway.；微博视频号 @小球闲谈 EM 握着二手球拍打遍世界 e played.theworldwithsecond-hand.rackets.；微博视频号 @小球闲谈 YTINAMI 400. . 深知没条件没人帮的滋味 He knows.the.taste.of no.conditionsand.no.help.；微博视频号 @小球闲谈 CA.O OWED 所以刚摸到一点暖意；@WTT 微博视频号 @WTT大员 OWTT|CHINASMASH MASH GWTTIBCHIN @小球谈文放 VAWTT ONC ortCottee EIT 百岁山 Gante 石汉# ONE 红双真又想着把光分给身后的人 inte 北京石景山 he wantstosharethelightwith thosebehindhim. GEWO；ANO 5.10.2025 NASNAS- 微博视频号 @小球南谈 ITE界兵联 WTT大调员 WTT|CHINASMASH WTTIOCHIN GA WTT ON GET Cotn Correo 百岁山 Ganten ENLIO 京石文储 C英利 ON TDCNTTIA 红双喜 ne OHS 北京石景山他不只是一名乒乓球运动员 ® 中国真业理行人大 Heisnotjusta table tennisplayer"" GEWO；@小球 GEWO NEXUS 更是每个在生活里咬牙 butalso amicrocosmofeveryordinaryperson；@小球 GEWO NEXUS 死扛的普通人的缩影 andbearit""ordinarypeople'sepitome.；微博视频号 @小球闲谈 2023 起点低从来不是人生的定局 Alowstartingpointisneverafixed outcome.；用成微博视频号 @小球闲谈 00 2023 只要不认命 Aslongasyou don'tacceptfate""；微博视频号 @小球闲谈历些苦难的乒坛孤勇者时鲁纳；微博视频号 @小球闲谈高阳而生知恩传光"	,"阿鲁纳没有团队，没有教练，凭什么让樊振东入股联赛也要签下他 #樊振东# [小球闲谈的微博视频](http://t.cn/AXNVU6va)"	,"中性"	
啤酒行业-行业-高,"2026-08-10 10:00:04"	,"douyin"	,,4,93,,"1461704099900442"	,,"W-养乐多多"	,4,"7672216908595435087"	,"https://api-app-proxy.tarsocial.com/api/token/v2/rewrite_url?url=UxI1mE1VtivWWENn8adpDmG3kF8SwGcheiC2XVx5H1mFc5c-2FPyhSbngR-R1R0XXopjV4NlnJ3MJYHCmAmKwA"	,"#旅行碎片"	,,"THI WORLO1903#####JOYLIEJOYUE玥儿湾#####一桌最海鲜RONG CHENG荣成老喜#####JOYUE玥儿湾#####心告海鲜餐厅老##########请勿倚靠DON'TLEAN ONITTAO青岛啤酒#####请勿倚靠DON'T LEAN ONIT#####"	,,"中性"	
